{
"type": "FeatureCollection",
"name": "sedes",
"crs": { "type": "name", "properties": { "name": "urn:ogc:def:crs:OGC:1.3:CRS84" } },
"features": [
{ "type": "Feature", "properties": { "sede": "111001000078", "nombre_sede": "DE CULTURA POPULAR", "nombre_est": "COLEGIO DE CULTURA POPULAR (IED)", "nombre_upl": "PUENTE ARANDA", "nombre_upz": "CIUDAD MONTES", "z_publicado": 0.283, "n_examenes": 930, "n_anios": 9, "cluster": "NS", "lisa_p": 0.65515, "conflicto_est": false }, "geometry": { "type": "Point", "coordinates": [ -74.12049999833107, 4.606300000101328 ] } },
{ "type": "Feature", "properties": { "sede": "111001000124", "nombre_sede": "CARLOS ARANGO VELEZ", "nombre_est": "COLEGIO CARLOS ARANGO VELEZ (IED)", "nombre_upl": "KENNEDY", "nombre_upz": "AMERICAS", "z_publicado": 0.315, "n_examenes": 1071, "n_anios": 9, "cluster": "NS", "lisa_p": 0.44251, "conflicto_est": false }, "geometry": { "type": "Point", "coordinates": [ -74.135999999940395, 4.616200000047684 ] } },
{ "type": "Feature", "properties": { "sede": "111001000132", "nombre_sede": "AQUILEO PARRA", "nombre_est": "COLEGIO AQUILEO PARRA (IED)", "nombre_upl": "TOBERIN", "nombre_upz": "VERBENAL", "z_publicado": 0.062, "n_examenes": 1532, "n_anios": 9, "cluster": "NS", "lisa_p": 0.19911, "conflicto_est": false }, "geometry": { "type": "Point", "coordinates": [ -74.039200000464916, 4.765700001269579 ] } },
{ "type": "Feature", "properties": { "sede": "111001000272", "nombre_sede": "LAUREANO GOMEZ", "nombre_est": "COLEGIO INSTITUTO TECNICO LAUREANO GOMEZ (IED)", "nombre_upl": "TABORA", "nombre_upz": "EL MINUTO DE DIOS", "z_publicado": 0.438, "n_examenes": 1326, "n_anios": 9, "cluster": "NS", "lisa_p": 0.82999, "conflicto_est": false }, "geometry": { "type": "Point", "coordinates": [ -74.101399999111891, 4.717999998480082 ] } },
{ "type": "Feature", "properties": { "sede": "111001000353", "nombre_sede": "COLEGIO SALESIANO JUAN DEL RIZZO", "nombre_est": "COLEGIO SALESIANO JUAN DEL RIZZO", "nombre_upl": "SAN CRISTOBAL", "nombre_upz": "20 DE JULIO", "z_publicado": 0.748, "n_examenes": 865, "n_anios": 9, "cluster": "NS", "lisa_p": 0.07683, "conflicto_est": false }, "geometry": { "type": "Point", "coordinates": [ -74.094999998807907, 4.569200001657009 ] } },
{ "type": "Feature", "properties": { "sede": "111001000612", "nombre_sede": "SEDE A", "nombre_est": "COLEGIO FEMENINO LORENCITA VILLEGAS DE SANTOS (IED)", "nombre_upl": "BARRIOS UNIDOS", "nombre_upz": "LOS ALCAZARES", "z_publicado": 0.792, "n_examenes": 391, "n_anios": 9, "cluster": "NS", "lisa_p": 0.47592, "conflicto_est": false }, "geometry": { "type": "Point", "coordinates": [ -74.071899998933077, 4.672600001096725 ] } },
{ "type": "Feature", "properties": { "sede": "111001001121", "nombre_sede": "MARIANO OSPINA PEREZ", "nombre_est": "COLEGIO MARCO TULIO FERNANDEZ (IED)", "nombre_upl": "TABORA", "nombre_upz": "LAS FERIAS", "z_publicado": 0.446, "n_examenes": 664, "n_anios": 9, "cluster": "NS", "lisa_p": 0.28102, "conflicto_est": false }, "geometry": { "type": "Point", "coordinates": [ -74.102299999445677, 4.674300000071526 ] } },
{ "type": "Feature", "properties": { "sede": "111001001279", "nombre_sede": "DARIO ECHANDIA", "nombre_est": "COLEGIO DARIO ECHANDIA (IED)", "nombre_upl": "PATIO BONITO", "nombre_upz": "PATIO BONITO", "z_publicado": 0.269, "n_examenes": 1121, "n_anios": 9, "cluster": "NS", "lisa_p": 0.75034, "conflicto_est": false }, "geometry": { "type": "Point", "coordinates": [ -74.162099998444319, 4.641800001263618 ] } },
{ "type": "Feature", "properties": { "sede": "111001001538", "nombre_sede": "NUEVA CONSTITUCION", "nombre_est": "COLEGIO NUEVA CONSTITUCION (IED)", "nombre_upl": "ENGATIVA", "nombre_upz": "GARCES NAVAS", "z_publicado": -0.047, "n_examenes": 1407, "n_anios": 9, "cluster": "NS", "lisa_p": 0.61861, "conflicto_est": false }, "geometry": { "type": "Point", "coordinates": [ -74.121800001710653, 4.710900001227856 ] } },
{ "type": "Feature", "properties": { "sede": "111001002330", "nombre_sede": "LA GAITANA", "nombre_est": "COLEGIO LA GAITANA (IED)", "nombre_upl": "TIBABUYES", "nombre_upz": "TIBABUYES", "z_publicado": 0.033, "n_examenes": 1465, "n_anios": 9, "cluster": "LL", "lisa_p": 0.0222, "conflicto_est": false }, "geometry": { "type": "Point", "coordinates": [ -74.108600001782179, 4.742199998348951 ] } },
{ "type": "Feature", "properties": { "sede": "111001002895", "nombre_sede": "INSTITUTO PEDAGOGICO ARTURO RAMIREZ MONTUFAR", "nombre_est": "INSTITUTO PEDAGOGICO ARTURO RAMIREZ MONTUFAR", "nombre_upl": "TEUSAQUILLO", "nombre_upz": "PARQUE SIMON BOLIVAR - CAN", "z_publicado": 1.424, "n_examenes": 438, "n_anios": 9, "cluster": "NS", "lisa_p": 0.53252, "conflicto_est": false }, "geometry": { "type": "Point", "coordinates": [ -74.079799998551607, 4.634799998253584 ] } },
{ "type": "Feature", "properties": { "sede": "111001002909", "nombre_sede": "CARLOS ALBAN HOLGUIN", "nombre_est": "COLEGIO CARLOS ALBAN HOLGUIN (IED)", "nombre_upl": "BOSA", "nombre_upz": "BOSA CENTRAL", "z_publicado": -0.099, "n_examenes": 2660, "n_anios": 9, "cluster": "NS", "lisa_p": 0.0891, "conflicto_est": false }, "geometry": { "type": "Point", "coordinates": [ -74.196899998933077, 4.605200000107288 ] } },
{ "type": "Feature", "properties": { "sede": "111001006122", "nombre_sede": "LA MERCED", "nombre_est": "COLEGIO LA MERCED (IED)", "nombre_upl": "PUENTE ARANDA", "nombre_upz": "ZONA INDUSTRIAL", "z_publicado": 0.51, "n_examenes": 2457, "n_anios": 9, "cluster": "NS", "lisa_p": 0.66307, "conflicto_est": false }, "geometry": { "type": "Point", "coordinates": [ -74.101300001144409, 4.622400000691414 ] } },
{ "type": "Feature", "properties": { "sede": "111001006483", "nombre_sede": "ANTONIO NARIÑO", "nombre_est": "COLEGIO ANTONIO NARIÑO (IED)", "nombre_upl": "TABORA", "nombre_upz": "BOYACA REAL", "z_publicado": 0.062, "n_examenes": 1256, "n_anios": 9, "cluster": "NS", "lisa_p": 0.15861, "conflicto_est": false }, "geometry": { "type": "Point", "coordinates": [ -74.103999998420477, 4.6858000010252 ] } },
{ "type": "Feature", "properties": { "sede": "111001008389", "nombre_sede": "DOMINGO FAUSTINO SARMIENTO", "nombre_est": "COLEGIO TECNICO DOMINGO FAUSTINO SARMIENTO (IED)", "nombre_upl": "BARRIOS UNIDOS", "nombre_upz": "LOS ANDES", "z_publicado": 0.349, "n_examenes": 906, "n_anios": 9, "cluster": "NS", "lisa_p": 0.89699, "conflicto_est": false }, "geometry": { "type": "Point", "coordinates": [ -74.066599998623133, 4.684799998998642 ] } },
{ "type": "Feature", "properties": { "sede": "111001009148", "nombre_sede": "MODELO DEL NORTE", "nombre_est": "COLEGIO HELADIA MEJIA (IED)", "nombre_upl": "BARRIOS UNIDOS", "nombre_upz": "LOS ALCAZARES", "z_publicado": 0.286, "n_examenes": 1024, "n_anios": 9, "cluster": "NS", "lisa_p": 0.54528, "conflicto_est": false }, "geometry": { "type": "Point", "coordinates": [ -74.065699998289347, 4.653099998831749 ] } },
{ "type": "Feature", "properties": { "sede": "111001009521", "nombre_sede": "ROBERT F. KENNEDY", "nombre_est": "COLEGIO ROBERT F. KENNEDY (IED)", "nombre_upl": "TABORA", "nombre_upz": "SANTA CECILIA", "z_publicado": 0.312, "n_examenes": 1315, "n_anios": 9, "cluster": "NS", "lisa_p": 0.37534, "conflicto_est": false }, "geometry": { "type": "Point", "coordinates": [ -74.101300001144409, 4.679000001400709 ] } },
{ "type": "Feature", "properties": { "sede": "111001009580", "nombre_sede": "JUAN DEL CORRAL", "nombre_est": "COLEGIO INSTITUTO TECNICO JUAN DEL CORRAL (IED)", "nombre_upl": "TABORA", "nombre_upz": "LAS FERIAS", "z_publicado": 0.37, "n_examenes": 1240, "n_anios": 9, "cluster": "NS", "lisa_p": 0.88072, "conflicto_est": false }, "geometry": { "type": "Point", "coordinates": [ -74.082499999552965, 4.687199998646975 ] } },
{ "type": "Feature", "properties": { "sede": "111001009652", "nombre_sede": "JOSE MARIA CORDOBA", "nombre_est": "COLEGIO CENTRO INTEGRAL JOSE MARIA CORDOBA (IED)", "nombre_upl": "TUNJUELITO", "nombre_upz": "VENECIA", "z_publicado": 0.059, "n_examenes": 1458, "n_anios": 9, "cluster": "NS", "lisa_p": 0.53692, "conflicto_est": false }, "geometry": { "type": "Point", "coordinates": [ -74.131299998611212, 4.578600000590086 ] } },
{ "type": "Feature", "properties": { "sede": "111001009831", "nombre_sede": "POLICARPA SALAVARRIETA", "nombre_est": "COLEGIO POLICARPA SALAVARRIETA (IED)", "nombre_upl": "CENTRO HISTORICO", "nombre_upz": "SAGRADO CORAZON", "z_publicado": 0.07, "n_examenes": 729, "n_anios": 9, "cluster": "NS", "lisa_p": 0.37288, "conflicto_est": false }, "geometry": { "type": "Point", "coordinates": [ -74.067800000309944, 4.614599999040365 ] } },
{ "type": "Feature", "properties": { "sede": "111001009971", "nombre_sede": "REPUBLICA DE COLOMBIA", "nombre_est": "COLEGIO REPUBLICA DE COLOMBIA (IED)", "nombre_upl": "TABORA", "nombre_upz": "LAS FERIAS", "z_publicado": 0.295, "n_examenes": 1681, "n_anios": 9, "cluster": "NS", "lisa_p": 0.26003, "conflicto_est": false }, "geometry": { "type": "Point", "coordinates": [ -74.091600000858307, 4.677400000393391 ] } },
{ "type": "Feature", "properties": { "sede": "111001010031", "nombre_sede": "SAN PABLO BOSA", "nombre_est": "COLEGIO CEDID SAN PABLO (IED)", "nombre_upl": "BOSA", "nombre_upz": "BOSA CENTRAL", "z_publicado": -0.059, "n_examenes": 3259, "n_anios": 9, "cluster": "NS", "lisa_p": 0.20167, "conflicto_est": false }, "geometry": { "type": "Point", "coordinates": [ -74.187399998307228, 4.599599998444319 ] } },
{ "type": "Feature", "properties": { "sede": "111001010251", "nombre_sede": "VENECIA", "nombre_est": "COLEGIO VENECIA (IED)", "nombre_upl": "TUNJUELITO", "nombre_upz": "VENECIA", "z_publicado": 0.114, "n_examenes": 2279, "n_anios": 9, "cluster": "LL", "lisa_p": 0.03849, "conflicto_est": false }, "geometry": { "type": "Point", "coordinates": [ -74.1435999982059, 4.592000000178814 ] } },
{ "type": "Feature", "properties": { "sede": "111001010421", "nombre_sede": "JORGE ELIECER GAITAN", "nombre_est": "COLEGIO JORGE ELIECER GAITAN (IED)", "nombre_upl": "BARRIOS UNIDOS", "nombre_upz": "DOCE DE OCTUBRE", "z_publicado": 0.554, "n_examenes": 1251, "n_anios": 9, "cluster": "NS", "lisa_p": 0.16303, "conflicto_est": false }, "geometry": { "type": "Point", "coordinates": [ -74.0810999982059, 4.665100000798702 ] } },
{ "type": "Feature", "properties": { "sede": "111001010731", "nombre_sede": "MANUELA BELTRAN", "nombre_est": "COLEGIO MANUELA BELTRAN (IED)", "nombre_upl": "TEUSAQUILLO", "nombre_upz": "GALERIAS", "z_publicado": 0.128, "n_examenes": 1224, "n_anios": 9, "cluster": "NS", "lisa_p": 0.65477, "conflicto_est": false }, "geometry": { "type": "Point", "coordinates": [ -74.066399998962879, 4.644499998539686 ] } },
{ "type": "Feature", "properties": { "sede": "111001010740", "nombre_sede": "FRANCISCO JOSE DE CALDAS", "nombre_est": "COLEGIO INSTITUTO TECNICO INDUSTRIAL FRANCISCO JOSE DE CALDAS (IED)", "nombre_upl": "TABORA", "nombre_upz": "LAS FERIAS", "z_publicado": 0.607, "n_examenes": 2567, "n_anios": 9, "cluster": "NS", "lisa_p": 0.0866, "conflicto_est": false }, "geometry": { "type": "Point", "coordinates": [ -74.095400001853704, 4.6689000017941 ] } },
{ "type": "Feature", "properties": { "sede": "111001010839", "nombre_sede": "CAMILO TORRES", "nombre_est": "COLEGIO EXTERNADO NACIONAL CAMILO TORRES (IED)", "nombre_upl": "CENTRO HISTORICO", "nombre_upz": "SAGRADO CORAZON", "z_publicado": -0.003, "n_examenes": 605, "n_anios": 9, "cluster": "NS", "lisa_p": 0.94463, "conflicto_est": false }, "geometry": { "type": "Point", "coordinates": [ -74.067400000989437, 4.620400000363588 ] } },
{ "type": "Feature", "properties": { "sede": "111001010910", "nombre_sede": "NACIONAL NICOLAS ESGUERRA", "nombre_est": "COLEGIO NACIONAL NICOLAS ESGUERRA (IED)", "nombre_upl": "TINTAL", "nombre_upz": "BAVARIA", "z_publicado": 0.305, "n_examenes": 3135, "n_anios": 9, "cluster": "NS", "lisa_p": 0.13136, "conflicto_est": false }, "geometry": { "type": "Point", "coordinates": [ -74.124400001019239, 4.633799999952316 ] } },
{ "type": "Feature", "properties": { "sede": "111001010928", "nombre_sede": "RESTREPO MILLAN", "nombre_est": "COLEGIO RESTREPO MILLAN (IED)", "nombre_upl": "RESTREPO", "nombre_upz": "QUIROGA", "z_publicado": 0.027, "n_examenes": 2035, "n_anios": 9, "cluster": "NS", "lisa_p": 0.81564, "conflicto_est": false }, "geometry": { "type": "Point", "coordinates": [ -74.120799999684095, 4.579300001263618 ] } },
{ "type": "Feature", "properties": { "sede": "111001011011", "nombre_sede": "PILOTO", "nombre_est": "COLEGIO INSTITUTO TECNICO INDUSTRIAL PILOTO (IED)", "nombre_upl": "TUNJUELITO", "nombre_upz": "VENECIA", "z_publicado": 0.276, "n_examenes": 2512, "n_anios": 9, "cluster": "NS", "lisa_p": 0.19553, "conflicto_est": false }, "geometry": { "type": "Point", "coordinates": [ -74.138000000268221, 4.585499998182058 ] } },
{ "type": "Feature", "properties": { "sede": "111001011029", "nombre_sede": "REINO DE HOLANDA", "nombre_est": "COLEGIO REINO DE HOLANDA (IED)", "nombre_upl": "RAFAEL URIBE", "nombre_upz": "MARCO FIDEL SUAREZ", "z_publicado": -0.017, "n_examenes": 1315, "n_anios": 9, "cluster": "NS", "lisa_p": 0.4424, "conflicto_est": false }, "geometry": { "type": "Point", "coordinates": [ -74.115800000727177, 4.566899999976158 ] } },
{ "type": "Feature", "properties": { "sede": "111001011045", "nombre_sede": "SILVERIA ESPINOSA DE RENDON", "nombre_est": "COLEGIO SILVERIA ESPINOSA DE RENDON (IED)", "nombre_upl": "PUENTE ARANDA", "nombre_upz": "PUENTE ARANDA", "z_publicado": 0.317, "n_examenes": 1087, "n_anios": 9, "cluster": "NS", "lisa_p": 0.61342, "conflicto_est": false }, "geometry": { "type": "Point", "coordinates": [ -74.112399999052286, 4.629900000989437 ] } },
{ "type": "Feature", "properties": { "sede": "111001011053", "nombre_sede": "GUILLERMO LEON VALENCIA", "nombre_est": "COLEGIO GUILLERMO LEON VALENCIA (IED)", "nombre_upl": "RESTREPO", "nombre_upz": "RESTREPO", "z_publicado": -0.009, "n_examenes": 1472, "n_anios": 9, "cluster": "NS", "lisa_p": 0.65717, "conflicto_est": false }, "geometry": { "type": "Point", "coordinates": [ -74.101100001484156, 4.587099999189377 ] } },
{ "type": "Feature", "properties": { "sede": "111001011070", "nombre_sede": "MIGUEL ANTONIO CARO", "nombre_est": "COLEGIO MIGUEL ANTONIO CARO (IED)", "nombre_upl": "TABORA", "nombre_upz": "EL MINUTO DE DIOS", "z_publicado": 0.052, "n_examenes": 1122, "n_anios": 9, "cluster": "NS", "lisa_p": 0.88029, "conflicto_est": false }, "geometry": { "type": "Point", "coordinates": [ -74.104899998754263, 4.708299998193979 ] } },
{ "type": "Feature", "properties": { "sede": "111001011088", "nombre_sede": "REPUBLICA DE PANAMA", "nombre_est": "COLEGIO REPUBLICA DE PANAMA (IED)", "nombre_upl": "BARRIOS UNIDOS", "nombre_upz": "DOCE DE OCTUBRE", "z_publicado": 0.178, "n_examenes": 329, "n_anios": 9, "cluster": "NS", "lisa_p": 0.62349, "conflicto_est": false }, "geometry": { "type": "Point", "coordinates": [ -74.076900001615286, 4.67339999973774 ] } },
{ "type": "Feature", "properties": { "sede": "111001011274", "nombre_sede": "ANDRES BELLO", "nombre_est": "COLEGIO ANDRES BELLO (IED)", "nombre_upl": "PUENTE ARANDA", "nombre_upz": "MUZU", "z_publicado": 0.168, "n_examenes": 2015, "n_anios": 9, "cluster": "NS", "lisa_p": 0.22152, "conflicto_est": false }, "geometry": { "type": "Point", "coordinates": [ -74.130300000309944, 4.599399998784065 ] } },
{ "type": "Feature", "properties": { "sede": "111001011321", "nombre_sede": "CARLOS ARTURO TORRES", "nombre_est": "COLEGIO CARLOS ARTURO TORRES (IED)", "nombre_upl": "KENNEDY", "nombre_upz": "CARVAJAL", "z_publicado": -0.205, "n_examenes": 1257, "n_anios": 9, "cluster": "NS", "lisa_p": 0.12701, "conflicto_est": false }, "geometry": { "type": "Point", "coordinates": [ -74.14640000090003, 4.599599998444319 ] } },
{ "type": "Feature", "properties": { "sede": "111001011690", "nombre_sede": "LA AMISTAD", "nombre_est": "COLEGIO LA AMISTAD (IED)", "nombre_upl": "KENNEDY", "nombre_upz": "KENNEDY CENTRAL", "z_publicado": -0.119, "n_examenes": 1761, "n_anios": 9, "cluster": "NS", "lisa_p": 0.81715, "conflicto_est": false }, "geometry": { "type": "Point", "coordinates": [ -74.148200001567602, 4.623399998992682 ] } },
{ "type": "Feature", "properties": { "sede": "111001011771", "nombre_sede": "JOSE ASUNCION SILVA", "nombre_est": "COLEGIO JOSE ASUNCION SILVA (IED)", "nombre_upl": "TABORA", "nombre_upz": "EL MINUTO DE DIOS", "z_publicado": 0.336, "n_examenes": 508, "n_anios": 9, "cluster": "NS", "lisa_p": 0.73654, "conflicto_est": false }, "geometry": { "type": "Point", "coordinates": [ -74.098499998450279, 4.712699998170137 ] } },
{ "type": "Feature", "properties": { "sede": "111001011819", "nombre_sede": "LICEO FEMENINO DE CUNDINAMARCA MERCEDES NARIÑO", "nombre_est": "COLEGIO LICEO FEMENINO DE CUNDINAMARCA MERCEDES NARIÑO (IED)", "nombre_upl": "RESTREPO", "nombre_upz": "SAN JOSE", "z_publicado": 0.278, "n_examenes": 3579, "n_anios": 9, "cluster": "NS", "lisa_p": 0.69321, "conflicto_est": false }, "geometry": { "type": "Point", "coordinates": [ -74.103799998760223, 4.580800000578165 ] } },
{ "type": "Feature", "properties": { "sede": "111001011908", "nombre_sede": "NORMAL SUPERIOR DISTRITAL MARIA MONTESSORI", "nombre_est": "COLEGIO ESCUELA NORMAL SUPERIOR DISTRITAL MARIA MONTESSORI (IED)", "nombre_upl": "RESTREPO", "nombre_upz": "RESTREPO", "z_publicado": 0.727, "n_examenes": 1100, "n_anios": 7, "cluster": "NS", "lisa_p": 0.78221, "conflicto_est": false }, "geometry": { "type": "Point", "coordinates": [ -74.096999999135733, 4.585200000554323 ] } },
{ "type": "Feature", "properties": { "sede": "111001011991", "nombre_sede": "SEDE B", "nombre_est": "COLEGIO FRANCISCO PRIMERO S.S. (IED)", "nombre_upl": "BARRIOS UNIDOS", "nombre_upz": "LOS ALCAZARES", "z_publicado": -0.035, "n_examenes": 308, "n_anios": 7, "cluster": "NS", "lisa_p": 0.16273, "conflicto_est": false }, "geometry": { "type": "Point", "coordinates": [ -74.075199998915195, 4.660300001502037 ] } },
{ "type": "Feature", "properties": { "sede": "111001012033", "nombre_sede": "SEDE A - VEINTE DE JULIO", "nombre_est": "COLEGIO VEINTE DE JULIO (IED)", "nombre_upl": "SAN CRISTOBAL", "nombre_upz": "20 DE JULIO", "z_publicado": 0.041, "n_examenes": 569, "n_anios": 9, "cluster": "NS", "lisa_p": 0.69044, "conflicto_est": false }, "geometry": { "type": "Point", "coordinates": [ -74.094799999147654, 4.571299999952316 ] } },
{ "type": "Feature", "properties": { "sede": "111001012122", "nombre_sede": "ANTONIO NARIÑO", "nombre_est": "COLEGIO MANUELA BELTRAN (IED)", "nombre_upl": "TEUSAQUILLO", "nombre_upz": "QUINTA PAREDES", "z_publicado": null, "n_examenes": 1, "n_anios": 1, "cluster": "LH", "lisa_p": 0.03652, "conflicto_est": false }, "geometry": { "type": "Point", "coordinates": [ -74.081700000911951, 4.629700001329184 ] } },
{ "type": "Feature", "properties": { "sede": "111001012271", "nombre_sede": "RAFAEL URIBE URIBE", "nombre_est": "COLEGIO RAFAEL URIBE URIBE (IED)", "nombre_upl": "TUNJUELITO", "nombre_upz": "VENECIA", "z_publicado": 0.273, "n_examenes": 1131, "n_anios": 9, "cluster": "NS", "lisa_p": 0.14989, "conflicto_est": false }, "geometry": { "type": "Point", "coordinates": [ -74.128899998962879, 4.579999998211861 ] } },
{ "type": "Feature", "properties": { "sede": "111001012301", "nombre_sede": "SAN JOSE SUR ORIENTAL", "nombre_est": "COLEGIO SAN JOSE SUR ORIENTAL (IED)", "nombre_upl": "SAN CRISTOBAL", "nombre_upz": "LA GLORIA", "z_publicado": 0.077, "n_examenes": 601, "n_anios": 9, "cluster": "NS", "lisa_p": 0.08046, "conflicto_est": false }, "geometry": { "type": "Point", "coordinates": [ -74.084199998527765, 4.546300001442432 ] } },
{ "type": "Feature", "properties": { "sede": "111001012335", "nombre_sede": "JUANA ESCOBAR", "nombre_est": "COLEGIO JUANA ESCOBAR (IED)", "nombre_upl": "USME - ENTRENUBES", "nombre_upz": "LOS LIBERTADORES", "z_publicado": -0.083, "n_examenes": 943, "n_anios": 9, "cluster": "NS", "lisa_p": 0.28895, "conflicto_est": false }, "geometry": { "type": "Point", "coordinates": [ -74.08559999987483, 4.530900001525879 ] } },
{ "type": "Feature", "properties": { "sede": "111001012343", "nombre_sede": "TOM ADAMS", "nombre_est": "COLEGIO TOM ADAMS (IED)", "nombre_upl": "KENNEDY", "nombre_upz": "KENNEDY CENTRAL", "z_publicado": 0.222, "n_examenes": 1075, "n_anios": 9, "cluster": "NS", "lisa_p": 0.43449, "conflicto_est": false }, "geometry": { "type": "Point", "coordinates": [ -74.155699998140335, 4.618099998682737 ] } },
{ "type": "Feature", "properties": { "sede": "111001012360", "nombre_sede": "EL JAPON", "nombre_est": "COLEGIO EL JAPON (IED)", "nombre_upl": "KENNEDY", "nombre_upz": "KENNEDY CENTRAL", "z_publicado": -0.016, "n_examenes": 2067, "n_anios": 9, "cluster": "LL", "lisa_p": 0.01399, "conflicto_est": false }, "geometry": { "type": "Point", "coordinates": [ -74.153499998152256, 4.621500000357628 ] } },
{ "type": "Feature", "properties": { "sede": "111001012441", "nombre_sede": "MORISCO", "nombre_est": "COLEGIO MORISCO (IED)", "nombre_upl": "TABORA", "nombre_upz": "EL MINUTO DE DIOS", "z_publicado": 0.539, "n_examenes": 673, "n_anios": 9, "cluster": "NS", "lisa_p": 0.84866, "conflicto_est": false }, "geometry": { "type": "Point", "coordinates": [ -74.090500000864267, 4.705600000917912 ] } },
{ "type": "Feature", "properties": { "sede": "111001012459", "nombre_sede": "SAN JOSE NORTE", "nombre_est": "COLEGIO SAN JOSE NORTE (IED)", "nombre_upl": "TABORA", "nombre_upz": "BOYACA REAL", "z_publicado": 1.091, "n_examenes": 536, "n_anios": 9, "cluster": "NS", "lisa_p": 0.82164, "conflicto_est": false }, "geometry": { "type": "Point", "coordinates": [ -74.102000001817942, 4.699299998581409 ] } },
{ "type": "Feature", "properties": { "sede": "111001012483", "nombre_sede": "TABORA", "nombre_est": "COLEGIO TABORA (IED)", "nombre_upl": "TABORA", "nombre_upz": "BOYACA REAL", "z_publicado": 0.39, "n_examenes": 933, "n_anios": 9, "cluster": "NS", "lisa_p": 0.65272, "conflicto_est": false }, "geometry": { "type": "Point", "coordinates": [ -74.098000001162291, 4.693999998271465 ] } },
{ "type": "Feature", "properties": { "sede": "111001012530", "nombre_sede": "EL JAZMIN", "nombre_est": "COLEGIO EL JAZMIN (IED)", "nombre_upl": "PUENTE ARANDA", "nombre_upz": "CIUDAD MONTES", "z_publicado": 0.203, "n_examenes": 982, "n_anios": 9, "cluster": "NS", "lisa_p": 0.15693, "conflicto_est": false }, "geometry": { "type": "Point", "coordinates": [ -74.114900000393391, 4.610100001096725 ] } },
{ "type": "Feature", "properties": { "sede": "111001012556", "nombre_sede": "ESPAÑA", "nombre_est": "COLEGIO ESPAÑA (IED)", "nombre_upl": "PUENTE ARANDA", "nombre_upz": "ZONA INDUSTRIAL", "z_publicado": 0.106, "n_examenes": 237, "n_anios": 9, "cluster": "NS", "lisa_p": 0.35396, "conflicto_est": false }, "geometry": { "type": "Point", "coordinates": [ -74.092999998480082, 4.621800001710653 ] } },
{ "type": "Feature", "properties": { "sede": "111001012602", "nombre_sede": "ATANASIO GIRARDOT", "nombre_est": "COLEGIO ATANASIO GIRARDOT (IED)", "nombre_upl": "RESTREPO", "nombre_upz": "RESTREPO", "z_publicado": 0.354, "n_examenes": 1454, "n_anios": 9, "cluster": "NS", "lisa_p": 0.955, "conflicto_est": false }, "geometry": { "type": "Point", "coordinates": [ -74.104600001126528, 4.594300001859665 ] } },
{ "type": "Feature", "properties": { "sede": "111001012611", "nombre_sede": "BRAVO PAEZ", "nombre_est": "COLEGIO BRAVO PAEZ (IED)", "nombre_upl": "RESTREPO", "nombre_upz": "QUIROGA", "z_publicado": -0.003, "n_examenes": 1128, "n_anios": 9, "cluster": "NS", "lisa_p": 0.80198, "conflicto_est": false }, "geometry": { "type": "Point", "coordinates": [ -74.118999999016523, 4.579799998551607 ] } },
{ "type": "Feature", "properties": { "sede": "111001012815", "nombre_sede": "QUIROGA ALIANZA", "nombre_est": "COLEGIO QUIROGA ALIANZA (IED)", "nombre_upl": "RESTREPO", "nombre_upz": "QUIROGA", "z_publicado": 0.332, "n_examenes": 645, "n_anios": 9, "cluster": "NS", "lisa_p": 0.61664, "conflicto_est": false }, "geometry": { "type": "Point", "coordinates": [ -74.117300000041723, 4.579700000584126 ] } },
{ "type": "Feature", "properties": { "sede": "111001012963", "nombre_sede": "BENJAMIN HERRERA", "nombre_est": "COLEGIO TECNICO BENJAMIN HERRERA (IED)", "nombre_upl": "PUENTE ARANDA", "nombre_upz": "MUZU", "z_publicado": 0.294, "n_examenes": 1470, "n_anios": 9, "cluster": "NS", "lisa_p": 0.65911, "conflicto_est": false }, "geometry": { "type": "Point", "coordinates": [ -74.12390000000596, 4.603399999439716 ] } },
{ "type": "Feature", "properties": { "sede": "111001012971", "nombre_sede": "GENERAL PAEZ", "nombre_est": "COLEGIO RAFAEL DELGADO SALGUERO (IED)", "nombre_upl": "RESTREPO", "nombre_upz": "QUIROGA", "z_publicado": 0.193, "n_examenes": 367, "n_anios": 9, "cluster": "NS", "lisa_p": 0.77259, "conflicto_est": false }, "geometry": { "type": "Point", "coordinates": [ -74.120400000363588, 4.584800001233816 ] } },
{ "type": "Feature", "properties": { "sede": "111001013102", "nombre_sede": "SAN PEDRO CLAVER", "nombre_est": "COLEGIO SAN PEDRO CLAVER (IED)", "nombre_upl": "KENNEDY", "nombre_upz": "KENNEDY CENTRAL", "z_publicado": 0.275, "n_examenes": 936, "n_anios": 9, "cluster": "NS", "lisa_p": 0.73288, "conflicto_est": false }, "geometry": { "type": "Point", "coordinates": [ -74.160900000482798, 4.621800001710653 ] } },
{ "type": "Feature", "properties": { "sede": "111001013129", "nombre_sede": "CLASS", "nombre_est": "COLEGIO CLASS (IED)", "nombre_upl": "EDEN", "nombre_upz": "GRAN BRITALIA", "z_publicado": -0.019, "n_examenes": 1304, "n_anios": 9, "cluster": "NS", "lisa_p": 0.25475, "conflicto_est": false }, "geometry": { "type": "Point", "coordinates": [ -74.179099999368191, 4.614100001752377 ] } },
{ "type": "Feature", "properties": { "sede": "111001013153", "nombre_sede": "PAULO VI", "nombre_est": "COLEGIO PAULO VI (IED)", "nombre_upl": "KENNEDY", "nombre_upz": "KENNEDY CENTRAL", "z_publicado": 0.114, "n_examenes": 1035, "n_anios": 9, "cluster": "NS", "lisa_p": 0.29781, "conflicto_est": false }, "geometry": { "type": "Point", "coordinates": [ -74.158399999141693, 4.621599998325109 ] } },
{ "type": "Feature", "properties": { "sede": "111001013161", "nombre_sede": "SAN JOSE", "nombre_est": "COLEGIO SAN JOSE (IED)", "nombre_upl": "KENNEDY", "nombre_upz": "KENNEDY CENTRAL", "z_publicado": 0.086, "n_examenes": 705, "n_anios": 9, "cluster": "NS", "lisa_p": 0.83864, "conflicto_est": false }, "geometry": { "type": "Point", "coordinates": [ -74.162900000810623, 4.621500000357628 ] } },
{ "type": "Feature", "properties": { "sede": "111001013170", "nombre_sede": "SAN RAFAEL", "nombre_est": "COLEGIO SAN RAFAEL (IED)", "nombre_upl": "KENNEDY", "nombre_upz": "KENNEDY CENTRAL", "z_publicado": 0.186, "n_examenes": 1102, "n_anios": 9, "cluster": "NS", "lisa_p": 0.96921, "conflicto_est": false }, "geometry": { "type": "Point", "coordinates": [ -74.161400001496077, 4.61710000038147 ] } },
{ "type": "Feature", "properties": { "sede": "111001013242", "nombre_sede": "AULAS COLOMBIANAS EL CONSUELO", "nombre_est": "COLEGIO AULAS COLOMBIANAS SAN LUIS (IED)", "nombre_upl": "CENTRO HISTORICO", "nombre_upz": "LOURDES", "z_publicado": -0.587, "n_examenes": 616, "n_anios": 9, "cluster": "NS", "lisa_p": 0.1138, "conflicto_est": true }, "geometry": { "type": "Point", "coordinates": [ -74.071100000292063, 4.580800000578165 ] } },
{ "type": "Feature", "properties": { "sede": "111001013293", "nombre_sede": "NACIONES UNIDAS", "nombre_est": "COLEGIO NACIONES UNIDAS (IED)", "nombre_upl": "TABORA", "nombre_upz": "LAS FERIAS", "z_publicado": 0.226, "n_examenes": 111, "n_anios": 2, "cluster": "NS", "lisa_p": 0.24336, "conflicto_est": false }, "geometry": { "type": "Point", "coordinates": [ -74.087099999189377, 4.680799998342991 ] } },
{ "type": "Feature", "properties": { "sede": "111001013323", "nombre_sede": "LA CONCORDIA", "nombre_est": "COLEGIO INTEGRADA LA CANDELARIA (IED)", "nombre_upl": "CENTRO HISTORICO", "nombre_upz": "LA CANDELARIA", "z_publicado": -0.2, "n_examenes": 700, "n_anios": 9, "cluster": "NS", "lisa_p": 0.86992, "conflicto_est": true }, "geometry": { "type": "Point", "coordinates": [ -74.069299999624491, 4.598200000822544 ] } },
{ "type": "Feature", "properties": { "sede": "111001013358", "nombre_sede": "LA CANDELARIA", "nombre_est": "COLEGIO INTEGRADA LA CANDELARIA (IED)", "nombre_upl": "CENTRO HISTORICO", "nombre_upz": "LA CANDELARIA", "z_publicado": 0.068, "n_examenes": 33, "n_anios": 1, "cluster": "NS", "lisa_p": 0.70346, "conflicto_est": true }, "geometry": { "type": "Point", "coordinates": [ -74.071199998259544, 4.595600001513958 ] } },
{ "type": "Feature", "properties": { "sede": "111001013374", "nombre_sede": "ESCUELA NACIONAL DE COMERCIO", "nombre_est": "COLEGIO ESCUELA NACIONAL DE COMERCIO (IED)", "nombre_upl": "CENTRO HISTORICO", "nombre_upz": "LA CANDELARIA", "z_publicado": -0.215, "n_examenes": 511, "n_anios": 7, "cluster": "NS", "lisa_p": 0.97581, "conflicto_est": false }, "geometry": { "type": "Point", "coordinates": [ -74.070000000298023, 4.5929000005126 ] } },
{ "type": "Feature", "properties": { "sede": "111001013609", "nombre_sede": "ANDALUCIA", "nombre_est": "COLEGIO JORGE GAITAN CORTES (IED)", "nombre_upl": "TABORA", "nombre_upz": "EL MINUTO DE DIOS", "z_publicado": 0.399, "n_examenes": 490, "n_anios": 7, "cluster": "NS", "lisa_p": 0.47284, "conflicto_est": false }, "geometry": { "type": "Point", "coordinates": [ -74.096500001847744, 4.703099999576807 ] } },
{ "type": "Feature", "properties": { "sede": "111001013676", "nombre_sede": "NUEVO CHILE", "nombre_est": "COLEGIO NUEVO CHILE (IED)", "nombre_upl": "BOSA", "nombre_upz": "APOGEO", "z_publicado": -0.226, "n_examenes": 2581, "n_anios": 9, "cluster": "NS", "lisa_p": 0.34394, "conflicto_est": false }, "geometry": { "type": "Point", "coordinates": [ -74.166200000792742, 4.603300001472235 ] } },
{ "type": "Feature", "properties": { "sede": "111001013811", "nombre_sede": "SAN AGUSTIN", "nombre_est": "COLEGIO SAN AGUSTIN (IED)", "nombre_upl": "RAFAEL URIBE", "nombre_upz": "DIANA TURBAY", "z_publicado": -0.061, "n_examenes": 1414, "n_anios": 9, "cluster": "NS", "lisa_p": 0.20079, "conflicto_est": false }, "geometry": { "type": "Point", "coordinates": [ -74.114000000059605, 4.547499999403954 ] } },
{ "type": "Feature", "properties": { "sede": "111001013820", "nombre_sede": "SANTA LIBRADA", "nombre_est": "COLEGIO SANTA LIBRADA (IED)", "nombre_upl": "RAFAEL URIBE", "nombre_upz": "GRAN YOMASA", "z_publicado": 0.176, "n_examenes": 538, "n_anios": 9, "cluster": "NS", "lisa_p": 0.57742, "conflicto_est": false }, "geometry": { "type": "Point", "coordinates": [ -74.113499999046326, 4.514299999922514 ] } },
{ "type": "Feature", "properties": { "sede": "111001013935", "nombre_sede": "SANTA MARTHA", "nombre_est": "COLEGIO SANTA MARTHA (IED)", "nombre_upl": "RAFAEL URIBE", "nombre_upz": "GRAN YOMASA", "z_publicado": 0.276, "n_examenes": 352, "n_anios": 9, "cluster": "NS", "lisa_p": 0.19303, "conflicto_est": false }, "geometry": { "type": "Point", "coordinates": [ -74.115600001066923, 4.525299999862909 ] } },
{ "type": "Feature", "properties": { "sede": "111001014001", "nombre_sede": "EDUARDO SANTOS", "nombre_est": "COLEGIO EDUARDO SANTOS (IED)", "nombre_upl": "CENTRO HISTORICO", "nombre_upz": "SANTA ISABEL", "z_publicado": 0.225, "n_examenes": 553, "n_anios": 9, "cluster": "NS", "lisa_p": 0.79429, "conflicto_est": false }, "geometry": { "type": "Point", "coordinates": [ -74.092199999839067, 4.594399999827147 ] } },
{ "type": "Feature", "properties": { "sede": "111001014028", "nombre_sede": "REPUBLICA FEDERAL DE ALEMANIA", "nombre_est": "COLEGIO REPUBLICA FEDERAL DE ALEMANIA (IED)", "nombre_upl": "RESTREPO", "nombre_upz": "QUIROGA", "z_publicado": 0.123, "n_examenes": 273, "n_anios": 9, "cluster": "NS", "lisa_p": 0.50975, "conflicto_est": false }, "geometry": { "type": "Point", "coordinates": [ -74.125300001353025, 4.578699998557568 ] } },
{ "type": "Feature", "properties": { "sede": "111001014109", "nombre_sede": "BRASILIA - BOSA", "nombre_est": "COLEGIO BRASILIA - BOSA (IED)", "nombre_upl": "EDEN", "nombre_upz": "BOSA OCCIDENTAL", "z_publicado": 0.212, "n_examenes": 1947, "n_anios": 9, "cluster": "NS", "lisa_p": 0.3891, "conflicto_est": false }, "geometry": { "type": "Point", "coordinates": [ -74.18129999935627, 4.628100000321865 ] } },
{ "type": "Feature", "properties": { "sede": "111001014168", "nombre_sede": "ALTAMIRA SUR ORIENTAL", "nombre_est": "COLEGIO ALTAMIRA SUR ORIENTAL (IED)", "nombre_upl": "SAN CRISTOBAL", "nombre_upz": "LA GLORIA", "z_publicado": -0.213, "n_examenes": 1092, "n_anios": 9, "cluster": "NS", "lisa_p": 0.354, "conflicto_est": false }, "geometry": { "type": "Point", "coordinates": [ -74.08500000089407, 4.545499999076128 ] } },
{ "type": "Feature", "properties": { "sede": "111001014176", "nombre_sede": "SAN CRISTOBAL SUR", "nombre_est": "COLEGIO TECNICO SAN CRISTOBAL SUR (IED)", "nombre_upl": "SAN CRISTOBAL", "nombre_upz": "SAN BLAS", "z_publicado": 0.046, "n_examenes": 1116, "n_anios": 9, "cluster": "NS", "lisa_p": 0.19115, "conflicto_est": false }, "geometry": { "type": "Point", "coordinates": [ -74.0793999992311, 4.569699998944998 ] } },
{ "type": "Feature", "properties": { "sede": "111001014206", "nombre_sede": "MARCO FIDEL SUAREZ", "nombre_est": "COLEGIO MARCO FIDEL SUAREZ (IED)", "nombre_upl": "TUNJUELITO", "nombre_upz": "VENECIA", "z_publicado": 0.231, "n_examenes": 1537, "n_anios": 9, "cluster": "NS", "lisa_p": 0.71521, "conflicto_est": false }, "geometry": { "type": "Point", "coordinates": [ -74.133200000971556, 4.5793999992311 ] } },
{ "type": "Feature", "properties": { "sede": "111001014214", "nombre_sede": "CIUDAD DE BOGOTA", "nombre_est": "COLEGIO CIUDAD DE BOGOTA (IED)", "nombre_upl": "TUNJUELITO", "nombre_upz": "VENECIA", "z_publicado": 0.199, "n_examenes": 1719, "n_anios": 9, "cluster": "NS", "lisa_p": 0.60168, "conflicto_est": false }, "geometry": { "type": "Point", "coordinates": [ -74.138399999588728, 4.577500000596046 ] } },
{ "type": "Feature", "properties": { "sede": "111001014290", "nombre_sede": "MARSELLA", "nombre_est": "COLEGIO MARSELLA (IED)", "nombre_upl": "TINTAL", "nombre_upz": "BAVARIA", "z_publicado": 0.63, "n_examenes": 1317, "n_anios": 9, "cluster": "NS", "lisa_p": 0.64638, "conflicto_est": false }, "geometry": { "type": "Point", "coordinates": [ -74.127399999648333, 4.632100000977516 ] } },
{ "type": "Feature", "properties": { "sede": "111001014346", "nombre_sede": "RODRIGO ARENAS BETANCOURT", "nombre_est": "COLEGIO RODRIGO ARENAS BETANCOURT (IED)", "nombre_upl": "FONTIBON", "nombre_upz": "FONTIBON", "z_publicado": 0.226, "n_examenes": 1138, "n_anios": 9, "cluster": "NS", "lisa_p": 0.71276, "conflicto_est": false }, "geometry": { "type": "Point", "coordinates": [ -74.144499998539686, 4.670299999415874 ] } },
{ "type": "Feature", "properties": { "sede": "111001014451", "nombre_sede": "JOSE ACEVEDO Y GOMEZ", "nombre_est": "COLEGIO JOSE ACEVEDO Y GOMEZ (IED)", "nombre_upl": "SAN CRISTOBAL", "nombre_upz": "SAN BLAS", "z_publicado": 0.01, "n_examenes": 238, "n_anios": 9, "cluster": "NS", "lisa_p": 0.0697, "conflicto_est": false }, "geometry": { "type": "Point", "coordinates": [ -74.083700001239777, 4.562399998307228 ] } },
{ "type": "Feature", "properties": { "sede": "111001014486", "nombre_sede": "REPUBLICA DE MEXICO", "nombre_est": "COLEGIO REPUBLICA DE MEXICO (IED)", "nombre_upl": "LUCERO", "nombre_upz": "LUCERO", "z_publicado": -0.072, "n_examenes": 1044, "n_anios": 9, "cluster": "LL", "lisa_p": 0.00866, "conflicto_est": false }, "geometry": { "type": "Point", "coordinates": [ -74.136500000953674, 4.55519999936223 ] } },
{ "type": "Feature", "properties": { "sede": "111001014508", "nombre_sede": "MINUTO DE MARIA", "nombre_est": "COLEGIO EL MINUTO DE BUENOS AIRES (IED)", "nombre_upl": "LUCERO", "nombre_upz": "EL TESORO", "z_publicado": -0.132, "n_examenes": 367, "n_anios": 7, "cluster": "NS", "lisa_p": 0.07927, "conflicto_est": true }, "geometry": { "type": "Point", "coordinates": [ -74.142200000584126, 4.537099998444319 ] } },
{ "type": "Feature", "properties": { "sede": "111001014524", "nombre_sede": "RAFAEL URIBE URIBE", "nombre_est": "COLEGIO RAFAEL URIBE URIBE (IED)", "nombre_upl": "LUCERO", "nombre_upz": "LUCERO", "z_publicado": -0.005, "n_examenes": 1179, "n_anios": 9, "cluster": "LL", "lisa_p": 0.0411, "conflicto_est": false }, "geometry": { "type": "Point", "coordinates": [ -74.148299999535084, 4.547200001776218 ] } },
{ "type": "Feature", "properties": { "sede": "111001014591", "nombre_sede": "MANUEL DEL SOCORRO RODRIGUEZ", "nombre_est": "COLEGIO MANUEL DEL SOCORRO RODRIGUEZ (IED)", "nombre_upl": "RESTREPO", "nombre_upz": "QUIROGA", "z_publicado": 0.122, "n_examenes": 1078, "n_anios": 9, "cluster": "NS", "lisa_p": 0.9656, "conflicto_est": false }, "geometry": { "type": "Point", "coordinates": [ -74.125999998301268, 4.577599998563528 ] } },
{ "type": "Feature", "properties": { "sede": "111001014630", "nombre_sede": "FRANCISCO DE PAULA SANTANDER", "nombre_est": "COLEGIO FRANCISCO DE PAULA SANTANDER (IED)", "nombre_upl": "RESTREPO", "nombre_upz": "RESTREPO", "z_publicado": 0.292, "n_examenes": 932, "n_anios": 9, "cluster": "NS", "lisa_p": 0.43686, "conflicto_est": false }, "geometry": { "type": "Point", "coordinates": [ -74.097600001841784, 4.590500000864267 ] } },
{ "type": "Feature", "properties": { "sede": "111001014664", "nombre_sede": "EL LIBERTADOR", "nombre_est": "COLEGIO EL LIBERTADOR (IED)", "nombre_upl": "RESTREPO", "nombre_upz": "QUIROGA", "z_publicado": 0.034, "n_examenes": 1073, "n_anios": 9, "cluster": "NS", "lisa_p": 0.48345, "conflicto_est": false }, "geometry": { "type": "Point", "coordinates": [ -74.116300001740456, 4.584300000220537 ] } },
{ "type": "Feature", "properties": { "sede": "111001014729", "nombre_sede": "JOSE JOAQUIN CASAS", "nombre_est": "COLEGIO JOSE JOAQUIN CASAS (IED)", "nombre_upl": "PUENTE ARANDA", "nombre_upz": "PUENTE ARANDA", "z_publicado": 0.169, "n_examenes": 104, "n_anios": 7, "cluster": "NS", "lisa_p": 0.53831, "conflicto_est": false }, "geometry": { "type": "Point", "coordinates": [ -74.108800001442432, 4.632100000977516 ] } },
{ "type": "Feature", "properties": { "sede": "111001014745", "nombre_sede": "ANTONIO JOSE DE SUCRE", "nombre_est": "COLEGIO ANTONIO JOSE DE SUCRE (IED)", "nombre_upl": "PUENTE ARANDA", "nombre_upz": "PUENTE ARANDA", "z_publicado": 0.382, "n_examenes": 239, "n_anios": 9, "cluster": "NS", "lisa_p": 0.80592, "conflicto_est": false }, "geometry": { "type": "Point", "coordinates": [ -74.118200000375509, 4.633499998599291 ] } },
{ "type": "Feature", "properties": { "sede": "111001014826", "nombre_sede": "EL REMANSO", "nombre_est": "COLEGIO MARCO ANTONIO CARREÑO SILVA (IED)", "nombre_upl": "PUENTE ARANDA", "nombre_upz": "CIUDAD MONTES", "z_publicado": 0.322, "n_examenes": 524, "n_anios": 9, "cluster": "NS", "lisa_p": 0.30318, "conflicto_est": false }, "geometry": { "type": "Point", "coordinates": [ -74.112799998372793, 4.597899999469519 ] } },
{ "type": "Feature", "properties": { "sede": "111001014869", "nombre_sede": "LUIS VARGAS TEJADA", "nombre_est": "COLEGIO LUIS VARGAS TEJADA (IED)", "nombre_upl": "PUENTE ARANDA", "nombre_upz": "CIUDAD MONTES", "z_publicado": 0.411, "n_examenes": 543, "n_anios": 9, "cluster": "NS", "lisa_p": 0.97067, "conflicto_est": false }, "geometry": { "type": "Point", "coordinates": [ -74.125799998641014, 4.609499998390675 ] } },
{ "type": "Feature", "properties": { "sede": "111001014885", "nombre_sede": "LA ALQUERIA", "nombre_est": "COLEGIO JULIO GARAVITO ARMERO (IED)", "nombre_upl": "PUENTE ARANDA", "nombre_upz": "MUZU", "z_publicado": 0.185, "n_examenes": 364, "n_anios": 4, "cluster": "NS", "lisa_p": 0.84745, "conflicto_est": true }, "geometry": { "type": "Point", "coordinates": [ -74.134199999272823, 4.599599998444319 ] } },
{ "type": "Feature", "properties": { "sede": "111001014958", "nombre_sede": "CLEMENCIA HOLGUIN DE URDANETA", "nombre_est": "COLEGIO CLEMENCIA HOLGUIN DE URDANETA (IED)", "nombre_upl": "RESTREPO", "nombre_upz": "QUIROGA", "z_publicado": 0.185, "n_examenes": 352, "n_anios": 9, "cluster": "NS", "lisa_p": 0.90343, "conflicto_est": false }, "geometry": { "type": "Point", "coordinates": [ -74.110500000417233, 4.579199999570847 ] } },
{ "type": "Feature", "properties": { "sede": "111001014974", "nombre_sede": "FRANCISCO DE MIRANDA", "nombre_est": "COLEGIO FRANCISCO DE MIRANDA (IED)", "nombre_upl": "KENNEDY", "nombre_upz": "TIMIZA", "z_publicado": 0.287, "n_examenes": 951, "n_anios": 9, "cluster": "NS", "lisa_p": 0.0673, "conflicto_est": false }, "geometry": { "type": "Point", "coordinates": [ -74.154500000178814, 4.612500000745058 ] } },
{ "type": "Feature", "properties": { "sede": "111001015032", "nombre_sede": "MUZU I", "nombre_est": "COLEGIO JULIO GARAVITO ARMERO (IED)", "nombre_upl": "PUENTE ARANDA", "nombre_upz": "MUZU", "z_publicado": 0.204, "n_examenes": 217, "n_anios": 2, "cluster": "NS", "lisa_p": 0.70196, "conflicto_est": true }, "geometry": { "type": "Point", "coordinates": [ -74.130699999630451, 4.599800001829863 ] } },
{ "type": "Feature", "properties": { "sede": "111001015091", "nombre_sede": "MUZU II", "nombre_est": "COLEGIO JULIO GARAVITO ARMERO (IED)", "nombre_upl": "PUENTE ARANDA", "nombre_upz": "MUZU", "z_publicado": 0.209, "n_examenes": 326, "n_anios": 3, "cluster": "NS", "lisa_p": 0.23324, "conflicto_est": true }, "geometry": { "type": "Point", "coordinates": [ -74.12950000166893, 4.602000001817942 ] } },
{ "type": "Feature", "properties": { "sede": "111001015172", "nombre_sede": "ALEJANDRO OBREGON", "nombre_est": "COLEGIO ALEJANDRO OBREGON (IED)", "nombre_upl": "RESTREPO", "nombre_upz": "SAN JOSE", "z_publicado": 0.291, "n_examenes": 994, "n_anios": 9, "cluster": "NS", "lisa_p": 0.99779, "conflicto_est": false }, "geometry": { "type": "Point", "coordinates": [ -74.108899999409914, 4.576499998569489 ] } },
{ "type": "Feature", "properties": { "sede": "111001015181", "nombre_sede": "JAIRO ANIBAL NIÑO", "nombre_est": "COLEGIO NACIONES UNIDAS (IED)", "nombre_upl": "TABORA", "nombre_upz": "LAS FERIAS", "z_publicado": 0.204, "n_examenes": 238, "n_anios": 8, "cluster": "NS", "lisa_p": 0.08087, "conflicto_est": false }, "geometry": { "type": "Point", "coordinates": [ -74.088599998503923, 4.684399999678135 ] } },
{ "type": "Feature", "properties": { "sede": "111001015458", "nombre_sede": "FLORIDABLANCA", "nombre_est": "COLEGIO FLORIDABLANCA (IED)", "nombre_upl": "TABORA", "nombre_upz": "BOYACA REAL", "z_publicado": 0.377, "n_examenes": 1213, "n_anios": 9, "cluster": "NS", "lisa_p": 0.37668, "conflicto_est": false }, "geometry": { "type": "Point", "coordinates": [ -74.11430000141263, 4.697999998927116 ] } },
{ "type": "Feature", "properties": { "sede": "111001015598", "nombre_sede": "LAS AMERICAS", "nombre_est": "COLEGIO LAS AMERICAS (IED)", "nombre_upl": "KENNEDY", "nombre_upz": "CARVAJAL", "z_publicado": 0.208, "n_examenes": 1580, "n_anios": 9, "cluster": "NS", "lisa_p": 0.46627, "conflicto_est": false }, "geometry": { "type": "Point", "coordinates": [ -74.150499999523163, 4.616799999028444 ] } },
{ "type": "Feature", "properties": { "sede": "111001015601", "nombre_sede": "O.E.A.", "nombre_est": "COLEGIO O.E.A. (IED)", "nombre_upl": "KENNEDY", "nombre_upz": "CARVAJAL", "z_publicado": 0.446, "n_examenes": 1293, "n_anios": 9, "cluster": "NS", "lisa_p": 0.82036, "conflicto_est": false }, "geometry": { "type": "Point", "coordinates": [ -74.141600001603365, 4.617899999022484 ] } },
{ "type": "Feature", "properties": { "sede": "111001015733", "nombre_sede": "ANTONIO BARAYA", "nombre_est": "COLEGIO ANTONIO BARAYA (IED)", "nombre_upl": "RESTREPO", "nombre_upz": "QUIROGA", "z_publicado": 0.211, "n_examenes": 588, "n_anios": 9, "cluster": "LH", "lisa_p": 0.04543, "conflicto_est": false }, "geometry": { "type": "Point", "coordinates": [ -74.109299998730421, 4.583700001239777 ] } },
{ "type": "Feature", "properties": { "sede": "111001015776", "nombre_sede": "JULIO FLOREZ", "nombre_est": "COLEGIO INSTITUTO TECNICO DISTRITAL JULIO FLOREZ (IED)", "nombre_upl": "NIZA", "nombre_upz": "LA FLORESTA", "z_publicado": 0.429, "n_examenes": 1069, "n_anios": 9, "cluster": "NS", "lisa_p": 0.93148, "conflicto_est": false }, "geometry": { "type": "Point", "coordinates": [ -74.077599998563528, 4.687199998646975 ] } },
{ "type": "Feature", "properties": { "sede": "111001015806", "nombre_sede": "JORGE GAITAN CORTES", "nombre_est": "COLEGIO JORGE GAITAN CORTES (IED)", "nombre_upl": "TABORA", "nombre_upz": "EL MINUTO DE DIOS", "z_publicado": 0.376, "n_examenes": 319, "n_anios": 4, "cluster": "NS", "lisa_p": 0.92899, "conflicto_est": false }, "geometry": { "type": "Point", "coordinates": [ -74.09910000115633, 4.708799999207258 ] } },
{ "type": "Feature", "properties": { "sede": "111001015814", "nombre_sede": "REPUBLICA DE CHINA", "nombre_est": "COLEGIO REPUBLICA DE CHINA (IED)", "nombre_upl": "TABORA", "nombre_upz": "EL MINUTO DE DIOS", "z_publicado": 0.297, "n_examenes": 1206, "n_anios": 9, "cluster": "NS", "lisa_p": 0.8047, "conflicto_est": false }, "geometry": { "type": "Point", "coordinates": [ -74.103799998760223, 4.707699999213219 ] } },
{ "type": "Feature", "properties": { "sede": "111001015903", "nombre_sede": "MONTEBELLO", "nombre_est": "COLEGIO MONTEBELLO (IED)", "nombre_upl": "SAN CRISTOBAL", "nombre_upz": "20 DE JULIO", "z_publicado": -0.123, "n_examenes": 697, "n_anios": 9, "cluster": "NS", "lisa_p": 0.05564, "conflicto_est": false }, "geometry": { "type": "Point", "coordinates": [ -74.087999999523163, 4.566799998283386 ] } },
{ "type": "Feature", "properties": { "sede": "111001015911", "nombre_sede": "SEDE A - LOS ALPES", "nombre_est": "COLEGIO LOS ALPES (IED)", "nombre_upl": "SAN CRISTOBAL", "nombre_upz": "SAN BLAS", "z_publicado": -0.362, "n_examenes": 1680, "n_anios": 9, "cluster": "NS", "lisa_p": 0.09607, "conflicto_est": false }, "geometry": { "type": "Point", "coordinates": [ -74.084800001233816, 4.552799999713898 ] } },
{ "type": "Feature", "properties": { "sede": "111001016004", "nombre_sede": "LA BELLEZA", "nombre_est": "COLEGIO LA BELLEZA LOS LIBERTADORES (IED)", "nombre_upl": "USME - ENTRENUBES", "nombre_upz": "LOS LIBERTADORES", "z_publicado": -0.119, "n_examenes": 392, "n_anios": 9, "cluster": "NS", "lisa_p": 0.08518, "conflicto_est": false }, "geometry": { "type": "Point", "coordinates": [ -74.092199999839067, 4.5304000005126 ] } },
{ "type": "Feature", "properties": { "sede": "111001016039", "nombre_sede": "ORLANDO FALS BORDA", "nombre_est": "COLEGIO ORLANDO FALS BORDA (IED)", "nombre_upl": "RAFAEL URIBE", "nombre_upz": "GRAN YOMASA", "z_publicado": 0.072, "n_examenes": 1007, "n_anios": 9, "cluster": "NS", "lisa_p": 0.34906, "conflicto_est": false }, "geometry": { "type": "Point", "coordinates": [ -74.121100001037121, 4.518899999558926 ] } },
{ "type": "Feature", "properties": { "sede": "111001016071", "nombre_sede": "ISABEL II", "nombre_est": "COLEGIO ISABEL II (IED)", "nombre_upl": "TINTAL", "nombre_upz": "CASTILLA", "z_publicado": 0.256, "n_examenes": 1232, "n_anios": 9, "cluster": "NS", "lisa_p": 0.92687, "conflicto_est": false }, "geometry": { "type": "Point", "coordinates": [ -74.152899999171495, 4.633600000292063 ] } },
{ "type": "Feature", "properties": { "sede": "111001016098", "nombre_sede": "ALQUERIA DE LA FRAGUA", "nombre_est": "COLEGIO ALQUERIA DE LA FRAGUA (IED)", "nombre_upl": "KENNEDY", "nombre_upz": "CARVAJAL", "z_publicado": 0.513, "n_examenes": 302, "n_anios": 9, "cluster": "NS", "lisa_p": 0.66308, "conflicto_est": false }, "geometry": { "type": "Point", "coordinates": [ -74.136100001633167, 4.605000000447035 ] } },
{ "type": "Feature", "properties": { "sede": "111001016101", "nombre_sede": "LOS PERIODISTAS", "nombre_est": "COLEGIO LOS PERIODISTAS (IED)", "nombre_upl": "KENNEDY", "nombre_upz": "KENNEDY CENTRAL", "z_publicado": 0.508, "n_examenes": 891, "n_anios": 9, "cluster": "NS", "lisa_p": 0.53032, "conflicto_est": false }, "geometry": { "type": "Point", "coordinates": [ -74.15819999948144, 4.617499999701977 ] } },
{ "type": "Feature", "properties": { "sede": "111001016136", "nombre_sede": "LA CHUCUA", "nombre_est": "COLEGIO LA CHUCUA (IED)", "nombre_upl": "KENNEDY", "nombre_upz": "TIMIZA", "z_publicado": 0.29, "n_examenes": 959, "n_anios": 9, "cluster": "NS", "lisa_p": 0.86972, "conflicto_est": false }, "geometry": { "type": "Point", "coordinates": [ -74.148499999195337, 4.603799998760223 ] } },
{ "type": "Feature", "properties": { "sede": "111001016250", "nombre_sede": "REPUBLICA BOLIVARIANA DE VENEZUELA", "nombre_est": "COLEGIO REPUBLICA BOLIVARIANA DE VENEZUELA (IED)", "nombre_upl": "CENTRO HISTORICO", "nombre_upz": "LA SABANA", "z_publicado": -0.16, "n_examenes": 373, "n_anios": 9, "cluster": "NS", "lisa_p": 0.08299, "conflicto_est": false }, "geometry": { "type": "Point", "coordinates": [ -74.079500000923872, 4.615100000053644 ] } },
{ "type": "Feature", "properties": { "sede": "111001016292", "nombre_sede": "KENNEDY", "nombre_est": "COLEGIO KENNEDY (IED)", "nombre_upl": "KENNEDY", "nombre_upz": "AMERICAS", "z_publicado": 0.435, "n_examenes": 1784, "n_anios": 9, "cluster": "NS", "lisa_p": 0.94025, "conflicto_est": false }, "geometry": { "type": "Point", "coordinates": [ -74.140799999237061, 4.620299998670816 ] } },
{ "type": "Feature", "properties": { "sede": "111001016314", "nombre_sede": "SIMON RODRIGUEZ", "nombre_est": "COLEGIO SIMON RODRIGUEZ (IED)", "nombre_upl": "CHAPINERO", "nombre_upz": "CHICO LAGO", "z_publicado": 0.182, "n_examenes": 501, "n_anios": 9, "cluster": "NS", "lisa_p": 0.23239, "conflicto_est": false }, "geometry": { "type": "Point", "coordinates": [ -74.061299998313189, 4.654399998486042 ] } },
{ "type": "Feature", "properties": { "sede": "111001016772", "nombre_sede": "POLITECNICO NACIONAL FEMENINO", "nombre_est": "COLEGIO SAN FRANCISCO DE ASIS (IED)", "nombre_upl": "CENTRO HISTORICO", "nombre_upz": "SANTA ISABEL", "z_publicado": 0.333, "n_examenes": 605, "n_anios": 9, "cluster": "NS", "lisa_p": 0.85638, "conflicto_est": true }, "geometry": { "type": "Point", "coordinates": [ -74.092199999839067, 4.594200000166893 ] } },
{ "type": "Feature", "properties": { "sede": "111001017795", "nombre_sede": "MAGDALENA ORTEGA DE NARIÑO", "nombre_est": "COLEGIO MAGDALENA ORTEGA DE NARIÑO (IED)", "nombre_upl": "TABORA", "nombre_upz": "LAS FERIAS", "z_publicado": 0.314, "n_examenes": 1685, "n_anios": 9, "cluster": "NS", "lisa_p": 0.91386, "conflicto_est": false }, "geometry": { "type": "Point", "coordinates": [ -74.083200000226498, 4.686599999666214 ] } },
{ "type": "Feature", "properties": { "sede": "111001018058", "nombre_sede": "REINO UNIDO DE HOLANDA", "nombre_est": "COLEGIO ALEXANDER FLEMING (IED)", "nombre_upl": "RAFAEL URIBE", "nombre_upz": "MARCO FIDEL SUAREZ", "z_publicado": -0.092, "n_examenes": 717, "n_anios": 9, "cluster": "NS", "lisa_p": 0.06918, "conflicto_est": false }, "geometry": { "type": "Point", "coordinates": [ -74.120799999684095, 4.572000000625849 ] } },
{ "type": "Feature", "properties": { "sede": "111001018066", "nombre_sede": "SAN CARLOS", "nombre_est": "COLEGIO SAN CARLOS (IED)", "nombre_upl": "TUNJUELITO", "nombre_upz": "TUNJUELITO", "z_publicado": -0.273, "n_examenes": 982, "n_anios": 7, "cluster": "LH", "lisa_p": 0.01885, "conflicto_est": false }, "geometry": { "type": "Point", "coordinates": [ -74.128100000321865, 4.569499999284744 ] } },
{ "type": "Feature", "properties": { "sede": "111001018201", "nombre_sede": "RUFINO JOSE CUERVO", "nombre_est": "COLEGIO RUFINO JOSE CUERVO (IED)", "nombre_upl": "TUNJUELITO", "nombre_upz": "TUNJUELITO", "z_publicado": 0.189, "n_examenes": 1096, "n_anios": 9, "cluster": "NS", "lisa_p": 0.97723, "conflicto_est": false }, "geometry": { "type": "Point", "coordinates": [ -74.124800000339746, 4.560100000351667 ] } },
{ "type": "Feature", "properties": { "sede": "111001018252", "nombre_sede": "JOSE MARIA CARBONELL", "nombre_est": "COLEGIO JOSE MARIA CARBONELL (IED)", "nombre_upl": "SAN CRISTOBAL", "nombre_upz": "SOSIEGO", "z_publicado": -0.132, "n_examenes": 389, "n_anios": 9, "cluster": "NS", "lisa_p": 0.09875, "conflicto_est": false }, "geometry": { "type": "Point", "coordinates": [ -74.100900001823902, 4.559300001710653 ] } },
{ "type": "Feature", "properties": { "sede": "111001018309", "nombre_sede": "ATENAS", "nombre_est": "COLEGIO ATENAS (IED)", "nombre_upl": "SAN CRISTOBAL", "nombre_upz": "20 DE JULIO", "z_publicado": 0.137, "n_examenes": 293, "n_anios": 8, "cluster": "LL", "lisa_p": 0.0058, "conflicto_est": false }, "geometry": { "type": "Point", "coordinates": [ -74.093699999153614, 4.556800000369549 ] } },
{ "type": "Feature", "properties": { "sede": "111001018325", "nombre_sede": "JOSE JOAQUIN CASTRO MARTINEZ", "nombre_est": "COLEGIO JOSE JOAQUIN CASTRO MARTINEZ (IED)", "nombre_upl": "SAN CRISTOBAL", "nombre_upz": "20 DE JULIO", "z_publicado": -0.123, "n_examenes": 482, "n_anios": 9, "cluster": "LL", "lisa_p": 0.00745, "conflicto_est": false }, "geometry": { "type": "Point", "coordinates": [ -74.0929000005126, 4.559799998998642 ] } },
{ "type": "Feature", "properties": { "sede": "111001018333", "nombre_sede": "EL RODEO", "nombre_est": "COLEGIO EL RODEO (IED)", "nombre_upl": "SAN CRISTOBAL", "nombre_upz": "LA GLORIA", "z_publicado": 0.328, "n_examenes": 661, "n_anios": 9, "cluster": "NS", "lisa_p": 0.18536, "conflicto_est": false }, "geometry": { "type": "Point", "coordinates": [ -74.095199998468161, 4.551300000399351 ] } },
{ "type": "Feature", "properties": { "sede": "111001018341", "nombre_sede": "FRANCISCO JAVIER MATIZ", "nombre_est": "COLEGIO FRANCISCO JAVIER MATIZ (IED)", "nombre_upl": "SAN CRISTOBAL", "nombre_upz": "20 DE JULIO", "z_publicado": -0.099, "n_examenes": 770, "n_anios": 9, "cluster": "NS", "lisa_p": 0.14527, "conflicto_est": false }, "geometry": { "type": "Point", "coordinates": [ -74.093400001525879, 4.565200001001358 ] } },
{ "type": "Feature", "properties": { "sede": "111001018368", "nombre_sede": "LA VICTORIA", "nombre_est": "COLEGIO LA VICTORIA (IED)", "nombre_upl": "SAN CRISTOBAL", "nombre_upz": "LA GLORIA", "z_publicado": -0.15, "n_examenes": 987, "n_anios": 9, "cluster": "NS", "lisa_p": 0.39791, "conflicto_est": false }, "geometry": { "type": "Point", "coordinates": [ -74.093400001525879, 4.552299998700619 ] } },
{ "type": "Feature", "properties": { "sede": "111001018384", "nombre_sede": "SAN ISIDRO SUR ORIENTAL", "nombre_est": "COLEGIO SAN ISIDRO SUR ORIENTAL (IED)", "nombre_upl": "SAN CRISTOBAL", "nombre_upz": "20 DE JULIO", "z_publicado": 0.14, "n_examenes": 790, "n_anios": 9, "cluster": "NS", "lisa_p": 0.8709, "conflicto_est": false }, "geometry": { "type": "Point", "coordinates": [ -74.101100001484156, 4.565600000321865 ] } },
{ "type": "Feature", "properties": { "sede": "111001019411", "nombre_sede": "INEM SANTIAGO PEREZ", "nombre_est": "COLEGIO INEM SANTIAGO PEREZ (IED)", "nombre_upl": "TUNJUELITO", "nombre_upz": "VENECIA", "z_publicado": 0.178, "n_examenes": 2380, "n_anios": 9, "cluster": "NS", "lisa_p": 0.77496, "conflicto_est": false }, "geometry": { "type": "Point", "coordinates": [ -74.131999999284744, 4.576099999248981 ] } },
{ "type": "Feature", "properties": { "sede": "111001019526", "nombre_sede": "ANTONIA SANTOS", "nombre_est": "COLEGIO LICEO NACIONAL ANTONIA SANTOS (IED)", "nombre_upl": "CENTRO HISTORICO", "nombre_upz": "LA SABANA", "z_publicado": 0.334, "n_examenes": 954, "n_anios": 9, "cluster": "NS", "lisa_p": 0.84454, "conflicto_est": false }, "geometry": { "type": "Point", "coordinates": [ -74.087999999523163, 4.608300000429153 ] } },
{ "type": "Feature", "properties": { "sede": "111001020095", "nombre_sede": "MISAEL PASTRANA BORRERO", "nombre_est": "COLEGIO MISAEL PASTRANA BORRERO (IED)", "nombre_upl": "RAFAEL URIBE", "nombre_upz": "MARCO FIDEL SUAREZ", "z_publicado": -0.125, "n_examenes": 709, "n_anios": 9, "cluster": "NS", "lisa_p": 0.96441, "conflicto_est": false }, "geometry": { "type": "Point", "coordinates": [ -74.108300000429153, 4.564699999988079 ] } },
{ "type": "Feature", "properties": { "sede": "111001020168", "nombre_sede": "SORRENTO", "nombre_est": "COLEGIO SORRENTO (IED)", "nombre_upl": "PUENTE ARANDA", "nombre_upz": "SAN RAFAEL", "z_publicado": 0.81, "n_examenes": 1251, "n_anios": 9, "cluster": "HH", "lisa_p": 0.02395, "conflicto_est": false }, "geometry": { "type": "Point", "coordinates": [ -74.113299999386072, 4.622999999672174 ] } },
{ "type": "Feature", "properties": { "sede": "111001020320", "nombre_sede": "ISMAEL PERDOMO", "nombre_est": "COLEGIO ISMAEL PERDOMO (IED)", "nombre_upl": "ARBORIZADORA", "nombre_upz": "ISMAEL PERDOMO", "z_publicado": -0.079, "n_examenes": 1806, "n_anios": 9, "cluster": "NS", "lisa_p": 0.81288, "conflicto_est": false }, "geometry": { "type": "Point", "coordinates": [ -74.165100000798702, 4.58729999884963 ] } },
{ "type": "Feature", "properties": { "sede": "111001020338", "nombre_sede": "COLEGIO AVE MARIA", "nombre_est": "COLEGIO AVE MARIA", "nombre_upl": "SAN CRISTOBAL", "nombre_upz": "SOSIEGO", "z_publicado": 1.336, "n_examenes": 358, "n_anios": 9, "cluster": "NS", "lisa_p": 0.36277, "conflicto_est": false }, "geometry": { "type": "Point", "coordinates": [ -74.085400000214577, 4.576699998229742 ] } },
{ "type": "Feature", "properties": { "sede": "111001020401", "nombre_sede": "ESCUELA TECNOLOGICA INSTITUTO TECNICO CENTRAL", "nombre_est": "ESCUELA TECNOLOGICA INSTITUTO TECNICO CENTRAL", "nombre_upl": "CENTRO HISTORICO", "nombre_upz": "LA SABANA", "z_publicado": 1.642, "n_examenes": 1468, "n_anios": 9, "cluster": "NS", "lisa_p": 0.61814, "conflicto_est": false }, "geometry": { "type": "Point", "coordinates": [ -74.081900000572205, 4.605700001120567 ] } },
{ "type": "Feature", "properties": { "sede": "111001020443", "nombre_sede": "ANIBAL FERNANDEZ DE SOTO", "nombre_est": "COLEGIO ENTRE NUBES SUR ORIENTAL (IED)", "nombre_upl": "SAN CRISTOBAL", "nombre_upz": "LA GLORIA", "z_publicado": -0.159, "n_examenes": 480, "n_anios": 9, "cluster": "NS", "lisa_p": 0.44746, "conflicto_est": true }, "geometry": { "type": "Point", "coordinates": [ -74.097500000149012, 4.548000000417233 ] } },
{ "type": "Feature", "properties": { "sede": "111001024643", "nombre_sede": "NUEVA ESPERANZA", "nombre_est": "COLEGIO NUEVA ESPERANZA (IED)", "nombre_upl": "USME - ENTRENUBES", "nombre_upz": "LA FLORA", "z_publicado": -0.125, "n_examenes": 190, "n_anios": 4, "cluster": "NS", "lisa_p": 0.09968, "conflicto_est": false }, "geometry": { "type": "Point", "coordinates": [ -74.090999998152256, 4.513399999588728 ] } },
{ "type": "Feature", "properties": { "sede": "111001024660", "nombre_sede": "FERNANDO SOTO APARICIO", "nombre_est": "COLEGIO FERNANDO SOTO APARICIO (IED)", "nombre_upl": "KENNEDY", "nombre_upz": "KENNEDY CENTRAL", "z_publicado": 0.236, "n_examenes": 1171, "n_anios": 9, "cluster": "NS", "lisa_p": 0.87534, "conflicto_est": false }, "geometry": { "type": "Point", "coordinates": [ -74.14750000089407, 4.618900001049042 ] } },
{ "type": "Feature", "properties": { "sede": "111001024686", "nombre_sede": "MORALBA SURORIENTAL", "nombre_est": "COLEGIO MORALBA SURORIENTAL (IED)", "nombre_upl": "SAN CRISTOBAL", "nombre_upz": "LA GLORIA", "z_publicado": -0.188, "n_examenes": 594, "n_anios": 9, "cluster": "NS", "lisa_p": 0.17242, "conflicto_est": false }, "geometry": { "type": "Point", "coordinates": [ -74.080600000917912, 4.541499998420477 ] } },
{ "type": "Feature", "properties": { "sede": "111001024732", "nombre_sede": "INEM FRANCISCO DE PAULA SANTANDER", "nombre_est": "COLEGIO INEM FRANCISCO DE PAULA SANTANDER (IED)", "nombre_upl": "KENNEDY", "nombre_upz": "KENNEDY CENTRAL", "z_publicado": 0.212, "n_examenes": 4793, "n_anios": 9, "cluster": "LL", "lisa_p": 0.01225, "conflicto_est": false }, "geometry": { "type": "Point", "coordinates": [ -74.156500000506639, 4.624699998646975 ] } },
{ "type": "Feature", "properties": { "sede": "111001024830", "nombre_sede": "SEDE PRINCIPAL", "nombre_est": "COLEGIO FRANCISCO PRIMERO S.S. (IED)", "nombre_upl": "BARRIOS UNIDOS", "nombre_upz": "LOS ALCAZARES", "z_publicado": 0.038, "n_examenes": 88, "n_anios": 3, "cluster": "NS", "lisa_p": 0.06755, "conflicto_est": false }, "geometry": { "type": "Point", "coordinates": [ -74.075699999928474, 4.652100000530481 ] } },
{ "type": "Feature", "properties": { "sede": "111001025020", "nombre_sede": "ALBERTO LLERAS CAMARGO", "nombre_est": "COLEGIO ALBERTO LLERAS CAMARGO (IED)", "nombre_upl": "RINCON DE SUBA", "nombre_upz": "EL RINCON", "z_publicado": 0.159, "n_examenes": 2157, "n_anios": 9, "cluster": "NS", "lisa_p": 0.51408, "conflicto_est": false }, "geometry": { "type": "Point", "coordinates": [ -74.10249999910593, 4.743500001728535 ] } },
{ "type": "Feature", "properties": { "sede": "111001025216", "nombre_sede": "VILLA AMALIA", "nombre_est": "COLEGIO VILLA AMALIA (IED)", "nombre_upl": "ENGATIVA", "nombre_upz": "GARCES NAVAS", "z_publicado": 0.115, "n_examenes": 697, "n_anios": 9, "cluster": "NS", "lisa_p": 0.32503, "conflicto_est": false }, "geometry": { "type": "Point", "coordinates": [ -74.125900000333786, 4.710900001227856 ] } },
{ "type": "Feature", "properties": { "sede": "111001025313", "nombre_sede": "AGUSTIN NIETO CABALLERO", "nombre_est": "COLEGIO LICEO NACIONAL AGUSTIN NIETO CABALLERO (IED)", "nombre_upl": "CENTRO HISTORICO", "nombre_upz": "LA SABANA", "z_publicado": -0.04, "n_examenes": 191, "n_anios": 9, "cluster": "NS", "lisa_p": 0.06839, "conflicto_est": false }, "geometry": { "type": "Point", "coordinates": [ -74.085900001227856, 4.605500001460314 ] } },
{ "type": "Feature", "properties": { "sede": "111001026069", "nombre_sede": "MENORAH", "nombre_est": "COLEGIO TECNICO MENORAH (IED)", "nombre_upl": "CENTRO HISTORICO", "nombre_upz": "SANTA ISABEL", "z_publicado": 0.49, "n_examenes": 1064, "n_anios": 9, "cluster": "NS", "lisa_p": 0.9495, "conflicto_est": false }, "geometry": { "type": "Point", "coordinates": [ -74.092700000852346, 4.594099998474121 ] } },
{ "type": "Feature", "properties": { "sede": "111001026964", "nombre_sede": "SEDE A - JOHN F. KENNEDY", "nombre_est": "COLEGIO JOHN F. KENNEDY (IED)", "nombre_upl": "KENNEDY", "nombre_upz": "KENNEDY CENTRAL", "z_publicado": 0.113, "n_examenes": 1467, "n_anios": 9, "cluster": "NS", "lisa_p": 0.07687, "conflicto_est": false }, "geometry": { "type": "Point", "coordinates": [ -74.151700001209974, 4.621899999678135 ] } },
{ "type": "Feature", "properties": { "sede": "111001027251", "nombre_sede": "LEON DE GREIFF", "nombre_est": "COLEGIO LEON DE GREIFF (IED)", "nombre_upl": "LUCERO", "nombre_upz": "LUCERO", "z_publicado": -0.499, "n_examenes": 1153, "n_anios": 9, "cluster": "LL", "lisa_p": 0.01339, "conflicto_est": false }, "geometry": { "type": "Point", "coordinates": [ -74.1385000012815, 4.550999999046326 ] } },
{ "type": "Feature", "properties": { "sede": "111001027308", "nombre_sede": "PROSPERO PINZON", "nombre_est": "COLEGIO PROSPERO PINZON (IED)", "nombre_upl": "KENNEDY", "nombre_upz": "KENNEDY CENTRAL", "z_publicado": 0.32, "n_examenes": 563, "n_anios": 9, "cluster": "NS", "lisa_p": 0.57688, "conflicto_est": false }, "geometry": { "type": "Point", "coordinates": [ -74.151099998503923, 4.624299999326468 ] } },
{ "type": "Feature", "properties": { "sede": "111001027324", "nombre_sede": "FLORENTINO GONZALEZ", "nombre_est": "COLEGIO FLORENTINO GONZALEZ (IED)", "nombre_upl": "SAN CRISTOBAL", "nombre_upz": "20 DE JULIO", "z_publicado": 0.091, "n_examenes": 1149, "n_anios": 9, "cluster": "NS", "lisa_p": 0.40022, "conflicto_est": false }, "geometry": { "type": "Point", "coordinates": [ -74.096400000154972, 4.567200001329184 ] } },
{ "type": "Feature", "properties": { "sede": "111001027332", "nombre_sede": "GUSTAVO RESTREPO", "nombre_est": "COLEGIO GUSTAVO RESTREPO (IED)", "nombre_upl": "RESTREPO", "nombre_upz": "SAN JOSE", "z_publicado": 0.185, "n_examenes": 788, "n_anios": 9, "cluster": "NS", "lisa_p": 0.50744, "conflicto_est": false }, "geometry": { "type": "Point", "coordinates": [ -74.108199998736382, 4.578999999910593 ] } },
{ "type": "Feature", "properties": { "sede": "111001027383", "nombre_sede": "CHIRCALES", "nombre_est": "COLEGIO ALFREDO IRIARTE (IED)", "nombre_upl": "RAFAEL URIBE", "nombre_upz": "MARRUECOS", "z_publicado": 0.154, "n_examenes": 1088, "n_anios": 9, "cluster": "NS", "lisa_p": 0.11634, "conflicto_est": false }, "geometry": { "type": "Point", "coordinates": [ -74.112100001424551, 4.558100000023842 ] } },
{ "type": "Feature", "properties": { "sede": "111001027391", "nombre_sede": "MANUEL CEPEDA VARGAS", "nombre_est": "COLEGIO MANUEL CEPEDA VARGAS (IED)", "nombre_upl": "EDEN", "nombre_upz": "GRAN BRITALIA", "z_publicado": 0.091, "n_examenes": 2087, "n_anios": 9, "cluster": "NS", "lisa_p": 0.40129, "conflicto_est": false }, "geometry": { "type": "Point", "coordinates": [ -74.17790000140667, 4.616500001400709 ] } },
{ "type": "Feature", "properties": { "sede": "111001027634", "nombre_sede": "COLEGIO PARA HIJOS DE LOS EMPLEADOS DE LA CONTRALORIA GENERAL DE LA REPUBLICA (COOTRANAL)", "nombre_est": "COLEGIO PARA HIJOS DE LOS EMPLEADOS DE LA CONTRALORIA GENERAL DE LA REPUBLICA (COOTRANAL)", "nombre_upl": "TEUSAQUILLO", "nombre_upz": "LA ESMERALDA", "z_publicado": 0.969, "n_examenes": 320, "n_anios": 9, "cluster": "NS", "lisa_p": 0.15956, "conflicto_est": false }, "geometry": { "type": "Point", "coordinates": [ -74.08219999819994, 4.646800000220537 ] } },
{ "type": "Feature", "properties": { "sede": "111001028207", "nombre_sede": "ESCUELA PEDAGOGICA INTEGRAL IDIPRON", "nombre_est": "ESCUELA PEDAGOGICA INTEGRAL IDIPRON", "nombre_upl": "ENGATIVA", "nombre_upz": "Z-SIN UPZ", "z_publicado": -0.635, "n_examenes": 672, "n_anios": 8, "cluster": "NS", "lisa_p": 0.81281, "conflicto_est": false }, "geometry": { "type": "Point", "coordinates": [ -74.14469999819994, 4.722100000828505 ] } },
{ "type": "Feature", "properties": { "sede": "111001028258", "nombre_sede": "RAFAEL BERNAL JIMENEZ", "nombre_est": "COLEGIO RAFAEL BERNAL JIMENEZ (IED)", "nombre_upl": "BARRIOS UNIDOS", "nombre_upz": "DOCE DE OCTUBRE", "z_publicado": 0.378, "n_examenes": 722, "n_anios": 9, "cluster": "NS", "lisa_p": 0.27463, "conflicto_est": false }, "geometry": { "type": "Point", "coordinates": [ -74.073499999940395, 4.671799998730421 ] } },
{ "type": "Feature", "properties": { "sede": "111001028266", "nombre_sede": "CIUDAD DE MONTREAL", "nombre_est": "COLEGIO CIUDAD DE MONTREAL (IED)", "nombre_upl": "LUCERO", "nombre_upz": "LUCERO", "z_publicado": 0.045, "n_examenes": 153, "n_anios": 5, "cluster": "LL", "lisa_p": 0.0035, "conflicto_est": false }, "geometry": { "type": "Point", "coordinates": [ -74.138099998235703, 4.553399998694658 ] } },
{ "type": "Feature", "properties": { "sede": "111001029599", "nombre_sede": "EL RECUERDO", "nombre_est": "COLEGIO COMPARTIR RECUERDO (IED)", "nombre_upl": "LUCERO", "nombre_upz": "LUCERO", "z_publicado": -0.158, "n_examenes": 103, "n_anios": 3, "cluster": "NS", "lisa_p": 0.15075, "conflicto_est": true }, "geometry": { "type": "Point", "coordinates": [ -74.1435999982059, 4.553199999034405 ] } },
{ "type": "Feature", "properties": { "sede": "111001029912", "nombre_sede": "JUAN FRANCISCO BERBEO", "nombre_est": "COLEGIO JUAN FRANCISCO BERBEO (IED)", "nombre_upl": "BARRIOS UNIDOS", "nombre_upz": "LOS ALCAZARES", "z_publicado": 0.328, "n_examenes": 468, "n_anios": 9, "cluster": "NS", "lisa_p": 0.06262, "conflicto_est": false }, "geometry": { "type": "Point", "coordinates": [ -74.066899999976158, 4.671000000089407 ] } },
{ "type": "Feature", "properties": { "sede": "111001029955", "nombre_sede": "AGUSTIN FERNANDEZ", "nombre_est": "COLEGIO AGUSTIN FERNANDEZ (IED)", "nombre_upl": "TOBERIN", "nombre_upz": "LOS CEDROS", "z_publicado": -0.21, "n_examenes": 1413, "n_anios": 9, "cluster": "NS", "lisa_p": 0.67423, "conflicto_est": false }, "geometry": { "type": "Point", "coordinates": [ -74.024099998176098, 4.729600001126528 ] } },
{ "type": "Feature", "properties": { "sede": "111001030015", "nombre_sede": "ENRIQUE OLAYA HERRERA", "nombre_est": "COLEGIO ENRIQUE OLAYA HERRERA (IED)", "nombre_upl": "RESTREPO", "nombre_upz": "SAN JOSE", "z_publicado": 0.13, "n_examenes": 3507, "n_anios": 9, "cluster": "NS", "lisa_p": 0.86511, "conflicto_est": false }, "geometry": { "type": "Point", "coordinates": [ -74.101300001144409, 4.568500000983477 ] } },
{ "type": "Feature", "properties": { "sede": "111001030066", "nombre_sede": "MANUELITA SAENZ", "nombre_est": "COLEGIO MANUELITA SAENZ (IED)", "nombre_upl": "SAN CRISTOBAL", "nombre_upz": "SOSIEGO", "z_publicado": 0.158, "n_examenes": 1598, "n_anios": 9, "cluster": "NS", "lisa_p": 0.54144, "conflicto_est": false }, "geometry": { "type": "Point", "coordinates": [ -74.085400000214577, 4.571299999952316 ] } },
{ "type": "Feature", "properties": { "sede": "111001030821", "nombre_sede": "COMPARTIR MEISSEN", "nombre_est": "COLEGIO SANTA BARBARA (IED)", "nombre_upl": "LUCERO", "nombre_upz": "LUCERO", "z_publicado": -0.243, "n_examenes": 529, "n_anios": 9, "cluster": "LL", "lisa_p": 0.04361, "conflicto_est": false }, "geometry": { "type": "Point", "coordinates": [ -74.142900001257658, 4.552600000053644 ] } },
{ "type": "Feature", "properties": { "sede": "111001030830", "nombre_sede": "UNION EUROPEA", "nombre_est": "COLEGIO UNION EUROPEA (IED)", "nombre_upl": "LUCERO", "nombre_upz": "LUCERO", "z_publicado": -0.204, "n_examenes": 973, "n_anios": 9, "cluster": "LL", "lisa_p": 0.00521, "conflicto_est": false }, "geometry": { "type": "Point", "coordinates": [ -74.141600001603365, 4.555799998342991 ] } },
{ "type": "Feature", "properties": { "sede": "111001030848", "nombre_sede": "ARBORIZADORA BAJA", "nombre_est": "COLEGIO ARBORIZADORA BAJA (IED)", "nombre_upl": "ARBORIZADORA", "nombre_upz": "ARBORIZADORA", "z_publicado": 0.106, "n_examenes": 1337, "n_anios": 9, "cluster": "NS", "lisa_p": 0.26313, "conflicto_est": false }, "geometry": { "type": "Point", "coordinates": [ -74.152499999850988, 4.574799999594688 ] } },
{ "type": "Feature", "properties": { "sede": "111001030856", "nombre_sede": "PANAMERICANO", "nombre_est": "COLEGIO PANAMERICANO (IED)", "nombre_upl": "CENTRO HISTORICO", "nombre_upz": "LA SABANA", "z_publicado": -0.442, "n_examenes": 485, "n_anios": 9, "cluster": "NS", "lisa_p": 0.12301, "conflicto_est": false }, "geometry": { "type": "Point", "coordinates": [ -74.07880000025034, 4.622999999672174 ] } },
{ "type": "Feature", "properties": { "sede": "111001030864", "nombre_sede": "GUACAMAYAS", "nombre_est": "COLEGIO ALEMANIA UNIFICADA (IED)", "nombre_upl": "SAN CRISTOBAL", "nombre_upz": "LA GLORIA", "z_publicado": -0.494, "n_examenes": 583, "n_anios": 9, "cluster": "LL", "lisa_p": 0.02196, "conflicto_est": false }, "geometry": { "type": "Point", "coordinates": [ -74.095100000500679, 4.555900000035763 ] } },
{ "type": "Feature", "properties": { "sede": "111001030872", "nombre_sede": "ESTANISLAO ZULETA", "nombre_est": "COLEGIO ESTANISLAO ZULETA (IED)", "nombre_upl": "USME - ENTRENUBES", "nombre_upz": "ALFONSO LOPEZ", "z_publicado": -0.006, "n_examenes": 968, "n_anios": 9, "cluster": "NS", "lisa_p": 0.31894, "conflicto_est": false }, "geometry": { "type": "Point", "coordinates": [ -74.100499998778105, 4.498500000685453 ] } },
{ "type": "Feature", "properties": { "sede": "111001032255", "nombre_sede": "TOMAS CARRASQUILLA", "nombre_est": "COLEGIO TOMAS CARRASQUILLA (IED)", "nombre_upl": "BARRIOS UNIDOS", "nombre_upz": "DOCE DE OCTUBRE", "z_publicado": 0.179, "n_examenes": 1261, "n_anios": 9, "cluster": "NS", "lisa_p": 0.94707, "conflicto_est": false }, "geometry": { "type": "Point", "coordinates": [ -74.08049999922514, 4.675999999046326 ] } },
{ "type": "Feature", "properties": { "sede": "111001032280", "nombre_sede": "TOMAS RUEDA VARGAS", "nombre_est": "COLEGIO TECNICO TOMAS RUEDA VARGAS (IED)", "nombre_upl": "SAN CRISTOBAL", "nombre_upz": "20 DE JULIO", "z_publicado": -0.087, "n_examenes": 1250, "n_anios": 9, "cluster": "NS", "lisa_p": 0.05233, "conflicto_est": false }, "geometry": { "type": "Point", "coordinates": [ -74.087099999189377, 4.565200001001358 ] } },
{ "type": "Feature", "properties": { "sede": "111001032395", "nombre_sede": "REPUBLICA EE.UU. DE AMERICA", "nombre_est": "COLEGIO REPUBLICA EE.UU. DE AMERICA (IED)", "nombre_upl": "RESTREPO", "nombre_upz": "QUIROGA", "z_publicado": 0.376, "n_examenes": 274, "n_anios": 9, "cluster": "NS", "lisa_p": 0.89329, "conflicto_est": false }, "geometry": { "type": "Point", "coordinates": [ -74.10530000180006, 4.584300000220537 ] } },
{ "type": "Feature", "properties": { "sede": "111001032409", "nombre_sede": "JORGE SOTO DEL CORRAL", "nombre_est": "COLEGIO JORGE SOTO DEL CORRAL (IED)", "nombre_upl": "CENTRO HISTORICO", "nombre_upz": "LOURDES", "z_publicado": -0.331, "n_examenes": 414, "n_anios": 9, "cluster": "NS", "lisa_p": 0.06004, "conflicto_est": false }, "geometry": { "type": "Point", "coordinates": [ -74.073399998247623, 4.587699998170137 ] } },
{ "type": "Feature", "properties": { "sede": "111001032433", "nombre_sede": "REPUBLICA DEL ECUADOR", "nombre_est": "COLEGIO REPUBLICA DEL ECUADOR (IED)", "nombre_upl": "SAN CRISTOBAL", "nombre_upz": "SOSIEGO", "z_publicado": 0.131, "n_examenes": 373, "n_anios": 9, "cluster": "NS", "lisa_p": 0.90474, "conflicto_est": false }, "geometry": { "type": "Point", "coordinates": [ -74.080299999564886, 4.576900001615286 ] } },
{ "type": "Feature", "properties": { "sede": "111001032450", "nombre_sede": "BERNARDO JARAMILLO", "nombre_est": "COLEGIO BERNARDO JARAMILLO (IED)", "nombre_upl": "TUNJUELITO", "nombre_upz": "VENECIA", "z_publicado": 0.085, "n_examenes": 1140, "n_anios": 9, "cluster": "NS", "lisa_p": 0.99073, "conflicto_est": false }, "geometry": { "type": "Point", "coordinates": [ -74.126499999314547, 4.571299999952316 ] } },
{ "type": "Feature", "properties": { "sede": "111001033898", "nombre_sede": "MANUEL ZAPATA OLIVELLA", "nombre_est": "COLEGIO MANUEL ZAPATA OLIVELLA (IED)", "nombre_upl": "PATIO BONITO", "nombre_upz": "PATIO BONITO", "z_publicado": 0.101, "n_examenes": 1125, "n_anios": 9, "cluster": "NS", "lisa_p": 0.20808, "conflicto_est": false }, "geometry": { "type": "Point", "coordinates": [ -74.160300001502037, 4.640500001609325 ] } },
{ "type": "Feature", "properties": { "sede": "111001033901", "nombre_sede": "PLAN PADRINOS SAN LUIS", "nombre_est": "COLEGIO CAMPESTRE MONTE VERDE (IED)", "nombre_upl": "CERROS ORIENTALES", "nombre_upz": "SAN ISIDRO PATIOS", "z_publicado": -0.392, "n_examenes": 1015, "n_anios": 9, "cluster": "LH", "lisa_p": 0.03612, "conflicto_est": true }, "geometry": { "type": "Point", "coordinates": [ -74.02140000090003, 4.670899998396635 ] } },
{ "type": "Feature", "properties": { "sede": "111001033928", "nombre_sede": "EL TESORO", "nombre_est": "COLEGIO EL TESORO DE LA CUMBRE (IED)", "nombre_upl": "LUCERO", "nombre_upz": "LUCERO", "z_publicado": -0.454, "n_examenes": 76, "n_anios": 2, "cluster": "LL", "lisa_p": 0.00459, "conflicto_est": true }, "geometry": { "type": "Point", "coordinates": [ -74.149000000208616, 4.538899999111891 ] } },
{ "type": "Feature", "properties": { "sede": "111001033979", "nombre_sede": "GARCES NAVAS III", "nombre_est": "COLEGIO GARCES NAVAS (IED)", "nombre_upl": "ENGATIVA", "nombre_upz": "GARCES NAVAS", "z_publicado": 0.143, "n_examenes": 1033, "n_anios": 9, "cluster": "NS", "lisa_p": 0.94225, "conflicto_est": false }, "geometry": { "type": "Point", "coordinates": [ -74.117199998348951, 4.710400000214577 ] } },
{ "type": "Feature", "properties": { "sede": "111001033995", "nombre_sede": "FLORIDABLANCA II", "nombre_est": "COLEGIO FLORIDABLANCA (IED)", "nombre_upl": "TABORA", "nombre_upz": "BOYACA REAL", "z_publicado": null, "n_examenes": 1, "n_anios": 1, "cluster": "NS", "lisa_p": 0.38886, "conflicto_est": false }, "geometry": { "type": "Point", "coordinates": [ -74.110399998724461, 4.696800000965595 ] } },
{ "type": "Feature", "properties": { "sede": "111001034002", "nombre_sede": "GUILLERMO LEON VALENCIA", "nombre_est": "COLEGIO GUILLERMO LEON VALENCIA (IED)", "nombre_upl": "TABORA", "nombre_upz": "BOYACA REAL", "z_publicado": 0.261, "n_examenes": 305, "n_anios": 9, "cluster": "NS", "lisa_p": 0.62325, "conflicto_est": false }, "geometry": { "type": "Point", "coordinates": [ -74.108500000089407, 4.7043999992311 ] } },
{ "type": "Feature", "properties": { "sede": "111001034011", "nombre_sede": "JUAN REY", "nombre_est": "COLEGIO JUAN REY (IED)", "nombre_upl": "USME - ENTRENUBES", "nombre_upz": "LOS LIBERTADORES", "z_publicado": -0.13, "n_examenes": 417, "n_anios": 9, "cluster": "NS", "lisa_p": 0.15106, "conflicto_est": false }, "geometry": { "type": "Point", "coordinates": [ -74.089899998158216, 4.522599998861551 ] } },
{ "type": "Feature", "properties": { "sede": "111001034045", "nombre_sede": "LA FLORESTA SUR", "nombre_est": "COLEGIO LA FLORESTA SUR (IED)", "nombre_upl": "KENNEDY", "nombre_upz": "AMERICAS", "z_publicado": 0.135, "n_examenes": 760, "n_anios": 9, "cluster": "LH", "lisa_p": 0.04107, "conflicto_est": false }, "geometry": { "type": "Point", "coordinates": [ -74.127300001680851, 4.620700001716614 ] } },
{ "type": "Feature", "properties": { "sede": "111001034134", "nombre_sede": "CLEMENCIA DE CAYCEDO", "nombre_est": "COLEGIO CLEMENCIA DE CAYCEDO (IED)", "nombre_upl": "RESTREPO", "nombre_upz": "QUIROGA", "z_publicado": -0.034, "n_examenes": 1011, "n_anios": 9, "cluster": "NS", "lisa_p": 0.32882, "conflicto_est": false }, "geometry": { "type": "Point", "coordinates": [ -74.114700000733137, 4.580699998885393 ] } },
{ "type": "Feature", "properties": { "sede": "111001034240", "nombre_sede": "NICOLAS GOMEZ DAVILA", "nombre_est": "COLEGIO NICOLAS GOMEZ DAVILA (IED)", "nombre_upl": "ARBORIZADORA", "nombre_upz": "SAN FRANCISCO", "z_publicado": 0.014, "n_examenes": 1373, "n_anios": 9, "cluster": "NS", "lisa_p": 0.88997, "conflicto_est": false }, "geometry": { "type": "Point", "coordinates": [ -74.149099998176098, 4.56359999999404 ] } },
{ "type": "Feature", "properties": { "sede": "111001034665", "nombre_sede": "SAN MARTIN DE PORRES", "nombre_est": "COLEGIO SAN MARTIN DE PORRES (IED)", "nombre_upl": "CERROS ORIENTALES", "nombre_upz": "CERROS ORIENTALES", "z_publicado": -0.367, "n_examenes": 178, "n_anios": 9, "cluster": "NS", "lisa_p": 0.80554, "conflicto_est": false }, "geometry": { "type": "Point", "coordinates": [ -74.059099998325109, 4.630100000649691 ] } },
{ "type": "Feature", "properties": { "sede": "111001034754", "nombre_sede": "COMPARTIR LUCERO ALTO", "nombre_est": "COLEGIO COMPARTIR RECUERDO (IED)", "nombre_upl": "LUCERO", "nombre_upz": "LUCERO", "z_publicado": -0.298, "n_examenes": 256, "n_anios": 7, "cluster": "NS", "lisa_p": 0.19794, "conflicto_est": true }, "geometry": { "type": "Point", "coordinates": [ -74.145599998533726, 4.549100000411272 ] } },
{ "type": "Feature", "properties": { "sede": "111001035521", "nombre_sede": "NESTOR FORERO ALCALA", "nombre_est": "COLEGIO NESTOR FORERO ALCALA (IED)", "nombre_upl": "TABORA", "nombre_upz": "LAS FERIAS", "z_publicado": 0.718, "n_examenes": 660, "n_anios": 9, "cluster": "NS", "lisa_p": 0.28989, "conflicto_est": false }, "geometry": { "type": "Point", "coordinates": [ -74.093499999493361, 4.683800000697374 ] } },
{ "type": "Feature", "properties": { "sede": "111001035530", "nombre_sede": "JOSE FELIX RESTREPO", "nombre_est": "COLEGIO TECNICO JOSE FELIX RESTREPO (IED)", "nombre_upl": "SAN CRISTOBAL", "nombre_upz": "SOSIEGO", "z_publicado": -0.116, "n_examenes": 1759, "n_anios": 9, "cluster": "NS", "lisa_p": 0.22305, "conflicto_est": false }, "geometry": { "type": "Point", "coordinates": [ -74.089899998158216, 4.574599999934435 ] } },
{ "type": "Feature", "properties": { "sede": "111001035572", "nombre_sede": "ACACIA II", "nombre_est": "COLEGIO ACACIA II (IED)", "nombre_upl": "LUCERO", "nombre_upz": "SAN FRANCISCO", "z_publicado": -0.068, "n_examenes": 1731, "n_anios": 9, "cluster": "NS", "lisa_p": 0.11279, "conflicto_est": false }, "geometry": { "type": "Point", "coordinates": [ -74.142299998551607, 4.560699999332428 ] } },
{ "type": "Feature", "properties": { "sede": "111001035602", "nombre_sede": "JUAN EVANGELISTA GOMEZ", "nombre_est": "COLEGIO JUAN EVANGELISTA GOMEZ (IED)", "nombre_upl": "SAN CRISTOBAL", "nombre_upz": "LA GLORIA", "z_publicado": -0.174, "n_examenes": 1221, "n_anios": 9, "cluster": "NS", "lisa_p": 0.34174, "conflicto_est": false }, "geometry": { "type": "Point", "coordinates": [ -74.095600001513958, 4.552099999040365 ] } },
{ "type": "Feature", "properties": { "sede": "111001036544", "nombre_sede": "ANTONIO JOSE URIBE", "nombre_est": "COLEGIO ANTONIO JOSE URIBE (IED)", "nombre_upl": "CENTRO HISTORICO", "nombre_upz": "LAS CRUCES", "z_publicado": -0.317, "n_examenes": 434, "n_anios": 9, "cluster": "NS", "lisa_p": 0.50399, "conflicto_est": false }, "geometry": { "type": "Point", "coordinates": [ -74.082299999892712, 4.592199999839067 ] } },
{ "type": "Feature", "properties": { "sede": "111001036561", "nombre_sede": "JOSE JAIME ROJAS", "nombre_est": "COLEGIO JOSE JAIME ROJAS (IED)", "nombre_upl": "LUCERO", "nombre_upz": "LUCERO", "z_publicado": -0.397, "n_examenes": 452, "n_anios": 9, "cluster": "LL", "lisa_p": 0.00402, "conflicto_est": false }, "geometry": { "type": "Point", "coordinates": [ -74.151000000536442, 4.53999999910593 ] } },
{ "type": "Feature", "properties": { "sede": "111001036625", "nombre_sede": "REPUBLICA DE GUATEMALA", "nombre_est": "COLEGIO INSTITUTO TECNICO DISTRITAL REPUBLICA DE GUATEMALA (IED)", "nombre_upl": "TABORA", "nombre_upz": "LAS FERIAS", "z_publicado": 0.359, "n_examenes": 802, "n_anios": 9, "cluster": "NS", "lisa_p": 0.93717, "conflicto_est": false }, "geometry": { "type": "Point", "coordinates": [ -74.086800001561642, 4.690200001001358 ] } },
{ "type": "Feature", "properties": { "sede": "111001036765", "nombre_sede": "LUIS LOPEZ DE MESA", "nombre_est": "COLEGIO JOSE MARTI (IED)", "nombre_upl": "RESTREPO", "nombre_upz": "MARCO FIDEL SUAREZ", "z_publicado": -0.098, "n_examenes": 527, "n_anios": 9, "cluster": "NS", "lisa_p": 0.97938, "conflicto_est": false }, "geometry": { "type": "Point", "coordinates": [ -74.110100001096725, 4.572999998927116 ] } },
{ "type": "Feature", "properties": { "sede": "111001036781", "nombre_sede": "RODRIGO LARA BONILLA", "nombre_est": "COLEGIO RODRIGO LARA BONILLA (IED)", "nombre_upl": "ARBORIZADORA", "nombre_upz": "SAN FRANCISCO", "z_publicado": -0.08, "n_examenes": 2825, "n_anios": 9, "cluster": "NS", "lisa_p": 0.32656, "conflicto_est": false }, "geometry": { "type": "Point", "coordinates": [ -74.154100000858307, 4.573300000280142 ] } },
{ "type": "Feature", "properties": { "sede": "111001041459", "nombre_sede": "RICAURTE", "nombre_est": "COLEGIO RICAURTE (IED)", "nombre_upl": "CENTRO HISTORICO", "nombre_upz": "LA SABANA", "z_publicado": 0.257, "n_examenes": 795, "n_anios": 9, "cluster": "NS", "lisa_p": 0.10617, "conflicto_est": false }, "geometry": { "type": "Point", "coordinates": [ -74.094000000506639, 4.606199998408556 ] } },
{ "type": "Feature", "properties": { "sede": "111001041475", "nombre_sede": "CASTILLA", "nombre_est": "COLEGIO SAN JOSE DE CASTILLA (IED)", "nombre_upl": "TINTAL", "nombre_upz": "CASTILLA", "z_publicado": 0.404, "n_examenes": 1589, "n_anios": 9, "cluster": "NS", "lisa_p": 0.52652, "conflicto_est": true }, "geometry": { "type": "Point", "coordinates": [ -74.144000001251698, 4.637899998575449 ] } },
{ "type": "Feature", "properties": { "sede": "111001041556", "nombre_sede": "PROVINCIA DE QUEBEC", "nombre_est": "COLEGIO PROVINCIA DE QUEBEC (IED)", "nombre_upl": "USME - ENTRENUBES", "nombre_upz": "LA FLORA", "z_publicado": 0.036, "n_examenes": 459, "n_anios": 9, "cluster": "NS", "lisa_p": 0.12706, "conflicto_est": false }, "geometry": { "type": "Point", "coordinates": [ -74.090999998152256, 4.515999998897314 ] } },
{ "type": "Feature", "properties": { "sede": "111001041611", "nombre_sede": "DIANA TURBAY I", "nombre_est": "COLEGIO DIANA TURBAY (IED)", "nombre_upl": "RAFAEL URIBE", "nombre_upz": "DIANA TURBAY", "z_publicado": -0.219, "n_examenes": 707, "n_anios": 9, "cluster": "NS", "lisa_p": 0.24534, "conflicto_est": false }, "geometry": { "type": "Point", "coordinates": [ -74.110100001096725, 4.547600001096725 ] } },
{ "type": "Feature", "properties": { "sede": "111001043893", "nombre_sede": "EL PARAISO", "nombre_est": "COLEGIO EL PARAISO DE MANUELA BELTRAN (IED)", "nombre_upl": "ARBORIZADORA", "nombre_upz": "JERUSALEN", "z_publicado": 0.057, "n_examenes": 207, "n_anios": 5, "cluster": "NS", "lisa_p": 0.833, "conflicto_est": false }, "geometry": { "type": "Point", "coordinates": [ -74.161299999803305, 4.571600001305342 ] } },
{ "type": "Feature", "properties": { "sede": "111001044270", "nombre_sede": "LOS COMUNEROS", "nombre_est": "COLEGIO LOS COMUNEROS - OSWALDO GUAYASAMIN (IED)", "nombre_upl": "USME - ENTRENUBES", "nombre_upz": "COMUNEROS", "z_publicado": -0.076, "n_examenes": 553, "n_anios": 7, "cluster": "NS", "lisa_p": 0.08543, "conflicto_est": false }, "geometry": { "type": "Point", "coordinates": [ -74.10869999974966, 4.498500000685453 ] } },
{ "type": "Feature", "properties": { "sede": "111001044385", "nombre_sede": "TECNICO CEDID GUILLERMO CANO ISAZA", "nombre_est": "COLEGIO TECNICO CEDID GUILLERMO CANO ISAZA (IED)", "nombre_upl": "LUCERO", "nombre_upz": "LUCERO", "z_publicado": -0.221, "n_examenes": 2469, "n_anios": 9, "cluster": "NS", "lisa_p": 0.06125, "conflicto_est": false }, "geometry": { "type": "Point", "coordinates": [ -74.135400000959635, 4.557500001043081 ] } },
{ "type": "Feature", "properties": { "sede": "111001044806", "nombre_sede": "FRIEDRICH NAUMANN", "nombre_est": "COLEGIO FRIEDRICH NAUMANN (IED)", "nombre_upl": "TOBERIN", "nombre_upz": "LA URIBE", "z_publicado": 0.137, "n_examenes": 528, "n_anios": 9, "cluster": "LH", "lisa_p": 0.00069, "conflicto_est": false }, "geometry": { "type": "Point", "coordinates": [ -74.023200001567602, 4.749200001358986 ] } },
{ "type": "Feature", "properties": { "sede": "111001045225", "nombre_sede": "TIBABUYES UNIVERSAL", "nombre_est": "COLEGIO TIBABUYES UNIVERSAL (IED)", "nombre_upl": "TIBABUYES", "nombre_upz": "TIBABUYES", "z_publicado": 0.085, "n_examenes": 1307, "n_anios": 9, "cluster": "NS", "lisa_p": 0.5402, "conflicto_est": false }, "geometry": { "type": "Point", "coordinates": [ -74.110500000417233, 4.746199999004602 ] } },
{ "type": "Feature", "properties": { "sede": "111001045535", "nombre_sede": "JOSE MANUEL RESTREPO", "nombre_est": "COLEGIO JOSE MANUEL RESTREPO (IED)", "nombre_upl": "PUENTE ARANDA", "nombre_upz": "SAN RAFAEL", "z_publicado": 0.496, "n_examenes": 585, "n_anios": 9, "cluster": "NS", "lisa_p": 0.16836, "conflicto_est": false }, "geometry": { "type": "Point", "coordinates": [ -74.122699998319149, 4.61769999936223 ] } },
{ "type": "Feature", "properties": { "sede": "111001045675", "nombre_sede": "SANTA FE DE BOGOTA", "nombre_est": "COLEGIO CENTRO INTEGRAL JOSE MARIA CORDOBA (IED)", "nombre_upl": "TUNJUELITO", "nombre_upz": "VENECIA", "z_publicado": 0.248, "n_examenes": 1016, "n_anios": 5, "cluster": "NS", "lisa_p": 0.4483, "conflicto_est": false }, "geometry": { "type": "Point", "coordinates": [ -74.132599998265505, 4.578299999237061 ] } },
{ "type": "Feature", "properties": { "sede": "111001045705", "nombre_sede": "LA AURORA", "nombre_est": "COLEGIO LA AURORA (IED)", "nombre_upl": "RAFAEL URIBE", "nombre_upz": "GRAN YOMASA", "z_publicado": 0.11, "n_examenes": 901, "n_anios": 9, "cluster": "NS", "lisa_p": 0.19048, "conflicto_est": false }, "geometry": { "type": "Point", "coordinates": [ -74.122299998998642, 4.523299999535084 ] } },
{ "type": "Feature", "properties": { "sede": "111001045730", "nombre_sede": "MANUELA BELTRAN", "nombre_est": "COLEGIO EL PARAISO DE MANUELA BELTRAN (IED)", "nombre_upl": "ARBORIZADORA", "nombre_upz": "JERUSALEN", "z_publicado": 0.084, "n_examenes": 642, "n_anios": 9, "cluster": "NS", "lisa_p": 0.26285, "conflicto_est": false }, "geometry": { "type": "Point", "coordinates": [ -74.158100001513958, 4.572399999946356 ] } },
{ "type": "Feature", "properties": { "sede": "111001046299", "nombre_sede": "MANUELA AYALA DE GAITAN", "nombre_est": "COLEGIO MANUELA AYALA DE GAITAN (IED)", "nombre_upl": "TABORA", "nombre_upz": "BOYACA REAL", "z_publicado": 0.477, "n_examenes": 1218, "n_anios": 9, "cluster": "NS", "lisa_p": 0.40725, "conflicto_est": false }, "geometry": { "type": "Point", "coordinates": [ -74.099500000476837, 4.688200000673532 ] } },
{ "type": "Feature", "properties": { "sede": "111001046477", "nombre_sede": "GRANCOLOMBIANO", "nombre_est": "COLEGIO GRANCOLOMBIANO (IED)", "nombre_upl": "BOSA", "nombre_upz": "BOSA CENTRAL", "z_publicado": 0.265, "n_examenes": 1716, "n_anios": 9, "cluster": "NS", "lisa_p": 0.16717, "conflicto_est": false }, "geometry": { "type": "Point", "coordinates": [ -74.199700001627207, 4.610199999064207 ] } },
{ "type": "Feature", "properties": { "sede": "111001046485", "nombre_sede": "NUEVO SAN ANDRES DE LOS ALTOS", "nombre_est": "COLEGIO NUEVO SAN ANDRES DE LOS ALTOS (IED)", "nombre_upl": "RAFAEL URIBE", "nombre_upz": "GRAN YOMASA", "z_publicado": -0.043, "n_examenes": 971, "n_anios": 9, "cluster": "NS", "lisa_p": 0.2319, "conflicto_est": false }, "geometry": { "type": "Point", "coordinates": [ -74.120000001043081, 4.525299999862909 ] } },
{ "type": "Feature", "properties": { "sede": "111001046591", "nombre_sede": "JOSE ANTONIO GALAN", "nombre_est": "COLEGIO JOSE ANTONIO GALAN (IED)", "nombre_upl": "BOSA", "nombre_upz": "BOSA CENTRAL", "z_publicado": -0.081, "n_examenes": 955, "n_anios": 9, "cluster": "NS", "lisa_p": 0.22185, "conflicto_est": false }, "geometry": { "type": "Point", "coordinates": [ -74.179099999368191, 4.606100000441074 ] } },
{ "type": "Feature", "properties": { "sede": "111001046621", "nombre_sede": "NUEVA DELHI", "nombre_est": "COLEGIO NUEVA DELHI (IED)", "nombre_upl": "USME - ENTRENUBES", "nombre_upz": "LOS LIBERTADORES", "z_publicado": -0.227, "n_examenes": 522, "n_anios": 9, "cluster": "NS", "lisa_p": 0.34033, "conflicto_est": false }, "geometry": { "type": "Point", "coordinates": [ -74.086100000888109, 4.528299998492002 ] } },
{ "type": "Feature", "properties": { "sede": "111001046931", "nombre_sede": "ATABANZHA", "nombre_est": "COLEGIO ATABANZHA (IED)", "nombre_upl": "USME - ENTRENUBES", "nombre_upz": "COMUNEROS", "z_publicado": -0.051, "n_examenes": 841, "n_anios": 9, "cluster": "NS", "lisa_p": 0.68151, "conflicto_est": false }, "geometry": { "type": "Point", "coordinates": [ -74.116799999028444, 4.506799999624491 ] } },
{ "type": "Feature", "properties": { "sede": "111001046957", "nombre_sede": "TOBERIN", "nombre_est": "COLEGIO TOBERIN (IED)", "nombre_upl": "TOBERIN", "nombre_upz": "TOBERIN", "z_publicado": 0.222, "n_examenes": 1501, "n_anios": 9, "cluster": "LH", "lisa_p": 0.00073, "conflicto_est": false }, "geometry": { "type": "Point", "coordinates": [ -74.039500001817942, 4.745400000363588 ] } },
{ "type": "Feature", "properties": { "sede": "111001047571", "nombre_sede": "ARBORIZADORA ALTA", "nombre_est": "COLEGIO ARBORIZADORA ALTA (IED)", "nombre_upl": "ARBORIZADORA", "nombre_upz": "JERUSALEN", "z_publicado": -0.096, "n_examenes": 1153, "n_anios": 9, "cluster": "NS", "lisa_p": 0.30613, "conflicto_est": false }, "geometry": { "type": "Point", "coordinates": [ -74.157299999147654, 4.569099999964237 ] } },
{ "type": "Feature", "properties": { "sede": "111001047678", "nombre_sede": "PARAISO MIRADOR", "nombre_est": "COLEGIO PARAISO MIRADOR (IED)", "nombre_upl": "LUCERO", "nombre_upz": "LUCERO", "z_publicado": -0.575, "n_examenes": 796, "n_anios": 9, "cluster": "LL", "lisa_p": 0.00242, "conflicto_est": false }, "geometry": { "type": "Point", "coordinates": [ -74.162200000137091, 4.551199998706579 ] } },
{ "type": "Feature", "properties": { "sede": "111001065056", "nombre_sede": "LUIS CARLOS GALAN SARMIENTO", "nombre_est": "COLEGIO LUIS CARLOS GALAN SARMIENTO (IED)", "nombre_upl": "PUENTE ARANDA", "nombre_upz": "CIUDAD MONTES", "z_publicado": 0.612, "n_examenes": 1219, "n_anios": 9, "cluster": "NS", "lisa_p": 0.7542, "conflicto_est": false }, "geometry": { "type": "Point", "coordinates": [ -74.119199998676777, 4.6114999987185 ] } },
{ "type": "Feature", "properties": { "sede": "111001065234", "nombre_sede": "USMINIA", "nombre_est": "COLEGIO USMINIA (IED)", "nombre_upl": "USME - ENTRENUBES", "nombre_upz": "COMUNEROS", "z_publicado": -0.085, "n_examenes": 281, "n_anios": 7, "cluster": "NS", "lisa_p": 0.10637, "conflicto_est": false }, "geometry": { "type": "Point", "coordinates": [ -74.117199998348951, 4.495000001043081 ] } },
{ "type": "Feature", "properties": { "sede": "111001075272", "nombre_sede": "NUEVA COLOMBIA", "nombre_est": "COLEGIO NUEVA COLOMBIA (IED)", "nombre_upl": "RINCON DE SUBA", "nombre_upz": "EL RINCON", "z_publicado": 0.022, "n_examenes": 1659, "n_anios": 9, "cluster": "NS", "lisa_p": 0.92301, "conflicto_est": false }, "geometry": { "type": "Point", "coordinates": [ -74.099399998784065, 4.728500001132488 ] } },
{ "type": "Feature", "properties": { "sede": "111001075329", "nombre_sede": "MARIA MERCEDES CARRANZA", "nombre_est": "COLEGIO MARIA MERCEDES CARRANZA (IED)", "nombre_upl": "ARBORIZADORA", "nombre_upz": "ISMAEL PERDOMO", "z_publicado": 0.163, "n_examenes": 1957, "n_anios": 9, "cluster": "NS", "lisa_p": 0.67667, "conflicto_est": false }, "geometry": { "type": "Point", "coordinates": [ -74.163800001144409, 4.586500000208616 ] } },
{ "type": "Feature", "properties": { "sede": "111001075515", "nombre_sede": "GUSTAVO MORALES MORALES", "nombre_est": "COLEGIO GUSTAVO MORALES MORALES (IED)", "nombre_upl": "NIZA", "nombre_upz": "NIZA", "z_publicado": 0.265, "n_examenes": 1048, "n_anios": 9, "cluster": "NS", "lisa_p": 0.59057, "conflicto_est": false }, "geometry": { "type": "Point", "coordinates": [ -74.064399998635054, 4.716699998825788 ] } },
{ "type": "Feature", "properties": { "sede": "111001075663", "nombre_sede": "ESTRELLA DEL SUR", "nombre_est": "COLEGIO ESTRELLA DEL SUR (IED)", "nombre_upl": "LUCERO", "nombre_upz": "LUCERO", "z_publicado": -0.302, "n_examenes": 183, "n_anios": 2, "cluster": "NS", "lisa_p": 0.1125, "conflicto_est": false }, "geometry": { "type": "Point", "coordinates": [ -74.142400000244379, 4.544900000095367 ] } },
{ "type": "Feature", "properties": { "sede": "111001075736", "nombre_sede": "ISLA DEL SOL", "nombre_est": "COLEGIO ISLA DEL SOL (IED)", "nombre_upl": "ARBORIZADORA", "nombre_upz": "VENECIA", "z_publicado": 0.241, "n_examenes": 528, "n_anios": 9, "cluster": "NS", "lisa_p": 0.33072, "conflicto_est": false }, "geometry": { "type": "Point", "coordinates": [ -74.152499999850988, 4.589400000870228 ] } },
{ "type": "Feature", "properties": { "sede": "111001075752", "nombre_sede": "SOTAVENTO", "nombre_est": "COLEGIO SOTAVENTO (IED)", "nombre_upl": "LUCERO", "nombre_upz": "EL TESORO", "z_publicado": 0.45, "n_examenes": 325, "n_anios": 9, "cluster": "NS", "lisa_p": 0.11019, "conflicto_est": false }, "geometry": { "type": "Point", "coordinates": [ -74.137499999254942, 4.544599998742342 ] } },
{ "type": "Feature", "properties": { "sede": "111001075957", "nombre_sede": "JOSE ANTONIO RICAURTE", "nombre_est": "COLEGIO SAN CARLOS (IED)", "nombre_upl": "TUNJUELITO", "nombre_upz": "TUNJUELITO", "z_publicado": -0.635, "n_examenes": 865, "n_anios": 9, "cluster": "NS", "lisa_p": 0.68758, "conflicto_est": false }, "geometry": { "type": "Point", "coordinates": [ -74.132399998605251, 4.564399998635054 ] } },
{ "type": "Feature", "properties": { "sede": "111001076201", "nombre_sede": "DIEGO MONTAÑA CUELLAR", "nombre_est": "COLEGIO DIEGO MONTAÑA CUELLAR (IED)", "nombre_upl": "USME - ENTRENUBES", "nombre_upz": "COMUNEROS", "z_publicado": -0.146, "n_examenes": 899, "n_anios": 9, "cluster": "NS", "lisa_p": 0.28051, "conflicto_est": true }, "geometry": { "type": "Point", "coordinates": [ -74.116799999028444, 4.501499999314547 ] } },
{ "type": "Feature", "properties": { "sede": "111001076376", "nombre_sede": "MARRUECOS Y MOLINOS", "nombre_est": "COLEGIO MARRUECOS Y MOLINOS (IED)", "nombre_upl": "RAFAEL URIBE", "nombre_upz": "MARRUECOS", "z_publicado": -0.006, "n_examenes": 2935, "n_anios": 9, "cluster": "NS", "lisa_p": 0.08189, "conflicto_est": false }, "geometry": { "type": "Point", "coordinates": [ -74.118000000715256, 4.555300001055002 ] } },
{ "type": "Feature", "properties": { "sede": "111001076767", "nombre_sede": "NUEVA CASTILLA", "nombre_est": "COLEGIO CASTILLA (IED)", "nombre_upl": "TINTAL", "nombre_upz": "CASTILLA", "z_publicado": 0.45, "n_examenes": 2398, "n_anios": 9, "cluster": "NS", "lisa_p": 0.4089, "conflicto_est": false }, "geometry": { "type": "Point", "coordinates": [ -74.1418999992311, 4.640500001609325 ] } },
{ "type": "Feature", "properties": { "sede": "111001076937", "nombre_sede": "SAN FRANCISCO", "nombre_est": "COLEGIO SAN FRANCISCO (IED)", "nombre_upl": "ARBORIZADORA", "nombre_upz": "SAN FRANCISCO", "z_publicado": 0.049, "n_examenes": 1618, "n_anios": 9, "cluster": "NS", "lisa_p": 0.86911, "conflicto_est": false }, "geometry": { "type": "Point", "coordinates": [ -74.146800000220537, 4.565999999642372 ] } },
{ "type": "Feature", "properties": { "sede": "111001077895", "nombre_sede": "OFELIA URIBE DE ACOSTA", "nombre_est": "COLEGIO OFELIA URIBE DE ACOSTA (IED)", "nombre_upl": "RAFAEL URIBE", "nombre_upz": "GRAN YOMASA", "z_publicado": -0.061, "n_examenes": 1563, "n_anios": 9, "cluster": "NS", "lisa_p": 0.19007, "conflicto_est": false }, "geometry": { "type": "Point", "coordinates": [ -74.103700000792742, 4.506999999284744 ] } },
{ "type": "Feature", "properties": { "sede": "111001077917", "nombre_sede": "BRASILIA - USME", "nombre_est": "COLEGIO BRASILIA - USME (IED)", "nombre_upl": "RAFAEL URIBE", "nombre_upz": "GRAN YOMASA", "z_publicado": 0.065, "n_examenes": 811, "n_anios": 9, "cluster": "NS", "lisa_p": 0.63756, "conflicto_est": false }, "geometry": { "type": "Point", "coordinates": [ -74.114799998700619, 4.517900001257658 ] } },
{ "type": "Feature", "properties": { "sede": "111001078638", "nombre_sede": "EL VIRREY JOSE SOLIS", "nombre_est": "COLEGIO EL VIRREY JOSE SOLIS (IED)", "nombre_upl": "USME - ENTRENUBES", "nombre_upz": "COMUNEROS", "z_publicado": 0.052, "n_examenes": 648, "n_anios": 9, "cluster": "NS", "lisa_p": 0.51029, "conflicto_est": false }, "geometry": { "type": "Point", "coordinates": [ -74.111600000411272, 4.50279999896884 ] } },
{ "type": "Feature", "properties": { "sede": "111001079154", "nombre_sede": "VILLA RICA", "nombre_est": "COLEGIO VILLA RICA (IED)", "nombre_upl": "BOSA", "nombre_upz": "TIMIZA", "z_publicado": 0.258, "n_examenes": 898, "n_anios": 9, "cluster": "NS", "lisa_p": 0.31404, "conflicto_est": false }, "geometry": { "type": "Point", "coordinates": [ -74.167100001126528, 4.605799999088049 ] } },
{ "type": "Feature", "properties": { "sede": "111001083011", "nombre_sede": "MIGUEL DE CERVANTES SAAVEDRA", "nombre_est": "COLEGIO MIGUEL DE CERVANTES SAAVEDRA (IED)", "nombre_upl": "RAFAEL URIBE", "nombre_upz": "GRAN YOMASA", "z_publicado": -0.089, "n_examenes": 2589, "n_anios": 9, "cluster": "NS", "lisa_p": 0.39151, "conflicto_est": false }, "geometry": { "type": "Point", "coordinates": [ -74.105799999088049, 4.512299999594688 ] } },
{ "type": "Feature", "properties": { "sede": "111001086363", "nombre_sede": "DIVINO NIÑO JESUS EL CONDOR", "nombre_est": "COLEGIO HUNZA (IED)", "nombre_upl": "RINCON DE SUBA", "nombre_upz": "EL RINCON", "z_publicado": 0.03, "n_examenes": 697, "n_anios": 9, "cluster": "NS", "lisa_p": 0.32583, "conflicto_est": false }, "geometry": { "type": "Point", "coordinates": [ -74.08729999884963, 4.72069999948144 ] } },
{ "type": "Feature", "properties": { "sede": "111001086584", "nombre_sede": "CONFEDERACION SUIZA", "nombre_est": "COLEGIO CONFEDERACION BRISAS DEL DIAMANTE (IED)", "nombre_upl": "LUCERO", "nombre_upz": "LUCERO", "z_publicado": -0.241, "n_examenes": 689, "n_anios": 9, "cluster": "NS", "lisa_p": 0.13487, "conflicto_est": true }, "geometry": { "type": "Point", "coordinates": [ -74.147799998521805, 4.547600001096725 ] } },
{ "type": "Feature", "properties": { "sede": "111001086606", "nombre_sede": "LLANO ORIENTAL", "nombre_est": "COLEGIO LLANO ORIENTAL (IED)", "nombre_upl": "BOSA", "nombre_upz": "BOSA CENTRAL", "z_publicado": -0.018, "n_examenes": 656, "n_anios": 9, "cluster": "NS", "lisa_p": 0.06234, "conflicto_est": false }, "geometry": { "type": "Point", "coordinates": [ -74.199799999594688, 4.603399999439716 ] } },
{ "type": "Feature", "properties": { "sede": "111001086614", "nombre_sede": "CHUNIZA", "nombre_est": "COLEGIO CHUNIZA (IED)", "nombre_upl": "USME - ENTRENUBES", "nombre_upz": "COMUNEROS", "z_publicado": 0.145, "n_examenes": 1377, "n_anios": 9, "cluster": "NS", "lisa_p": 0.63345, "conflicto_est": false }, "geometry": { "type": "Point", "coordinates": [ -74.11089999973774, 4.506400000303984 ] } },
{ "type": "Feature", "properties": { "sede": "111001086631", "nombre_sede": "DIANA TURBAY", "nombre_est": "COLEGIO SAN BENITO ABAD (IED)", "nombre_upl": "TUNJUELITO", "nombre_upz": "TUNJUELITO", "z_publicado": -0.156, "n_examenes": 416, "n_anios": 9, "cluster": "NS", "lisa_p": 0.5343, "conflicto_est": false }, "geometry": { "type": "Point", "coordinates": [ -74.137099999934435, 4.566599998623133 ] } },
{ "type": "Feature", "properties": { "sede": "111001086649", "nombre_sede": "ALFONSO LOPEZ PUMAREJO", "nombre_est": "COLEGIO ALFONSO LOPEZ PUMAREJO (IED)", "nombre_upl": "KENNEDY", "nombre_upz": "CARVAJAL", "z_publicado": 0.393, "n_examenes": 1209, "n_anios": 9, "cluster": "NS", "lisa_p": 0.39089, "conflicto_est": false }, "geometry": { "type": "Point", "coordinates": [ -74.1435999982059, 4.607799999415874 ] } },
{ "type": "Feature", "properties": { "sede": "111001086665", "nombre_sede": "RAMON DE ZUBIRIA", "nombre_est": "COLEGIO RAMON DE ZUBIRIA (IED)", "nombre_upl": "RINCON DE SUBA", "nombre_upz": "EL RINCON", "z_publicado": -0.218, "n_examenes": 1481, "n_anios": 9, "cluster": "LL", "lisa_p": 0.01437, "conflicto_est": false }, "geometry": { "type": "Point", "coordinates": [ -74.092300001531839, 4.725699998438358 ] } },
{ "type": "Feature", "properties": { "sede": "111001086681", "nombre_sede": "NUEVO HORIZONTE", "nombre_est": "COLEGIO NUEVO HORIZONTE (IED)", "nombre_upl": "TOBERIN", "nombre_upz": "VERBENAL", "z_publicado": -0.194, "n_examenes": 957, "n_anios": 9, "cluster": "NS", "lisa_p": 0.67831, "conflicto_est": false }, "geometry": { "type": "Point", "coordinates": [ -74.025800000876188, 4.7668999992311 ] } },
{ "type": "Feature", "properties": { "sede": "111001086720", "nombre_sede": "JAIME PARDO LEAL", "nombre_est": "COLEGIO TECNICO JAIME PARDO LEAL (IED)", "nombre_upl": "RESTREPO", "nombre_upz": "CIUDAD JARDIN", "z_publicado": 0.231, "n_examenes": 653, "n_anios": 9, "cluster": "NS", "lisa_p": 0.10751, "conflicto_est": false }, "geometry": { "type": "Point", "coordinates": [ -74.08839999884367, 4.586100000888109 ] } },
{ "type": "Feature", "properties": { "sede": "111001086762", "nombre_sede": "BUENOS AIRES", "nombre_est": "COLEGIO EL MINUTO DE BUENOS AIRES (IED)", "nombre_upl": "LUCERO", "nombre_upz": "EL TESORO", "z_publicado": -0.157, "n_examenes": 262, "n_anios": 4, "cluster": "NS", "lisa_p": 0.38373, "conflicto_est": true }, "geometry": { "type": "Point", "coordinates": [ -74.139800000935793, 4.53940000012517 ] } },
{ "type": "Feature", "properties": { "sede": "111001086771", "nombre_sede": "RODRIGO DE TRIANA", "nombre_est": "COLEGIO INSTITUTO TECNICO RODRIGO DE TRIANA (IED)", "nombre_upl": "PATIO BONITO", "nombre_upz": "PATIO BONITO", "z_publicado": 0.12, "n_examenes": 1711, "n_anios": 9, "cluster": "NS", "lisa_p": 0.57783, "conflicto_est": false }, "geometry": { "type": "Point", "coordinates": [ -74.167500000447035, 4.640299998223782 ] } },
{ "type": "Feature", "properties": { "sede": "111001086789", "nombre_sede": "RAFAEL NUÑEZ", "nombre_est": "COLEGIO RAFAEL NUÑEZ (IED)", "nombre_upl": "SAN CRISTOBAL", "nombre_upz": "SOSIEGO", "z_publicado": 0.229, "n_examenes": 558, "n_anios": 9, "cluster": "NS", "lisa_p": 0.12108, "conflicto_est": false }, "geometry": { "type": "Point", "coordinates": [ -74.093199998140335, 4.576299998909235 ] } },
{ "type": "Feature", "properties": { "sede": "111001086801", "nombre_sede": "CIUDAD BOLIVAR", "nombre_est": "COLEGIO CEDID CIUDAD BOLIVAR (IED)", "nombre_upl": "ARBORIZADORA", "nombre_upz": "ISMAEL PERDOMO", "z_publicado": -0.191, "n_examenes": 2290, "n_anios": 9, "cluster": "NS", "lisa_p": 0.57888, "conflicto_est": false }, "geometry": { "type": "Point", "coordinates": [ -74.164700001478195, 4.578000001609325 ] } },
{ "type": "Feature", "properties": { "sede": "111001086835", "nombre_sede": "SIERRA MORENA", "nombre_est": "COLEGIO SIERRA MORENA (IED)", "nombre_upl": "ARBORIZADORA", "nombre_upz": "ISMAEL PERDOMO", "z_publicado": -0.351, "n_examenes": 2056, "n_anios": 9, "cluster": "NS", "lisa_p": 0.74561, "conflicto_est": false }, "geometry": { "type": "Point", "coordinates": [ -74.169599998742342, 4.57490000128746 ] } },
{ "type": "Feature", "properties": { "sede": "111001092410", "nombre_sede": "LA ESTANCIA", "nombre_est": "COLEGIO LA ESTANCIA - SAN ISIDRO LABRADOR (IED)", "nombre_upl": "ARBORIZADORA", "nombre_upz": "ISMAEL PERDOMO", "z_publicado": -0.179, "n_examenes": 2271, "n_anios": 9, "cluster": "NS", "lisa_p": 0.37221, "conflicto_est": false }, "geometry": { "type": "Point", "coordinates": [ -74.176100000739098, 4.592700000852346 ] } },
{ "type": "Feature", "properties": { "sede": "111001092983", "nombre_sede": "VISTA BELLA", "nombre_est": "COLEGIO VISTA BELLA (IED)", "nombre_upl": "BRITALIA", "nombre_upz": "BRITALIA", "z_publicado": 0.054, "n_examenes": 48, "n_anios": 1, "cluster": "NS", "lisa_p": 0.31017, "conflicto_est": true }, "geometry": { "type": "Point", "coordinates": [ -74.054400000721216, 4.749800000339746 ] } },
{ "type": "Feature", "properties": { "sede": "111001093084", "nombre_sede": "ALVARO GOMEZ HURTADO", "nombre_est": "COLEGIO ALVARO GOMEZ HURTADO (IED)", "nombre_upl": "RINCON DE SUBA", "nombre_upz": "EL RINCON", "z_publicado": -0.152, "n_examenes": 1504, "n_anios": 9, "cluster": "NS", "lisa_p": 0.68311, "conflicto_est": false }, "geometry": { "type": "Point", "coordinates": [ -74.096999999135733, 4.73030000180006 ] } },
{ "type": "Feature", "properties": { "sede": "111001094439", "nombre_sede": "FERNANDO GONZALEZ OCHOA", "nombre_est": "COLEGIO FERNANDO GONZALEZ OCHOA (IED)", "nombre_upl": "USME - ENTRENUBES", "nombre_upz": "COMUNEROS", "z_publicado": -0.005, "n_examenes": 965, "n_anios": 9, "cluster": "NS", "lisa_p": 0.4207, "conflicto_est": false }, "geometry": { "type": "Point", "coordinates": [ -74.10700000077486, 4.50279999896884 ] } },
{ "type": "Feature", "properties": { "sede": "111001094480", "nombre_sede": "BRASILIA - BOSA", "nombre_est": "COLEGIO BRASILIA - BOSA (IED)", "nombre_upl": "EDEN", "nombre_upz": "BOSA OCCIDENTAL", "z_publicado": 0.013, "n_examenes": 131, "n_anios": 1, "cluster": "NS", "lisa_p": 0.47574, "conflicto_est": false }, "geometry": { "type": "Point", "coordinates": [ -74.181200001388788, 4.628100000321865 ] } },
{ "type": "Feature", "properties": { "sede": "111001094889", "nombre_sede": "LA TOSCANA", "nombre_est": "COLEGIO LA TOSCANA - LISBOA (IED)", "nombre_upl": "TIBABUYES", "nombre_upz": "TIBABUYES", "z_publicado": 0.165, "n_examenes": 698, "n_anios": 9, "cluster": "NS", "lisa_p": 0.19433, "conflicto_est": false }, "geometry": { "type": "Point", "coordinates": [ -74.113400001078844, 4.743599999696016 ] } },
{ "type": "Feature", "properties": { "sede": "111001094897", "nombre_sede": "PALERMO", "nombre_est": "COLEGIO TECNICO PALERMO (IED)", "nombre_upl": "TEUSAQUILLO", "nombre_upz": "GALERIAS", "z_publicado": 0.432, "n_examenes": 1020, "n_anios": 9, "cluster": "LH", "lisa_p": 0.00576, "conflicto_est": false }, "geometry": { "type": "Point", "coordinates": [ -74.074200000613928, 4.638099998235703 ] } },
{ "type": "Feature", "properties": { "sede": "111001094901", "nombre_sede": "MANUEL ELKIN PATARROYO", "nombre_est": "COLEGIO MANUEL ELKIN PATARROYO (IED)", "nombre_upl": "CENTRO HISTORICO", "nombre_upz": "LA MACARENA", "z_publicado": 0.262, "n_examenes": 164, "n_anios": 9, "cluster": "NS", "lisa_p": 0.94917, "conflicto_est": false }, "geometry": { "type": "Point", "coordinates": [ -74.064599998295307, 4.61769999936223 ] } },
{ "type": "Feature", "properties": { "sede": "111001096555", "nombre_sede": "CIUDAD BOLIVAR", "nombre_est": "COLEGIO CIUDAD BOLIVAR - ARGENTINA (IED)", "nombre_upl": "ARBORIZADORA", "nombre_upz": "ISMAEL PERDOMO", "z_publicado": -0.003, "n_examenes": 923, "n_anios": 9, "cluster": "NS", "lisa_p": 0.18009, "conflicto_est": false }, "geometry": { "type": "Point", "coordinates": [ -74.164900001138449, 4.578299999237061 ] } },
{ "type": "Feature", "properties": { "sede": "111001096580", "nombre_sede": "EL VIRREY ULTIMA ETAPA", "nombre_est": "COLEGIO LOS COMUNEROS - OSWALDO GUAYASAMIN (IED)", "nombre_upl": "USME - ENTRENUBES", "nombre_upz": "COMUNEROS", "z_publicado": -0.052, "n_examenes": 251, "n_anios": 3, "cluster": "NS", "lisa_p": 0.08591, "conflicto_est": false }, "geometry": { "type": "Point", "coordinates": [ -74.110800001770258, 4.498500000685453 ] } },
{ "type": "Feature", "properties": { "sede": "111001098612", "nombre_sede": "COLEGIO LA ESTRELLITA (IED) - SEDE PRINCIPAL", "nombre_est": "COLEGIO LA ESTRELLITA (IED)", "nombre_upl": "TOBERIN", "nombre_upz": "VERBENAL", "z_publicado": -0.003, "n_examenes": 711, "n_anios": 9, "cluster": "NS", "lisa_p": 0.57777, "conflicto_est": false }, "geometry": { "type": "Point", "coordinates": [ -74.024099998176098, 4.764400001615286 ] } },
{ "type": "Feature", "properties": { "sede": "111001098817", "nombre_sede": "COLEGIO NUEVA ROMA (IED) - SEDE PRINCIPAL", "nombre_est": "COLEGIO NUEVA ROMA (IED)", "nombre_upl": "USME - ENTRENUBES", "nombre_upz": "LOS LIBERTADORES", "z_publicado": 0.22, "n_examenes": 1062, "n_anios": 9, "cluster": "NS", "lisa_p": 0.55991, "conflicto_est": false }, "geometry": { "type": "Point", "coordinates": [ -74.095800001174212, 4.541499998420477 ] } },
{ "type": "Feature", "properties": { "sede": "111001098825", "nombre_sede": "COLEGIO SAN VICENTE (IED) - SEDE PRINCIPAL", "nombre_est": "COLEGIO SAN VICENTE (IED)", "nombre_upl": "SAN CRISTOBAL", "nombre_upz": "SAN BLAS", "z_publicado": 0.279, "n_examenes": 1133, "n_anios": 9, "cluster": "LL", "lisa_p": 0.04348, "conflicto_est": false }, "geometry": { "type": "Point", "coordinates": [ -74.088300000876188, 4.55519999936223 ] } },
{ "type": "Feature", "properties": { "sede": "111001098833", "nombre_sede": "SAN CAYETANO", "nombre_est": "COLEGIO SAN CAYETANO (IED)", "nombre_upl": "CERROS ORIENTALES", "nombre_upz": "LA FLORA", "z_publicado": -0.015, "n_examenes": 932, "n_anios": 9, "cluster": "NS", "lisa_p": 0.13673, "conflicto_est": false }, "geometry": { "type": "Point", "coordinates": [ -74.087499998509884, 4.517099998891354 ] } },
{ "type": "Feature", "properties": { "sede": "111001098841", "nombre_sede": "COLEGIO SAN JOSE DE USME (IED) - SEDE PRINCIPAL", "nombre_est": "COLEGIO SAN JOSE DE USME (IED)", "nombre_upl": "USME - ENTRENUBES", "nombre_upz": "COMUNEROS", "z_publicado": 0.303, "n_examenes": 707, "n_anios": 9, "cluster": "NS", "lisa_p": 0.25698, "conflicto_est": false }, "geometry": { "type": "Point", "coordinates": [ -74.118299998342991, 4.5016999989748 ] } },
{ "type": "Feature", "properties": { "sede": "111001098850", "nombre_sede": "COLEGIO CHUNIZA FAMACO (IED) - SEDE PRINCIPAL", "nombre_est": "COLEGIO CHUNIZA FAMACO (IED)", "nombre_upl": "USME - ENTRENUBES", "nombre_upz": "ALFONSO LOPEZ", "z_publicado": 0.184, "n_examenes": 761, "n_anios": 9, "cluster": "NS", "lisa_p": 0.14641, "conflicto_est": false }, "geometry": { "type": "Point", "coordinates": [ -74.104200001806021, 4.497000001370907 ] } },
{ "type": "Feature", "properties": { "sede": "111001098868", "nombre_sede": "LUIS EDUARDO MORA OSEJO", "nombre_est": "COLEGIO LUIS EDUARDO MORA OSEJO (IED)", "nombre_upl": "USME - ENTRENUBES", "nombre_upz": "COMUNEROS", "z_publicado": -0.052, "n_examenes": 467, "n_anios": 9, "cluster": "NS", "lisa_p": 0.17987, "conflicto_est": false }, "geometry": { "type": "Point", "coordinates": [ -74.112300001084805, 4.500500001013279 ] } },
{ "type": "Feature", "properties": { "sede": "111001098876", "nombre_sede": "COLEGIO LA ESPERANZA (IED) - SEDE PRINCIPAL", "nombre_est": "COLEGIO LA ESPERANZA (IED)", "nombre_upl": "BOSA", "nombre_upz": "BOSA CENTRAL", "z_publicado": 0.295, "n_examenes": 850, "n_anios": 9, "cluster": "NS", "lisa_p": 0.64509, "conflicto_est": false }, "geometry": { "type": "Point", "coordinates": [ -74.204900000244379, 4.6097999997437 ] } },
{ "type": "Feature", "properties": { "sede": "111001098884", "nombre_sede": "COLEGIO LOS NARANJOS (IED) - SEDE PRINCIPAL", "nombre_est": "COLEGIO LOS NARANJOS (IED)", "nombre_upl": "BOSA", "nombre_upz": "BOSA CENTRAL", "z_publicado": 0.23, "n_examenes": 1005, "n_anios": 9, "cluster": "NS", "lisa_p": 0.51634, "conflicto_est": false }, "geometry": { "type": "Point", "coordinates": [ -74.202100001275539, 4.609900001436472 ] } },
{ "type": "Feature", "properties": { "sede": "111001098892", "nombre_sede": "COLEGIO BELLAVISTA (IED) - SEDE PRINCIPAL", "nombre_est": "COLEGIO BELLAVISTA (IED)", "nombre_upl": "PATIO BONITO", "nombre_upz": "PATIO BONITO", "z_publicado": 0.268, "n_examenes": 1079, "n_anios": 9, "cluster": "LL", "lisa_p": 0.02457, "conflicto_est": false }, "geometry": { "type": "Point", "coordinates": [ -74.173200000077486, 4.645399998873472 ] } },
{ "type": "Feature", "properties": { "sede": "111001098906", "nombre_sede": "EDUARDO UMAÑA LUNA", "nombre_est": "COLEGIO EDUARDO UMAÑA LUNA (IED)", "nombre_upl": "PATIO BONITO", "nombre_upz": "PATIO BONITO", "z_publicado": -0.015, "n_examenes": 955, "n_anios": 9, "cluster": "NS", "lisa_p": 0.24106, "conflicto_est": false }, "geometry": { "type": "Point", "coordinates": [ -74.174899999052286, 4.641699999570847 ] } },
{ "type": "Feature", "properties": { "sede": "111001098922", "nombre_sede": "COLEGIO LAS MERCEDES (IED) - SEDE PRINCIPAL", "nombre_est": "COLEGIO LAS MERCEDES (IED)", "nombre_upl": "ENGATIVA", "nombre_upz": "ENGATIVA", "z_publicado": 0.337, "n_examenes": 1080, "n_anios": 9, "cluster": "NS", "lisa_p": 0.87269, "conflicto_est": false }, "geometry": { "type": "Point", "coordinates": [ -74.125199999660254, 4.700199998915195 ] } },
{ "type": "Feature", "properties": { "sede": "111001098931", "nombre_sede": "COLEGIO TORQUIGUA (IED) - SEDE PRINCIPAL", "nombre_est": "COLEGIO TORQUIGUA (IED)", "nombre_upl": "ENGATIVA", "nombre_upz": "ENGATIVA", "z_publicado": 0.339, "n_examenes": 1172, "n_anios": 9, "cluster": "NS", "lisa_p": 0.33627, "conflicto_est": false }, "geometry": { "type": "Point", "coordinates": [ -74.143899999558926, 4.721599999815226 ] } },
{ "type": "Feature", "properties": { "sede": "111001098949", "nombre_sede": "COLEGIO BILBAO (IED) - SEDE PRINCIPAL", "nombre_est": "COLEGIO BILBAO (IED)", "nombre_upl": "TIBABUYES", "nombre_upz": "TIBABUYES", "z_publicado": 0.435, "n_examenes": 830, "n_anios": 9, "cluster": "NS", "lisa_p": 0.38181, "conflicto_est": false }, "geometry": { "type": "Point", "coordinates": [ -74.107400000095367, 4.749800000339746 ] } },
{ "type": "Feature", "properties": { "sede": "111001098965", "nombre_sede": "COLEGIO SANTA LUCIA (IED) - SEDE PRINCIPAL", "nombre_est": "COLEGIO SANTA LUCIA (IED)", "nombre_upl": "RAFAEL URIBE", "nombre_upz": "MARCO FIDEL SUAREZ", "z_publicado": 0.307, "n_examenes": 969, "n_anios": 9, "cluster": "NS", "lisa_p": 0.53186, "conflicto_est": false }, "geometry": { "type": "Point", "coordinates": [ -74.117300000041723, 4.574000000953674 ] } },
{ "type": "Feature", "properties": { "sede": "111001098973", "nombre_sede": "LA JOYA", "nombre_est": "COLEGIO LA JOYA (IED)", "nombre_upl": "LUCERO", "nombre_upz": "EL TESORO", "z_publicado": -0.112, "n_examenes": 652, "n_anios": 9, "cluster": "LL", "lisa_p": 0.00301, "conflicto_est": false }, "geometry": { "type": "Point", "coordinates": [ -74.145599998533726, 4.536699999123812 ] } },
{ "type": "Feature", "properties": { "sede": "111001100013", "nombre_sede": "COLEGIO BUENAVISTA (IED) - SEDE PRINCIPAL", "nombre_est": "COLEGIO BUENAVISTA (IED)", "nombre_upl": "LUCERO", "nombre_upz": "EL TESORO", "z_publicado": 0.843, "n_examenes": 658, "n_anios": 9, "cluster": "NS", "lisa_p": 0.10617, "conflicto_est": false }, "geometry": { "type": "Point", "coordinates": [ -74.139299999922514, 4.540399998426437 ] } },
{ "type": "Feature", "properties": { "sede": "111001100021", "nombre_sede": "COLEGIO GIMNASIO SABIO CALDAS (IED) - SEDE PRINCIPAL", "nombre_est": "COLEGIO GIMNASIO SABIO CALDAS (IED)", "nombre_upl": "ARBORIZADORA", "nombre_upz": "JERUSALEN", "z_publicado": 0.536, "n_examenes": 656, "n_anios": 9, "cluster": "NS", "lisa_p": 0.22177, "conflicto_est": false }, "geometry": { "type": "Point", "coordinates": [ -74.163800001144409, 4.567899998277426 ] } },
{ "type": "Feature", "properties": { "sede": "111001100030", "nombre_sede": "COLEGIO LA GIRALDA (IED) - SEDE PRINCIPAL", "nombre_est": "COLEGIO LA GIRALDA (IED)", "nombre_upl": "CENTRO HISTORICO", "nombre_upz": "LAS CRUCES", "z_publicado": 0.462, "n_examenes": 788, "n_anios": 9, "cluster": "NS", "lisa_p": 0.26385, "conflicto_est": false }, "geometry": { "type": "Point", "coordinates": [ -74.079199999570847, 4.583099998533726 ] } },
{ "type": "Feature", "properties": { "sede": "111001100048", "nombre_sede": "HERNANDO DURAN DUSSAN", "nombre_est": "COLEGIO HERNANDO DURAN DUSSAN (IED)", "nombre_upl": "PATIO BONITO", "nombre_upz": "PATIO BONITO", "z_publicado": 0.173, "n_examenes": 1289, "n_anios": 9, "cluster": "NS", "lisa_p": 0.91817, "conflicto_est": false }, "geometry": { "type": "Point", "coordinates": [ -74.1722999997437, 4.634799998253584 ] } },
{ "type": "Feature", "properties": { "sede": "111001100056", "nombre_sede": "COLEGIO JAIME HERNANDO GARZON FORERO (IED) - SEDE PRINCIPAL", "nombre_est": "COLEGIO JAIME HERNANDO GARZON FORERO (IED)", "nombre_upl": "PORVENIR", "nombre_upz": "GRAN BRITALIA", "z_publicado": 0.747, "n_examenes": 954, "n_anios": 9, "cluster": "NS", "lisa_p": 0.87307, "conflicto_est": false }, "geometry": { "type": "Point", "coordinates": [ -74.182300001382828, 4.638000000268221 ] } },
{ "type": "Feature", "properties": { "sede": "111001100064", "nombre_sede": "COLEGIO ARGELIA (IED) - SEDE PRINCIPAL", "nombre_est": "COLEGIO ARGELIA (IED)", "nombre_upl": "BOSA", "nombre_upz": "BOSA CENTRAL", "z_publicado": 0.59, "n_examenes": 795, "n_anios": 9, "cluster": "NS", "lisa_p": 0.32664, "conflicto_est": false }, "geometry": { "type": "Point", "coordinates": [ -74.18640000000596, 4.611900001764297 ] } },
{ "type": "Feature", "properties": { "sede": "111001100072", "nombre_sede": "COLEGIO SANTIAGO DE LAS ATALAYAS (IED) - SEDE PRINCIPAL", "nombre_est": "COLEGIO SANTIAGO DE LAS ATALAYAS (IED)", "nombre_upl": "EDEN", "nombre_upz": "BOSA OCCIDENTAL", "z_publicado": 0.723, "n_examenes": 913, "n_anios": 9, "cluster": "NS", "lisa_p": 0.68098, "conflicto_est": false }, "geometry": { "type": "Point", "coordinates": [ -74.192800000309944, 4.629399999976158 ] } },
{ "type": "Feature", "properties": { "sede": "111001100081", "nombre_sede": "COLEGIO MIRAVALLE (IED) - SEDE PRINCIPAL", "nombre_est": "COLEGIO MIRAVALLE (IED)", "nombre_upl": "RAFAEL URIBE", "nombre_upz": "GRAN YOMASA", "z_publicado": 0.563, "n_examenes": 737, "n_anios": 9, "cluster": "NS", "lisa_p": 0.39803, "conflicto_est": false }, "geometry": { "type": "Point", "coordinates": [ -74.119600001722574, 4.512800000607967 ] } },
{ "type": "Feature", "properties": { "sede": "111001102008", "nombre_sede": "COLEGIO JUAN LUIS LONDOÑO (IED) - SEDE PRINCIPAL", "nombre_est": "COLEGIO JUAN LUIS LONDOÑO (IED)", "nombre_upl": "RAFAEL URIBE", "nombre_upz": "DANUBIO", "z_publicado": 0.556, "n_examenes": 883, "n_anios": 9, "cluster": "NS", "lisa_p": 0.4757, "conflicto_est": false }, "geometry": { "type": "Point", "coordinates": [ -74.115100000053644, 4.532200001180172 ] } },
{ "type": "Feature", "properties": { "sede": "111001102016", "nombre_sede": "ALDEMAR ROJAS PLAZAS", "nombre_est": "COLEGIO TECNICO ALDEMAR ROJAS PLAZAS (IED)", "nombre_upl": "SAN CRISTOBAL", "nombre_upz": "SOSIEGO", "z_publicado": 0.295, "n_examenes": 2492, "n_anios": 9, "cluster": "NS", "lisa_p": 0.18021, "conflicto_est": false }, "geometry": { "type": "Point", "coordinates": [ -74.090900000184774, 4.58049999922514 ] } },
{ "type": "Feature", "properties": { "sede": "111001102091", "nombre_sede": "NESTOR FORERO ALCALA", "nombre_est": "COLEGIO COLOMBIA VIVA (IED)", "nombre_upl": "RAFAEL URIBE", "nombre_upz": "MARRUECOS", "z_publicado": -0.115, "n_examenes": 986, "n_anios": 9, "cluster": "NS", "lisa_p": 0.53183, "conflicto_est": false }, "geometry": { "type": "Point", "coordinates": [ -74.107700001448393, 4.55350000038743 ] } },
{ "type": "Feature", "properties": { "sede": "111001102199", "nombre_sede": "PABLO NERUDA", "nombre_est": "COLEGIO PABLO NERUDA (IED)", "nombre_upl": "FONTIBON", "nombre_upz": "FONTIBON", "z_publicado": 0.238, "n_examenes": 1333, "n_anios": 9, "cluster": "NS", "lisa_p": 0.99633, "conflicto_est": false }, "geometry": { "type": "Point", "coordinates": [ -74.149399999529123, 4.672100000083447 ] } },
{ "type": "Feature", "properties": { "sede": "111001104043", "nombre_sede": "COLEGIO JOSE MARIA VELAZ (IED) - SEDE PRINCIPAL", "nombre_est": "COLEGIO JOSE MARIA VELAZ (IED)", "nombre_upl": "TIBABUYES", "nombre_upz": "TIBABUYES", "z_publicado": 0.367, "n_examenes": 1143, "n_anios": 9, "cluster": "NS", "lisa_p": 0.15326, "conflicto_est": false }, "geometry": { "type": "Point", "coordinates": [ -74.11259999871254, 4.744600001722574 ] } },
{ "type": "Feature", "properties": { "sede": "111001104051", "nombre_sede": "COLEGIO SAN IGNACIO (IED) - SEDE PRINCIPAL", "nombre_est": "COLEGIO SAN IGNACIO (IED)", "nombre_upl": "PORVENIR", "nombre_upz": "EL PORVENIR", "z_publicado": 0.299, "n_examenes": 1253, "n_anios": 9, "cluster": "NS", "lisa_p": 0.12967, "conflicto_est": false }, "geometry": { "type": "Point", "coordinates": [ -74.189899999648333, 4.633000001311302 ] } },
{ "type": "Feature", "properties": { "sede": "111001104132", "nombre_sede": "NUESTRA SEÑORA DE LOURDES", "nombre_est": "COLEGIO LA CONCEPCION (IED)", "nombre_upl": "BOSA", "nombre_upz": "BOSA OCCIDENTAL", "z_publicado": 0.062, "n_examenes": 454, "n_anios": 6, "cluster": "NS", "lisa_p": 0.1689, "conflicto_est": false }, "geometry": { "type": "Point", "coordinates": [ -74.182300001382828, 4.605200000107288 ] } },
{ "type": "Feature", "properties": { "sede": "111001104183", "nombre_sede": "LEONARDO POSADA PEDRAZA", "nombre_est": "COLEGIO LEONARDO POSADA PEDRAZA (IED)", "nombre_upl": "PORVENIR", "nombre_upz": "TINTAL SUR", "z_publicado": 0.223, "n_examenes": 2334, "n_anios": 9, "cluster": "NS", "lisa_p": 0.14147, "conflicto_est": false }, "geometry": { "type": "Point", "coordinates": [ -74.201499998569489, 4.62779999896884 ] } },
{ "type": "Feature", "properties": { "sede": "111001104205", "nombre_sede": "ANEXA A LA NORMAL SUPERIOR DISTRITAL MARIA MONTESSORI", "nombre_est": "COLEGIO ESCUELA NORMAL SUPERIOR DISTRITAL MARIA MONTESSORI (IED)", "nombre_upl": "RESTREPO", "nombre_upz": "CIUDAD JARDIN", "z_publicado": 0.696, "n_examenes": 281, "n_anios": 2, "cluster": "NS", "lisa_p": 0.92093, "conflicto_est": false }, "geometry": { "type": "Point", "coordinates": [ -74.093499999493361, 4.586199998855591 ] } },
{ "type": "Feature", "properties": { "sede": "111001104256", "nombre_sede": "DELIA ZAPATA OLIVELLA", "nombre_est": "COLEGIO DELIA ZAPATA OLIVELLA (IED)", "nombre_upl": "TIBABUYES", "nombre_upz": "TIBABUYES", "z_publicado": 0.144, "n_examenes": 1700, "n_anios": 9, "cluster": "NS", "lisa_p": 0.47278, "conflicto_est": false }, "geometry": { "type": "Point", "coordinates": [ -74.113299999386072, 4.753199998289347 ] } },
{ "type": "Feature", "properties": { "sede": "111001104264", "nombre_sede": "GERARDO MOLINA RAMIREZ", "nombre_est": "COLEGIO GERARDO MOLINA RAMIREZ (IED)", "nombre_upl": "TIBABUYES", "nombre_upz": "TIBABUYES", "z_publicado": 0.216, "n_examenes": 1992, "n_anios": 9, "cluster": "NS", "lisa_p": 0.54158, "conflicto_est": false }, "geometry": { "type": "Point", "coordinates": [ -74.115800000727177, 4.749099999666214 ] } },
{ "type": "Feature", "properties": { "sede": "111001104272", "nombre_sede": "CARLO FEDERICI", "nombre_est": "COLEGIO CARLO FEDERICI (IED)", "nombre_upl": "FONTIBON", "nombre_upz": "ZONA FRANCA", "z_publicado": 0.489, "n_examenes": 1720, "n_anios": 9, "cluster": "NS", "lisa_p": 0.94503, "conflicto_est": false }, "geometry": { "type": "Point", "coordinates": [ -74.159699998795986, 4.671700000762939 ] } },
{ "type": "Feature", "properties": { "sede": "111001104281", "nombre_sede": "SEDE A - GABRIEL BETANCOURT MEJIA", "nombre_est": "COLEGIO GABRIEL BETANCOURT MEJIA (IED)", "nombre_upl": "TINTAL", "nombre_upz": "CALANDAIMA", "z_publicado": 0.31, "n_examenes": 2998, "n_anios": 9, "cluster": "NS", "lisa_p": 0.39668, "conflicto_est": false }, "geometry": { "type": "Point", "coordinates": [ -74.155799999833107, 4.644900001585484 ] } },
{ "type": "Feature", "properties": { "sede": "111001104299", "nombre_sede": "ALFONSO REYES ECHANDIA", "nombre_est": "COLEGIO ALFONSO REYES ECHANDIA (IED)", "nombre_upl": "BOSA", "nombre_upz": "BOSA CENTRAL", "z_publicado": 0.268, "n_examenes": 1689, "n_anios": 9, "cluster": "NS", "lisa_p": 0.08415, "conflicto_est": false }, "geometry": { "type": "Point", "coordinates": [ -74.19990000128746, 4.616399999707937 ] } },
{ "type": "Feature", "properties": { "sede": "111001104302", "nombre_sede": "ORLANDO HIGUITA ROJAS", "nombre_est": "COLEGIO ORLANDO HIGUITA ROJAS (IED)", "nombre_upl": "EDEN", "nombre_upz": "BOSA OCCIDENTAL", "z_publicado": -0.008, "n_examenes": 2175, "n_anios": 9, "cluster": "NS", "lisa_p": 0.19334, "conflicto_est": false }, "geometry": { "type": "Point", "coordinates": [ -74.189300000667572, 4.628699999302626 ] } },
{ "type": "Feature", "properties": { "sede": "111001104329", "nombre_sede": "CARLOS PIZARRO LEON GOMEZ", "nombre_est": "COLEGIO CARLOS PIZARRO LEON GOMEZ (IED)", "nombre_upl": "PORVENIR", "nombre_upz": "TINTAL SUR", "z_publicado": -0.047, "n_examenes": 2948, "n_anios": 9, "cluster": "NS", "lisa_p": 0.11318, "conflicto_est": false }, "geometry": { "type": "Point", "coordinates": [ -74.204799998551607, 4.635600000619888 ] } },
{ "type": "Feature", "properties": { "sede": "111001104337", "nombre_sede": "EDUARDO UMAÑA MENDOZA", "nombre_est": "COLEGIO EDUARDO UMAÑA MENDOZA (IED)", "nombre_upl": "USME - ENTRENUBES", "nombre_upz": "COMUNEROS", "z_publicado": -0.099, "n_examenes": 984, "n_anios": 9, "cluster": "NS", "lisa_p": 0.0574, "conflicto_est": false }, "geometry": { "type": "Point", "coordinates": [ -74.113400001078844, 4.490100000053644 ] } },
{ "type": "Feature", "properties": { "sede": "111001104345", "nombre_sede": "EL UVAL", "nombre_est": "COLEGIO DIEGO MONTAÑA CUELLAR (IED)", "nombre_upl": "USME - ENTRENUBES", "nombre_upz": "COMUNEROS", "z_publicado": -0.072, "n_examenes": 702, "n_anios": 7, "cluster": "NS", "lisa_p": 0.06365, "conflicto_est": true }, "geometry": { "type": "Point", "coordinates": [ -74.115100000053644, 4.496800001710653 ] } },
{ "type": "Feature", "properties": { "sede": "111001104353", "nombre_sede": "CIUDAD DE VILLAVICENCIO", "nombre_est": "COLEGIO CIUDAD DE VILLAVICENCIO (IED)", "nombre_upl": "USME - ENTRENUBES", "nombre_upz": "ALFONSO LOPEZ", "z_publicado": -0.353, "n_examenes": 202, "n_anios": 2, "cluster": "NS", "lisa_p": 0.10199, "conflicto_est": true }, "geometry": { "type": "Point", "coordinates": [ -74.104400001466274, 4.485500000417233 ] } },
{ "type": "Feature", "properties": { "sede": "111001104361", "nombre_sede": "EL RECUERDO", "nombre_est": "COLEGIO EL PORVENIR (IED)", "nombre_upl": "PORVENIR", "nombre_upz": "EL PORVENIR", "z_publicado": 0.084, "n_examenes": 806, "n_anios": 8, "cluster": "NS", "lisa_p": 0.26083, "conflicto_est": false }, "geometry": { "type": "Point", "coordinates": [ -74.197799999266863, 4.641699999570847 ] } },
{ "type": "Feature", "properties": { "sede": "111001104388", "nombre_sede": "GONZALO ARANGO", "nombre_est": "COLEGIO GONZALO ARANGO (IED)", "nombre_upl": "RINCON DE SUBA", "nombre_upz": "EL RINCON", "z_publicado": 0.302, "n_examenes": 1233, "n_anios": 9, "cluster": "NS", "lisa_p": 0.38306, "conflicto_est": false }, "geometry": { "type": "Point", "coordinates": [ -74.094700001180172, 4.730200000107288 ] } },
{ "type": "Feature", "properties": { "sede": "111001104558", "nombre_sede": "CODEMA", "nombre_est": "COLEGIO CODEMA (IED)", "nombre_upl": "PATIO BONITO", "nombre_upz": "CALANDAIMA", "z_publicado": 0.259, "n_examenes": 1576, "n_anios": 9, "cluster": "NS", "lisa_p": 0.79122, "conflicto_est": false }, "geometry": { "type": "Point", "coordinates": [ -74.165699999779463, 4.648200001567602 ] } },
{ "type": "Feature", "properties": { "sede": "111001106267", "nombre_sede": "JOSE JOAQUIN CASAS", "nombre_est": "COLEGIO JOSE JOAQUIN CASAS (IED)", "nombre_upl": "PUENTE ARANDA", "nombre_upz": "PUENTE ARANDA", "z_publicado": 0.45, "n_examenes": 37, "n_anios": 2, "cluster": "NS", "lisa_p": 0.685, "conflicto_est": false }, "geometry": { "type": "Point", "coordinates": [ -74.108399998396635, 4.632599998265505 ] } },
{ "type": "Feature", "properties": { "sede": "111001106569", "nombre_sede": "PARAISO MIRADOR", "nombre_est": "COLEGIO PARAISO MIRADOR (IED)", "nombre_upl": "LUCERO", "nombre_upz": "LUCERO", "z_publicado": -0.146, "n_examenes": 481, "n_anios": 8, "cluster": "LL", "lisa_p": 0.00081, "conflicto_est": false }, "geometry": { "type": "Point", "coordinates": [ -74.159099999815226, 4.552200000733137 ] } },
{ "type": "Feature", "properties": { "sede": "111001106577", "nombre_sede": "ESTRELLA DEL SUR", "nombre_est": "COLEGIO ESTRELLA DEL SUR (IED)", "nombre_upl": "LUCERO", "nombre_upz": "LUCERO", "z_publicado": -0.235, "n_examenes": 518, "n_anios": 7, "cluster": "LL", "lisa_p": 0.02345, "conflicto_est": false }, "geometry": { "type": "Point", "coordinates": [ -74.145300000905991, 4.544300001114607 ] } },
{ "type": "Feature", "properties": { "sede": "111001106950", "nombre_sede": "ALFONSO LOPEZ MICHELSEN", "nombre_est": "COLEGIO ALFONSO LOPEZ MICHELSEN (IED)", "nombre_upl": "PORVENIR", "nombre_upz": "TINTAL SUR", "z_publicado": 0.078, "n_examenes": 2676, "n_anios": 9, "cluster": "NS", "lisa_p": 0.13987, "conflicto_est": false }, "geometry": { "type": "Point", "coordinates": [ -74.206599999219179, 4.631700001657009 ] } },
{ "type": "Feature", "properties": { "sede": "111001106968", "nombre_sede": "JOSE FRANCISCO SOCARRAS", "nombre_est": "COLEGIO JOSE FRANCISCO SOCARRAS (IED)", "nombre_upl": "EDEN", "nombre_upz": "BOSA OCCIDENTAL", "z_publicado": -0.027, "n_examenes": 2602, "n_anios": 9, "cluster": "NS", "lisa_p": 0.38751, "conflicto_est": false }, "geometry": { "type": "Point", "coordinates": [ -74.194400001317263, 4.624899998307228 ] } },
{ "type": "Feature", "properties": { "sede": "111001106984", "nombre_sede": "GENERAL GUSTAVO ROJAS PINILLA", "nombre_est": "COLEGIO GENERAL GUSTAVO ROJAS PINILLA (IED)", "nombre_upl": "TINTAL", "nombre_upz": "CASTILLA", "z_publicado": 0.323, "n_examenes": 1744, "n_anios": 9, "cluster": "NS", "lisa_p": 0.24304, "conflicto_est": false }, "geometry": { "type": "Point", "coordinates": [ -74.139699999243021, 4.648600000888109 ] } },
{ "type": "Feature", "properties": { "sede": "111001107069", "nombre_sede": "VIRGINIA GUTIERREZ DE PINEDA", "nombre_est": "COLEGIO VIRGINIA GUTIERREZ DE PINEDA (IED)", "nombre_upl": "RINCON DE SUBA", "nombre_upz": "EL RINCON", "z_publicado": 0.121, "n_examenes": 1465, "n_anios": 9, "cluster": "NS", "lisa_p": 0.09517, "conflicto_est": false }, "geometry": { "type": "Point", "coordinates": [ -74.091299999505281, 4.731300000101328 ] } },
{ "type": "Feature", "properties": { "sede": "111001107077", "nombre_sede": "VEINTIUN ANGELES", "nombre_est": "COLEGIO VEINTIUN ANGELES (IED)", "nombre_upl": "SUBA", "nombre_upz": "SUBA", "z_publicado": 0.255, "n_examenes": 1706, "n_anios": 9, "cluster": "LH", "lisa_p": 0.00275, "conflicto_est": false }, "geometry": { "type": "Point", "coordinates": [ -74.080299999564886, 4.749499998986721 ] } },
{ "type": "Feature", "properties": { "sede": "111001107115", "nombre_sede": "JOSE MARIA VARGAS VILA", "nombre_est": "COLEGIO JOSE MARIA VARGAS VILA (IED)", "nombre_upl": "LUCERO", "nombre_upz": "LUCERO", "z_publicado": -0.382, "n_examenes": 898, "n_anios": 9, "cluster": "LL", "lisa_p": 0.001, "conflicto_est": false }, "geometry": { "type": "Point", "coordinates": [ -74.161299999803305, 4.542300000786781 ] } },
{ "type": "Feature", "properties": { "sede": "111001107131", "nombre_sede": "SEDE C", "nombre_est": "COLEGIO EL TESORO DE LA CUMBRE (IED)", "nombre_upl": "LUCERO", "nombre_upz": "EL TESORO", "z_publicado": -0.518, "n_examenes": 551, "n_anios": 8, "cluster": "LL", "lisa_p": 0.00767, "conflicto_est": true }, "geometry": { "type": "Point", "coordinates": [ -74.149300001561642, 4.535000000149012 ] } },
{ "type": "Feature", "properties": { "sede": "111001107743", "nombre_sede": "SALUDCOOP NORTE", "nombre_est": "COLEGIO SALUDCOOP NORTE (IED)", "nombre_upl": "TOBERIN", "nombre_upz": "VERBENAL", "z_publicado": 0.328, "n_examenes": 1471, "n_anios": 9, "cluster": "NS", "lisa_p": 0.11643, "conflicto_est": false }, "geometry": { "type": "Point", "coordinates": [ -74.040399998426437, 4.758099999278784 ] } },
{ "type": "Feature", "properties": { "sede": "111001107760", "nombre_sede": "PAULO FREIRE", "nombre_est": "COLEGIO PAULO FREIRE (IED)", "nombre_upl": "RAFAEL URIBE", "nombre_upz": "DANUBIO", "z_publicado": 0.048, "n_examenes": 2169, "n_anios": 9, "cluster": "NS", "lisa_p": 0.73725, "conflicto_est": false }, "geometry": { "type": "Point", "coordinates": [ -74.116099998354912, 4.532600000500679 ] } },
{ "type": "Feature", "properties": { "sede": "111001107778", "nombre_sede": "SALUDCOOP SUR", "nombre_est": "COLEGIO SALUDCOOP SUR (IED)", "nombre_upl": "PATIO BONITO", "nombre_upz": "CALANDAIMA", "z_publicado": 0.306, "n_examenes": 1299, "n_anios": 9, "cluster": "NS", "lisa_p": 0.61279, "conflicto_est": false }, "geometry": { "type": "Point", "coordinates": [ -74.163800001144409, 4.642299998551607 ] } },
{ "type": "Feature", "properties": { "sede": "111001107786", "nombre_sede": "NICOLAS BUENAVENTURA", "nombre_est": "COLEGIO NICOLAS BUENAVENTURA (IED)", "nombre_upl": "SUBA", "nombre_upz": "SUBA", "z_publicado": 0.246, "n_examenes": 1441, "n_anios": 8, "cluster": "NS", "lisa_p": 0.2845, "conflicto_est": true }, "geometry": { "type": "Point", "coordinates": [ -74.090999998152256, 4.754000000655651 ] } },
{ "type": "Feature", "properties": { "sede": "111001107794", "nombre_sede": "MARIA CANO", "nombre_est": "COLEGIO MARIA CANO (IED)", "nombre_upl": "RAFAEL URIBE", "nombre_upz": "MARRUECOS", "z_publicado": 0.067, "n_examenes": 940, "n_anios": 9, "cluster": "NS", "lisa_p": 0.5703, "conflicto_est": false }, "geometry": { "type": "Point", "coordinates": [ -74.115499999374151, 4.559300001710653 ] } },
{ "type": "Feature", "properties": { "sede": "111001107816", "nombre_sede": "CUNDINAMARCA", "nombre_est": "COLEGIO CUNDINAMARCA (IED)", "nombre_upl": "LUCERO", "nombre_upz": "ISMAEL PERDOMO", "z_publicado": 0.251, "n_examenes": 2393, "n_anios": 9, "cluster": "NS", "lisa_p": 0.12401, "conflicto_est": false }, "geometry": { "type": "Point", "coordinates": [ -74.138300001621246, 4.561999998986721 ] } },
{ "type": "Feature", "properties": { "sede": "111001107832", "nombre_sede": "GERMAN ARCINIEGAS", "nombre_est": "COLEGIO GERMAN ARCINIEGAS (IED)", "nombre_upl": "EDEN", "nombre_upz": "BOSA OCCIDENTAL", "z_publicado": 0.1, "n_examenes": 1698, "n_anios": 9, "cluster": "NS", "lisa_p": 0.23071, "conflicto_est": false }, "geometry": { "type": "Point", "coordinates": [ -74.185300000011921, 4.630499999970198 ] } },
{ "type": "Feature", "properties": { "sede": "111001107859", "nombre_sede": "ANTONIO GARCIA", "nombre_est": "COLEGIO ANTONIO GARCIA (IED)", "nombre_upl": "LUCERO", "nombre_upz": "EL TESORO", "z_publicado": 0.145, "n_examenes": 1091, "n_anios": 9, "cluster": "NS", "lisa_p": 0.31374, "conflicto_est": false }, "geometry": { "type": "Point", "coordinates": [ -74.139199998229742, 4.544399999082088 ] } },
{ "type": "Feature", "properties": { "sede": "111001107867", "nombre_sede": "KIMI PERNIA DOMICO", "nombre_est": "COLEGIO KIMI PERNIA DOMICO (IED)", "nombre_upl": "PORVENIR", "nombre_upz": "TINTAL SUR", "z_publicado": -0.104, "n_examenes": 1217, "n_anios": 9, "cluster": "NS", "lisa_p": 0.34984, "conflicto_est": false }, "geometry": { "type": "Point", "coordinates": [ -74.207299999892712, 4.62220000103116 ] } },
{ "type": "Feature", "properties": { "sede": "111001107875", "nombre_sede": "CIUDADELA EDUCATIVA DE BOSA", "nombre_est": "COLEGIO CIUDADELA EDUCATIVA DE BOSA (IED)", "nombre_upl": "PORVENIR", "nombre_upz": "EL PORVENIR", "z_publicado": 0.159, "n_examenes": 3524, "n_anios": 9, "cluster": "NS", "lisa_p": 0.77528, "conflicto_est": false }, "geometry": { "type": "Point", "coordinates": [ -74.187199998646975, 4.640900000929832 ] } },
{ "type": "Feature", "properties": { "sede": "111001107883", "nombre_sede": "DEBORA ARANGO PEREZ", "nombre_est": "COLEGIO DEBORA ARANGO PEREZ (IED)", "nombre_upl": "EDEN", "nombre_upz": "GRAN BRITALIA", "z_publicado": 0.119, "n_examenes": 1688, "n_anios": 9, "cluster": "NS", "lisa_p": 0.70846, "conflicto_est": false }, "geometry": { "type": "Point", "coordinates": [ -74.183499999344349, 4.61879999935627 ] } },
{ "type": "Feature", "properties": { "sede": "111001108456", "nombre_sede": "TOMAS CIPRIANO DE MOSQUERA", "nombre_est": "COLEGIO TOMAS CIPRIANO DE MOSQUERA (IED)", "nombre_upl": "ENGATIVA", "nombre_upz": "ENGATIVA", "z_publicado": 0.073, "n_examenes": 1230, "n_anios": 9, "cluster": "NS", "lisa_p": 0.28184, "conflicto_est": false }, "geometry": { "type": "Point", "coordinates": [ -74.13459999859333, 4.708099998533726 ] } },
{ "type": "Feature", "properties": { "sede": "111001108901", "nombre_sede": "CHARRY", "nombre_est": "COLEGIO CHARRY (IED)", "nombre_upl": "ENGATIVA", "nombre_upz": "GARCES NAVAS", "z_publicado": -0.31, "n_examenes": 2346, "n_anios": 9, "cluster": "NS", "lisa_p": 0.62262, "conflicto_est": false }, "geometry": { "type": "Point", "coordinates": [ -74.120299998670816, 4.714000001549721 ] } },
{ "type": "Feature", "properties": { "sede": "111001109304", "nombre_sede": "FANNY MIKEY", "nombre_est": "COLEGIO FANNY MIKEY (IED)", "nombre_upl": "LUCERO", "nombre_upz": "LUCERO", "z_publicado": -0.244, "n_examenes": 763, "n_anios": 9, "cluster": "NS", "lisa_p": 0.05132, "conflicto_est": false }, "geometry": { "type": "Point", "coordinates": [ -74.152899999171495, 4.549499999731779 ] } },
{ "type": "Feature", "properties": { "sede": "111001109550", "nombre_sede": "RODOLFO LLINAS", "nombre_est": "COLEGIO RODOLFO LLINAS (IED)", "nombre_upl": "ENGATIVA", "nombre_upz": "BOLIVIA", "z_publicado": 0.813, "n_examenes": 1705, "n_anios": 9, "cluster": "NS", "lisa_p": 0.44822, "conflicto_est": false }, "geometry": { "type": "Point", "coordinates": [ -74.109099999070168, 4.719700001180172 ] } },
{ "type": "Feature", "properties": { "sede": "111001110060", "nombre_sede": "SEDE B", "nombre_est": "COLEGIO PORFIRIO BARBA JACOB (IED)", "nombre_upl": "BOSA", "nombre_upz": "BOSA CENTRAL", "z_publicado": -0.088, "n_examenes": 230, "n_anios": 6, "cluster": "NS", "lisa_p": 0.08112, "conflicto_est": false }, "geometry": { "type": "Point", "coordinates": [ -74.195599999278784, 4.613499999046326 ] } },
{ "type": "Feature", "properties": { "sede": "111001110078", "nombre_sede": "SEDE C", "nombre_est": "COLEGIO VILLAS DEL PROGRESO (IED)", "nombre_upl": "PORVENIR", "nombre_upz": "EL PORVENIR", "z_publicado": 0.168, "n_examenes": 867, "n_anios": 8, "cluster": "NS", "lisa_p": 0.36971, "conflicto_est": false }, "geometry": { "type": "Point", "coordinates": [ -74.195099998265505, 4.640999998897314 ] } },
{ "type": "Feature", "properties": { "sede": "111001110094", "nombre_sede": "SEDE B", "nombre_est": "COLEGIO TIBABUYES UNIVERSAL (IED)", "nombre_upl": "RINCON DE SUBA", "nombre_upz": "EL RINCON", "z_publicado": -0.075, "n_examenes": 108, "n_anios": 5, "cluster": "NS", "lisa_p": 0.09056, "conflicto_est": false }, "geometry": { "type": "Point", "coordinates": [ -74.104800000786781, 4.742199998348951 ] } },
{ "type": "Feature", "properties": { "sede": "111001110116", "nombre_sede": "SEDE B", "nombre_est": "COLEGIO REPUBLICA DOMINICANA (IED)", "nombre_upl": "TIBABUYES", "nombre_upz": "TIBABUYES", "z_publicado": 0.134, "n_examenes": 759, "n_anios": 8, "cluster": "NS", "lisa_p": 0.05176, "conflicto_est": false }, "geometry": { "type": "Point", "coordinates": [ -74.107700001448393, 4.7347999997437 ] } },
{ "type": "Feature", "properties": { "sede": "111001110337", "nombre_sede": "SEDE C", "nombre_est": "COLEGIO TIBABUYES UNIVERSAL (IED)", "nombre_upl": "RINCON DE SUBA", "nombre_upz": "EL RINCON", "z_publicado": -0.022, "n_examenes": 350, "n_anios": 8, "cluster": "NS", "lisa_p": 0.60127, "conflicto_est": false }, "geometry": { "type": "Point", "coordinates": [ -74.099199999123812, 4.743099998682737 ] } },
{ "type": "Feature", "properties": { "sede": "111001110442", "nombre_sede": "SEDE B", "nombre_est": "COLEGIO NUEVA ESPERANZA (IED)", "nombre_upl": "USME - ENTRENUBES", "nombre_upz": "LA FLORA", "z_publicado": -0.176, "n_examenes": 249, "n_anios": 5, "cluster": "NS", "lisa_p": 0.07268, "conflicto_est": false }, "geometry": { "type": "Point", "coordinates": [ -74.090199999511242, 4.513599999248981 ] } },
{ "type": "Feature", "properties": { "sede": "111001110477", "nombre_sede": "NELSON MANDELA", "nombre_est": "COLEGIO NELSON MANDELA (IED)", "nombre_upl": "PORVENIR", "nombre_upz": "LAS MARGARITAS", "z_publicado": 0.278, "n_examenes": 1160, "n_anios": 9, "cluster": "NS", "lisa_p": 0.32985, "conflicto_est": false }, "geometry": { "type": "Point", "coordinates": [ -74.17790000140667, 4.636100001633167 ] } },
{ "type": "Feature", "properties": { "sede": "111001800091", "nombre_sede": "LA FELICIDAD", "nombre_est": "COLEGIO LA FELICIDAD (IED)", "nombre_upl": "SALITRE", "nombre_upz": "GRANJAS DE TECHO", "z_publicado": 0.977, "n_examenes": 442, "n_anios": 6, "cluster": "NS", "lisa_p": 0.15576, "conflicto_est": false }, "geometry": { "type": "Point", "coordinates": [ -74.130499999970198, 4.656500000506639 ] } },
{ "type": "Feature", "properties": { "sede": "111001800163", "nombre_sede": "FILARMONICO JORGE MARIO BERGOGLIO", "nombre_est": "COLEGIO FILARMONICO JORGE MARIO BERGOGLIO (IED)", "nombre_upl": "RINCON DE SUBA", "nombre_upz": "EL RINCON", "z_publicado": 0.444, "n_examenes": 221, "n_anios": 6, "cluster": "NS", "lisa_p": 0.59251, "conflicto_est": false }, "geometry": { "type": "Point", "coordinates": [ -74.103100001811981, 4.748599998652935 ] } },
{ "type": "Feature", "properties": { "sede": "111001800384", "nombre_sede": "COLEGIO JORGE ISAACS (IED) - SEDE PRINCIPAL", "nombre_est": "COLEGIO JORGE ISAACS (IED)", "nombre_upl": "PORVENIR", "nombre_upz": "TINTAL SUR", "z_publicado": 0.307, "n_examenes": 322, "n_anios": 5, "cluster": "NS", "lisa_p": 0.12532, "conflicto_est": false }, "geometry": { "type": "Point", "coordinates": [ -74.202500000596046, 4.627000000327826 ] } },
{ "type": "Feature", "properties": { "sede": "111001800392", "nombre_sede": "COLEGIO SOLEDAD ACOSTA DE SAMPER (IED) - SEDE PRINCIPAL", "nombre_est": "COLEGIO SOLEDAD ACOSTA DE SAMPER (IED)", "nombre_upl": "PORVENIR", "nombre_upz": "EL PORVENIR", "z_publicado": 0.34, "n_examenes": 149, "n_anios": 5, "cluster": "NS", "lisa_p": 0.60108, "conflicto_est": false }, "geometry": { "type": "Point", "coordinates": [ -74.185899998992682, 4.642799999564886 ] } },
{ "type": "Feature", "properties": { "sede": "111001800414", "nombre_sede": "COLEGIO EL ENSUEÑO (IED) - SEDE PRINCIPAL", "nombre_est": "COLEGIO EL ENSUEÑO (IED)", "nombre_upl": "ARBORIZADORA", "nombre_upz": "ARBORIZADORA", "z_publicado": 0.25, "n_examenes": 318, "n_anios": 5, "cluster": "NS", "lisa_p": 0.64278, "conflicto_est": false }, "geometry": { "type": "Point", "coordinates": [ -74.159000001847744, 4.58390000090003 ] } },
{ "type": "Feature", "properties": { "sede": "111001800422", "nombre_sede": "COLEGIO ROGELIO SALMONA (IED) - SEDE PRINCIPAL", "nombre_est": "COLEGIO ROGELIO SALMONA (IED)", "nombre_upl": "ARBORIZADORA", "nombre_upz": "ARBORIZADORA", "z_publicado": 0.457, "n_examenes": 377, "n_anios": 5, "cluster": "NS", "lisa_p": 0.4557, "conflicto_est": false }, "geometry": { "type": "Point", "coordinates": [ -74.155000001192093, 4.58729999884963 ] } },
{ "type": "Feature", "properties": { "sede": "111001800431", "nombre_sede": "COLEGIO LAS MARGARITAS (IED) - SEDE PRINCIPAL", "nombre_est": "COLEGIO LAS MARGARITAS (IED)", "nombre_upl": "EDEN", "nombre_upz": "LAS MARGARITAS", "z_publicado": 0.515, "n_examenes": 159, "n_anios": 5, "cluster": "NS", "lisa_p": 0.43428, "conflicto_est": false }, "geometry": { "type": "Point", "coordinates": [ -74.174600001424551, 4.633699998259544 ] } },
{ "type": "Feature", "properties": { "sede": "111001800457", "nombre_sede": "COLEGIO BICENTENARIO DE LA INDEPENDENCIA (IED) - SEDE PRINCIPAL", "nombre_est": "COLEGIO BICENTENARIO DE LA INDEPENDENCIA (IED)", "nombre_upl": "BOSA", "nombre_upz": "BOSA CENTRAL", "z_publicado": 0.033, "n_examenes": 410, "n_anios": 4, "cluster": "NS", "lisa_p": 0.56622, "conflicto_est": false }, "geometry": { "type": "Point", "coordinates": [ -74.20380000025034, 4.614999998360872 ] } },
{ "type": "Feature", "properties": { "sede": "111001800465", "nombre_sede": "SEDE B", "nombre_est": "COLEGIO JACKELINE (IED)", "nombre_upl": "BOSA", "nombre_upz": "TIMIZA", "z_publicado": 0.095, "n_examenes": 215, "n_anios": 5, "cluster": "NS", "lisa_p": 0.85914, "conflicto_est": false }, "geometry": { "type": "Point", "coordinates": [ -74.16440000012517, 4.608300000429153 ] } },
{ "type": "Feature", "properties": { "sede": "111001800554", "nombre_sede": "COLEGIO EMMA REYES (IED) - SEDE PRINCIPAL", "nombre_est": "COLEGIO EMMA REYES (IED)", "nombre_upl": "TINTAL", "nombre_upz": "CASTILLA", "z_publicado": 0.654, "n_examenes": 110, "n_anios": 4, "cluster": "NS", "lisa_p": 0.95879, "conflicto_est": false }, "geometry": { "type": "Point", "coordinates": [ -74.145500000566244, 4.634300000965595 ] } },
{ "type": "Feature", "properties": { "sede": "111001800562", "nombre_sede": "COLEGIO JOSE EUSTASIO RIVERA (IED) - SEDE PRINCIPAL", "nombre_est": "COLEGIO JOSE EUSTASIO RIVERA (IED)", "nombre_upl": "USME - ENTRENUBES", "nombre_upz": "CIUDAD USME", "z_publicado": 0.257, "n_examenes": 117, "n_anios": 4, "cluster": "LL", "lisa_p": 0.04421, "conflicto_est": false }, "geometry": { "type": "Point", "coordinates": [ -74.123100001364946, 4.475000001490116 ] } },
{ "type": "Feature", "properties": { "sede": "111001800571", "nombre_sede": "COLEGIO ANGELA RESTREPO MORENO (IED) - SEDE PRINCIPAL", "nombre_est": "COLEGIO ANGELA RESTREPO MORENO (IED)", "nombre_upl": "ARBORIZADORA", "nombre_upz": "ISMAEL PERDOMO", "z_publicado": 0.418, "n_examenes": 225, "n_anios": 4, "cluster": "NS", "lisa_p": 0.1395, "conflicto_est": false }, "geometry": { "type": "Point", "coordinates": [ -74.164299998432398, 4.582600001245737 ] } },
{ "type": "Feature", "properties": { "sede": "111001800635", "nombre_sede": "COLEGIO EL NOGAL (IED) - SEDE PRINCIPAL", "nombre_est": "COLEGIO EL NOGAL (IED)", "nombre_upl": "ARBORIZADORA", "nombre_upz": "ISMAEL PERDOMO", "z_publicado": 0.123, "n_examenes": 221, "n_anios": 4, "cluster": "NS", "lisa_p": 0.28973, "conflicto_est": false }, "geometry": { "type": "Point", "coordinates": [ -74.164599999785423, 4.576400000602007 ] } },
{ "type": "Feature", "properties": { "sede": "111001800643", "nombre_sede": "DE LA BICI", "nombre_est": "COLEGIO DE LA BICI (IED)", "nombre_upl": "BOSA", "nombre_upz": "BOSA CENTRAL", "z_publicado": 0.369, "n_examenes": 192, "n_anios": 4, "cluster": "NS", "lisa_p": 0.8526, "conflicto_est": false }, "geometry": { "type": "Point", "coordinates": [ -74.182399999350309, 4.613699998706579 ] } },
{ "type": "Feature", "properties": { "sede": "111001800660", "nombre_sede": "COLEGIO CIUDAD CHENGDU (IED) - SEDE PRINCIPAL", "nombre_est": "COLEGIO CIUDAD CHENGDU (IED)", "nombre_upl": "RAFAEL URIBE", "nombre_upz": "GRAN YOMASA", "z_publicado": 0.119, "n_examenes": 86, "n_anios": 4, "cluster": "NS", "lisa_p": 0.09377, "conflicto_est": false }, "geometry": { "type": "Point", "coordinates": [ -74.099399998784065, 4.511199999600649 ] } },
{ "type": "Feature", "properties": { "sede": "111001800678", "nombre_sede": "COLEGIO PARQUES DE BOGOTA (IED) - SEDE PRINCIPAL", "nombre_est": "COLEGIO PARQUES DE BOGOTA (IED)", "nombre_upl": "EDEN", "nombre_upz": "BOSA OCCIDENTAL", "z_publicado": 0.35, "n_examenes": 211, "n_anios": 4, "cluster": "NS", "lisa_p": 0.25235, "conflicto_est": false }, "geometry": { "type": "Point", "coordinates": [ -74.192299999296665, 4.625199999660254 ] } },
{ "type": "Feature", "properties": { "sede": "111001800694", "nombre_sede": "COLEGIO LAUREL DE CERA (IED) - SEDE PRINCIPAL", "nombre_est": "COLEGIO LAUREL DE CERA (IED)", "nombre_upl": "PORVENIR", "nombre_upz": "TINTAL SUR", "z_publicado": 0.345, "n_examenes": 202, "n_anios": 4, "cluster": "NS", "lisa_p": 0.08594, "conflicto_est": false }, "geometry": { "type": "Point", "coordinates": [ -74.212000001221895, 4.626600001007318 ] } },
{ "type": "Feature", "properties": { "sede": "111001800813", "nombre_sede": "COMPARTIR SUBA", "nombre_est": "COLEGIO COMPARTIR SUBA (IED)", "nombre_upl": "TIBABUYES", "nombre_upz": "TIBABUYES", "z_publicado": 0.568, "n_examenes": 362, "n_anios": 4, "cluster": "NS", "lisa_p": 0.72256, "conflicto_est": false }, "geometry": { "type": "Point", "coordinates": [ -74.1064000017941, 4.754999998956919 ] } },
{ "type": "Feature", "properties": { "sede": "111001801047", "nombre_sede": "COLEGIO GLORIA VALENCIA DE CASTAÑO (IED)", "nombre_est": "COLEGIO GLORIA VALENCIA DE CASTAÑO (IED)", "nombre_upl": "USME - ENTRENUBES", "nombre_upz": "LOS LIBERTADORES", "z_publicado": -0.346, "n_examenes": 50, "n_anios": 1, "cluster": "NS", "lisa_p": 0.38721, "conflicto_est": false }, "geometry": { "type": "Point", "coordinates": [ -74.087000001221895, 4.531800001859665 ] } },
{ "type": "Feature", "properties": { "sede": "111001801055", "nombre_sede": "COLEGIO ABEL RODRIGUEZ CESPEDES (IED)", "nombre_est": "COLEGIO ABEL RODRIGUEZ CESPEDES (IED)", "nombre_upl": "ENGATIVA", "nombre_upz": "GARCES NAVAS", "z_publicado": 0.347, "n_examenes": 62, "n_anios": 1, "cluster": "NS", "lisa_p": 0.78028, "conflicto_est": false }, "geometry": { "type": "Point", "coordinates": [ -74.129700001329184, 4.716099999845028 ] } },
{ "type": "Feature", "properties": { "sede": "111001801071", "nombre_sede": "COLEGIO LUCILA RUBIO DE LAVERDE (IED)", "nombre_est": "COLEGIO LUCILA RUBIO DE LAVERDE (IED)", "nombre_upl": "ENGATIVA", "nombre_upz": "GARCES NAVAS", "z_publicado": 0.342, "n_examenes": 36, "n_anios": 1, "cluster": "NS", "lisa_p": 0.36372, "conflicto_est": false }, "geometry": { "type": "Point", "coordinates": [ -74.136399999260902, 4.725099999457598 ] } },
{ "type": "Feature", "properties": { "sede": "111001801080", "nombre_sede": "COLEGIO ESMERALDA ARBOLEDA CADAVID (IED)", "nombre_est": "COLEGIO ESMERALDA ARBOLEDA CADAVID (IED)", "nombre_upl": "BOSA", "nombre_upz": "BOSA CENTRAL", "z_publicado": -0.09, "n_examenes": 163, "n_anios": 2, "cluster": "NS", "lisa_p": 0.07792, "conflicto_est": false }, "geometry": { "type": "Point", "coordinates": [ -74.194499999284744, 4.615600001066923 ] } },
{ "type": "Feature", "properties": { "sede": "111001801098", "nombre_sede": "COLEGIO CIUDADELA EL RECREO SONIA OSORIO DE SAINT-MALO (IED)", "nombre_est": "COLEGIO CIUDADELA EL RECREO SONIA OSORIO DE SAINT-MALO (IED)", "nombre_upl": "PORVENIR", "nombre_upz": "TINTAL SUR", "z_publicado": 0.037, "n_examenes": 103, "n_anios": 1, "cluster": "NS", "lisa_p": 0.25521, "conflicto_est": false }, "geometry": { "type": "Point", "coordinates": [ -74.199200000613928, 4.63399999961257 ] } },
{ "type": "Feature", "properties": { "sede": "111001801101", "nombre_sede": "COLEGIO LAURA HERRERA DE VARELA (IED)", "nombre_est": "COLEGIO LAURA HERRERA DE VARELA (IED)", "nombre_upl": "EDEN", "nombre_upz": "BOSA", "z_publicado": -0.058, "n_examenes": 149, "n_anios": 1, "cluster": "NS", "lisa_p": 0.50393, "conflicto_est": false }, "geometry": { "type": "Point", "coordinates": [ -74.186500001698732, 4.630100000649691 ] } },
{ "type": "Feature", "properties": { "sede": "111102000265", "nombre_sede": "LUIS LOPEZ DE MESA", "nombre_est": "COLEGIO LUIS LOPEZ DE MESA (IED)", "nombre_upl": "BOSA", "nombre_upz": "BOSA CENTRAL", "z_publicado": 0.017, "n_examenes": 1659, "n_anios": 9, "cluster": "NS", "lisa_p": 0.08555, "conflicto_est": false }, "geometry": { "type": "Point", "coordinates": [ -74.1858000010252, 4.600600000470877 ] } },
{ "type": "Feature", "properties": { "sede": "111102000281", "nombre_sede": "PABLO DE TARSO", "nombre_est": "COLEGIO PABLO DE TARSO (IED)", "nombre_upl": "BOSA", "nombre_upz": "BOSA CENTRAL", "z_publicado": -0.082, "n_examenes": 1890, "n_anios": 9, "cluster": "NS", "lisa_p": 0.07903, "conflicto_est": false }, "geometry": { "type": "Point", "coordinates": [ -74.187399998307228, 4.603799998760223 ] } },
{ "type": "Feature", "properties": { "sede": "111102000621", "nombre_sede": "FRANCISCO DE PAULA SANTANDER", "nombre_est": "COLEGIO FRANCISCO DE PAULA SANTANDER (IED)", "nombre_upl": "BOSA", "nombre_upz": "BOSA CENTRAL", "z_publicado": 0.2, "n_examenes": 734, "n_anios": 9, "cluster": "NS", "lisa_p": 0.20378, "conflicto_est": false }, "geometry": { "type": "Point", "coordinates": [ -74.184799998998642, 4.610800001770258 ] } },
{ "type": "Feature", "properties": { "sede": "111102000753", "nombre_sede": "FERNANDO MAZUERA VILLEGAS", "nombre_est": "COLEGIO FERNANDO MAZUERA VILLEGAS (IED)", "nombre_upl": "BOSA", "nombre_upz": "BOSA CENTRAL", "z_publicado": 0.114, "n_examenes": 3399, "n_anios": 9, "cluster": "NS", "lisa_p": 0.22616, "conflicto_est": false }, "geometry": { "type": "Point", "coordinates": [ -74.190699998289347, 4.606899999082088 ] } },
{ "type": "Feature", "properties": { "sede": "111102000958", "nombre_sede": "PORFIRIO BARBA JACOB", "nombre_est": "COLEGIO PORFIRIO BARBA JACOB (IED)", "nombre_upl": "BOSA", "nombre_upz": "BOSA CENTRAL", "z_publicado": -0.043, "n_examenes": 1212, "n_anios": 9, "cluster": "LL", "lisa_p": 0.0123, "conflicto_est": false }, "geometry": { "type": "Point", "coordinates": [ -74.193399999290705, 4.611800000071526 ] } },
{ "type": "Feature", "properties": { "sede": "111265000017", "nombre_sede": "CENTRO DE ESTUDIOS DEL NIÑO", "nombre_est": "COLEGIO LA PALESTINA (IED)", "nombre_upl": "TABORA", "nombre_upz": "BOYACA REAL", "z_publicado": 0.491, "n_examenes": 895, "n_anios": 9, "cluster": "NS", "lisa_p": 0.05205, "conflicto_est": false }, "geometry": { "type": "Point", "coordinates": [ -74.093600001186132, 4.697200000286102 ] } },
{ "type": "Feature", "properties": { "sede": "111265000025", "nombre_sede": "GENERAL SANTANDER", "nombre_est": "COLEGIO GENERAL SANTANDER (IED)", "nombre_upl": "ENGATIVA", "nombre_upz": "ENGATIVA", "z_publicado": 0.123, "n_examenes": 1747, "n_anios": 9, "cluster": "NS", "lisa_p": 0.73235, "conflicto_est": false }, "geometry": { "type": "Point", "coordinates": [ -74.140399999916553, 4.716499999165535 ] } },
{ "type": "Feature", "properties": { "sede": "111265000343", "nombre_sede": "ANTONIO VILLAVICENCIO", "nombre_est": "COLEGIO ANTONIO VILLAVICENCIO (IED)", "nombre_upl": "ENGATIVA", "nombre_upz": "ENGATIVA", "z_publicado": -0.344, "n_examenes": 755, "n_anios": 9, "cluster": "NS", "lisa_p": 0.98431, "conflicto_est": false }, "geometry": { "type": "Point", "coordinates": [ -74.134199999272823, 4.705099999904633 ] } },
{ "type": "Feature", "properties": { "sede": "111265000394", "nombre_sede": "SIMON BOLIVAR", "nombre_est": "COLEGIO SIMON BOLIVAR (IED)", "nombre_upl": "TABORA", "nombre_upz": "EL MINUTO DE DIOS", "z_publicado": 0.221, "n_examenes": 1038, "n_anios": 9, "cluster": "NS", "lisa_p": 0.75142, "conflicto_est": false }, "geometry": { "type": "Point", "coordinates": [ -74.099800001829863, 4.711500000208616 ] } },
{ "type": "Feature", "properties": { "sede": "111265000408", "nombre_sede": "NIDYA QUINTERO DE TURBAY", "nombre_est": "COLEGIO NIDIA QUINTERO DE TURBAY (IED)", "nombre_upl": "TABORA", "nombre_upz": "BOYACA REAL", "z_publicado": 0.44, "n_examenes": 1277, "n_anios": 9, "cluster": "NS", "lisa_p": 0.72849, "conflicto_est": false }, "geometry": { "type": "Point", "coordinates": [ -74.108199998736382, 4.701999999582767 ] } },
{ "type": "Feature", "properties": { "sede": "111279000061", "nombre_sede": "ANTONIO VAN UDEN", "nombre_est": "COLEGIO ANTONIO VAN UDEN (IED)", "nombre_upl": "FONTIBON", "nombre_upz": "FONTIBON SAN PABLO", "z_publicado": 0.061, "n_examenes": 1286, "n_anios": 9, "cluster": "NS", "lisa_p": 0.66528, "conflicto_est": false }, "geometry": { "type": "Point", "coordinates": [ -74.158599998801947, 4.688900001347065 ] } },
{ "type": "Feature", "properties": { "sede": "111279000125", "nombre_sede": "VILLEMAR EL CARMEN", "nombre_est": "COLEGIO VILLEMAR EL CARMEN (IED)", "nombre_upl": "FONTIBON", "nombre_upz": "FONTIBON", "z_publicado": 0.447, "n_examenes": 1766, "n_anios": 9, "cluster": "NS", "lisa_p": 0.42386, "conflicto_est": false }, "geometry": { "type": "Point", "coordinates": [ -74.139199998229742, 4.672800000756979 ] } },
{ "type": "Feature", "properties": { "sede": "111279000168", "nombre_sede": "INTERNACIONAL", "nombre_est": "COLEGIO INSTITUTO TECNICO INTERNACIONAL (IED)", "nombre_upl": "FONTIBON", "nombre_upz": "FONTIBON", "z_publicado": 0.22, "n_examenes": 1482, "n_anios": 9, "cluster": "NS", "lisa_p": 0.74017, "conflicto_est": false }, "geometry": { "type": "Point", "coordinates": [ -74.145199999213219, 4.686700001358986 ] } },
{ "type": "Feature", "properties": { "sede": "111279000184", "nombre_sede": "LUIS ANGEL ARANGO", "nombre_est": "COLEGIO LUIS ANGEL ARANGO (IED)", "nombre_upl": "FONTIBON", "nombre_upz": "FONTIBON", "z_publicado": 0.483, "n_examenes": 690, "n_anios": 9, "cluster": "NS", "lisa_p": 0.82816, "conflicto_est": false }, "geometry": { "type": "Point", "coordinates": [ -74.138000000268221, 4.682100001722574 ] } },
{ "type": "Feature", "properties": { "sede": "111279000362", "nombre_sede": "REPUBLICA DE COSTA RICA", "nombre_est": "COLEGIO COSTA RICA (IED)", "nombre_upl": "FONTIBON", "nombre_upz": "FONTIBON", "z_publicado": -0.033, "n_examenes": 1775, "n_anios": 9, "cluster": "NS", "lisa_p": 0.66019, "conflicto_est": false }, "geometry": { "type": "Point", "coordinates": [ -74.138000000268221, 4.679400000721216 ] } },
{ "type": "Feature", "properties": { "sede": "111279000966", "nombre_sede": "INTEGRADO DE FONTIBON", "nombre_est": "COLEGIO INTEGRADO DE FONTIBON IBEP (IED)", "nombre_upl": "FONTIBON", "nombre_upz": "FONTIBON", "z_publicado": -0.155, "n_examenes": 1449, "n_anios": 9, "cluster": "NS", "lisa_p": 0.3417, "conflicto_est": false }, "geometry": { "type": "Point", "coordinates": [ -74.147399999201298, 4.678199999034405 ] } },
{ "type": "Feature", "properties": { "sede": "111279001296", "nombre_sede": "ATAHUALPA", "nombre_est": "COLEGIO ATAHUALPA (IED)", "nombre_upl": "FONTIBON", "nombre_upz": "FONTIBON", "z_publicado": 0.288, "n_examenes": 637, "n_anios": 9, "cluster": "NS", "lisa_p": 0.48503, "conflicto_est": false }, "geometry": { "type": "Point", "coordinates": [ -74.148400001227856, 4.688299998641014 ] } },
{ "type": "Feature", "properties": { "sede": "111769000174", "nombre_sede": "FILARMONICO SIMON BOLIVAR", "nombre_est": "COLEGIO FILARMONICO SIMON BOLIVAR (IED)", "nombre_upl": "SUBA", "nombre_upz": "SUBA", "z_publicado": -0.146, "n_examenes": 1082, "n_anios": 9, "cluster": "NS", "lisa_p": 0.24849, "conflicto_est": false }, "geometry": { "type": "Point", "coordinates": [ -74.084199998527765, 4.741399999707937 ] } },
{ "type": "Feature", "properties": { "sede": "111769000182", "nombre_sede": "SUBA CENTRO", "nombre_est": "COLEGIO JUAN LOZANO Y LOZANO (IED)", "nombre_upl": "SUBA", "nombre_upz": "SUBA", "z_publicado": 0.12, "n_examenes": 64, "n_anios": 1, "cluster": "NS", "lisa_p": 0.21191, "conflicto_est": false }, "geometry": { "type": "Point", "coordinates": [ -74.086300000548363, 4.754700001329184 ] } },
{ "type": "Feature", "properties": { "sede": "111769000247", "nombre_sede": "EL SALITRE", "nombre_est": "COLEGIO EL SALITRE - SUBA (IED)", "nombre_upl": "BRITALIA", "nombre_upz": "SUBA", "z_publicado": 0.14, "n_examenes": 1899, "n_anios": 9, "cluster": "LH", "lisa_p": 0.0375, "conflicto_est": false }, "geometry": { "type": "Point", "coordinates": [ -74.077100001275539, 4.75959999859333 ] } },
{ "type": "Feature", "properties": { "sede": "111769000956", "nombre_sede": "PRADO VERANIEGO II", "nombre_est": "COLEGIO PRADO VERANIEGO (IED)", "nombre_upl": "NIZA", "nombre_upz": "EL PRADO", "z_publicado": 0.425, "n_examenes": 999, "n_anios": 9, "cluster": "NS", "lisa_p": 0.58813, "conflicto_est": false }, "geometry": { "type": "Point", "coordinates": [ -74.054499998688698, 4.716899998486042 ] } },
{ "type": "Feature", "properties": { "sede": "111769001502", "nombre_sede": "ANIBAL FERNANDEZ DE SOTO", "nombre_est": "COLEGIO ANIBAL FERNANDEZ DE SOTO (IED)", "nombre_upl": "NIZA", "nombre_upz": "EL PRADO", "z_publicado": 0.483, "n_examenes": 1039, "n_anios": 9, "cluster": "NS", "lisa_p": 0.31953, "conflicto_est": false }, "geometry": { "type": "Point", "coordinates": [ -74.057300001382828, 4.723099999129772 ] } },
{ "type": "Feature", "properties": { "sede": "111769001871", "nombre_sede": "NUEVA ZELANDIA", "nombre_est": "COLEGIO NUEVA ZELANDIA (IED)", "nombre_upl": "BRITALIA", "nombre_upz": "SAN JOSE DE BAVARIA", "z_publicado": 0.389, "n_examenes": 602, "n_anios": 9, "cluster": "LH", "lisa_p": 0.00721, "conflicto_est": false }, "geometry": { "type": "Point", "coordinates": [ -74.049600001424551, 4.759199999272823 ] } },
{ "type": "Feature", "properties": { "sede": "111769003114", "nombre_sede": "SAN CIPRIANO", "nombre_est": "COLEGIO VISTA BELLA (IED)", "nombre_upl": "BRITALIA", "nombre_upz": "BRITALIA", "z_publicado": 0.402, "n_examenes": 914, "n_anios": 9, "cluster": "NS", "lisa_p": 0.4498, "conflicto_est": true }, "geometry": { "type": "Point", "coordinates": [ -74.054999999701977, 4.748799998313189 ] } },
{ "type": "Feature", "properties": { "sede": "111769003122", "nombre_sede": "VILLA ELISA", "nombre_est": "COLEGIO VILLA ELISA (IED)", "nombre_upl": "RINCON DE SUBA", "nombre_upz": "EL RINCON", "z_publicado": 0.163, "n_examenes": 927, "n_anios": 9, "cluster": "NS", "lisa_p": 0.62751, "conflicto_est": false }, "geometry": { "type": "Point", "coordinates": [ -74.087900001555681, 4.732400000095367 ] } },
{ "type": "Feature", "properties": { "sede": "111769003360", "nombre_sede": "REPUBLICA DOMINICANA", "nombre_est": "COLEGIO REPUBLICA DOMINICANA (IED)", "nombre_upl": "TIBABUYES", "nombre_upz": "TIBABUYES", "z_publicado": 0.162, "n_examenes": 2146, "n_anios": 9, "cluster": "LL", "lisa_p": 0.01072, "conflicto_est": false }, "geometry": { "type": "Point", "coordinates": [ -74.109000001102686, 4.73930000141263 ] } },
{ "type": "Feature", "properties": { "sede": "111769003416", "nombre_sede": "JUAN LOZANO Y LOZANO", "nombre_est": "COLEGIO JUAN LOZANO Y LOZANO (IED)", "nombre_upl": "RINCON DE SUBA", "nombre_upz": "EL RINCON", "z_publicado": 0.056, "n_examenes": 2467, "n_anios": 9, "cluster": "NS", "lisa_p": 0.07935, "conflicto_est": false }, "geometry": { "type": "Point", "coordinates": [ -74.092999998480082, 4.740899998694658 ] } },
{ "type": "Feature", "properties": { "sede": "111769003424", "nombre_sede": "GERARDO PAREDES MARTINEZ", "nombre_est": "COLEGIO GERARDO PAREDES (IED)", "nombre_upl": "RINCON DE SUBA", "nombre_upz": "EL RINCON", "z_publicado": -0.264, "n_examenes": 2223, "n_anios": 9, "cluster": "NS", "lisa_p": 0.18655, "conflicto_est": false }, "geometry": { "type": "Point", "coordinates": [ -74.093600001186132, 4.725900001823902 ] } },
{ "type": "Feature", "properties": { "sede": "111769004188", "nombre_sede": "LA AGUADITA", "nombre_est": "COLEGIO HUNZA (IED)", "nombre_upl": "RINCON DE SUBA", "nombre_upz": "EL RINCON", "z_publicado": null, "n_examenes": 1, "n_anios": 1, "cluster": "NS", "lisa_p": 0.70686, "conflicto_est": false }, "geometry": { "type": "Point", "coordinates": [ -74.083099998533726, 4.723299998790026 ] } },
{ "type": "Feature", "properties": { "sede": "111848000911", "nombre_sede": "COLEGIO DE BACHILLERATO PATRIA", "nombre_est": "COLEGIO DE BACHILLERATO PATRIA", "nombre_upl": "USAQUEN", "nombre_upz": "USAQUEN", "z_publicado": 1.493, "n_examenes": 1165, "n_anios": 9, "cluster": "NS", "lisa_p": 0.05214, "conflicto_est": false }, "geometry": { "type": "Point", "coordinates": [ -74.043299999088049, 4.682799998670816 ] } },
{ "type": "Feature", "properties": { "sede": "111848002107", "nombre_sede": "LICEO DEL EJERCITO PATRIA SECTOR NORTE B LICEO COLOMBIA", "nombre_est": "LICEO DEL EJERCITO PATRIA SECTOR NORTE B LICEO COLOMBIA", "nombre_upl": "BRITALIA", "nombre_upz": "EL PRADO", "z_publicado": 1.697, "n_examenes": 251, "n_anios": 9, "cluster": "NS", "lisa_p": 0.22638, "conflicto_est": false }, "geometry": { "type": "Point", "coordinates": [ -74.058899998664856, 4.726300001144409 ] } },
{ "type": "Feature", "properties": { "sede": "111848002522", "nombre_sede": "INSTITUTO PEDAGOGICO NACIONAL", "nombre_est": "INSTITUTO PEDAGOGICO NACIONAL", "nombre_upl": "USAQUEN", "nombre_upz": "COUNTRY CLUB", "z_publicado": 1.166, "n_examenes": 1004, "n_anios": 9, "cluster": "HH", "lisa_p": 0.02025, "conflicto_est": false }, "geometry": { "type": "Point", "coordinates": [ -74.034800000488758, 4.704199999570847 ] } },
{ "type": "Feature", "properties": { "sede": "111848002662", "nombre_sede": "USAQUEN", "nombre_est": "COLEGIO USAQUEN (IED)", "nombre_upl": "USAQUEN", "nombre_upz": "COUNTRY CLUB", "z_publicado": 0.41, "n_examenes": 1325, "n_anios": 9, "cluster": "LH", "lisa_p": 0.02063, "conflicto_est": false }, "geometry": { "type": "Point", "coordinates": [ -74.034600000828505, 4.70719999819994 ] } },
{ "type": "Feature", "properties": { "sede": "111848002671", "nombre_sede": "PILOTO DE APLICACION", "nombre_est": "COLEGIO UNION COLOMBIA (IED)", "nombre_upl": "TOBERIN", "nombre_upz": "VERBENAL", "z_publicado": 0.177, "n_examenes": 645, "n_anios": 9, "cluster": "NS", "lisa_p": 0.94517, "conflicto_est": true }, "geometry": { "type": "Point", "coordinates": [ -74.027499999850988, 4.759399998933077 ] } },
{ "type": "Feature", "properties": { "sede": "111848002689", "nombre_sede": "PILOTO BAVARIA", "nombre_est": "COLEGIO DIVINO MAESTRO (IED)", "nombre_upl": "TOBERIN", "nombre_upz": "SAN CRISTOBAL NORTE", "z_publicado": 0.06, "n_examenes": 1149, "n_anios": 9, "cluster": "NS", "lisa_p": 0.64899, "conflicto_est": false }, "geometry": { "type": "Point", "coordinates": [ -74.027699999511242, 4.739999998360872 ] } },
{ "type": "Feature", "properties": { "sede": "111848003031", "nombre_sede": "CRISTOBAL COLON", "nombre_est": "COLEGIO CRISTOBAL COLON (IED)", "nombre_upl": "TOBERIN", "nombre_upz": "SAN CRISTOBAL NORTE", "z_publicado": -0.205, "n_examenes": 1231, "n_anios": 9, "cluster": "NS", "lisa_p": 0.5139, "conflicto_est": false }, "geometry": { "type": "Point", "coordinates": [ -74.025800000876188, 4.741599999368191 ] } },
{ "type": "Feature", "properties": { "sede": "111848003910", "nombre_sede": "GENERAL SANTANDER", "nombre_est": "COLEGIO GENERAL SANTANDER (IED)", "nombre_upl": "TOBERIN", "nombre_upz": "SAN CRISTOBAL NORTE", "z_publicado": 0.016, "n_examenes": 545, "n_anios": 9, "cluster": "NS", "lisa_p": 0.10512, "conflicto_est": false }, "geometry": { "type": "Point", "coordinates": [ -74.027899999171495, 4.734600000083447 ] } },
{ "type": "Feature", "properties": { "sede": "111850000740", "nombre_sede": "USME", "nombre_est": "COLEGIO FRANCISCO ANTONIO ZEA DE USME (IED)", "nombre_upl": "USME - ENTRENUBES", "nombre_upz": "CIUDAD USME", "z_publicado": 0.199, "n_examenes": 1003, "n_anios": 9, "cluster": "LL", "lisa_p": 0.04894, "conflicto_est": false }, "geometry": { "type": "Point", "coordinates": [ -74.121100001037121, 4.474399998784065 ] } },
{ "type": "Feature", "properties": { "sede": "111850001037", "nombre_sede": "LICEO DEL EJERCITO PATRIA SECTOR SUR C (SANTA BARBARA)", "nombre_est": "LICEO DEL EJERCITO PATRIA SECTOR SUR C (SANTA BARBARA)", "nombre_upl": "TUNJUELITO", "nombre_upz": "TUNJUELITO", "z_publicado": 1.569, "n_examenes": 271, "n_anios": 9, "cluster": "NS", "lisa_p": 0.30716, "conflicto_est": false }, "geometry": { "type": "Point", "coordinates": [ -74.122400000691414, 4.549499999731779 ] } },
{ "type": "Feature", "properties": { "sede": "111850001380", "nombre_sede": "EL CORTIJO", "nombre_est": "COLEGIO EL CORTIJO - VIANEY (IED)", "nombre_upl": "RAFAEL URIBE", "nombre_upz": "GRAN YOMASA", "z_publicado": -0.008, "n_examenes": 548, "n_anios": 9, "cluster": "NS", "lisa_p": 0.23972, "conflicto_est": false }, "geometry": { "type": "Point", "coordinates": [ -74.106699999421835, 4.517400000244379 ] } },
{ "type": "Feature", "properties": { "sede": "111850001428", "nombre_sede": "ALMIRANTE PADILLA", "nombre_est": "COLEGIO ALMIRANTE PADILLA (IED)", "nombre_upl": "RAFAEL URIBE", "nombre_upz": "GRAN YOMASA", "z_publicado": -0.314, "n_examenes": 2548, "n_anios": 9, "cluster": "NS", "lisa_p": 0.96755, "conflicto_est": false }, "geometry": { "type": "Point", "coordinates": [ -74.111900001764297, 4.512299999594688 ] } },
{ "type": "Feature", "properties": { "sede": "111850001461", "nombre_sede": "LOS TEJARES", "nombre_est": "COLEGIO LOS TEJARES (IED)", "nombre_upl": "RAFAEL URIBE", "nombre_upz": "GRAN YOMASA", "z_publicado": -0.226, "n_examenes": 433, "n_anios": 9, "cluster": "NS", "lisa_p": 0.15588, "conflicto_est": false }, "geometry": { "type": "Point", "coordinates": [ -74.103300001472235, 4.510800000280142 ] } },
{ "type": "Feature", "properties": { "sede": "111850001576", "nombre_sede": "FEDERICO GARCIA LORCA", "nombre_est": "COLEGIO FEDERICO GARCIA LORCA (IED)", "nombre_upl": "RAFAEL URIBE", "nombre_upz": "GRAN YOMASA", "z_publicado": -0.118, "n_examenes": 938, "n_anios": 9, "cluster": "NS", "lisa_p": 0.91359, "conflicto_est": false }, "geometry": { "type": "Point", "coordinates": [ -74.107099998742342, 4.507199998944998 ] } },
{ "type": "Feature", "properties": { "sede": "211001027485", "nombre_sede": "EL VERJON ALTO", "nombre_est": "COLEGIO EL VERJON (IED)", "nombre_upl": "CERROS ORIENTALES", "nombre_upz": "CERROS ORIENTALES", "z_publicado": -0.196, "n_examenes": 115, "n_anios": 8, "cluster": "LL", "lisa_p": 0.01685, "conflicto_est": false }, "geometry": { "type": "Point", "coordinates": [ -74.024000000208616, 4.583000000566244 ] } },
{ "type": "Feature", "properties": { "sede": "211001032501", "nombre_sede": "GABRIEL GARCIA MARQUEZ", "nombre_est": "COLEGIO GABRIEL GARCIA MARQUEZ (IED)", "nombre_upl": "USME - ENTRENUBES", "nombre_upz": "LA FLORA", "z_publicado": 0.002, "n_examenes": 389, "n_anios": 9, "cluster": "NS", "lisa_p": 0.0829, "conflicto_est": false }, "geometry": { "type": "Point", "coordinates": [ -74.090999998152256, 4.504999998956919 ] } },
{ "type": "Feature", "properties": { "sede": "211001076346", "nombre_sede": "RURAL LAS AURAS", "nombre_est": "COLEGIO CAMPESTRE JAIME GARZON (IED)", "nombre_upl": "SUMAPAZ", "nombre_upz": "RIO BLANCO", "z_publicado": -0.226, "n_examenes": 168, "n_anios": 9, "cluster": "LL", "lisa_p": 0.00032, "conflicto_est": false }, "geometry": { "type": "Point", "coordinates": [ -74.171500001102686, 4.171000000089407 ] } },
{ "type": "Feature", "properties": { "sede": "211001076958", "nombre_sede": "VILLAS DEL PROGRESO", "nombre_est": "COLEGIO VILLAS DEL PROGRESO (IED)", "nombre_upl": "EDEN", "nombre_upz": "BOSA OCCIDENTAL", "z_publicado": 0.263, "n_examenes": 88, "n_anios": 1, "cluster": "NS", "lisa_p": 0.29083, "conflicto_est": false }, "geometry": { "type": "Point", "coordinates": [ -74.200699999928474, 4.625500001013279 ] } },
{ "type": "Feature", "properties": { "sede": "211001094832", "nombre_sede": "PUERTA AL LLANO", "nombre_est": "COLEGIO CIUDAD DE VILLAVICENCIO (IED)", "nombre_upl": "USME - ENTRENUBES", "nombre_upz": "ALFONSO LOPEZ", "z_publicado": -0.245, "n_examenes": 811, "n_anios": 7, "cluster": "NS", "lisa_p": 0.09977, "conflicto_est": true }, "geometry": { "type": "Point", "coordinates": [ -74.10080000013113, 4.487199999392033 ] } },
{ "type": "Feature", "properties": { "sede": "211102000201", "nombre_sede": "SAN BERNARDINO", "nombre_est": "COLEGIO SAN BERNARDINO (IED)", "nombre_upl": "PORVENIR", "nombre_upz": "TINTAL SUR", "z_publicado": -0.185, "n_examenes": 1120, "n_anios": 9, "cluster": "NS", "lisa_p": 0.48812, "conflicto_est": false }, "geometry": { "type": "Point", "coordinates": [ -74.203999999910593, 4.618000000715256 ] } },
{ "type": "Feature", "properties": { "sede": "211102000243", "nombre_sede": "EL PORVENIR", "nombre_est": "COLEGIO EL PORVENIR (IED)", "nombre_upl": "PORVENIR", "nombre_upz": "EL PORVENIR", "z_publicado": 0.23, "n_examenes": 1589, "n_anios": 9, "cluster": "NS", "lisa_p": 0.64857, "conflicto_est": false }, "geometry": { "type": "Point", "coordinates": [ -74.183600001037121, 4.635899998247623 ] } },
{ "type": "Feature", "properties": { "sede": "211102000995", "nombre_sede": "BOSANOVA", "nombre_est": "COLEGIO BOSANOVA (IED)", "nombre_upl": "EDEN", "nombre_upz": "BOSA OCCIDENTAL", "z_publicado": 0.053, "n_examenes": 869, "n_anios": 9, "cluster": "NS", "lisa_p": 0.58414, "conflicto_est": false }, "geometry": { "type": "Point", "coordinates": [ -74.188499998301268, 4.622499998658895 ] } },
{ "type": "Feature", "properties": { "sede": "211769003151", "nombre_sede": "CHORRILLOS", "nombre_est": "COLEGIO NICOLAS BUENAVENTURA (IED)", "nombre_upl": "TORCA", "nombre_upz": "ZONA NORTE", "z_publicado": 0.387, "n_examenes": 203, "n_anios": 3, "cluster": "NS", "lisa_p": 0.09714, "conflicto_est": true }, "geometry": { "type": "Point", "coordinates": [ -74.0912000015378, 4.78489999845624 ] } },
{ "type": "Feature", "properties": { "sede": "211848000141", "nombre_sede": "TORCA", "nombre_est": "COLEGIO NUEVO HORIZONTE (IED)", "nombre_upl": "CERROS ORIENTALES", "nombre_upz": "ZONA NORTE", "z_publicado": 0.223, "n_examenes": 377, "n_anios": 8, "cluster": "LH", "lisa_p": 0.00068, "conflicto_est": false }, "geometry": { "type": "Point", "coordinates": [ -74.028999999165535, 4.80009999871254 ] } },
{ "type": "Feature", "properties": { "sede": "211850000051", "nombre_sede": "GRAN YOMASA", "nombre_est": "COLEGIO GRAN YOMASA (IED)", "nombre_upl": "RAFAEL URIBE", "nombre_upz": "GRAN YOMASA", "z_publicado": 0.062, "n_examenes": 803, "n_anios": 9, "cluster": "NS", "lisa_p": 0.70405, "conflicto_est": false }, "geometry": { "type": "Point", "coordinates": [ -74.109600000083447, 4.508200000971556 ] } },
{ "type": "Feature", "properties": { "sede": "211850000094", "nombre_sede": "RURAL ADELINA GUTIERREZ PALACIOS", "nombre_est": "COLEGIO CAMPESTRE JAIME GARZON (IED)", "nombre_upl": "SUMAPAZ", "nombre_upz": "RIO BLANCO", "z_publicado": null, "n_examenes": 5, "n_anios": 2, "cluster": "NS", "lisa_p": 0.05448, "conflicto_est": false }, "geometry": { "type": "Point", "coordinates": [ -74.145700000226498, 4.218199998140335 ] } },
{ "type": "Feature", "properties": { "sede": "211850000175", "nombre_sede": "RURAL TUNAL ALTO", "nombre_est": "COLEGIO GIMNASIO DEL CAMPO JUAN DE LA CRUZ VARELA (IED)", "nombre_upl": "SUMAPAZ", "nombre_upz": "RIO SUMAPAZ", "z_publicado": -0.655, "n_examenes": 29, "n_anios": 5, "cluster": "LL", "lisa_p": 0.00105, "conflicto_est": false }, "geometry": { "type": "Point", "coordinates": [ -74.335999999195337, 3.954999998211861 ] } },
{ "type": "Feature", "properties": { "sede": "211850000787", "nombre_sede": "TENERIFE", "nombre_est": "COLEGIO TENERIFE - GRANADA SUR (IED)", "nombre_upl": "USME - ENTRENUBES", "nombre_upz": "COMUNEROS", "z_publicado": 0.163, "n_examenes": 530, "n_anios": 9, "cluster": "NS", "lisa_p": 0.08515, "conflicto_est": false }, "geometry": { "type": "Point", "coordinates": [ -74.107799999415874, 4.498599998652935 ] } },
{ "type": "Feature", "properties": { "sede": "211850000833", "nombre_sede": "RURAL ERASMO VALENCIA", "nombre_est": "COLEGIO GIMNASIO DEL CAMPO JUAN DE LA CRUZ VARELA (IED)", "nombre_upl": "SUMAPAZ", "nombre_upz": "RIO SUMAPAZ", "z_publicado": -0.34, "n_examenes": 27, "n_anios": 5, "cluster": "LL", "lisa_p": 0.00045, "conflicto_est": false }, "geometry": { "type": "Point", "coordinates": [ -74.300400000065565, 4.030299998819828 ] } },
{ "type": "Feature", "properties": { "sede": "211850000876", "nombre_sede": "RURAL EL DESTINO", "nombre_est": "COLEGIO EL DESTINO (IED)", "nombre_upl": "CUENCA DEL TUNJUELO", "nombre_upz": "RIO TUNJUELO", "z_publicado": 0.028, "n_examenes": 416, "n_anios": 9, "cluster": "NS", "lisa_p": 0.0845, "conflicto_est": false }, "geometry": { "type": "Point", "coordinates": [ -74.138399999588728, 4.408100001513958 ] } },
{ "type": "Feature", "properties": { "sede": "211850000981", "nombre_sede": "RURAL EL UVAL", "nombre_est": "COLEGIO EL UVAL (IED)", "nombre_upl": "CUENCA DEL TUNJUELO", "nombre_upz": "CIUDAD USME", "z_publicado": -0.186, "n_examenes": 439, "n_anios": 9, "cluster": "NS", "lisa_p": 0.08042, "conflicto_est": false }, "geometry": { "type": "Point", "coordinates": [ -74.105200000107288, 4.477600000798702 ] } },
{ "type": "Feature", "properties": { "sede": "211850001121", "nombre_sede": "RURAL PASQUILLA", "nombre_est": "COLEGIO RURAL PASQUILLA (IED)", "nombre_upl": "CUENCA DEL TUNJUELO", "nombre_upz": "RIO TUNJUELO", "z_publicado": -0.056, "n_examenes": 626, "n_anios": 9, "cluster": "NS", "lisa_p": 0.1409, "conflicto_est": false }, "geometry": { "type": "Point", "coordinates": [ -74.156700000166893, 4.444699998944998 ] } },
{ "type": "Feature", "properties": { "sede": "211850001171", "nombre_sede": "RURAL QUIBA ALTA", "nombre_est": "COLEGIO RURAL QUIBA ALTA (IED)", "nombre_upl": "CUENCA DEL TUNJUELO", "nombre_upz": "RIO TUNJUELO", "z_publicado": -0.184, "n_examenes": 449, "n_anios": 9, "cluster": "LL", "lisa_p": 0.00499, "conflicto_est": false }, "geometry": { "type": "Point", "coordinates": [ -74.164799999445677, 4.513799998909235 ] } },
{ "type": "Feature", "properties": { "sede": "211850001317", "nombre_sede": "RURAL JOSE CELESTINO MUTIS", "nombre_est": "COLEGIO RURAL JOSE CELESTINO MUTIS (IED)", "nombre_upl": "CUENCA DEL TUNJUELO", "nombre_upz": "RIO TUNJUELO", "z_publicado": 0.005, "n_examenes": 659, "n_anios": 9, "cluster": "LL", "lisa_p": 0.00762, "conflicto_est": false }, "geometry": { "type": "Point", "coordinates": [ -74.151999998837709, 4.510999999940395 ] } },
{ "type": "Feature", "properties": { "sede": "211850001473", "nombre_sede": "RURAL LA UNION", "nombre_est": "COLEGIO GIMNASIO DEL CAMPO JUAN DE LA CRUZ VARELA (IED)", "nombre_upl": "SUMAPAZ", "nombre_upz": "RIO SUMAPAZ", "z_publicado": -0.686, "n_examenes": 243, "n_anios": 9, "cluster": "LL", "lisa_p": 0.00114, "conflicto_est": false }, "geometry": { "type": "Point", "coordinates": [ -74.363699998706579, 3.985599998384714 ] } },
{ "type": "Feature", "properties": { "sede": "211850001481", "nombre_sede": "FABIO LOZANO SIMONELLI", "nombre_est": "COLEGIO FABIO LOZANO SIMONELLI (IED)", "nombre_upl": "RAFAEL URIBE", "nombre_upz": "DANUBIO", "z_publicado": 0.036, "n_examenes": 839, "n_anios": 9, "cluster": "NS", "lisa_p": 0.62174, "conflicto_est": false }, "geometry": { "type": "Point", "coordinates": [ -74.109299998730421, 4.533100001513958 ] } },
{ "type": "Feature", "properties": { "sede": "311001000018", "nombre_sede": "COLEGIO GEORGE WILLIAMS", "nombre_est": "COLEGIO GEORGE WILLIAMS", "nombre_upl": "TEUSAQUILLO", "nombre_upz": "TEUSAQUILLO", "z_publicado": 1.065, "n_examenes": 147, "n_anios": 9, "cluster": "NS", "lisa_p": 0.54347, "conflicto_est": false }, "geometry": { "type": "Point", "coordinates": [ -74.074000000953674, 4.618500001728535 ] } },
{ "type": "Feature", "properties": { "sede": "311001000034", "nombre_sede": "LICEO RODRIGO ARENAS BETANCOURT", "nombre_est": "LICEO RODRIGO ARENAS BETANCOURT", "nombre_upl": "EDEN", "nombre_upz": "TIMIZA", "z_publicado": 1.057, "n_examenes": 467, "n_anios": 9, "cluster": "NS", "lisa_p": 0.0824, "conflicto_est": false }, "geometry": { "type": "Point", "coordinates": [ -74.175500001758337, 4.617300000041723 ] } },
{ "type": "Feature", "properties": { "sede": "311001000158", "nombre_sede": "GIMNASIO COLOMBO ANDINO", "nombre_est": "GIMNASIO COLOMBO ANDINO", "nombre_upl": "KENNEDY", "nombre_upz": "TIMIZA", "z_publicado": 0.038, "n_examenes": 129, "n_anios": 9, "cluster": "NS", "lisa_p": 0.23593, "conflicto_est": false }, "geometry": { "type": "Point", "coordinates": [ -74.156100001186132, 4.606199998408556 ] } },
{ "type": "Feature", "properties": { "sede": "311001000221", "nombre_sede": "LICEO PEDAGOGICO", "nombre_est": "LICEO PEDAGOGICO", "nombre_upl": "BARRIOS UNIDOS", "nombre_upz": "LOS ALCAZARES", "z_publicado": 0.355, "n_examenes": 69, "n_anios": 8, "cluster": "NS", "lisa_p": 0.73692, "conflicto_est": false }, "geometry": { "type": "Point", "coordinates": [ -74.067200001329184, 4.657699998468161 ] } },
{ "type": "Feature", "properties": { "sede": "311001000263", "nombre_sede": "COLEGIO GIMNASIO LA SALETTE", "nombre_est": "COLEGIO GIMNASIO LA SALETTE", "nombre_upl": "TORCA", "nombre_upz": "BRITALIA", "z_publicado": 1.007, "n_examenes": 141, "n_anios": 9, "cluster": "HH", "lisa_p": 0.00043, "conflicto_est": false }, "geometry": { "type": "Point", "coordinates": [ -74.042300000786781, 4.800500001758337 ] } },
{ "type": "Feature", "properties": { "sede": "311001000298", "nombre_sede": "COLEGIO SANTA TERESITA", "nombre_est": "COLEGIO SANTA TERESITA", "nombre_upl": "PUENTE ARANDA", "nombre_upz": "SAN RAFAEL", "z_publicado": 0.23, "n_examenes": 175, "n_anios": 9, "cluster": "LH", "lisa_p": 0.00598, "conflicto_est": false }, "geometry": { "type": "Point", "coordinates": [ -74.118500001728535, 4.62220000103116 ] } },
{ "type": "Feature", "properties": { "sede": "311001000310", "nombre_sede": "COLEGIO GLENN DOMAN", "nombre_est": "COLEGIO GLENN DOMAN", "nombre_upl": "TEUSAQUILLO", "nombre_upz": "TEUSAQUILLO", "z_publicado": 0.276, "n_examenes": 284, "n_anios": 9, "cluster": "NS", "lisa_p": 0.07252, "conflicto_est": false }, "geometry": { "type": "Point", "coordinates": [ -74.078899998217821, 4.629700001329184 ] } },
{ "type": "Feature", "properties": { "sede": "311001000328", "nombre_sede": "COLEGIO DE MARIA AUXILIADORA", "nombre_est": "COLEGIO DE MARIA AUXILIADORA", "nombre_upl": "CENTRO HISTORICO", "nombre_upz": "SAGRADO CORAZON", "z_publicado": 1.287, "n_examenes": 484, "n_anios": 9, "cluster": "NS", "lisa_p": 0.66597, "conflicto_est": false }, "geometry": { "type": "Point", "coordinates": [ -74.068900000303984, 4.617800001055002 ] } },
{ "type": "Feature", "properties": { "sede": "311001000352", "nombre_sede": "COLEGIO ERNESTO GUHL", "nombre_est": "COLEGIO ERNESTO GUHL", "nombre_upl": "PATIO BONITO", "nombre_upz": "PATIO BONITO", "z_publicado": 0.502, "n_examenes": 120, "n_anios": 9, "cluster": "NS", "lisa_p": 0.44006, "conflicto_est": false }, "geometry": { "type": "Point", "coordinates": [ -74.172400001436472, 4.633200000971556 ] } },
{ "type": "Feature", "properties": { "sede": "311001000379", "nombre_sede": "COLEGIO NUESTRA SEÑORA DE LAS VICTORIAS", "nombre_est": "COLEGIO NUESTRA SEÑORA DE LAS VICTORIAS", "nombre_upl": "TUNJUELITO", "nombre_upz": "TUNJUELITO", "z_publicado": 0.574, "n_examenes": 270, "n_anios": 9, "cluster": "NS", "lisa_p": 0.80946, "conflicto_est": false }, "geometry": { "type": "Point", "coordinates": [ -74.129999998956919, 4.560699999332428 ] } },
{ "type": "Feature", "properties": { "sede": "311001000387", "nombre_sede": "COLEGIO MIXTO VILLA CAROLINA EU", "nombre_est": "COLEGIO MIXTO VILLA CAROLINA EU", "nombre_upl": "EDEN", "nombre_upz": "BOSA OCCIDENTAL", "z_publicado": 0.237, "n_examenes": 285, "n_anios": 9, "cluster": "NS", "lisa_p": 0.40437, "conflicto_est": false }, "geometry": { "type": "Point", "coordinates": [ -74.195099998265505, 4.621100001037121 ] } },
{ "type": "Feature", "properties": { "sede": "311001000441", "nombre_sede": "LICEO PARROQUIAL SAN JOSE", "nombre_est": "LICEO PARROQUIAL SAN JOSE", "nombre_upl": "RAFAEL URIBE", "nombre_upz": "MARCO FIDEL SUAREZ", "z_publicado": 0.479, "n_examenes": 350, "n_anios": 9, "cluster": "NS", "lisa_p": 0.08238, "conflicto_est": false }, "geometry": { "type": "Point", "coordinates": [ -74.122099999338388, 4.569200001657009 ] } },
{ "type": "Feature", "properties": { "sede": "311001000506", "nombre_sede": "COLEGIO CALASANZ LA ESMERALDA ESCOLAPIAS", "nombre_est": "COLEGIO CALASANZ LA ESMERALDA ESCOLAPIAS", "nombre_upl": "TEUSAQUILLO", "nombre_upz": "LA ESMERALDA", "z_publicado": 1.246, "n_examenes": 539, "n_anios": 9, "cluster": "NS", "lisa_p": 0.10759, "conflicto_est": false }, "geometry": { "type": "Point", "coordinates": [ -74.090599998831749, 4.647599998861551 ] } },
{ "type": "Feature", "properties": { "sede": "311001000514", "nombre_sede": "NUEVO COLEGIO LUSADI LTDA", "nombre_est": "NUEVO COLEGIO LUSADI LTDA", "nombre_upl": "LUCERO", "nombre_upz": "LUCERO", "z_publicado": 0.455, "n_examenes": 272, "n_anios": 9, "cluster": "HL", "lisa_p": 0.04966, "conflicto_est": false }, "geometry": { "type": "Point", "coordinates": [ -74.143899999558926, 4.550500001758337 ] } },
{ "type": "Feature", "properties": { "sede": "311001000531", "nombre_sede": "LICEO EL GRAN VIRREY", "nombre_est": "LICEO EL GRAN VIRREY", "nombre_upl": "ENGATIVA", "nombre_upz": "GARCES NAVAS", "z_publicado": 1.023, "n_examenes": 729, "n_anios": 9, "cluster": "NS", "lisa_p": 0.73469, "conflicto_est": false }, "geometry": { "type": "Point", "coordinates": [ -74.121399998664856, 4.70549999922514 ] } },
{ "type": "Feature", "properties": { "sede": "311001000590", "nombre_sede": "LICEO CATOLICO CAMPESTRE", "nombre_est": "LICEO CATOLICO CAMPESTRE", "nombre_upl": "TORCA", "nombre_upz": "LA ACADEMIA", "z_publicado": 1.405, "n_examenes": 167, "n_anios": 9, "cluster": "HH", "lisa_p": 0.00041, "conflicto_est": false }, "geometry": { "type": "Point", "coordinates": [ -74.04280000180006, 4.797899998724461 ] } },
{ "type": "Feature", "properties": { "sede": "311001000689", "nombre_sede": "LICEO GOLDEN RULE", "nombre_est": "LICEO GOLDEN RULE", "nombre_upl": "TIBABUYES", "nombre_upz": "TIBABUYES", "z_publicado": 0.823, "n_examenes": 219, "n_anios": 9, "cluster": "NS", "lisa_p": 0.39073, "conflicto_est": false }, "geometry": { "type": "Point", "coordinates": [ -74.111900001764297, 4.748500000685453 ] } },
{ "type": "Feature", "properties": { "sede": "311001000697", "nombre_sede": "LICEO LATINOAMERICANO", "nombre_est": "LICEO LATINOAMERICANO", "nombre_upl": "TEUSAQUILLO", "nombre_upz": "TEUSAQUILLO", "z_publicado": 1.053, "n_examenes": 222, "n_anios": 9, "cluster": "NS", "lisa_p": 0.63213, "conflicto_est": false }, "geometry": { "type": "Point", "coordinates": [ -74.072799999266863, 4.617400001734495 ] } },
{ "type": "Feature", "properties": { "sede": "311001000727", "nombre_sede": "LICEO SUPERIOR DE BOGOTA", "nombre_est": "LICEO SUPERIOR DE BOGOTA", "nombre_upl": "RESTREPO", "nombre_upz": "QUIROGA", "z_publicado": 1.129, "n_examenes": 505, "n_anios": 9, "cluster": "NS", "lisa_p": 0.42453, "conflicto_est": false }, "geometry": { "type": "Point", "coordinates": [ -74.104499999433756, 4.581999998539686 ] } },
{ "type": "Feature", "properties": { "sede": "311001000735", "nombre_sede": "COLEGIO COLSUBSIDIO NORTE", "nombre_est": "COLEGIO COLSUBSIDIO NORTE", "nombre_upl": "USAQUEN", "nombre_upz": "LOS CEDROS", "z_publicado": 1.348, "n_examenes": 573, "n_anios": 9, "cluster": "HH", "lisa_p": 0.04947, "conflicto_est": false }, "geometry": { "type": "Point", "coordinates": [ -74.040899999439716, 4.732200000435114 ] } },
{ "type": "Feature", "properties": { "sede": "311001000832", "nombre_sede": "GIMNASIO MODERNO", "nombre_est": "GIMNASIO MODERNO", "nombre_upl": "CHAPINERO", "nombre_upz": "CHICO LAGO", "z_publicado": 1.637, "n_examenes": 655, "n_anios": 9, "cluster": "NS", "lisa_p": 0.52456, "conflicto_est": false }, "geometry": { "type": "Point", "coordinates": [ -74.055399999022484, 4.658500000834465 ] } },
{ "type": "Feature", "properties": { "sede": "311001000841", "nombre_sede": "COLEGIO MONTFERRI", "nombre_est": "COLEGIO MONTFERRI", "nombre_upl": "TINTAL", "nombre_upz": "CASTILLA", "z_publicado": 0.651, "n_examenes": 472, "n_anios": 9, "cluster": "NS", "lisa_p": 0.32857, "conflicto_est": false }, "geometry": { "type": "Point", "coordinates": [ -74.139299999922514, 4.641699999570847 ] } },
{ "type": "Feature", "properties": { "sede": "311001000859", "nombre_sede": "CENTRO COMERCIAL DE EDUCACION MEDIA MARGARITA BOSCO", "nombre_est": "CENTRO COMERCIAL DE EDUCACION MEDIA MARGARITA BOSCO", "nombre_upl": "TABORA", "nombre_upz": "SANTA CECILIA", "z_publicado": 1.268, "n_examenes": 530, "n_anios": 9, "cluster": "NS", "lisa_p": 0.54319, "conflicto_est": false }, "geometry": { "type": "Point", "coordinates": [ -74.105999998748302, 4.676699999719858 ] } },
{ "type": "Feature", "properties": { "sede": "311001000875", "nombre_sede": "COLEGIO DEL BOSQUE BILINGÜE", "nombre_est": "COLEGIO DEL BOSQUE BILINGÜE", "nombre_upl": "BRITALIA", "nombre_upz": "SAN JOSE DE BAVARIA", "z_publicado": 1.139, "n_examenes": 145, "n_anios": 9, "cluster": "HH", "lisa_p": 0.0018, "conflicto_est": false }, "geometry": { "type": "Point", "coordinates": [ -74.060100000351667, 4.757199998944998 ] } },
{ "type": "Feature", "properties": { "sede": "311001000891", "nombre_sede": "COLEGIO INTEGRAL ERVID", "nombre_est": "COLEGIO INTEGRAL ERVID", "nombre_upl": "TEUSAQUILLO", "nombre_upz": "GALERIAS", "z_publicado": 0.454, "n_examenes": 172, "n_anios": 9, "cluster": "NS", "lisa_p": 0.51098, "conflicto_est": false }, "geometry": { "type": "Point", "coordinates": [ -74.067099999636412, 4.642599999904633 ] } },
{ "type": "Feature", "properties": { "sede": "311001000921", "nombre_sede": "LICEO CULTURAL LUIS ENRIQUE OSORIO", "nombre_est": "LICEO CULTURAL LUIS ENRIQUE OSORIO", "nombre_upl": "EDEN", "nombre_upz": "BOSA OCCIDENTAL", "z_publicado": 0.228, "n_examenes": 810, "n_anios": 9, "cluster": "NS", "lisa_p": 0.21204, "conflicto_est": false }, "geometry": { "type": "Point", "coordinates": [ -74.194400001317263, 4.624000001698732 ] } },
{ "type": "Feature", "properties": { "sede": "311001000972", "nombre_sede": "COLEGIO COMUNITARIO NOCTURNO DE BACHILLERATO LA LIBERTAD", "nombre_est": "COLEGIO COMUNITARIO NOCTURNO DE BACHILLERATO LA LIBERTAD", "nombre_upl": "EDEN", "nombre_upz": "BOSA OCCIDENTAL", "z_publicado": -0.501, "n_examenes": 266, "n_anios": 6, "cluster": "NS", "lisa_p": 0.6089, "conflicto_est": false }, "geometry": { "type": "Point", "coordinates": [ -74.192299999296665, 4.625199999660254 ] } },
{ "type": "Feature", "properties": { "sede": "311001001022", "nombre_sede": "COLEGIO DEL ROSARIO DE SANTO DOMINGO", "nombre_est": "COLEGIO DEL ROSARIO DE SANTO DOMINGO", "nombre_upl": "CHAPINERO", "nombre_upz": "PARDO RUBIO", "z_publicado": 1.695, "n_examenes": 517, "n_anios": 9, "cluster": "HH", "lisa_p": 0.01946, "conflicto_est": false }, "geometry": { "type": "Point", "coordinates": [ -74.052299998700619, 4.647599998861551 ] } },
{ "type": "Feature", "properties": { "sede": "311001001031", "nombre_sede": "GIMNASIO DEL CORAZON DE MARIA", "nombre_est": "GIMNASIO DEL CORAZON DE MARIA", "nombre_upl": "BARRIOS UNIDOS", "nombre_upz": "DOCE DE OCTUBRE", "z_publicado": 1.049, "n_examenes": 393, "n_anios": 9, "cluster": "NS", "lisa_p": 0.89307, "conflicto_est": false }, "geometry": { "type": "Point", "coordinates": [ -74.077500000596046, 4.672600001096725 ] } },
{ "type": "Feature", "properties": { "sede": "311001001049", "nombre_sede": "COLEGIO EL CARMEN TERESIANO", "nombre_est": "COLEGIO EL CARMEN TERESIANO", "nombre_upl": "RESTREPO", "nombre_upz": "SAN JOSE", "z_publicado": 1.139, "n_examenes": 729, "n_anios": 9, "cluster": "NS", "lisa_p": 0.91653, "conflicto_est": false }, "geometry": { "type": "Point", "coordinates": [ -74.103799998760223, 4.569600000977516 ] } },
{ "type": "Feature", "properties": { "sede": "311001001057", "nombre_sede": "COLEGIO PARROQUIAL BILINGÜE SANTA ISABEL DE HUNGRIA", "nombre_est": "COLEGIO PARROQUIAL BILINGÜE SANTA ISABEL DE HUNGRIA", "nombre_upl": "PUENTE ARANDA", "nombre_upz": "MUZU", "z_publicado": 1.0, "n_examenes": 1214, "n_anios": 9, "cluster": "NS", "lisa_p": 0.54647, "conflicto_est": false }, "geometry": { "type": "Point", "coordinates": [ -74.129599999636412, 4.598799999803305 ] } },
{ "type": "Feature", "properties": { "sede": "311001001081", "nombre_sede": "COLEGIO DE LA PRESENTACION DE LAS FERIAS", "nombre_est": "COLEGIO DE LA PRESENTACION DE LAS FERIAS", "nombre_upl": "TABORA", "nombre_upz": "LAS FERIAS", "z_publicado": 0.658, "n_examenes": 577, "n_anios": 9, "cluster": "NS", "lisa_p": 0.41238, "conflicto_est": false }, "geometry": { "type": "Point", "coordinates": [ -74.085900001227856, 4.685600001364946 ] } },
{ "type": "Feature", "properties": { "sede": "311001001090", "nombre_sede": "COLEGIO DE LA UNIVERSIDAD LIBRE", "nombre_est": "COLEGIO DE LA UNIVERSIDAD LIBRE", "nombre_upl": "SALITRE", "nombre_upz": "JARDIN BOTANICO", "z_publicado": 1.254, "n_examenes": 1026, "n_anios": 9, "cluster": "NS", "lisa_p": 0.23846, "conflicto_est": false }, "geometry": { "type": "Point", "coordinates": [ -74.103300001472235, 4.668299999088049 ] } },
{ "type": "Feature", "properties": { "sede": "311001001111", "nombre_sede": "COLEGIO SAN FELIPE NERI", "nombre_est": "COLEGIO SAN FELIPE NERI", "nombre_upl": "BARRIOS UNIDOS", "nombre_upz": "LOS ALCAZARES", "z_publicado": 0.872, "n_examenes": 714, "n_anios": 9, "cluster": "NS", "lisa_p": 0.68674, "conflicto_est": false }, "geometry": { "type": "Point", "coordinates": [ -74.070500001311302, 4.663800001144409 ] } },
{ "type": "Feature", "properties": { "sede": "311001001162", "nombre_sede": "COLEGIO PARROQUIAL NUESTRA SEÑORA DE LA VALVANERA", "nombre_est": "COLEGIO PARROQUIAL NUESTRA SEÑORA DE LA VALVANERA", "nombre_upl": "RESTREPO", "nombre_upz": "RESTREPO", "z_publicado": 0.568, "n_examenes": 472, "n_anios": 9, "cluster": "NS", "lisa_p": 0.58639, "conflicto_est": false }, "geometry": { "type": "Point", "coordinates": [ -74.100499998778105, 4.589699998497963 ] } },
{ "type": "Feature", "properties": { "sede": "311001001243", "nombre_sede": "LICEO DEL CARIBE", "nombre_est": "LICEO DEL CARIBE", "nombre_upl": "PUENTE ARANDA", "nombre_upz": "CIUDAD MONTES", "z_publicado": 0.858, "n_examenes": 610, "n_anios": 9, "cluster": "NS", "lisa_p": 0.34859, "conflicto_est": false }, "geometry": { "type": "Point", "coordinates": [ -74.110800001770258, 4.610399998724461 ] } },
{ "type": "Feature", "properties": { "sede": "311001001332", "nombre_sede": "COLEGIO DANILO CIFUENTES", "nombre_est": "COLEGIO DANILO CIFUENTES", "nombre_upl": "RESTREPO", "nombre_upz": "SAN BLAS", "z_publicado": 0.212, "n_examenes": 459, "n_anios": 9, "cluster": "NS", "lisa_p": 0.74146, "conflicto_est": false }, "geometry": { "type": "Point", "coordinates": [ -74.099800001829863, 4.570300001651049 ] } },
{ "type": "Feature", "properties": { "sede": "311001001383", "nombre_sede": "COLEGIO BILINGÜE LISA MEITNER", "nombre_est": "COLEGIO BILINGÜE LISA MEITNER", "nombre_upl": "TORCA", "nombre_upz": "ZONA NORTE", "z_publicado": 1.389, "n_examenes": 113, "n_anios": 7, "cluster": "NS", "lisa_p": 0.28455, "conflicto_est": false }, "geometry": { "type": "Point", "coordinates": [ -74.091600000858307, 4.763599999248981 ] } },
{ "type": "Feature", "properties": { "sede": "311001001391", "nombre_sede": "LICEO JULIO CESAR GARCIA", "nombre_est": "LICEO JULIO CESAR GARCIA", "nombre_upl": "CENTRO HISTORICO", "nombre_upz": "LA CANDELARIA", "z_publicado": 0.681, "n_examenes": 370, "n_anios": 9, "cluster": "NS", "lisa_p": 0.62212, "conflicto_est": false }, "geometry": { "type": "Point", "coordinates": [ -74.071600001305342, 4.597199998795986 ] } },
{ "type": "Feature", "properties": { "sede": "311001001553", "nombre_sede": "COLEGIO HERMANOS BELTRAN", "nombre_est": "COLEGIO HERMANOS BELTRAN", "nombre_upl": "RAFAEL URIBE", "nombre_upz": "MARCO FIDEL SUAREZ", "z_publicado": 0.102, "n_examenes": 264, "n_anios": 9, "cluster": "NS", "lisa_p": 0.39177, "conflicto_est": false }, "geometry": { "type": "Point", "coordinates": [ -74.119800001382828, 4.56980000063777 ] } },
{ "type": "Feature", "properties": { "sede": "311001001618", "nombre_sede": "LICEO PARROQUIAL SAN GREGORIO MAGNO", "nombre_est": "LICEO PARROQUIAL SAN GREGORIO MAGNO", "nombre_upl": "CENTRO HISTORICO", "nombre_upz": "LA SABANA", "z_publicado": 0.833, "n_examenes": 464, "n_anios": 9, "cluster": "NS", "lisa_p": 0.92146, "conflicto_est": false }, "geometry": { "type": "Point", "coordinates": [ -74.094500001519918, 4.609400000423193 ] } },
{ "type": "Feature", "properties": { "sede": "311001001626", "nombre_sede": "GIMNASIO LOS ARRAYANES BILINGÜE", "nombre_est": "GIMNASIO LOS ARRAYANES BILINGÜE", "nombre_upl": "TORCA", "nombre_upz": "LA ACADEMIA", "z_publicado": 1.2, "n_examenes": 870, "n_anios": 9, "cluster": "HH", "lisa_p": 0.0, "conflicto_est": false }, "geometry": { "type": "Point", "coordinates": [ -74.043600000441074, 4.795299999415874 ] } },
{ "type": "Feature", "properties": { "sede": "311001001642", "nombre_sede": "COLEGIO NUEVA GENERACION ALTAMIRA - CONGA", "nombre_est": "COLEGIO NUEVA GENERACION ALTAMIRA - CONGA", "nombre_upl": "SAN CRISTOBAL", "nombre_upz": "LA GLORIA", "z_publicado": 0.077, "n_examenes": 352, "n_anios": 9, "cluster": "NS", "lisa_p": 0.25329, "conflicto_est": false }, "geometry": { "type": "Point", "coordinates": [ -74.087699998170137, 4.543299999088049 ] } },
{ "type": "Feature", "properties": { "sede": "311001001707", "nombre_sede": "COLEGIO CENTRO LESTONNAC COMPAÑIA DE MARIA", "nombre_est": "COLEGIO CENTRO LESTONNAC COMPAÑIA DE MARIA", "nombre_upl": "TABORA", "nombre_upz": "EL MINUTO DE DIOS", "z_publicado": 0.874, "n_examenes": 562, "n_anios": 9, "cluster": "NS", "lisa_p": 0.64549, "conflicto_est": false }, "geometry": { "type": "Point", "coordinates": [ -74.09910000115633, 4.708000000566244 ] } },
{ "type": "Feature", "properties": { "sede": "311001001839", "nombre_sede": "LICEO HERMANO MIGUEL LA SALLE", "nombre_est": "LICEO HERMANO MIGUEL LA SALLE", "nombre_upl": "BARRIOS UNIDOS", "nombre_upz": "DOCE DE OCTUBRE", "z_publicado": 1.408, "n_examenes": 1049, "n_anios": 9, "cluster": "NS", "lisa_p": 0.57942, "conflicto_est": false }, "geometry": { "type": "Point", "coordinates": [ -74.080099999904633, 4.662500001490116 ] } },
{ "type": "Feature", "properties": { "sede": "311001001871", "nombre_sede": "COLEGIO EL CARMELO", "nombre_est": "COLEGIO EL CARMELO", "nombre_upl": "TEUSAQUILLO", "nombre_upz": "GALERIAS", "z_publicado": 1.036, "n_examenes": 452, "n_anios": 9, "cluster": "NS", "lisa_p": 0.36106, "conflicto_est": false }, "geometry": { "type": "Point", "coordinates": [ -74.076499998569489, 4.633900001645088 ] } },
{ "type": "Feature", "properties": { "sede": "311001001901", "nombre_sede": "COLEGIO AMERICANO DE BOGOTA", "nombre_est": "COLEGIO AMERICANO DE BOGOTA", "nombre_upl": "TEUSAQUILLO", "nombre_upz": "TEUSAQUILLO", "z_publicado": 1.369, "n_examenes": 1547, "n_anios": 9, "cluster": "HH", "lisa_p": 0.00384, "conflicto_est": false }, "geometry": { "type": "Point", "coordinates": [ -74.073899999260902, 4.634300000965595 ] } },
{ "type": "Feature", "properties": { "sede": "311001001928", "nombre_sede": "COLEGIO NUEVO MONTESSORIANO", "nombre_est": "COLEGIO NUEVO MONTESSORIANO", "nombre_upl": "SALITRE", "nombre_upz": "MODELIA", "z_publicado": 0.553, "n_examenes": 198, "n_anios": 9, "cluster": "NS", "lisa_p": 0.06671, "conflicto_est": false }, "geometry": { "type": "Point", "coordinates": [ -74.125100001692772, 4.665199998766184 ] } },
{ "type": "Feature", "properties": { "sede": "311001001952", "nombre_sede": "COLEGIO DEL SANTISIMO ROSARIO", "nombre_est": "COLEGIO DEL SANTISIMO ROSARIO", "nombre_upl": "CENTRO HISTORICO", "nombre_upz": "LA CANDELARIA", "z_publicado": 0.6, "n_examenes": 181, "n_anios": 9, "cluster": "NS", "lisa_p": 0.715, "conflicto_est": false }, "geometry": { "type": "Point", "coordinates": [ -74.073600001633167, 4.595199998468161 ] } },
{ "type": "Feature", "properties": { "sede": "311001002070", "nombre_sede": "COLEGIO JORDAN DE SAJONIA", "nombre_est": "COLEGIO JORDAN DE SAJONIA", "nombre_upl": "CHAPINERO", "nombre_upz": "PARDO RUBIO", "z_publicado": 1.498, "n_examenes": 571, "n_anios": 9, "cluster": "HH", "lisa_p": 0.01305, "conflicto_est": false }, "geometry": { "type": "Point", "coordinates": [ -74.052700001746416, 4.64979999884963 ] } },
{ "type": "Feature", "properties": { "sede": "311001002282", "nombre_sede": "INSTITUTO FELIX RESTREPO", "nombre_est": "INSTITUTO FELIX RESTREPO", "nombre_upl": "TINTAL", "nombre_upz": "CASTILLA", "z_publicado": -0.281, "n_examenes": 68, "n_anios": 8, "cluster": "NS", "lisa_p": 0.49043, "conflicto_est": false }, "geometry": { "type": "Point", "coordinates": [ -74.14750000089407, 4.633099999278784 ] } },
{ "type": "Feature", "properties": { "sede": "311001002312", "nombre_sede": "COLEGIO MARILLAC", "nombre_est": "COLEGIO MARILLAC", "nombre_upl": "BARRIOS UNIDOS", "nombre_upz": "LOS ALCAZARES", "z_publicado": 0.624, "n_examenes": 372, "n_anios": 9, "cluster": "NS", "lisa_p": 0.53406, "conflicto_est": false }, "geometry": { "type": "Point", "coordinates": [ -74.072700001299381, 4.659299999475479 ] } },
{ "type": "Feature", "properties": { "sede": "311001002321", "nombre_sede": "COLEGIO PARROQUIAL SAN JUAN BAUTISTA DE LA SALLE", "nombre_est": "COLEGIO PARROQUIAL SAN JUAN BAUTISTA DE LA SALLE", "nombre_upl": "RESTREPO", "nombre_upz": "SAN JOSE", "z_publicado": 1.148, "n_examenes": 416, "n_anios": 9, "cluster": "HL", "lisa_p": 0.00196, "conflicto_est": false }, "geometry": { "type": "Point", "coordinates": [ -74.096400000154972, 4.575300000607967 ] } },
{ "type": "Feature", "properties": { "sede": "311001002380", "nombre_sede": "INSTITUTO SAN IGNACIO DE LOYOLA", "nombre_est": "INSTITUTO SAN IGNACIO DE LOYOLA", "nombre_upl": "RESTREPO", "nombre_upz": "QUIROGA", "z_publicado": 1.168, "n_examenes": 578, "n_anios": 9, "cluster": "NS", "lisa_p": 0.74055, "conflicto_est": false }, "geometry": { "type": "Point", "coordinates": [ -74.109000001102686, 4.581700000911951 ] } },
{ "type": "Feature", "properties": { "sede": "311001002428", "nombre_sede": "COLEGIO NUEVO GIMNASIO", "nombre_est": "COLEGIO NUEVO GIMNASIO", "nombre_upl": "CHAPINERO", "nombre_upz": "CHICO LAGO", "z_publicado": 1.325, "n_examenes": 203, "n_anios": 9, "cluster": "HH", "lisa_p": 0.0002, "conflicto_est": false }, "geometry": { "type": "Point", "coordinates": [ -74.054299999028444, 4.665500000119209 ] } },
{ "type": "Feature", "properties": { "sede": "311001002452", "nombre_sede": "FUNDACION COLEGIO CLARA CASAS MORALES", "nombre_est": "FUNDACION COLEGIO CLARA CASAS MORALES", "nombre_upl": "TOBERIN", "nombre_upz": "LA URIBE", "z_publicado": 1.088, "n_examenes": 191, "n_anios": 9, "cluster": "HH", "lisa_p": 0.002, "conflicto_est": false }, "geometry": { "type": "Point", "coordinates": [ -74.029399998486042, 4.746300000697374 ] } },
{ "type": "Feature", "properties": { "sede": "311001002461", "nombre_sede": "COLEGIO BILINGÜE SAN JUAN DE DIOS", "nombre_est": "COLEGIO BILINGÜE SAN JUAN DE DIOS", "nombre_upl": "SAN CRISTOBAL", "nombre_upz": "SOSIEGO", "z_publicado": 0.763, "n_examenes": 669, "n_anios": 9, "cluster": "NS", "lisa_p": 0.8299, "conflicto_est": false }, "geometry": { "type": "Point", "coordinates": [ -74.089699998497963, 4.576299998909235 ] } },
{ "type": "Feature", "properties": { "sede": "311001002568", "nombre_sede": "COLEGIO NUESTRA SEÑORA DE LAS LAJAS", "nombre_est": "COLEGIO NUESTRA SEÑORA DE LAS LAJAS", "nombre_upl": "CENTRO HISTORICO", "nombre_upz": "SANTA ISABEL", "z_publicado": 0.621, "n_examenes": 278, "n_anios": 9, "cluster": "NS", "lisa_p": 0.46548, "conflicto_est": false }, "geometry": { "type": "Point", "coordinates": [ -74.095600001513958, 4.601700000464916 ] } },
{ "type": "Feature", "properties": { "sede": "311001002576", "nombre_sede": "COLEGIO FRANCISCANO DEL VIRREY SOLIS", "nombre_est": "COLEGIO FRANCISCANO DEL VIRREY SOLIS", "nombre_upl": "TORCA", "nombre_upz": "SAN JOSE DE BAVARIA", "z_publicado": 1.449, "n_examenes": 504, "n_anios": 9, "cluster": "HH", "lisa_p": 1.0000000000000001e-05, "conflicto_est": false }, "geometry": { "type": "Point", "coordinates": [ -74.046799998730421, 4.772799998521805 ] } },
{ "type": "Feature", "properties": { "sede": "311001002843", "nombre_sede": "COLEGIO INTERAMERICANO", "nombre_est": "COLEGIO INTERAMERICANO", "nombre_upl": "SAN CRISTOBAL", "nombre_upz": "SOSIEGO", "z_publicado": 0.714, "n_examenes": 777, "n_anios": 9, "cluster": "NS", "lisa_p": 0.05979, "conflicto_est": false }, "geometry": { "type": "Point", "coordinates": [ -74.092599999159575, 4.574599999934435 ] } },
{ "type": "Feature", "properties": { "sede": "311001002878", "nombre_sede": "COLEGIO SANTA CLARA", "nombre_est": "COLEGIO SANTA CLARA", "nombre_upl": "TEUSAQUILLO", "nombre_upz": "TEUSAQUILLO", "z_publicado": 1.375, "n_examenes": 315, "n_anios": 9, "cluster": "NS", "lisa_p": 0.20496, "conflicto_est": false }, "geometry": { "type": "Point", "coordinates": [ -74.076699998229742, 4.625 ] } },
{ "type": "Feature", "properties": { "sede": "311001002908", "nombre_sede": "INSTITUTO NUESTRA SEÑORA DEL AMPARO", "nombre_est": "INSTITUTO NUESTRA SEÑORA DEL AMPARO", "nombre_upl": "SALITRE", "nombre_upz": "JARDIN BOTANICO", "z_publicado": 0.155, "n_examenes": 41, "n_anios": 8, "cluster": "LH", "lisa_p": 0.01366, "conflicto_est": false }, "geometry": { "type": "Point", "coordinates": [ -74.106100000441074, 4.665199998766184 ] } },
{ "type": "Feature", "properties": { "sede": "311001002991", "nombre_sede": "COLEGIO ADVENTISTA EMMANUEL", "nombre_est": "COLEGIO ADVENTISTA EMMANUEL", "nombre_upl": "RESTREPO", "nombre_upz": "RESTREPO", "z_publicado": 0.876, "n_examenes": 263, "n_anios": 9, "cluster": "NS", "lisa_p": 0.58385, "conflicto_est": false }, "geometry": { "type": "Point", "coordinates": [ -74.097500000149012, 4.588799998164177 ] } },
{ "type": "Feature", "properties": { "sede": "311001003084", "nombre_sede": "FUNDACION COLEGIO MAYOR DE SAN BARTOLOME", "nombre_est": "FUNDACION COLEGIO MAYOR DE SAN BARTOLOME", "nombre_upl": "CENTRO HISTORICO", "nombre_upz": "LA CANDELARIA", "z_publicado": 1.527, "n_examenes": 1296, "n_anios": 9, "cluster": "NS", "lisa_p": 0.36794, "conflicto_est": false }, "geometry": { "type": "Point", "coordinates": [ -74.076099999248981, 4.596900001168251 ] } },
{ "type": "Feature", "properties": { "sede": "311001003271", "nombre_sede": "COLEGIO EUCARISTICO", "nombre_est": "COLEGIO EUCARISTICO", "nombre_upl": "TOBERIN", "nombre_upz": "LA URIBE", "z_publicado": 1.325, "n_examenes": 460, "n_anios": 9, "cluster": "HH", "lisa_p": 0.00724, "conflicto_est": false }, "geometry": { "type": "Point", "coordinates": [ -74.041200000792742, 4.750300001353025 ] } },
{ "type": "Feature", "properties": { "sede": "311001003378", "nombre_sede": "GIMNASIO PEDAGOGICO NUESTRA SEÑORA DE FATIMA", "nombre_est": "GIMNASIO PEDAGOGICO NUESTRA SEÑORA DE FATIMA", "nombre_upl": "TUNJUELITO", "nombre_upz": "VENECIA", "z_publicado": 0.764, "n_examenes": 429, "n_anios": 9, "cluster": "NS", "lisa_p": 0.57139, "conflicto_est": false }, "geometry": { "type": "Point", "coordinates": [ -74.141600001603365, 4.589999999850988 ] } },
{ "type": "Feature", "properties": { "sede": "311001003483", "nombre_sede": "COLEGIO BILINGÜE NUESTRA SEÑORA DEL ROSARIO", "nombre_est": "COLEGIO BILINGÜE NUESTRA SEÑORA DEL ROSARIO", "nombre_upl": "PUENTE ARANDA", "nombre_upz": "SAN RAFAEL", "z_publicado": 1.52, "n_examenes": 812, "n_anios": 9, "cluster": "NS", "lisa_p": 0.11983, "conflicto_est": false }, "geometry": { "type": "Point", "coordinates": [ -74.119800001382828, 4.621100001037121 ] } },
{ "type": "Feature", "properties": { "sede": "311001003769", "nombre_sede": "GIMNASIO SANTA ROSA DE LIMA", "nombre_est": "GIMNASIO SANTA ROSA DE LIMA", "nombre_upl": "TEUSAQUILLO", "nombre_upz": "TEUSAQUILLO", "z_publicado": 0.684, "n_examenes": 59, "n_anios": 6, "cluster": "NS", "lisa_p": 0.83322, "conflicto_est": false }, "geometry": { "type": "Point", "coordinates": [ -74.072500001639128, 4.62220000103116 ] } },
{ "type": "Feature", "properties": { "sede": "311001003823", "nombre_sede": "COLEGIO SAN PIO X", "nombre_est": "COLEGIO SAN PIO X", "nombre_upl": "BARRIOS UNIDOS", "nombre_upz": "LOS ALCAZARES", "z_publicado": 0.828, "n_examenes": 228, "n_anios": 9, "cluster": "NS", "lisa_p": 0.49278, "conflicto_est": false }, "geometry": { "type": "Point", "coordinates": [ -74.063999999314547, 4.666499998420477 ] } },
{ "type": "Feature", "properties": { "sede": "311001003891", "nombre_sede": "INSTITUTO SAN PABLO APOSTOL", "nombre_est": "INSTITUTO SAN PABLO APOSTOL", "nombre_upl": "RESTREPO", "nombre_upz": "QUIROGA", "z_publicado": 1.806, "n_examenes": 364, "n_anios": 9, "cluster": "NS", "lisa_p": 0.71671, "conflicto_est": false }, "geometry": { "type": "Point", "coordinates": [ -74.113000001758337, 4.584699999541044 ] } },
{ "type": "Feature", "properties": { "sede": "311001003963", "nombre_sede": "CENTRO EDUCATIVO DE NUESTRA SEÑORA DE LA PAZ", "nombre_est": "CENTRO EDUCATIVO DE NUESTRA SEÑORA DE LA PAZ", "nombre_upl": "RESTREPO", "nombre_upz": "RESTREPO", "z_publicado": 0.747, "n_examenes": 999, "n_anios": 9, "cluster": "NS", "lisa_p": 0.87337, "conflicto_est": false }, "geometry": { "type": "Point", "coordinates": [ -74.113600000739098, 4.588899999856949 ] } },
{ "type": "Feature", "properties": { "sede": "311001003971", "nombre_sede": "COLEGIO PARROQUIAL SAN CARLOS", "nombre_est": "COLEGIO PARROQUIAL SAN CARLOS", "nombre_upl": "TUNJUELITO", "nombre_upz": "TUNJUELITO", "z_publicado": 0.941, "n_examenes": 653, "n_anios": 9, "cluster": "NS", "lisa_p": 0.5663, "conflicto_est": false }, "geometry": { "type": "Point", "coordinates": [ -74.130100000649691, 4.566500000655651 ] } },
{ "type": "Feature", "properties": { "sede": "311001004021", "nombre_sede": "LICEO LA SABANA", "nombre_est": "LICEO LA SABANA", "nombre_upl": "BRITALIA", "nombre_upz": "SAN JOSE DE BAVARIA", "z_publicado": 1.294, "n_examenes": 385, "n_anios": 9, "cluster": "HH", "lisa_p": 0.00136, "conflicto_est": false }, "geometry": { "type": "Point", "coordinates": [ -74.05970000103116, 4.757800001651049 ] } },
{ "type": "Feature", "properties": { "sede": "311001004064", "nombre_sede": "COLEGIO JAIME QUIJANO CABALLERO", "nombre_est": "COLEGIO JAIME QUIJANO CABALLERO", "nombre_upl": "KENNEDY", "nombre_upz": "TIMIZA", "z_publicado": 0.389, "n_examenes": 392, "n_anios": 9, "cluster": "NS", "lisa_p": 0.13231, "conflicto_est": false }, "geometry": { "type": "Point", "coordinates": [ -74.154399998486042, 4.619199998676777 ] } },
{ "type": "Feature", "properties": { "sede": "311001004374", "nombre_sede": "COLEGIO COOPERATIVO DE TIMIZA", "nombre_est": "COLEGIO COOPERATIVO DE TIMIZA", "nombre_upl": "KENNEDY", "nombre_upz": "TIMIZA", "z_publicado": 0.807, "n_examenes": 520, "n_anios": 9, "cluster": "NS", "lisa_p": 0.58278, "conflicto_est": false }, "geometry": { "type": "Point", "coordinates": [ -74.150699999183416, 4.60869999974966 ] } },
{ "type": "Feature", "properties": { "sede": "311001004471", "nombre_sede": "COLEGIO DE NUESTRA SEÑORA DEL PILAR", "nombre_est": "COLEGIO DE NUESTRA SEÑORA DEL PILAR", "nombre_upl": "TEUSAQUILLO", "nombre_upz": "GALERIAS", "z_publicado": 1.117, "n_examenes": 781, "n_anios": 9, "cluster": "NS", "lisa_p": 0.37059, "conflicto_est": false }, "geometry": { "type": "Point", "coordinates": [ -74.075300000607967, 4.650699999183416 ] } },
{ "type": "Feature", "properties": { "sede": "311001004528", "nombre_sede": "LICEO DE CERVANTES EL RETIRO", "nombre_est": "LICEO DE CERVANTES EL RETIRO", "nombre_upl": "CHAPINERO", "nombre_upz": "EL REFUGIO", "z_publicado": 1.508, "n_examenes": 421, "n_anios": 9, "cluster": "HH", "lisa_p": 0.00486, "conflicto_est": false }, "geometry": { "type": "Point", "coordinates": [ -74.049400001764297, 4.664599999785423 ] } },
{ "type": "Feature", "properties": { "sede": "311001004706", "nombre_sede": "COLEGIO DEL SAGRADO CORAZON DE JESUS BETHLEMITAS", "nombre_est": "COLEGIO DEL SAGRADO CORAZON DE JESUS BETHLEMITAS", "nombre_upl": "CHAPINERO", "nombre_upz": "PARDO RUBIO", "z_publicado": 1.545, "n_examenes": 639, "n_anios": 9, "cluster": "NS", "lisa_p": 0.62492, "conflicto_est": false }, "geometry": { "type": "Point", "coordinates": [ -74.058800000697374, 4.649599999189377 ] } },
{ "type": "Feature", "properties": { "sede": "311001004820", "nombre_sede": "FUNDACION INSTITUTO TECNOLOGICO DEL SUR", "nombre_est": "FUNDACION INSTITUTO TECNOLOGICO DEL SUR", "nombre_upl": "TUNJUELITO", "nombre_upz": "VENECIA", "z_publicado": 0.781, "n_examenes": 2007, "n_anios": 9, "cluster": "NS", "lisa_p": 0.44254, "conflicto_est": false }, "geometry": { "type": "Point", "coordinates": [ -74.13459999859333, 4.582899998873472 ] } },
{ "type": "Feature", "properties": { "sede": "311001004846", "nombre_sede": "COLEGIO BILINGÜE JOSE ALLAMANO", "nombre_est": "COLEGIO BILINGÜE JOSE ALLAMANO", "nombre_upl": "PUENTE ARANDA", "nombre_upz": "SAN RAFAEL", "z_publicado": 1.409, "n_examenes": 877, "n_anios": 9, "cluster": "NS", "lisa_p": 0.10148, "conflicto_est": false }, "geometry": { "type": "Point", "coordinates": [ -74.119199998676777, 4.62049999833107 ] } },
{ "type": "Feature", "properties": { "sede": "311001004871", "nombre_sede": "COLEGIO INTERAMERICANO", "nombre_est": "COLEGIO INTERAMERICANO", "nombre_upl": "ARBORIZADORA", "nombre_upz": "SAN FRANCISCO", "z_publicado": 0.23, "n_examenes": 287, "n_anios": 9, "cluster": "NS", "lisa_p": 0.68902, "conflicto_est": false }, "geometry": { "type": "Point", "coordinates": [ -74.147700000554323, 4.5625 ] } },
{ "type": "Feature", "properties": { "sede": "311001004897", "nombre_sede": "COLEGIO NUESTRA SEÑORA DE FATIMA POLINAL", "nombre_est": "COLEGIO NUESTRA SEÑORA DE FATIMA POLINAL", "nombre_upl": "TUNJUELITO", "nombre_upz": "VENECIA", "z_publicado": 0.807, "n_examenes": 1020, "n_anios": 9, "cluster": "HL", "lisa_p": 0.00874, "conflicto_est": false }, "geometry": { "type": "Point", "coordinates": [ -74.136799998581409, 4.591299999505281 ] } },
{ "type": "Feature", "properties": { "sede": "311001004986", "nombre_sede": "COLEGIO NUESTRA SEÑORA DE LA SABIDURIA", "nombre_est": "COLEGIO NUESTRA SEÑORA DE LA SABIDURIA", "nombre_upl": "RESTREPO", "nombre_upz": "SAN JOSE", "z_publicado": 0.968, "n_examenes": 521, "n_anios": 9, "cluster": "NS", "lisa_p": 0.74502, "conflicto_est": false }, "geometry": { "type": "Point", "coordinates": [ -74.098000001162291, 4.578000001609325 ] } },
{ "type": "Feature", "properties": { "sede": "311001005109", "nombre_sede": "COLEGIO COOPERATIVO MONSEÑOR ISMAEL PERDOMO", "nombre_est": "COLEGIO COOPERATIVO MONSEÑOR ISMAEL PERDOMO", "nombre_upl": "ARBORIZADORA", "nombre_upz": "ISMAEL PERDOMO", "z_publicado": 0.548, "n_examenes": 730, "n_anios": 9, "cluster": "NS", "lisa_p": 0.33948, "conflicto_est": false }, "geometry": { "type": "Point", "coordinates": [ -74.167700000107288, 4.588199999183416 ] } },
{ "type": "Feature", "properties": { "sede": "311001005176", "nombre_sede": "LICEO NAVARRA", "nombre_est": "LICEO NAVARRA", "nombre_upl": "SALITRE", "nombre_upz": "MODELIA", "z_publicado": 2.281, "n_examenes": 403, "n_anios": 9, "cluster": "HH", "lisa_p": 0.00189, "conflicto_est": false }, "geometry": { "type": "Point", "coordinates": [ -74.117300000041723, 4.666000001132488 ] } },
{ "type": "Feature", "properties": { "sede": "311001005222", "nombre_sede": "LICEO ROCELY", "nombre_est": "LICEO ROCELY", "nombre_upl": "BRITALIA", "nombre_upz": "SAN JOSE DE BAVARIA", "z_publicado": 0.497, "n_examenes": 136, "n_anios": 9, "cluster": "HH", "lisa_p": 0.00024, "conflicto_est": false }, "geometry": { "type": "Point", "coordinates": [ -74.057199999690056, 4.766399998217821 ] } },
{ "type": "Feature", "properties": { "sede": "311001005231", "nombre_sede": "INSTITUTO MARSELLA", "nombre_est": "INSTITUTO MARSELLA", "nombre_upl": "TINTAL", "nombre_upz": "BAVARIA", "z_publicado": 1.054, "n_examenes": 254, "n_anios": 9, "cluster": "NS", "lisa_p": 0.55896, "conflicto_est": false }, "geometry": { "type": "Point", "coordinates": [ -74.13060000166297, 4.63230000063777 ] } },
{ "type": "Feature", "properties": { "sede": "311001005249", "nombre_sede": "LICEO LA ESPAÑOLA GABRIEL ANZOLA GOMEZ", "nombre_est": "LICEO LA ESPAÑOLA GABRIEL ANZOLA GOMEZ", "nombre_upl": "TABORA", "nombre_upz": "EL MINUTO DE DIOS", "z_publicado": 0.602, "n_examenes": 155, "n_anios": 9, "cluster": "NS", "lisa_p": 0.88564, "conflicto_est": false }, "geometry": { "type": "Point", "coordinates": [ -74.092799998819828, 4.704799998551607 ] } },
{ "type": "Feature", "properties": { "sede": "311001005273", "nombre_sede": "INSTITUTO HENAO Y ARRUBLA", "nombre_est": "INSTITUTO HENAO Y ARRUBLA", "nombre_upl": "TABORA", "nombre_upz": "LAS FERIAS", "z_publicado": 0.513, "n_examenes": 363, "n_anios": 9, "cluster": "NS", "lisa_p": 0.18548, "conflicto_est": false }, "geometry": { "type": "Point", "coordinates": [ -74.091699998825788, 4.688099998980761 ] } },
{ "type": "Feature", "properties": { "sede": "311001005311", "nombre_sede": "COLEGIO PEDRO DE HEREDIA", "nombre_est": "COLEGIO PEDRO DE HEREDIA", "nombre_upl": "TUNJUELITO", "nombre_upz": "TUNJUELITO", "z_publicado": 0.64, "n_examenes": 257, "n_anios": 9, "cluster": "NS", "lisa_p": 0.2374, "conflicto_est": false }, "geometry": { "type": "Point", "coordinates": [ -74.132500000298023, 4.565900001674891 ] } },
{ "type": "Feature", "properties": { "sede": "311001005451", "nombre_sede": "INSTITUTO DE BACHILLERATO TECNICO COMERCIAL PITAGORAS", "nombre_est": "INSTITUTO DE BACHILLERATO TECNICO COMERCIAL PITAGORAS", "nombre_upl": "CENTRO HISTORICO", "nombre_upz": "LA CANDELARIA", "z_publicado": 0.028, "n_examenes": 266, "n_anios": 9, "cluster": "NS", "lisa_p": 0.0922, "conflicto_est": false }, "geometry": { "type": "Point", "coordinates": [ -74.073300000280142, 4.597699999809265 ] } },
{ "type": "Feature", "properties": { "sede": "311001005508", "nombre_sede": "COLEGIO PARROQUIAL ADVENIAT", "nombre_est": "COLEGIO PARROQUIAL ADVENIAT", "nombre_upl": "SAN CRISTOBAL", "nombre_upz": "LA GLORIA", "z_publicado": 0.838, "n_examenes": 593, "n_anios": 9, "cluster": "NS", "lisa_p": 0.10618, "conflicto_est": false }, "geometry": { "type": "Point", "coordinates": [ -74.091899998486042, 4.551100000739098 ] } },
{ "type": "Feature", "properties": { "sede": "311001005681", "nombre_sede": "COLEGIO ATENIENSE", "nombre_est": "COLEGIO ATENIENSE", "nombre_upl": "KENNEDY", "nombre_upz": "KENNEDY CENTRAL", "z_publicado": 0.264, "n_examenes": 278, "n_anios": 9, "cluster": "NS", "lisa_p": 0.84201, "conflicto_est": false }, "geometry": { "type": "Point", "coordinates": [ -74.160000000149012, 4.622000001370907 ] } },
{ "type": "Feature", "properties": { "sede": "311001005737", "nombre_sede": "COLEGIO COOPERATIVO DEL MAGISTERIO DE CUNDINAMARCA", "nombre_est": "COLEGIO COOPERATIVO DEL MAGISTERIO DE CUNDINAMARCA", "nombre_upl": "RESTREPO", "nombre_upz": "CIUDAD JARDIN", "z_publicado": 0.61, "n_examenes": 387, "n_anios": 9, "cluster": "NS", "lisa_p": 0.20397, "conflicto_est": false }, "geometry": { "type": "Point", "coordinates": [ -74.096599999815226, 4.58219999819994 ] } },
{ "type": "Feature", "properties": { "sede": "311001005931", "nombre_sede": "COLEGIO SAN JOSE", "nombre_est": "COLEGIO SAN JOSE", "nombre_upl": "CENTRO HISTORICO", "nombre_upz": "LA SABANA", "z_publicado": 1.205, "n_examenes": 1061, "n_anios": 9, "cluster": "NS", "lisa_p": 0.39785, "conflicto_est": false }, "geometry": { "type": "Point", "coordinates": [ -74.092199999839067, 4.612399999052286 ] } },
{ "type": "Feature", "properties": { "sede": "311001006032", "nombre_sede": "EXTERNADO PORFIRIO BARBA JACOB", "nombre_est": "EXTERNADO PORFIRIO BARBA JACOB", "nombre_upl": "TUNJUELITO", "nombre_upz": "TUNJUELITO", "z_publicado": 0.707, "n_examenes": 680, "n_anios": 9, "cluster": "NS", "lisa_p": 0.68967, "conflicto_est": false }, "geometry": { "type": "Point", "coordinates": [ -74.129999998956919, 4.565900001674891 ] } },
{ "type": "Feature", "properties": { "sede": "311001006067", "nombre_sede": "GIMNASIO CHARLES DE GAULLE", "nombre_est": "GIMNASIO CHARLES DE GAULLE", "nombre_upl": "TORCA", "nombre_upz": "LA ACADEMIA", "z_publicado": 0.755, "n_examenes": 149, "n_anios": 8, "cluster": "HH", "lisa_p": 0.00078, "conflicto_est": false }, "geometry": { "type": "Point", "coordinates": [ -74.046100001782179, 4.800599999725819 ] } },
{ "type": "Feature", "properties": { "sede": "311001006130", "nombre_sede": "INSTITUTO INFANTIL Y JUVENIL", "nombre_est": "INSTITUTO INFANTIL Y JUVENIL", "nombre_upl": "FONTIBON", "nombre_upz": "FONTIBON", "z_publicado": 1.227, "n_examenes": 857, "n_anios": 9, "cluster": "NS", "lisa_p": 0.92827, "conflicto_est": false }, "geometry": { "type": "Point", "coordinates": [ -74.138399999588728, 4.674699999392033 ] } },
{ "type": "Feature", "properties": { "sede": "311001006351", "nombre_sede": "COLEGIO TIRSO DE MOLINA", "nombre_est": "COLEGIO TIRSO DE MOLINA", "nombre_upl": "CENTRO HISTORICO", "nombre_upz": "LAS NIEVES", "z_publicado": 0.344, "n_examenes": 163, "n_anios": 9, "cluster": "NS", "lisa_p": 0.72101, "conflicto_est": false }, "geometry": { "type": "Point", "coordinates": [ -74.072900000959635, 4.598000001162291 ] } },
{ "type": "Feature", "properties": { "sede": "311001006407", "nombre_sede": "GIMNASIO ANTONIO NARIÑO", "nombre_est": "GIMNASIO ANTONIO NARIÑO", "nombre_upl": "TEUSAQUILLO", "nombre_upz": "QUINTA PAREDES", "z_publicado": 1.193, "n_examenes": 148, "n_anios": 9, "cluster": "NS", "lisa_p": 0.86886, "conflicto_est": false }, "geometry": { "type": "Point", "coordinates": [ -74.088599998503923, 4.626499999314547 ] } },
{ "type": "Feature", "properties": { "sede": "311001006423", "nombre_sede": "COLEGIO SANTA LUISA", "nombre_est": "COLEGIO SANTA LUISA", "nombre_upl": "KENNEDY", "nombre_upz": "TIMIZA", "z_publicado": 1.121, "n_examenes": 1487, "n_anios": 9, "cluster": "NS", "lisa_p": 0.52645, "conflicto_est": false }, "geometry": { "type": "Point", "coordinates": [ -74.156800001859665, 4.608600001782179 ] } },
{ "type": "Feature", "properties": { "sede": "311001006466", "nombre_sede": "COLEGIO PARROQUIAL SAN LUIS GONZAGA", "nombre_est": "COLEGIO PARROQUIAL SAN LUIS GONZAGA", "nombre_upl": "RESTREPO", "nombre_upz": "QUIROGA", "z_publicado": 0.923, "n_examenes": 862, "n_anios": 9, "cluster": "NS", "lisa_p": 0.41005, "conflicto_est": false }, "geometry": { "type": "Point", "coordinates": [ -74.120999999344349, 4.580200001597404 ] } },
{ "type": "Feature", "properties": { "sede": "311001006601", "nombre_sede": "CENTRO COMERCIAL MADRE ELISA RONCALLO", "nombre_est": "CENTRO COMERCIAL MADRE ELISA RONCALLO", "nombre_upl": "SAN CRISTOBAL", "nombre_upz": "LA GLORIA", "z_publicado": 0.673, "n_examenes": 364, "n_anios": 9, "cluster": "NS", "lisa_p": 0.4098, "conflicto_est": false }, "geometry": { "type": "Point", "coordinates": [ -74.093699999153614, 4.549899999052286 ] } },
{ "type": "Feature", "properties": { "sede": "311001006610", "nombre_sede": "COLEGIO ISAAC NEWTON", "nombre_est": "COLEGIO ISAAC NEWTON", "nombre_upl": "SAN CRISTOBAL", "nombre_upz": "SOSIEGO", "z_publicado": 0.295, "n_examenes": 281, "n_anios": 9, "cluster": "NS", "lisa_p": 0.54919, "conflicto_est": false }, "geometry": { "type": "Point", "coordinates": [ -74.088300000876188, 4.579700000584126 ] } },
{ "type": "Feature", "properties": { "sede": "311001006784", "nombre_sede": "GIMNASIO LOS CIPRESES", "nombre_est": "GIMNASIO LOS CIPRESES", "nombre_upl": "CHAPINERO", "nombre_upz": "CHICO LAGO", "z_publicado": 0.2, "n_examenes": 31, "n_anios": 7, "cluster": "NS", "lisa_p": 0.61181, "conflicto_est": false }, "geometry": { "type": "Point", "coordinates": [ -74.059300001710653, 4.6537000015378 ] } },
{ "type": "Feature", "properties": { "sede": "311001007021", "nombre_sede": "COLEGIO RAMON B JIMENO", "nombre_est": "COLEGIO RAMON B JIMENO", "nombre_upl": "CENTRO HISTORICO", "nombre_upz": "LA MACARENA", "z_publicado": 0.758, "n_examenes": 587, "n_anios": 9, "cluster": "NS", "lisa_p": 0.61568, "conflicto_est": false }, "geometry": { "type": "Point", "coordinates": [ -74.065600000321865, 4.610199999064207 ] } },
{ "type": "Feature", "properties": { "sede": "311001007080", "nombre_sede": "COLEGIO ANTONIO NARIÑO H.H. CORAZONISTAS", "nombre_est": "COLEGIO ANTONIO NARIÑO H.H. CORAZONISTAS", "nombre_upl": "TEUSAQUILLO", "nombre_upz": "GALERIAS", "z_publicado": 1.862, "n_examenes": 479, "n_anios": 9, "cluster": "HL", "lisa_p": 0.02697, "conflicto_est": false }, "geometry": { "type": "Point", "coordinates": [ -74.067200001329184, 4.647999998182058 ] } },
{ "type": "Feature", "properties": { "sede": "311001007403", "nombre_sede": "INSTITUTO CEMODEN", "nombre_est": "INSTITUTO CEMODEN", "nombre_upl": "PUENTE ARANDA", "nombre_upz": "MUZU", "z_publicado": 1.272, "n_examenes": 262, "n_anios": 9, "cluster": "NS", "lisa_p": 0.68874, "conflicto_est": false }, "geometry": { "type": "Point", "coordinates": [ -74.127099998295307, 4.598299998790026 ] } },
{ "type": "Feature", "properties": { "sede": "311001007632", "nombre_sede": "FUNDACION COLEGIO EMILIO VALENZUELA", "nombre_est": "FUNDACION COLEGIO EMILIO VALENZUELA", "nombre_upl": "BRITALIA", "nombre_upz": "SAN JOSE DE BAVARIA", "z_publicado": 1.236, "n_examenes": 712, "n_anios": 9, "cluster": "HH", "lisa_p": 0.016, "conflicto_est": false }, "geometry": { "type": "Point", "coordinates": [ -74.057900000363588, 4.765599999576807 ] } },
{ "type": "Feature", "properties": { "sede": "311001008213", "nombre_sede": "COLEGIO COOPERATIVO VENECIA", "nombre_est": "COLEGIO COOPERATIVO VENECIA", "nombre_upl": "TUNJUELITO", "nombre_upz": "VENECIA", "z_publicado": 0.376, "n_examenes": 364, "n_anios": 9, "cluster": "NS", "lisa_p": 0.06318, "conflicto_est": false }, "geometry": { "type": "Point", "coordinates": [ -74.140599999576807, 4.5929000005126 ] } },
{ "type": "Feature", "properties": { "sede": "311001008523", "nombre_sede": "GIMNASIO MILITAR FUERZA AEREA DE COLOMBIA", "nombre_est": "GIMNASIO MILITAR FUERZA AEREA DE COLOMBIA", "nombre_upl": "KENNEDY", "nombre_upz": "KENNEDY CENTRAL", "z_publicado": 1.177, "n_examenes": 584, "n_anios": 9, "cluster": "NS", "lisa_p": 0.78295, "conflicto_est": false }, "geometry": { "type": "Point", "coordinates": [ -74.149700000882149, 4.627300001680851 ] } },
{ "type": "Feature", "properties": { "sede": "311001008540", "nombre_sede": "COLEGIO SIGLO XXI", "nombre_est": "COLEGIO SIGLO XXI", "nombre_upl": "CENTRO HISTORICO", "nombre_upz": "LAS NIEVES", "z_publicado": -0.097, "n_examenes": 28, "n_anios": 7, "cluster": "NS", "lisa_p": 0.31443, "conflicto_est": false }, "geometry": { "type": "Point", "coordinates": [ -74.071199998259544, 4.604800000786781 ] } },
{ "type": "Feature", "properties": { "sede": "311001008591", "nombre_sede": "COLEGIO LUIS CONCHA CORDOBA", "nombre_est": "COLEGIO LUIS CONCHA CORDOBA", "nombre_upl": "PUENTE ARANDA", "nombre_upz": "CIUDAD MONTES", "z_publicado": 0.532, "n_examenes": 242, "n_anios": 9, "cluster": "NS", "lisa_p": 0.23799, "conflicto_est": false }, "geometry": { "type": "Point", "coordinates": [ -74.109200000762939, 4.6097999997437 ] } },
{ "type": "Feature", "properties": { "sede": "311001008621", "nombre_sede": "COLEGIO REAL ESCANDINAVO", "nombre_est": "COLEGIO REAL ESCANDINAVO", "nombre_upl": "SALITRE", "nombre_upz": "SANTA CECILIA", "z_publicado": 1.501, "n_examenes": 225, "n_anios": 9, "cluster": "NS", "lisa_p": 0.10415, "conflicto_est": false }, "geometry": { "type": "Point", "coordinates": [ -74.106800001114607, 4.668099999427795 ] } },
{ "type": "Feature", "properties": { "sede": "311001008680", "nombre_sede": "INSTITUTO TECNICO INDUSTRIAL CENTRO DON BOSCO", "nombre_est": "INSTITUTO TECNICO INDUSTRIAL CENTRO DON BOSCO", "nombre_upl": "SALITRE", "nombre_upz": "JARDIN BOTANICO", "z_publicado": 1.073, "n_examenes": 1312, "n_anios": 9, "cluster": "HH", "lisa_p": 0.00481, "conflicto_est": false }, "geometry": { "type": "Point", "coordinates": [ -74.107700001448393, 4.661400001496077 ] } },
{ "type": "Feature", "properties": { "sede": "311001008949", "nombre_sede": "INSTITUTO SAN BERNARDO DE LA SALLE", "nombre_est": "INSTITUTO SAN BERNARDO DE LA SALLE", "nombre_upl": "CENTRO HISTORICO", "nombre_upz": "LAS CRUCES", "z_publicado": 1.199, "n_examenes": 656, "n_anios": 9, "cluster": "NS", "lisa_p": 0.60486, "conflicto_est": false }, "geometry": { "type": "Point", "coordinates": [ -74.085999999195337, 4.592799998819828 ] } },
{ "type": "Feature", "properties": { "sede": "311001008990", "nombre_sede": "COLEGIO SUPERIOR AMERICANO", "nombre_est": "COLEGIO SUPERIOR AMERICANO", "nombre_upl": "KENNEDY", "nombre_upz": "AMERICAS", "z_publicado": 1.105, "n_examenes": 1234, "n_anios": 9, "cluster": "NS", "lisa_p": 0.88359, "conflicto_est": false }, "geometry": { "type": "Point", "coordinates": [ -74.135800000280142, 4.626299999654293 ] } },
{ "type": "Feature", "properties": { "sede": "311001009007", "nombre_sede": "COLEGIO PARROQUIAL DE NUESTRA SEÑORA", "nombre_est": "COLEGIO PARROQUIAL DE NUESTRA SEÑORA", "nombre_upl": "RESTREPO", "nombre_upz": "QUIROGA", "z_publicado": 0.717, "n_examenes": 374, "n_anios": 9, "cluster": "NS", "lisa_p": 0.7595, "conflicto_est": false }, "geometry": { "type": "Point", "coordinates": [ -74.113499999046326, 4.581700000911951 ] } },
{ "type": "Feature", "properties": { "sede": "311001009023", "nombre_sede": "COLEGIO CHAMPAGNAT", "nombre_est": "COLEGIO CHAMPAGNAT", "nombre_upl": "TEUSAQUILLO", "nombre_upz": "TEUSAQUILLO", "z_publicado": 1.526, "n_examenes": 893, "n_anios": 9, "cluster": "NS", "lisa_p": 0.66641, "conflicto_est": false }, "geometry": { "type": "Point", "coordinates": [ -74.070999998599291, 4.629799999296665 ] } },
{ "type": "Feature", "properties": { "sede": "311001009031", "nombre_sede": "COLEGIO EL MINUTO DE DIOS", "nombre_est": "COLEGIO EL MINUTO DE DIOS", "nombre_upl": "TABORA", "nombre_upz": "EL MINUTO DE DIOS", "z_publicado": 1.151, "n_examenes": 1729, "n_anios": 9, "cluster": "NS", "lisa_p": 0.53253, "conflicto_est": false }, "geometry": { "type": "Point", "coordinates": [ -74.090399999171495, 4.699000000953674 ] } },
{ "type": "Feature", "properties": { "sede": "311001009121", "nombre_sede": "COLEGIO SALESIANO DE LEON XIII", "nombre_est": "COLEGIO SALESIANO DE LEON XIII", "nombre_upl": "CENTRO HISTORICO", "nombre_upz": "LA CANDELARIA", "z_publicado": 1.125, "n_examenes": 724, "n_anios": 9, "cluster": "NS", "lisa_p": 0.28665, "conflicto_est": false }, "geometry": { "type": "Point", "coordinates": [ -74.07490000128746, 4.594799999147654 ] } },
{ "type": "Feature", "properties": { "sede": "311001009236", "nombre_sede": "ESCUELA NORMAL SUPERIOR NUESTRA SEÑORA DE LA PAZ", "nombre_est": "ESCUELA NORMAL SUPERIOR NUESTRA SEÑORA DE LA PAZ", "nombre_upl": "RESTREPO", "nombre_upz": "RESTREPO", "z_publicado": 0.582, "n_examenes": 377, "n_anios": 9, "cluster": "NS", "lisa_p": 0.36013, "conflicto_est": false }, "geometry": { "type": "Point", "coordinates": [ -74.112799998372793, 4.590300001204014 ] } },
{ "type": "Feature", "properties": { "sede": "311001009341", "nombre_sede": "COLEGIO DE NUESTRA SEÑORA DEL PILAR SUR", "nombre_est": "COLEGIO DE NUESTRA SEÑORA DEL PILAR SUR", "nombre_upl": "SAN CRISTOBAL", "nombre_upz": "SOSIEGO", "z_publicado": 0.99, "n_examenes": 842, "n_anios": 9, "cluster": "NS", "lisa_p": 0.41439, "conflicto_est": false }, "geometry": { "type": "Point", "coordinates": [ -74.089299999177456, 4.581900000572205 ] } },
{ "type": "Feature", "properties": { "sede": "311001010048", "nombre_sede": "COLEGIO ALVERNIA BILINGÜE", "nombre_est": "COLEGIO ALVERNIA BILINGÜE", "nombre_upl": "BRITALIA", "nombre_upz": "CASA BLANCA SUBA", "z_publicado": 1.43, "n_examenes": 453, "n_anios": 9, "cluster": "HH", "lisa_p": 0.01813, "conflicto_est": false }, "geometry": { "type": "Point", "coordinates": [ -74.072900000959635, 4.748799998313189 ] } },
{ "type": "Feature", "properties": { "sede": "311001010099", "nombre_sede": "GIMNASIO SAN JOSE", "nombre_est": "GIMNASIO SAN JOSE", "nombre_upl": "RESTREPO", "nombre_upz": "SAN JOSE", "z_publicado": 0.729, "n_examenes": 327, "n_anios": 9, "cluster": "NS", "lisa_p": 0.51272, "conflicto_est": false }, "geometry": { "type": "Point", "coordinates": [ -74.104100000113249, 4.575500000268221 ] } },
{ "type": "Feature", "properties": { "sede": "311001010366", "nombre_sede": "COLEGIO MILITAR COOPERATIVO JUSTINIANO QUIÑONEZ ANGULO", "nombre_est": "COLEGIO MILITAR COOPERATIVO JUSTINIANO QUIÑONEZ ANGULO", "nombre_upl": "KENNEDY", "nombre_upz": "KENNEDY CENTRAL", "z_publicado": 0.414, "n_examenes": 566, "n_anios": 9, "cluster": "NS", "lisa_p": 0.3553, "conflicto_est": false }, "geometry": { "type": "Point", "coordinates": [ -74.154599998146296, 4.618000000715256 ] } },
{ "type": "Feature", "properties": { "sede": "311001010382", "nombre_sede": "COLEGIO PARROQUIAL SAN ANDRES APOSTOL", "nombre_est": "COLEGIO PARROQUIAL SAN ANDRES APOSTOL", "nombre_upl": "KENNEDY", "nombre_upz": "CARVAJAL", "z_publicado": 0.562, "n_examenes": 366, "n_anios": 9, "cluster": "HL", "lisa_p": 0.02035, "conflicto_est": false }, "geometry": { "type": "Point", "coordinates": [ -74.143800001591444, 4.597800001502037 ] } },
{ "type": "Feature", "properties": { "sede": "311001010617", "nombre_sede": "COLEGIO INTEGRACION MODERNA", "nombre_est": "COLEGIO INTEGRACION MODERNA", "nombre_upl": "KENNEDY", "nombre_upz": "AMERICAS", "z_publicado": 0.989, "n_examenes": 639, "n_anios": 9, "cluster": "NS", "lisa_p": 0.81566, "conflicto_est": false }, "geometry": { "type": "Point", "coordinates": [ -74.134799998253584, 4.6266999989748 ] } },
{ "type": "Feature", "properties": { "sede": "311001010781", "nombre_sede": "COLEGIO CALASANZ", "nombre_est": "COLEGIO CALASANZ", "nombre_upl": "TOBERIN", "nombre_upz": "LA URIBE", "z_publicado": 1.795, "n_examenes": 727, "n_anios": 9, "cluster": "HH", "lisa_p": 0.01463, "conflicto_est": false }, "geometry": { "type": "Point", "coordinates": [ -74.042899999767542, 4.754599999636412 ] } },
{ "type": "Feature", "properties": { "sede": "311001010820", "nombre_sede": "COLEGIO SAN BARTOLOME LA MERCED", "nombre_est": "COLEGIO SAN BARTOLOME LA MERCED", "nombre_upl": "CENTRO HISTORICO", "nombre_upz": "SAGRADO CORAZON", "z_publicado": 1.356, "n_examenes": 1044, "n_anios": 9, "cluster": "NS", "lisa_p": 0.34545, "conflicto_est": false }, "geometry": { "type": "Point", "coordinates": [ -74.064899999648333, 4.62049999833107 ] } },
{ "type": "Feature", "properties": { "sede": "311001011109", "nombre_sede": "COLEGIO RR OBLATAS AL DIVINO AMOR", "nombre_est": "COLEGIO RR OBLATAS AL DIVINO AMOR", "nombre_upl": "SALITRE", "nombre_upz": "SANTA CECILIA", "z_publicado": 1.297, "n_examenes": 578, "n_anios": 9, "cluster": "NS", "lisa_p": 0.19113, "conflicto_est": false }, "geometry": { "type": "Point", "coordinates": [ -74.106499999761581, 4.669100001454353 ] } },
{ "type": "Feature", "properties": { "sede": "311001011281", "nombre_sede": "COLEGIO PARROQUIAL CONFRATERNIDAD DE LA DOCTRINA CRISTIANA", "nombre_est": "COLEGIO PARROQUIAL CONFRATERNIDAD DE LA DOCTRINA CRISTIANA", "nombre_upl": "PUENTE ARANDA", "nombre_upz": "CIUDAD MONTES", "z_publicado": 0.337, "n_examenes": 297, "n_anios": 9, "cluster": "NS", "lisa_p": 0.47534, "conflicto_est": false }, "geometry": { "type": "Point", "coordinates": [ -74.106499999761581, 4.602800000458956 ] } },
{ "type": "Feature", "properties": { "sede": "311001011460", "nombre_sede": "COLEGIO SAN JOSE DE CALASANZ", "nombre_est": "COLEGIO SAN JOSE DE CALASANZ", "nombre_upl": "RINCON DE SUBA", "nombre_upz": "EL RINCON", "z_publicado": 1.249, "n_examenes": 650, "n_anios": 9, "cluster": "NS", "lisa_p": 0.13921, "conflicto_est": false }, "geometry": { "type": "Point", "coordinates": [ -74.087900001555681, 4.723099999129772 ] } },
{ "type": "Feature", "properties": { "sede": "311001011532", "nombre_sede": "COLEGIO NUESTRA SEÑORA DE LA PAZ", "nombre_est": "COLEGIO NUESTRA SEÑORA DE LA PAZ", "nombre_upl": "CENTRO HISTORICO", "nombre_upz": "SANTA ISABEL", "z_publicado": 0.739, "n_examenes": 237, "n_anios": 9, "cluster": "NS", "lisa_p": 0.99711, "conflicto_est": false }, "geometry": { "type": "Point", "coordinates": [ -74.091499999165535, 4.594399999827147 ] } },
{ "type": "Feature", "properties": { "sede": "311001011613", "nombre_sede": "COLEGIO PARROQUIAL DEL SANTO CURA DE ARS", "nombre_est": "COLEGIO PARROQUIAL DEL SANTO CURA DE ARS", "nombre_upl": "RESTREPO", "nombre_upz": "RESTREPO", "z_publicado": 0.653, "n_examenes": 215, "n_anios": 9, "cluster": "NS", "lisa_p": 0.84613, "conflicto_est": false }, "geometry": { "type": "Point", "coordinates": [ -74.107700001448393, 4.595800001174212 ] } },
{ "type": "Feature", "properties": { "sede": "311001011800", "nombre_sede": "COLEGIO SANTA ROSA DE LIMA", "nombre_est": "COLEGIO SANTA ROSA DE LIMA", "nombre_upl": "BARRIOS UNIDOS", "nombre_upz": "LOS ALCAZARES", "z_publicado": 0.575, "n_examenes": 211, "n_anios": 9, "cluster": "NS", "lisa_p": 0.52116, "conflicto_est": false }, "geometry": { "type": "Point", "coordinates": [ -74.072299998253584, 4.664299998432398 ] } },
{ "type": "Feature", "properties": { "sede": "311001012598", "nombre_sede": "COLEGIO PARROQUIAL DEL INMACULADO CORAZON DE MARIA", "nombre_est": "COLEGIO PARROQUIAL DEL INMACULADO CORAZON DE MARIA", "nombre_upl": "RESTREPO", "nombre_upz": "QUIROGA", "z_publicado": 0.855, "n_examenes": 778, "n_anios": 9, "cluster": "NS", "lisa_p": 0.49024, "conflicto_est": false }, "geometry": { "type": "Point", "coordinates": [ -74.127700001001358, 4.584499999880791 ] } },
{ "type": "Feature", "properties": { "sede": "311001015112", "nombre_sede": "COLEGIO PARROQUIAL MONSEÑOR EMILIO DE BRIGARD", "nombre_est": "COLEGIO PARROQUIAL MONSEÑOR EMILIO DE BRIGARD", "nombre_upl": "PUENTE ARANDA", "nombre_upz": "MUZU", "z_publicado": 0.728, "n_examenes": 410, "n_anios": 9, "cluster": "NS", "lisa_p": 0.96116, "conflicto_est": false }, "geometry": { "type": "Point", "coordinates": [ -74.127900000661612, 4.607400000095367 ] } },
{ "type": "Feature", "properties": { "sede": "311001016607", "nombre_sede": "COLEGIO MANDALAY", "nombre_est": "COLEGIO MANDALAY", "nombre_upl": "KENNEDY", "nombre_upz": "AMERICAS", "z_publicado": 0.411, "n_examenes": 320, "n_anios": 9, "cluster": "NS", "lisa_p": 0.78681, "conflicto_est": false }, "geometry": { "type": "Point", "coordinates": [ -74.144400000572205, 4.627000000327826 ] } },
{ "type": "Feature", "properties": { "sede": "311001016631", "nombre_sede": "LICEO ATENEO COMERCIAL", "nombre_est": "LICEO ATENEO COMERCIAL", "nombre_upl": "LUCERO", "nombre_upz": "LUCERO", "z_publicado": -0.014, "n_examenes": 67, "n_anios": 7, "cluster": "LL", "lisa_p": 0.04242, "conflicto_est": false }, "geometry": { "type": "Point", "coordinates": [ -74.142700001597404, 4.549199998378754 ] } },
{ "type": "Feature", "properties": { "sede": "311001016658", "nombre_sede": "LICEO MODERNO CAMPESTRE", "nombre_est": "LICEO MODERNO CAMPESTRE", "nombre_upl": "BRITALIA", "nombre_upz": "BRITALIA", "z_publicado": 0.842, "n_examenes": 246, "n_anios": 8, "cluster": "NS", "lisa_p": 0.05793, "conflicto_est": false }, "geometry": { "type": "Point", "coordinates": [ -74.060199998319149, 4.753199998289347 ] } },
{ "type": "Feature", "properties": { "sede": "311001016828", "nombre_sede": "INSTITUTO SAN ANTONIO DE PADUA", "nombre_est": "INSTITUTO SAN ANTONIO DE PADUA", "nombre_upl": "RESTREPO", "nombre_upz": "QUIROGA", "z_publicado": 0.643, "n_examenes": 295, "n_anios": 9, "cluster": "NS", "lisa_p": 0.73455, "conflicto_est": false }, "geometry": { "type": "Point", "coordinates": [ -74.122999999672174, 4.575800001621246 ] } },
{ "type": "Feature", "properties": { "sede": "311001016836", "nombre_sede": "COLEGIO MONTERREY", "nombre_est": "COLEGIO MONTERREY", "nombre_upl": "TABORA", "nombre_upz": "EL MINUTO DE DIOS", "z_publicado": 0.318, "n_examenes": 442, "n_anios": 9, "cluster": "NS", "lisa_p": 0.6407, "conflicto_est": false }, "geometry": { "type": "Point", "coordinates": [ -74.094999998807907, 4.707499999552965 ] } },
{ "type": "Feature", "properties": { "sede": "311001016933", "nombre_sede": "COLEGIO MI PATRIA", "nombre_est": "COLEGIO MI PATRIA", "nombre_upl": "KENNEDY", "nombre_upz": "AMERICAS", "z_publicado": 0.199, "n_examenes": 225, "n_anios": 9, "cluster": "NS", "lisa_p": 0.33867, "conflicto_est": false }, "geometry": { "type": "Point", "coordinates": [ -74.130300000309944, 4.611299999058247 ] } },
{ "type": "Feature", "properties": { "sede": "311001016976", "nombre_sede": "COLEGIO MERCEDARIO SAN PEDRO NOLASCO", "nombre_est": "COLEGIO MERCEDARIO SAN PEDRO NOLASCO", "nombre_upl": "BARRIOS UNIDOS", "nombre_upz": "LOS ALCAZARES", "z_publicado": 0.847, "n_examenes": 300, "n_anios": 9, "cluster": "NS", "lisa_p": 0.1396, "conflicto_est": false }, "geometry": { "type": "Point", "coordinates": [ -74.065799999982119, 4.656599998474121 ] } },
{ "type": "Feature", "properties": { "sede": "311001016984", "nombre_sede": "LICEO AVENIDA LAS AMERICAS", "nombre_est": "LICEO AVENIDA LAS AMERICAS", "nombre_upl": "PUENTE ARANDA", "nombre_upz": "SAN RAFAEL", "z_publicado": 0.993, "n_examenes": 414, "n_anios": 9, "cluster": "HH", "lisa_p": 0.03381, "conflicto_est": false }, "geometry": { "type": "Point", "coordinates": [ -74.112399999052286, 4.620900001376867 ] } },
{ "type": "Feature", "properties": { "sede": "311001017344", "nombre_sede": "LICEO CATOLICO", "nombre_est": "LICEO CATOLICO", "nombre_upl": "BARRIOS UNIDOS", "nombre_upz": "LOS ALCAZARES", "z_publicado": 0.976, "n_examenes": 212, "n_anios": 9, "cluster": "NS", "lisa_p": 0.36006, "conflicto_est": false }, "geometry": { "type": "Point", "coordinates": [ -74.062399998307228, 4.667100001126528 ] } },
{ "type": "Feature", "properties": { "sede": "311001017417", "nombre_sede": "COLEGIO LOS ANGELES", "nombre_est": "COLEGIO LOS ANGELES", "nombre_upl": "CENTRO HISTORICO", "nombre_upz": "LA CANDELARIA", "z_publicado": 1.266, "n_examenes": 99, "n_anios": 9, "cluster": "NS", "lisa_p": 0.74129, "conflicto_est": false }, "geometry": { "type": "Point", "coordinates": [ -74.072999998927116, 4.596099998801947 ] } },
{ "type": "Feature", "properties": { "sede": "311001017492", "nombre_sede": "CENTRO DE ESTUDIOS PSICOPEDAGOGICOS", "nombre_est": "CENTRO DE ESTUDIOS PSICOPEDAGOGICOS", "nombre_upl": "CHAPINERO", "nombre_upz": "CHICO LAGO", "z_publicado": 0.567, "n_examenes": 12, "n_anios": 5, "cluster": "NS", "lisa_p": 0.43511, "conflicto_est": false }, "geometry": { "type": "Point", "coordinates": [ -74.059300001710653, 4.6537000015378 ] } },
{ "type": "Feature", "properties": { "sede": "311001017522", "nombre_sede": "COLEGIO SAN JUAN BOSCO", "nombre_est": "COLEGIO SAN JUAN BOSCO", "nombre_upl": "SAN CRISTOBAL", "nombre_upz": "SOSIEGO", "z_publicado": 0.753, "n_examenes": 384, "n_anios": 9, "cluster": "NS", "lisa_p": 0.38589, "conflicto_est": false }, "geometry": { "type": "Point", "coordinates": [ -74.086100000888109, 4.5777000002563 ] } },
{ "type": "Feature", "properties": { "sede": "311001017531", "nombre_sede": "INSTITUTO SOCIAL NOCTURNO DE ENSEÑANZA MEDIA ISNEM", "nombre_est": "INSTITUTO SOCIAL NOCTURNO DE ENSEÑANZA MEDIA ISNEM", "nombre_upl": "ARBORIZADORA", "nombre_upz": "JERUSALEN", "z_publicado": -0.753, "n_examenes": 40, "n_anios": 9, "cluster": "NS", "lisa_p": 0.8338, "conflicto_est": false }, "geometry": { "type": "Point", "coordinates": [ -74.171100001782179, 4.568199999630451 ] } },
{ "type": "Feature", "properties": { "sede": "311001017557", "nombre_sede": "COLEGIO DE NUESTRA SEÑORA DE LA PRESENTACION CENTRO", "nombre_est": "COLEGIO DE NUESTRA SEÑORA DE LA PRESENTACION CENTRO", "nombre_upl": "CENTRO HISTORICO", "nombre_upz": "LA SABANA", "z_publicado": 1.165, "n_examenes": 1164, "n_anios": 9, "cluster": "NS", "lisa_p": 0.61164, "conflicto_est": false }, "geometry": { "type": "Point", "coordinates": [ -74.0810999982059, 4.612100001424551 ] } },
{ "type": "Feature", "properties": { "sede": "311001017671", "nombre_sede": "GIMNASIO NUEVA AMERICA", "nombre_est": "GIMNASIO NUEVA AMERICA", "nombre_upl": "KENNEDY", "nombre_upz": "TIMIZA", "z_publicado": 0.524, "n_examenes": 380, "n_anios": 9, "cluster": "NS", "lisa_p": 0.09842, "conflicto_est": false }, "geometry": { "type": "Point", "coordinates": [ -74.1537000015378, 4.612399999052286 ] } },
{ "type": "Feature", "properties": { "sede": "311001017891", "nombre_sede": "COLEGIO JOSE MANUEL MARROQUIN", "nombre_est": "COLEGIO JOSE MANUEL MARROQUIN", "nombre_upl": "TOBERIN", "nombre_upz": "SAN CRISTOBAL NORTE", "z_publicado": 0.71, "n_examenes": 410, "n_anios": 9, "cluster": "NS", "lisa_p": 0.68592, "conflicto_est": false }, "geometry": { "type": "Point", "coordinates": [ -74.027899999171495, 4.741099998354912 ] } },
{ "type": "Feature", "properties": { "sede": "311001018499", "nombre_sede": "COLEGIO ELISA BORRERO DE PASTRANA", "nombre_est": "COLEGIO ELISA BORRERO DE PASTRANA", "nombre_upl": "TABORA", "nombre_upz": "BOYACA REAL", "z_publicado": 0.923, "n_examenes": 884, "n_anios": 9, "cluster": "NS", "lisa_p": 0.56653, "conflicto_est": false }, "geometry": { "type": "Point", "coordinates": [ -74.11259999871254, 4.701299998909235 ] } },
{ "type": "Feature", "properties": { "sede": "311001018693", "nombre_sede": "COLEGIO ALEXANDER HUMBOLDT", "nombre_est": "COLEGIO ALEXANDER HUMBOLDT", "nombre_upl": "BARRIOS UNIDOS", "nombre_upz": "DOCE DE OCTUBRE", "z_publicado": 0.424, "n_examenes": 194, "n_anios": 9, "cluster": "NS", "lisa_p": 0.54826, "conflicto_est": false }, "geometry": { "type": "Point", "coordinates": [ -74.078400000929832, 4.671000000089407 ] } },
{ "type": "Feature", "properties": { "sede": "311001019053", "nombre_sede": "COLEGIO CAFAM", "nombre_est": "COLEGIO CAFAM", "nombre_upl": "TABORA", "nombre_upz": "LAS FERIAS", "z_publicado": 1.359, "n_examenes": 2605, "n_anios": 9, "cluster": "NS", "lisa_p": 0.66243, "conflicto_est": false }, "geometry": { "type": "Point", "coordinates": [ -74.092000000178814, 4.668499998748302 ] } },
{ "type": "Feature", "properties": { "sede": "311001019061", "nombre_sede": "COLEGIO COOPERATIVO DE LOS ALAMOS", "nombre_est": "COLEGIO COOPERATIVO DE LOS ALAMOS", "nombre_upl": "ENGATIVA", "nombre_upz": "GARCES NAVAS", "z_publicado": 0.675, "n_examenes": 659, "n_anios": 9, "cluster": "NS", "lisa_p": 0.90243, "conflicto_est": false }, "geometry": { "type": "Point", "coordinates": [ -74.119800001382828, 4.695799998939037 ] } },
{ "type": "Feature", "properties": { "sede": "311001019151", "nombre_sede": "COLEGIO COOPERATIVO MINUTO DE DIOS", "nombre_est": "COLEGIO COOPERATIVO MINUTO DE DIOS", "nombre_upl": "TABORA", "nombre_upz": "EL MINUTO DE DIOS", "z_publicado": -0.05, "n_examenes": 280, "n_anios": 9, "cluster": "NS", "lisa_p": 0.49908, "conflicto_est": false }, "geometry": { "type": "Point", "coordinates": [ -74.090700000524521, 4.704500000923872 ] } },
{ "type": "Feature", "properties": { "sede": "311001019444", "nombre_sede": "COLEGIO JOSE JOAQUIN VARGAS", "nombre_est": "COLEGIO JOSE JOAQUIN VARGAS", "nombre_upl": "TABORA", "nombre_upz": "BOYACA REAL", "z_publicado": 0.628, "n_examenes": 142, "n_anios": 9, "cluster": "NS", "lisa_p": 0.45684, "conflicto_est": false }, "geometry": { "type": "Point", "coordinates": [ -74.10530000180006, 4.689399998635054 ] } },
{ "type": "Feature", "properties": { "sede": "311001019568", "nombre_sede": "LICEO FRANCES LOUIS PASTEUR", "nombre_est": "LICEO FRANCES LOUIS PASTEUR", "nombre_upl": "CHAPINERO", "nombre_upz": "EL REFUGIO", "z_publicado": 1.33, "n_examenes": 901, "n_anios": 9, "cluster": "HH", "lisa_p": 4.0000000000000003e-05, "conflicto_est": false }, "geometry": { "type": "Point", "coordinates": [ -74.046700000762939, 4.668000001460314 ] } },
{ "type": "Feature", "properties": { "sede": "311001019941", "nombre_sede": "COLEGIO NUEVA GRANADA", "nombre_est": "COLEGIO NUEVA GRANADA", "nombre_upl": "CHAPINERO", "nombre_upz": "PARDO RUBIO", "z_publicado": 1.147, "n_examenes": 722, "n_anios": 9, "cluster": "HH", "lisa_p": 0.00611, "conflicto_est": false }, "geometry": { "type": "Point", "coordinates": [ -74.050200000405312, 4.646999999880791 ] } },
{ "type": "Feature", "properties": { "sede": "311001020159", "nombre_sede": "COLEGIO KAPEIROT", "nombre_est": "COLEGIO KAPEIROT", "nombre_upl": "PUENTE ARANDA", "nombre_upz": "CIUDAD MONTES", "z_publicado": 0.903, "n_examenes": 294, "n_anios": 9, "cluster": "NS", "lisa_p": 0.344, "conflicto_est": false }, "geometry": { "type": "Point", "coordinates": [ -74.114100001752377, 4.604699999094009 ] } },
{ "type": "Feature", "properties": { "sede": "311001020191", "nombre_sede": "COLEGIO SUR ORIENTAL PANAMERICANO", "nombre_est": "COLEGIO SUR ORIENTAL PANAMERICANO", "nombre_upl": "SAN CRISTOBAL", "nombre_upz": "LA GLORIA", "z_publicado": -0.105, "n_examenes": 554, "n_anios": 9, "cluster": "NS", "lisa_p": 0.36112, "conflicto_est": false }, "geometry": { "type": "Point", "coordinates": [ -74.092799998819828, 4.551399998366833 ] } },
{ "type": "Feature", "properties": { "sede": "311001020213", "nombre_sede": "LICEO CAMPESTRE CAFAM", "nombre_est": "LICEO CAMPESTRE CAFAM", "nombre_upl": "TUNJUELITO", "nombre_upz": "VENECIA", "z_publicado": 1.426, "n_examenes": 482, "n_anios": 9, "cluster": "NS", "lisa_p": 0.81806, "conflicto_est": false }, "geometry": { "type": "Point", "coordinates": [ -74.143399998545647, 4.578000001609325 ] } },
{ "type": "Feature", "properties": { "sede": "311001024383", "nombre_sede": "LICEO MATER DEI", "nombre_est": "LICEO MATER DEI", "nombre_upl": "CENTRO HISTORICO", "nombre_upz": "LOURDES", "z_publicado": 0.059, "n_examenes": 224, "n_anios": 9, "cluster": "LL", "lisa_p": 0.02852, "conflicto_est": false }, "geometry": { "type": "Point", "coordinates": [ -74.064599998295307, 4.588599998503923 ] } },
{ "type": "Feature", "properties": { "sede": "311001024472", "nombre_sede": "LICEO SAN BERNARDO", "nombre_est": "LICEO SAN BERNARDO", "nombre_upl": "PUENTE ARANDA", "nombre_upz": "MUZU", "z_publicado": 0.471, "n_examenes": 264, "n_anios": 9, "cluster": "NS", "lisa_p": 0.24614, "conflicto_est": false }, "geometry": { "type": "Point", "coordinates": [ -74.120099999010563, 4.600699998438358 ] } },
{ "type": "Feature", "properties": { "sede": "311001025053", "nombre_sede": "INSTITUTO NUEVA AMERICA DE SUBA", "nombre_est": "INSTITUTO NUEVA AMERICA DE SUBA", "nombre_upl": "RINCON DE SUBA", "nombre_upz": "EL RINCON", "z_publicado": 1.012, "n_examenes": 367, "n_anios": 9, "cluster": "NS", "lisa_p": 0.06098, "conflicto_est": false }, "geometry": { "type": "Point", "coordinates": [ -74.090500000864267, 4.736400000751019 ] } },
{ "type": "Feature", "properties": { "sede": "311001025207", "nombre_sede": "COLEGIO ALVARO CAMARGO DE LA TORRE", "nombre_est": "COLEGIO ALVARO CAMARGO DE LA TORRE", "nombre_upl": "RESTREPO", "nombre_upz": "SAN JOSE", "z_publicado": 0.811, "n_examenes": 404, "n_anios": 9, "cluster": "NS", "lisa_p": 0.88933, "conflicto_est": false }, "geometry": { "type": "Point", "coordinates": [ -74.104400001466274, 4.570500001311302 ] } },
{ "type": "Feature", "properties": { "sede": "311001025878", "nombre_sede": "COLEGIO PEDAGOGICO DEL ESPIRITU SANTO - COPES", "nombre_est": "COLEGIO PEDAGOGICO DEL ESPIRITU SANTO - COPES", "nombre_upl": "ENGATIVA", "nombre_upz": "GARCES NAVAS", "z_publicado": 0.835, "n_examenes": 244, "n_anios": 9, "cluster": "NS", "lisa_p": 0.46438, "conflicto_est": false }, "geometry": { "type": "Point", "coordinates": [ -74.118099998682737, 4.704999998211861 ] } },
{ "type": "Feature", "properties": { "sede": "311001025894", "nombre_sede": "COLEGIO COOPERATIVO NUEVO MUZU", "nombre_est": "COLEGIO COOPERATIVO NUEVO MUZU", "nombre_upl": "TUNJUELITO", "nombre_upz": "VENECIA", "z_publicado": 0.338, "n_examenes": 424, "n_anios": 9, "cluster": "NS", "lisa_p": 0.69039, "conflicto_est": false }, "geometry": { "type": "Point", "coordinates": [ -74.148400001227856, 4.587900001555681 ] } },
{ "type": "Feature", "properties": { "sede": "311001025983", "nombre_sede": "COLEGIO SANTA LIBRADA", "nombre_est": "COLEGIO SANTA LIBRADA", "nombre_upl": "RAFAEL URIBE", "nombre_upz": "GRAN YOMASA", "z_publicado": 0.321, "n_examenes": 233, "n_anios": 9, "cluster": "NS", "lisa_p": 0.27648, "conflicto_est": false }, "geometry": { "type": "Point", "coordinates": [ -74.114199999719858, 4.512800000607967 ] } },
{ "type": "Feature", "properties": { "sede": "311001026009", "nombre_sede": "COLEGIO EL ESCORIAL", "nombre_est": "COLEGIO EL ESCORIAL", "nombre_upl": "TABORA", "nombre_upz": "BOYACA REAL", "z_publicado": 0.147, "n_examenes": 179, "n_anios": 9, "cluster": "NS", "lisa_p": 0.37072, "conflicto_est": false }, "geometry": { "type": "Point", "coordinates": [ -74.110500000417233, 4.704300001263618 ] } },
{ "type": "Feature", "properties": { "sede": "311001026076", "nombre_sede": "COLEGIO TOMAS ALVA EDISON", "nombre_est": "COLEGIO TOMAS ALVA EDISON", "nombre_upl": "ENGATIVA", "nombre_upz": "ENGATIVA", "z_publicado": 0.776, "n_examenes": 373, "n_anios": 9, "cluster": "NS", "lisa_p": 0.19783, "conflicto_est": false }, "geometry": { "type": "Point", "coordinates": [ -74.143899999558926, 4.721599999815226 ] } },
{ "type": "Feature", "properties": { "sede": "311001026211", "nombre_sede": "INSTITUTO CULTURAL RAFAEL MAYA", "nombre_est": "INSTITUTO CULTURAL RAFAEL MAYA", "nombre_upl": "TIBABUYES", "nombre_upz": "TIBABUYES", "z_publicado": 0.579, "n_examenes": 357, "n_anios": 9, "cluster": "NS", "lisa_p": 0.34866, "conflicto_est": false }, "geometry": { "type": "Point", "coordinates": [ -74.118900001049042, 4.745299998670816 ] } },
{ "type": "Feature", "properties": { "sede": "311001026441", "nombre_sede": "LOS PINOS", "nombre_est": "COLEGIO LOS PINOS (IED)", "nombre_upl": "CENTRO HISTORICO", "nombre_upz": "LOURDES", "z_publicado": -0.264, "n_examenes": 353, "n_anios": 9, "cluster": "LL", "lisa_p": 0.01468, "conflicto_est": false }, "geometry": { "type": "Point", "coordinates": [ -74.06810000166297, 4.587699998170137 ] } },
{ "type": "Feature", "properties": { "sede": "311001026513", "nombre_sede": "COLEGIO SANTO DOMINGO BILINGÜE", "nombre_est": "COLEGIO SANTO DOMINGO BILINGÜE", "nombre_upl": "KENNEDY", "nombre_upz": "CARVAJAL", "z_publicado": 1.294, "n_examenes": 669, "n_anios": 9, "cluster": "NS", "lisa_p": 0.22824, "conflicto_est": false }, "geometry": { "type": "Point", "coordinates": [ -74.146800000220537, 4.614799998700619 ] } },
{ "type": "Feature", "properties": { "sede": "311001026891", "nombre_sede": "LICEO SANTA ANA DEL SUR", "nombre_est": "LICEO SANTA ANA DEL SUR", "nombre_upl": "RAFAEL URIBE", "nombre_upz": "GRAN YOMASA", "z_publicado": 0.598, "n_examenes": 225, "n_anios": 9, "cluster": "NS", "lisa_p": 0.38991, "conflicto_est": false }, "geometry": { "type": "Point", "coordinates": [ -74.114399999380112, 4.515000000596046 ] } },
{ "type": "Feature", "properties": { "sede": "311001027072", "nombre_sede": "COLEGIO BOGOTANO MIXTO", "nombre_est": "COLEGIO BOGOTANO MIXTO", "nombre_upl": "TEUSAQUILLO", "nombre_upz": "GALERIAS", "z_publicado": 0.032, "n_examenes": 45, "n_anios": 9, "cluster": "NS", "lisa_p": 0.73201, "conflicto_est": false }, "geometry": { "type": "Point", "coordinates": [ -74.067099999636412, 4.642599999904633 ] } },
{ "type": "Feature", "properties": { "sede": "311001027188", "nombre_sede": "LICEO COMERCIAL LAS AMERICAS", "nombre_est": "LICEO COMERCIAL LAS AMERICAS", "nombre_upl": "TABORA", "nombre_upz": "BOYACA REAL", "z_publicado": 0.624, "n_examenes": 643, "n_anios": 9, "cluster": "NS", "lisa_p": 0.41466, "conflicto_est": false }, "geometry": { "type": "Point", "coordinates": [ -74.102400001138449, 4.696299999952316 ] } },
{ "type": "Feature", "properties": { "sede": "311001027706", "nombre_sede": "COLEGIO ESTRADA DE MARIA AUXILIADORA", "nombre_est": "COLEGIO ESTRADA DE MARIA AUXILIADORA", "nombre_upl": "TABORA", "nombre_upz": "LAS FERIAS", "z_publicado": 0.356, "n_examenes": 279, "n_anios": 9, "cluster": "NS", "lisa_p": 0.98169, "conflicto_est": false }, "geometry": { "type": "Point", "coordinates": [ -74.092799998819828, 4.676100000739098 ] } },
{ "type": "Feature", "properties": { "sede": "311001027722", "nombre_sede": "GIMNASIO FIDEL CANO", "nombre_est": "GIMNASIO FIDEL CANO", "nombre_upl": "SALITRE", "nombre_upz": "MODELIA", "z_publicado": 1.136, "n_examenes": 197, "n_anios": 9, "cluster": "NS", "lisa_p": 0.16161, "conflicto_est": false }, "geometry": { "type": "Point", "coordinates": [ -74.125799998641014, 4.665899999439716 ] } },
{ "type": "Feature", "properties": { "sede": "311001027803", "nombre_sede": "UNIDAD EDUCATIVA JEAN PIAGET", "nombre_est": "UNIDAD EDUCATIVA JEAN PIAGET", "nombre_upl": "KENNEDY", "nombre_upz": "AMERICAS", "z_publicado": 0.398, "n_examenes": 568, "n_anios": 9, "cluster": "NS", "lisa_p": 0.5012, "conflicto_est": false }, "geometry": { "type": "Point", "coordinates": [ -74.132100000977516, 4.624499998986721 ] } },
{ "type": "Feature", "properties": { "sede": "311001027846", "nombre_sede": "GIMNASIO NICOLAS DE FEDERMAN", "nombre_est": "GIMNASIO NICOLAS DE FEDERMAN", "nombre_upl": "TEUSAQUILLO", "nombre_upz": "LA ESMERALDA", "z_publicado": 1.562, "n_examenes": 95, "n_anios": 9, "cluster": "NS", "lisa_p": 0.37865, "conflicto_est": false }, "geometry": { "type": "Point", "coordinates": [ -74.081300001591444, 4.651299998164177 ] } },
{ "type": "Feature", "properties": { "sede": "311001027986", "nombre_sede": "ASPAEN GIMNASIO TUNDAMA", "nombre_est": "ASPAEN GIMNASIO TUNDAMA", "nombre_upl": "TABORA", "nombre_upz": "LAS FERIAS", "z_publicado": 0.629, "n_examenes": 197, "n_anios": 9, "cluster": "NS", "lisa_p": 0.76276, "conflicto_est": false }, "geometry": { "type": "Point", "coordinates": [ -74.0929000005126, 4.678700000047684 ] } },
{ "type": "Feature", "properties": { "sede": "311001028184", "nombre_sede": "LICEO EUCARISTICO MIXTO", "nombre_est": "LICEO EUCARISTICO MIXTO", "nombre_upl": "KENNEDY", "nombre_upz": "KENNEDY CENTRAL", "z_publicado": 0.14, "n_examenes": 104, "n_anios": 9, "cluster": "NS", "lisa_p": 0.51138, "conflicto_est": false }, "geometry": { "type": "Point", "coordinates": [ -74.154399998486042, 4.627399999648333 ] } },
{ "type": "Feature", "properties": { "sede": "311001028427", "nombre_sede": "GIMNASIO COMERCIAL LOS ANDES", "nombre_est": "GIMNASIO COMERCIAL LOS ANDES", "nombre_upl": "TUNJUELITO", "nombre_upz": "VENECIA", "z_publicado": 0.121, "n_examenes": 215, "n_anios": 9, "cluster": "NS", "lisa_p": 0.15275, "conflicto_est": false }, "geometry": { "type": "Point", "coordinates": [ -74.139499999582767, 4.586899999529123 ] } },
{ "type": "Feature", "properties": { "sede": "311001029229", "nombre_sede": "ATENEO JUAN EUDES", "nombre_est": "ATENEO JUAN EUDES", "nombre_upl": "TABORA", "nombre_upz": "EL MINUTO DE DIOS", "z_publicado": 0.461, "n_examenes": 801, "n_anios": 9, "cluster": "NS", "lisa_p": 0.25541, "conflicto_est": false }, "geometry": { "type": "Point", "coordinates": [ -74.090399999171495, 4.699000000953674 ] } },
{ "type": "Feature", "properties": { "sede": "311001029318", "nombre_sede": "INSTITUTO TOMAS DE IRIARTE", "nombre_est": "INSTITUTO TOMAS DE IRIARTE", "nombre_upl": "TABORA", "nombre_upz": "EL MINUTO DE DIOS", "z_publicado": 0.706, "n_examenes": 205, "n_anios": 9, "cluster": "NS", "lisa_p": 0.95188, "conflicto_est": false }, "geometry": { "type": "Point", "coordinates": [ -74.09910000115633, 4.716400001198053 ] } },
{ "type": "Feature", "properties": { "sede": "311001029342", "nombre_sede": "COLEGIO SAN ALEJO", "nombre_est": "COLEGIO SAN ALEJO", "nombre_upl": "PUENTE ARANDA", "nombre_upz": "CIUDAD MONTES", "z_publicado": 0.974, "n_examenes": 263, "n_anios": 6, "cluster": "NS", "lisa_p": 0.47817, "conflicto_est": false }, "geometry": { "type": "Point", "coordinates": [ -74.115800000727177, 4.605999998748302 ] } },
{ "type": "Feature", "properties": { "sede": "311001029474", "nombre_sede": "COLEGIO NUEVA ALIANZA INTEGRAL", "nombre_est": "COLEGIO NUEVA ALIANZA INTEGRAL", "nombre_upl": "SAN CRISTOBAL", "nombre_upz": "SOSIEGO", "z_publicado": 1.679, "n_examenes": 348, "n_anios": 9, "cluster": "NS", "lisa_p": 0.72852, "conflicto_est": false }, "geometry": { "type": "Point", "coordinates": [ -74.085700001567602, 4.581700000911951 ] } },
{ "type": "Feature", "properties": { "sede": "311001029521", "nombre_sede": "LICEO REYNEL", "nombre_est": "LICEO REYNEL", "nombre_upl": "KENNEDY", "nombre_upz": "CARVAJAL", "z_publicado": 0.328, "n_examenes": 325, "n_anios": 9, "cluster": "NS", "lisa_p": 0.76619, "conflicto_est": false }, "geometry": { "type": "Point", "coordinates": [ -74.138599999248981, 4.602600000798702 ] } },
{ "type": "Feature", "properties": { "sede": "311001029539", "nombre_sede": "LICEO HOMERICO", "nombre_est": "LICEO HOMERICO", "nombre_upl": "RINCON DE SUBA", "nombre_upz": "EL RINCON", "z_publicado": 0.014, "n_examenes": 210, "n_anios": 9, "cluster": "NS", "lisa_p": 0.95737, "conflicto_est": false }, "geometry": { "type": "Point", "coordinates": [ -74.096000000834465, 4.736000001430511 ] } },
{ "type": "Feature", "properties": { "sede": "311001029920", "nombre_sede": "COLEGIO SANTA CATALINA DEL SUR ORIENTE", "nombre_est": "COLEGIO SANTA CATALINA DEL SUR ORIENTE", "nombre_upl": "USME - ENTRENUBES", "nombre_upz": "LOS LIBERTADORES", "z_publicado": -0.05, "n_examenes": 98, "n_anios": 9, "cluster": "NS", "lisa_p": 0.27804, "conflicto_est": false }, "geometry": { "type": "Point", "coordinates": [ -74.086800001561642, 4.533100001513958 ] } },
{ "type": "Feature", "properties": { "sede": "311001029971", "nombre_sede": "INSTITUTO DE EDUCACION MEDIA EMAUS", "nombre_est": "INSTITUTO DE EDUCACION MEDIA EMAUS", "nombre_upl": "KENNEDY", "nombre_upz": "KENNEDY CENTRAL", "z_publicado": 0.315, "n_examenes": 272, "n_anios": 9, "cluster": "LL", "lisa_p": 0.03032, "conflicto_est": false }, "geometry": { "type": "Point", "coordinates": [ -74.156700000166893, 4.623599998652935 ] } },
{ "type": "Feature", "properties": { "sede": "311001030073", "nombre_sede": "COLEGIO BILINGÜE INTEGRAL", "nombre_est": "COLEGIO BILINGÜE INTEGRAL", "nombre_upl": "CENTRO HISTORICO", "nombre_upz": "SANTA ISABEL", "z_publicado": 1.253, "n_examenes": 277, "n_anios": 9, "cluster": "NS", "lisa_p": 0.81489, "conflicto_est": false }, "geometry": { "type": "Point", "coordinates": [ -74.104200001806021, 4.59739999845624 ] } },
{ "type": "Feature", "properties": { "sede": "311001030308", "nombre_sede": "LICEO ROMULO GALLEGOS", "nombre_est": "LICEO ROMULO GALLEGOS", "nombre_upl": "PUENTE ARANDA", "nombre_upz": "CIUDAD MONTES", "z_publicado": 0.276, "n_examenes": 243, "n_anios": 9, "cluster": "NS", "lisa_p": 0.76465, "conflicto_est": false }, "geometry": { "type": "Point", "coordinates": [ -74.10700000077486, 4.598999999463558 ] } },
{ "type": "Feature", "properties": { "sede": "311001030391", "nombre_sede": "LICEO PIÑEROS CORTES", "nombre_est": "LICEO PIÑEROS CORTES", "nombre_upl": "KENNEDY", "nombre_upz": "AMERICAS", "z_publicado": 0.429, "n_examenes": 224, "n_anios": 9, "cluster": "NS", "lisa_p": 0.87758, "conflicto_est": false }, "geometry": { "type": "Point", "coordinates": [ -74.143399998545647, 4.624899998307228 ] } },
{ "type": "Feature", "properties": { "sede": "311001030456", "nombre_sede": "INSTITUTO ACADEMICO BETHEL", "nombre_est": "INSTITUTO ACADEMICO BETHEL", "nombre_upl": "RESTREPO", "nombre_upz": "CIUDAD JARDIN", "z_publicado": 0.499, "n_examenes": 297, "n_anios": 9, "cluster": "NS", "lisa_p": 0.5849, "conflicto_est": false }, "geometry": { "type": "Point", "coordinates": [ -74.097500000149012, 4.583999998867512 ] } },
{ "type": "Feature", "properties": { "sede": "311001030499", "nombre_sede": "INSTITUTO EXPERIMENTAL DE ENSEÑANZA PRACTICA", "nombre_est": "INSTITUTO EXPERIMENTAL DE ENSEÑANZA PRACTICA", "nombre_upl": "KENNEDY", "nombre_upz": "KENNEDY CENTRAL", "z_publicado": 1.108, "n_examenes": 108, "n_anios": 9, "cluster": "NS", "lisa_p": 0.36351, "conflicto_est": false }, "geometry": { "type": "Point", "coordinates": [ -74.162500001490116, 4.620700001716614 ] } },
{ "type": "Feature", "properties": { "sede": "311001030537", "nombre_sede": "INSTITUTO DE EDUCACION ELEMENTAL PREESCOLAR Y SECUNDARIA - INELPRES", "nombre_est": "INSTITUTO DE EDUCACION ELEMENTAL PREESCOLAR Y SECUNDARIA - INELPRES", "nombre_upl": "ARBORIZADORA", "nombre_upz": "ARBORIZADORA", "z_publicado": 0.892, "n_examenes": 162, "n_anios": 9, "cluster": "NS", "lisa_p": 0.71828, "conflicto_est": false }, "geometry": { "type": "Point", "coordinates": [ -74.155000001192093, 4.59180000051856 ] } },
{ "type": "Feature", "properties": { "sede": "311001031088", "nombre_sede": "COLEGIO NUEVA INGLATERRA BILINGÜE INTERNACIONAL", "nombre_est": "COLEGIO NUEVA INGLATERRA BILINGÜE INTERNACIONAL", "nombre_upl": "TORCA", "nombre_upz": "LA ACADEMIA", "z_publicado": 2.107, "n_examenes": 540, "n_anios": 9, "cluster": "HH", "lisa_p": 6.9999999999999994e-05, "conflicto_est": false }, "geometry": { "type": "Point", "coordinates": [ -74.0456000007689, 4.794599998742342 ] } },
{ "type": "Feature", "properties": { "sede": "311001031461", "nombre_sede": "INSTITUTO NAZARENO MODELIA", "nombre_est": "INSTITUTO NAZARENO MODELIA", "nombre_upl": "SALITRE", "nombre_upz": "MODELIA", "z_publicado": 0.451, "n_examenes": 220, "n_anios": 9, "cluster": "HH", "lisa_p": 1.0000000000000001e-05, "conflicto_est": false }, "geometry": { "type": "Point", "coordinates": [ -74.118700001388788, 4.667300000786781 ] } },
{ "type": "Feature", "properties": { "sede": "311001031851", "nombre_sede": "GIMNASIO WILLIAM MACKINLEY", "nombre_est": "GIMNASIO WILLIAM MACKINLEY", "nombre_upl": "TEUSAQUILLO", "nombre_upz": "QUINTA PAREDES", "z_publicado": 0.915, "n_examenes": 553, "n_anios": 9, "cluster": "NS", "lisa_p": 0.19729, "conflicto_est": false }, "geometry": { "type": "Point", "coordinates": [ -74.097100000828505, 4.636799998581409 ] } },
{ "type": "Feature", "properties": { "sede": "311001032131", "nombre_sede": "COLEGIO NUESTRA SEÑORA DE LORETO", "nombre_est": "COLEGIO NUESTRA SEÑORA DE LORETO", "nombre_upl": "BOSA", "nombre_upz": "TIMIZA", "z_publicado": 0.316, "n_examenes": 161, "n_anios": 9, "cluster": "NS", "lisa_p": 0.76094, "conflicto_est": false }, "geometry": { "type": "Point", "coordinates": [ -74.172400001436472, 4.608899999409914 ] } },
{ "type": "Feature", "properties": { "sede": "311001032149", "nombre_sede": "GIMNASIO LOS PIRINEOS", "nombre_est": "GIMNASIO LOS PIRINEOS", "nombre_upl": "ENGATIVA", "nombre_upz": "BOLIVIA", "z_publicado": 0.755, "n_examenes": 118, "n_anios": 9, "cluster": "NS", "lisa_p": 0.47053, "conflicto_est": false }, "geometry": { "type": "Point", "coordinates": [ -74.114199999719858, 4.716899998486042 ] } },
{ "type": "Feature", "properties": { "sede": "311001032165", "nombre_sede": "GIMNASIO CAMPESTRE STEPHEN HAWKING", "nombre_est": "GIMNASIO CAMPESTRE STEPHEN HAWKING", "nombre_upl": "BRITALIA", "nombre_upz": "SAN JOSE DE BAVARIA", "z_publicado": 0.915, "n_examenes": 115, "n_anios": 9, "cluster": "HH", "lisa_p": 0.02114, "conflicto_est": false }, "geometry": { "type": "Point", "coordinates": [ -74.061000000685453, 4.761199999600649 ] } },
{ "type": "Feature", "properties": { "sede": "311001032246", "nombre_sede": "ESCUELA PEDAGOGICA EXPERIMENTAL", "nombre_est": "ESCUELA PEDAGOGICA EXPERIMENTAL", "nombre_upl": "CERROS ORIENTALES", "nombre_upz": "CERROS ORIENTALES", "z_publicado": 0.707, "n_examenes": 352, "n_anios": 9, "cluster": "NS", "lisa_p": 0.20235, "conflicto_est": false }, "geometry": { "type": "Point", "coordinates": [ -74.018300000578165, 4.675400000065565 ] } },
{ "type": "Feature", "properties": { "sede": "311001032271", "nombre_sede": "COLEGIO CENTRO CULTURAL", "nombre_est": "COLEGIO CENTRO CULTURAL", "nombre_upl": "RAFAEL URIBE", "nombre_upz": "RIO TUNJUELO", "z_publicado": -0.245, "n_examenes": 341, "n_anios": 9, "cluster": "NS", "lisa_p": 0.28322, "conflicto_est": false }, "geometry": { "type": "Point", "coordinates": [ -74.120000001043081, 4.51969999819994 ] } },
{ "type": "Feature", "properties": { "sede": "311001032572", "nombre_sede": "GIMNASIO IMPERIAL IGNACIA CAMACHO DE CIFUENTES", "nombre_est": "GIMNASIO IMPERIAL IGNACIA CAMACHO DE CIFUENTES", "nombre_upl": "BOSA", "nombre_upz": "TIMIZA", "z_publicado": 0.373, "n_examenes": 182, "n_anios": 9, "cluster": "NS", "lisa_p": 0.05628, "conflicto_est": false }, "geometry": { "type": "Point", "coordinates": [ -74.173700001090765, 4.612900000065565 ] } },
{ "type": "Feature", "properties": { "sede": "311001032637", "nombre_sede": "LICEO CIUDAD CAPITAL", "nombre_est": "LICEO CIUDAD CAPITAL", "nombre_upl": "PORVENIR", "nombre_upz": "TINTAL SUR", "z_publicado": 0.346, "n_examenes": 655, "n_anios": 9, "cluster": "NS", "lisa_p": 0.05558, "conflicto_est": false }, "geometry": { "type": "Point", "coordinates": [ -74.201099999248981, 4.637499999254942 ] } },
{ "type": "Feature", "properties": { "sede": "311001033111", "nombre_sede": "COLEGIO MADRE MATILDE", "nombre_est": "COLEGIO MADRE MATILDE", "nombre_upl": "FONTIBON", "nombre_upz": "FONTIBON", "z_publicado": 0.581, "n_examenes": 389, "n_anios": 9, "cluster": "NS", "lisa_p": 0.50274, "conflicto_est": false }, "geometry": { "type": "Point", "coordinates": [ -74.142299998551607, 4.686299998313189 ] } },
{ "type": "Feature", "properties": { "sede": "311001033277", "nombre_sede": "LICEO LUTHER KING", "nombre_est": "LICEO LUTHER KING", "nombre_upl": "BOSA", "nombre_upz": "KENNEDY CENTRAL", "z_publicado": 0.261, "n_examenes": 366, "n_anios": 9, "cluster": "NS", "lisa_p": 0.21399, "conflicto_est": false }, "geometry": { "type": "Point", "coordinates": [ -74.169399999082088, 4.614599999040365 ] } },
{ "type": "Feature", "properties": { "sede": "311001033366", "nombre_sede": "INSTITUTO DE INTEGRACION CULTURAL IDIC", "nombre_est": "INSTITUTO DE INTEGRACION CULTURAL IDIC", "nombre_upl": "PUENTE ARANDA", "nombre_upz": "CIUDAD MONTES", "z_publicado": 0.851, "n_examenes": 877, "n_anios": 9, "cluster": "NS", "lisa_p": 0.21076, "conflicto_est": false }, "geometry": { "type": "Point", "coordinates": [ -74.100999999791384, 4.607900001108646 ] } },
{ "type": "Feature", "properties": { "sede": "311001033374", "nombre_sede": "COLEGIO SUPERIOR DE OCCIDENTE", "nombre_est": "COLEGIO SUPERIOR DE OCCIDENTE", "nombre_upl": "PATIO BONITO", "nombre_upz": "PATIO BONITO", "z_publicado": 0.214, "n_examenes": 253, "n_anios": 9, "cluster": "NS", "lisa_p": 0.83348, "conflicto_est": false }, "geometry": { "type": "Point", "coordinates": [ -74.164299998432398, 4.635400000959635 ] } },
{ "type": "Feature", "properties": { "sede": "311001033391", "nombre_sede": "COLEGIO MADRE PAULA MONTAL", "nombre_est": "COLEGIO MADRE PAULA MONTAL", "nombre_upl": "USME - ENTRENUBES", "nombre_upz": "LOS LIBERTADORES", "z_publicado": 0.568, "n_examenes": 444, "n_anios": 9, "cluster": "NS", "lisa_p": 0.12237, "conflicto_est": false }, "geometry": { "type": "Point", "coordinates": [ -74.084800001233816, 4.531899999827147 ] } },
{ "type": "Feature", "properties": { "sede": "311001033439", "nombre_sede": "LICEO NUESTRA SEÑORA DE TORCOROMA", "nombre_est": "LICEO NUESTRA SEÑORA DE TORCOROMA", "nombre_upl": "KENNEDY", "nombre_upz": "KENNEDY CENTRAL", "z_publicado": 1.477, "n_examenes": 647, "n_anios": 9, "cluster": "NS", "lisa_p": 0.25261, "conflicto_est": false }, "geometry": { "type": "Point", "coordinates": [ -74.135400000959635, 4.607999999076128 ] } },
{ "type": "Feature", "properties": { "sede": "311001033480", "nombre_sede": "COLEGIO LAZARILLO DE TORMES", "nombre_est": "COLEGIO LAZARILLO DE TORMES", "nombre_upl": "BOSA", "nombre_upz": "TIMIZA", "z_publicado": 0.267, "n_examenes": 337, "n_anios": 9, "cluster": "NS", "lisa_p": 0.59275, "conflicto_est": false }, "geometry": { "type": "Point", "coordinates": [ -74.168099999427795, 4.611200001090765 ] } },
{ "type": "Feature", "properties": { "sede": "311001033510", "nombre_sede": "COLEGIO SAN BONIFACIO", "nombre_est": "COLEGIO SAN BONIFACIO", "nombre_upl": "PATIO BONITO", "nombre_upz": "PATIO BONITO", "z_publicado": 0.876, "n_examenes": 864, "n_anios": 9, "cluster": "NS", "lisa_p": 0.254, "conflicto_est": false }, "geometry": { "type": "Point", "coordinates": [ -74.165699999779463, 4.636700000613928 ] } },
{ "type": "Feature", "properties": { "sede": "311001033579", "nombre_sede": "INSTITUTO TENERIFE", "nombre_est": "INSTITUTO TENERIFE", "nombre_upl": "BOSA", "nombre_upz": "TIMIZA", "z_publicado": 0.097, "n_examenes": 208, "n_anios": 8, "cluster": "NS", "lisa_p": 0.38464, "conflicto_est": false }, "geometry": { "type": "Point", "coordinates": [ -74.173500001430511, 4.611200001090765 ] } },
{ "type": "Feature", "properties": { "sede": "311001033633", "nombre_sede": "CENTRO CULTURAL Y EDUCATIVO REYES CATOLICOS", "nombre_est": "CENTRO CULTURAL Y EDUCATIVO REYES CATOLICOS", "nombre_upl": "USAQUEN", "nombre_upz": "COUNTRY CLUB", "z_publicado": 1.279, "n_examenes": 411, "n_anios": 9, "cluster": "NS", "lisa_p": 0.09518, "conflicto_est": false }, "geometry": { "type": "Point", "coordinates": [ -74.035900000482798, 4.706000000238419 ] } },
{ "type": "Feature", "properties": { "sede": "311001033676", "nombre_sede": "COLEGIO BILINGÜE LA ENSEÑANZA", "nombre_est": "COLEGIO BILINGÜE LA ENSEÑANZA", "nombre_upl": "TORCA", "nombre_upz": "NIZA", "z_publicado": 1.484, "n_examenes": 552, "n_anios": 9, "cluster": "HH", "lisa_p": 1.0000000000000001e-05, "conflicto_est": false }, "geometry": { "type": "Point", "coordinates": [ -74.053399998694658, 4.780099999159575 ] } },
{ "type": "Feature", "properties": { "sede": "311001033838", "nombre_sede": "LICEO TECNICO BILINGÜE PAULO FREIRE", "nombre_est": "LICEO TECNICO BILINGÜE PAULO FREIRE", "nombre_upl": "SUBA", "nombre_upz": "SUBA", "z_publicado": -0.021, "n_examenes": 199, "n_anios": 9, "cluster": "NS", "lisa_p": 0.13747, "conflicto_est": false }, "geometry": { "type": "Point", "coordinates": [ -74.087200000882149, 4.757399998605251 ] } },
{ "type": "Feature", "properties": { "sede": "311001034117", "nombre_sede": "COLEGIO PRINCIPE DE PAZ", "nombre_est": "COLEGIO PRINCIPE DE PAZ", "nombre_upl": "SAN CRISTOBAL", "nombre_upz": "LA GLORIA", "z_publicado": 0.151, "n_examenes": 393, "n_anios": 9, "cluster": "NS", "lisa_p": 0.23296, "conflicto_est": false }, "geometry": { "type": "Point", "coordinates": [ -74.0945999994874, 4.550500001758337 ] } },
{ "type": "Feature", "properties": { "sede": "311001034362", "nombre_sede": "COLEGIO SANTIAGO MAYOR", "nombre_est": "COLEGIO SANTIAGO MAYOR", "nombre_upl": "BRITALIA", "nombre_upz": "SAN JOSE DE BAVARIA", "z_publicado": 0.604, "n_examenes": 241, "n_anios": 9, "cluster": "HH", "lisa_p": 0.0353, "conflicto_est": false }, "geometry": { "type": "Point", "coordinates": [ -74.063299998641014, 4.764699999243021 ] } },
{ "type": "Feature", "properties": { "sede": "311001034389", "nombre_sede": "GIMNASIO LOS ALERCES", "nombre_est": "GIMNASIO LOS ALERCES", "nombre_upl": "TABORA", "nombre_upz": "SANTA CECILIA", "z_publicado": 0.849, "n_examenes": 337, "n_anios": 9, "cluster": "NS", "lisa_p": 0.14368, "conflicto_est": false }, "geometry": { "type": "Point", "coordinates": [ -74.106300000101328, 4.680700000375509 ] } },
{ "type": "Feature", "properties": { "sede": "311001034508", "nombre_sede": "COLEGIO MONSERRATE", "nombre_est": "COLEGIO MONSERRATE", "nombre_upl": "BARRIOS UNIDOS", "nombre_upz": "LOS ANDES", "z_publicado": 0.465, "n_examenes": 151, "n_anios": 9, "cluster": "NS", "lisa_p": 0.23654, "conflicto_est": false }, "geometry": { "type": "Point", "coordinates": [ -74.061599999666214, 4.679000001400709 ] } },
{ "type": "Feature", "properties": { "sede": "311001035253", "nombre_sede": "COLEGIO EL DUQUE DE RIVAS", "nombre_est": "COLEGIO EL DUQUE DE RIVAS", "nombre_upl": "EDEN", "nombre_upz": "GRAN BRITALIA", "z_publicado": 0.781, "n_examenes": 255, "n_anios": 9, "cluster": "NS", "lisa_p": 0.55236, "conflicto_est": false }, "geometry": { "type": "Point", "coordinates": [ -74.172600001096725, 4.619199998676777 ] } },
{ "type": "Feature", "properties": { "sede": "311001035300", "nombre_sede": "COLEGIO BILINGÜE REINO UNIDO", "nombre_est": "COLEGIO BILINGÜE REINO UNIDO", "nombre_upl": "KENNEDY", "nombre_upz": "APOGEO", "z_publicado": 0.691, "n_examenes": 435, "n_anios": 9, "cluster": "NS", "lisa_p": 0.26932, "conflicto_est": false }, "geometry": { "type": "Point", "coordinates": [ -74.161299999803305, 4.601100001484156 ] } },
{ "type": "Feature", "properties": { "sede": "311001035318", "nombre_sede": "GIMNASIO SANTA ROCIO", "nombre_est": "GIMNASIO SANTA ROCIO", "nombre_upl": "KENNEDY", "nombre_upz": "APOGEO", "z_publicado": 0.648, "n_examenes": 696, "n_anios": 9, "cluster": "NS", "lisa_p": 0.75848, "conflicto_est": false }, "geometry": { "type": "Point", "coordinates": [ -74.15989999845624, 4.602400001138449 ] } },
{ "type": "Feature", "properties": { "sede": "311001035806", "nombre_sede": "LICEO NUEVA BRITALIA", "nombre_est": "LICEO NUEVA BRITALIA", "nombre_upl": "EDEN", "nombre_upz": "GRAN BRITALIA", "z_publicado": 0.238, "n_examenes": 268, "n_anios": 9, "cluster": "NS", "lisa_p": 0.69014, "conflicto_est": false }, "geometry": { "type": "Point", "coordinates": [ -74.172400001436472, 4.62390000000596 ] } },
{ "type": "Feature", "properties": { "sede": "311001035857", "nombre_sede": "COLEGIO DE SALERNO", "nombre_est": "COLEGIO DE SALERNO", "nombre_upl": "CENTRO HISTORICO", "nombre_upz": "LAS CRUCES", "z_publicado": -0.058, "n_examenes": 195, "n_anios": 9, "cluster": "NS", "lisa_p": 0.26294, "conflicto_est": false }, "geometry": { "type": "Point", "coordinates": [ -74.078400000929832, 4.589499998837709 ] } },
{ "type": "Feature", "properties": { "sede": "311001035873", "nombre_sede": "COLEGIO SAN JUAN DE AVILA", "nombre_est": "COLEGIO SAN JUAN DE AVILA", "nombre_upl": "ENGATIVA", "nombre_upz": "GARCES NAVAS", "z_publicado": 0.829, "n_examenes": 266, "n_anios": 9, "cluster": "NS", "lisa_p": 0.5733, "conflicto_est": false }, "geometry": { "type": "Point", "coordinates": [ -74.114999998360872, 4.707299999892712 ] } },
{ "type": "Feature", "properties": { "sede": "311001036217", "nombre_sede": "LICEO MODERNO WALT WHITMAN", "nombre_est": "LICEO MODERNO WALT WHITMAN", "nombre_upl": "RESTREPO", "nombre_upz": "RESTREPO", "z_publicado": 0.362, "n_examenes": 681, "n_anios": 9, "cluster": "NS", "lisa_p": 0.85492, "conflicto_est": false }, "geometry": { "type": "Point", "coordinates": [ -74.122400000691414, 4.5929000005126 ] } },
{ "type": "Feature", "properties": { "sede": "311001036250", "nombre_sede": "LICEO DAMFUS", "nombre_est": "LICEO DAMFUS", "nombre_upl": "TUNJUELITO", "nombre_upz": "TUNJUELITO", "z_publicado": 0.957, "n_examenes": 109, "n_anios": 9, "cluster": "NS", "lisa_p": 0.15233, "conflicto_est": false }, "geometry": { "type": "Point", "coordinates": [ -74.127599999308586, 4.569400001317263 ] } },
{ "type": "Feature", "properties": { "sede": "311001036292", "nombre_sede": "COLEGIO ANDRES ROSILLO", "nombre_est": "COLEGIO ANDRES ROSILLO", "nombre_upl": "BOSA", "nombre_upz": "BOSA CENTRAL", "z_publicado": 0.555, "n_examenes": 313, "n_anios": 9, "cluster": "NS", "lisa_p": 0.06222, "conflicto_est": false }, "geometry": { "type": "Point", "coordinates": [ -74.184000000357628, 4.600999999791384 ] } },
{ "type": "Feature", "properties": { "sede": "311001036527", "nombre_sede": "COLEGIO FERVAN", "nombre_est": "COLEGIO FERVAN", "nombre_upl": "ENGATIVA", "nombre_upz": "GARCES NAVAS", "z_publicado": 1.274, "n_examenes": 294, "n_anios": 9, "cluster": "NS", "lisa_p": 0.37511, "conflicto_est": false }, "geometry": { "type": "Point", "coordinates": [ -74.11600000038743, 4.706900000572205 ] } },
{ "type": "Feature", "properties": { "sede": "311001036659", "nombre_sede": "COLEGIO CIUDAD BOLIVAR", "nombre_est": "COLEGIO CIUDAD BOLIVAR", "nombre_upl": "RAFAEL URIBE", "nombre_upz": "GRAN YOMASA", "z_publicado": 0.131, "n_examenes": 44, "n_anios": 4, "cluster": "NS", "lisa_p": 0.81737, "conflicto_est": false }, "geometry": { "type": "Point", "coordinates": [ -74.118099998682737, 4.515700001269579 ] } },
{ "type": "Feature", "properties": { "sede": "311001036900", "nombre_sede": "COLEGIO CIUDAD PATIO BONITO", "nombre_est": "COLEGIO CIUDAD PATIO BONITO", "nombre_upl": "PATIO BONITO", "nombre_upz": "PATIO BONITO", "z_publicado": 0.151, "n_examenes": 601, "n_anios": 9, "cluster": "NS", "lisa_p": 0.98116, "conflicto_est": false }, "geometry": { "type": "Point", "coordinates": [ -74.163899999111891, 4.638199999928474 ] } },
{ "type": "Feature", "properties": { "sede": "311001037051", "nombre_sede": "COLEGIO SAN ISIDRO", "nombre_est": "COLEGIO SAN ISIDRO", "nombre_upl": "RAFAEL URIBE", "nombre_upz": "GRAN YOMASA", "z_publicado": 0.645, "n_examenes": 121, "n_anios": 9, "cluster": "NS", "lisa_p": 0.94107, "conflicto_est": false }, "geometry": { "type": "Point", "coordinates": [ -74.111600000411272, 4.509899999946356 ] } },
{ "type": "Feature", "properties": { "sede": "311001037094", "nombre_sede": "CENTRO EDUCATIVO SCALAS", "nombre_est": "CENTRO EDUCATIVO SCALAS", "nombre_upl": "TABORA", "nombre_upz": "BOYACA REAL", "z_publicado": 1.222, "n_examenes": 418, "n_anios": 9, "cluster": "NS", "lisa_p": 0.62621, "conflicto_est": false }, "geometry": { "type": "Point", "coordinates": [ -74.106199998408556, 4.690000001341105 ] } },
{ "type": "Feature", "properties": { "sede": "311001037566", "nombre_sede": "COLEGIO LOPE DE VEGA", "nombre_est": "COLEGIO LOPE DE VEGA", "nombre_upl": "PUENTE ARANDA", "nombre_upz": "CIUDAD MONTES", "z_publicado": 0.668, "n_examenes": 319, "n_anios": 9, "cluster": "NS", "lisa_p": 0.3967, "conflicto_est": false }, "geometry": { "type": "Point", "coordinates": [ -74.107799999415874, 4.614399999380112 ] } },
{ "type": "Feature", "properties": { "sede": "311001038163", "nombre_sede": "LICEO SANTA PAULA", "nombre_est": "LICEO SANTA PAULA", "nombre_upl": "TABORA", "nombre_upz": "BOYACA REAL", "z_publicado": 0.91, "n_examenes": 205, "n_anios": 9, "cluster": "NS", "lisa_p": 0.32963, "conflicto_est": false }, "geometry": { "type": "Point", "coordinates": [ -74.107799999415874, 4.704100001603365 ] } },
{ "type": "Feature", "properties": { "sede": "311001038201", "nombre_sede": "LICEO DE LA UNIVERSIDAD CATOLICA", "nombre_est": "LICEO DE LA UNIVERSIDAD CATOLICA", "nombre_upl": "TEUSAQUILLO", "nombre_upz": "TEUSAQUILLO", "z_publicado": 1.604, "n_examenes": 404, "n_anios": 9, "cluster": "NS", "lisa_p": 0.21764, "conflicto_est": false }, "geometry": { "type": "Point", "coordinates": [ -74.068500000983477, 4.634300000965595 ] } },
{ "type": "Feature", "properties": { "sede": "311001038317", "nombre_sede": "COLEGIO MAYOR PRIMEROS MAESTROS", "nombre_est": "COLEGIO MAYOR PRIMEROS MAESTROS", "nombre_upl": "TABORA", "nombre_upz": "BOYACA REAL", "z_publicado": 0.569, "n_examenes": 617, "n_anios": 9, "cluster": "NS", "lisa_p": 0.39154, "conflicto_est": false }, "geometry": { "type": "Point", "coordinates": [ -74.100900001823902, 4.696199998259544 ] } },
{ "type": "Feature", "properties": { "sede": "311001038368", "nombre_sede": "COLEGIO COFRATERNIDAD DE SAN FERNANDO", "nombre_est": "COLEGIO COFRATERNIDAD DE SAN FERNANDO", "nombre_upl": "ARBORIZADORA", "nombre_upz": "SAN FRANCISCO", "z_publicado": 0.141, "n_examenes": 573, "n_anios": 9, "cluster": "NS", "lisa_p": 0.0882, "conflicto_est": false }, "geometry": { "type": "Point", "coordinates": [ -74.140299998223782, 4.562600001692772 ] } },
{ "type": "Feature", "properties": { "sede": "311001038911", "nombre_sede": "LICEO JUAN MIGUEL", "nombre_est": "LICEO JUAN MIGUEL", "nombre_upl": "RAFAEL URIBE", "nombre_upz": "DIANA TURBAY", "z_publicado": 0.07, "n_examenes": 189, "n_anios": 9, "cluster": "NS", "lisa_p": 0.1652, "conflicto_est": false }, "geometry": { "type": "Point", "coordinates": [ -74.109299998730421, 4.548799999058247 ] } },
{ "type": "Feature", "properties": { "sede": "311001039003", "nombre_sede": "COLEGIO BILINGÜE CIUDAD MONTES", "nombre_est": "COLEGIO BILINGÜE CIUDAD MONTES", "nombre_upl": "PUENTE ARANDA", "nombre_upz": "CIUDAD MONTES", "z_publicado": 1.11, "n_examenes": 166, "n_anios": 9, "cluster": "NS", "lisa_p": 0.32767, "conflicto_est": false }, "geometry": { "type": "Point", "coordinates": [ -74.113699998706579, 4.604699999094009 ] } },
{ "type": "Feature", "properties": { "sede": "311001039399", "nombre_sede": "COLEGIO HENRY WALLON", "nombre_est": "COLEGIO HENRY WALLON", "nombre_upl": "TABORA", "nombre_upz": "LAS FERIAS", "z_publicado": 0.338, "n_examenes": 101, "n_anios": 9, "cluster": "NS", "lisa_p": 0.16486, "conflicto_est": false }, "geometry": { "type": "Point", "coordinates": [ -74.098099999129772, 4.670899998396635 ] } },
{ "type": "Feature", "properties": { "sede": "311001039747", "nombre_sede": "COLEGIO ALEXANDER FLEMING", "nombre_est": "COLEGIO ALEXANDER FLEMING", "nombre_upl": "BOSA", "nombre_upz": "TIMIZA", "z_publicado": 0.366, "n_examenes": 202, "n_anios": 9, "cluster": "NS", "lisa_p": 0.79847, "conflicto_est": false }, "geometry": { "type": "Point", "coordinates": [ -74.175200000405312, 4.607999999076128 ] } },
{ "type": "Feature", "properties": { "sede": "311001039780", "nombre_sede": "INSTITUTO ORESTES SINDICI", "nombre_est": "INSTITUTO ORESTES SINDICI", "nombre_upl": "ARBORIZADORA", "nombre_upz": "ISMAEL PERDOMO", "z_publicado": 0.3, "n_examenes": 341, "n_anios": 9, "cluster": "NS", "lisa_p": 0.60377, "conflicto_est": false }, "geometry": { "type": "Point", "coordinates": [ -74.164900001138449, 4.587900001555681 ] } },
{ "type": "Feature", "properties": { "sede": "311001039852", "nombre_sede": "INSTITUTO SANTA ANA LUZ DEL CARMEN", "nombre_est": "INSTITUTO SANTA ANA LUZ DEL CARMEN", "nombre_upl": "ARBORIZADORA", "nombre_upz": "ISMAEL PERDOMO", "z_publicado": 0.422, "n_examenes": 252, "n_anios": 9, "cluster": "NS", "lisa_p": 0.54199, "conflicto_est": false }, "geometry": { "type": "Point", "coordinates": [ -74.165699999779463, 4.588300000876188 ] } },
{ "type": "Feature", "properties": { "sede": "311001039984", "nombre_sede": "INSTITUTO CULTURAL CIUDAD KENNEDY", "nombre_est": "INSTITUTO CULTURAL CIUDAD KENNEDY", "nombre_upl": "KENNEDY", "nombre_upz": "KENNEDY CENTRAL", "z_publicado": 0.239, "n_examenes": 187, "n_anios": 9, "cluster": "NS", "lisa_p": 0.80636, "conflicto_est": false }, "geometry": { "type": "Point", "coordinates": [ -74.145899999886751, 4.61939999833703 ] } },
{ "type": "Feature", "properties": { "sede": "311001040028", "nombre_sede": "COLEGIO MANUEL MURILLO TORO", "nombre_est": "COLEGIO MANUEL MURILLO TORO", "nombre_upl": "KENNEDY", "nombre_upz": "AMERICAS", "z_publicado": -0.025, "n_examenes": 24, "n_anios": 1, "cluster": "NS", "lisa_p": 0.32316, "conflicto_est": false }, "geometry": { "type": "Point", "coordinates": [ -74.135499998927116, 4.628800000995398 ] } },
{ "type": "Feature", "properties": { "sede": "311001040168", "nombre_sede": "LICEO SENDERO DEL SABER", "nombre_est": "LICEO SENDERO DEL SABER", "nombre_upl": "SAN CRISTOBAL", "nombre_upz": "20 DE JULIO", "z_publicado": -0.373, "n_examenes": 88, "n_anios": 9, "cluster": "NS", "lisa_p": 0.0526, "conflicto_est": false }, "geometry": { "type": "Point", "coordinates": [ -74.088700000196695, 4.564399998635054 ] } },
{ "type": "Feature", "properties": { "sede": "311001040290", "nombre_sede": "LICEO SALOMON SABIO", "nombre_est": "LICEO SALOMON SABIO", "nombre_upl": "ENGATIVA", "nombre_upz": "ENGATIVA", "z_publicado": 0.998, "n_examenes": 176, "n_anios": 9, "cluster": "NS", "lisa_p": 0.22094, "conflicto_est": false }, "geometry": { "type": "Point", "coordinates": [ -74.142700001597404, 4.711899999529123 ] } },
{ "type": "Feature", "properties": { "sede": "311001040338", "nombre_sede": "LICEO ADOLFO LEON GOMEZ", "nombre_est": "LICEO ADOLFO LEON GOMEZ", "nombre_upl": "USME - ENTRENUBES", "nombre_upz": "COMUNEROS", "z_publicado": 0.022, "n_examenes": 61, "n_anios": 9, "cluster": "NS", "lisa_p": 0.0588, "conflicto_est": false }, "geometry": { "type": "Point", "coordinates": [ -74.114100001752377, 4.495700001716614 ] } },
{ "type": "Feature", "properties": { "sede": "311001040354", "nombre_sede": "LICEO NUEVO CHILE", "nombre_est": "LICEO NUEVO CHILE", "nombre_upl": "PUENTE ARANDA", "nombre_upz": "MUZU", "z_publicado": null, "n_examenes": 9, "n_anios": 1, "cluster": "NS", "lisa_p": 0.94806, "conflicto_est": false }, "geometry": { "type": "Point", "coordinates": [ -74.121500000357628, 4.599399998784065 ] } },
{ "type": "Feature", "properties": { "sede": "311001040362", "nombre_sede": "LICEO SAN JOSE ORIENTAL", "nombre_est": "LICEO SAN JOSE ORIENTAL", "nombre_upl": "SAN CRISTOBAL", "nombre_upz": "LA GLORIA", "z_publicado": 0.179, "n_examenes": 509, "n_anios": 9, "cluster": "NS", "lisa_p": 0.06819, "conflicto_est": false }, "geometry": { "type": "Point", "coordinates": [ -74.083700001239777, 4.546599999070168 ] } },
{ "type": "Feature", "properties": { "sede": "311001040401", "nombre_sede": "COLEGIO DE FORMACION INTEGRAL MUNDO NUEVO", "nombre_est": "COLEGIO DE FORMACION INTEGRAL MUNDO NUEVO", "nombre_upl": "KENNEDY", "nombre_upz": "TIMIZA", "z_publicado": 0.871, "n_examenes": 525, "n_anios": 9, "cluster": "NS", "lisa_p": 0.27135, "conflicto_est": false }, "geometry": { "type": "Point", "coordinates": [ -74.155299998819828, 4.61259999871254 ] } },
{ "type": "Feature", "properties": { "sede": "311001040630", "nombre_sede": "GIMNASIO LOS MONJES", "nombre_est": "GIMNASIO LOS MONJES", "nombre_upl": "TABORA", "nombre_upz": "SANTA CECILIA", "z_publicado": 0.814, "n_examenes": 427, "n_anios": 9, "cluster": "NS", "lisa_p": 0.14681, "conflicto_est": false }, "geometry": { "type": "Point", "coordinates": [ -74.110800001770258, 4.681499999016523 ] } },
{ "type": "Feature", "properties": { "sede": "311001040869", "nombre_sede": "LICEO PSICOPEDAGOGICO BOLIVIA", "nombre_est": "LICEO PSICOPEDAGOGICO BOLIVIA", "nombre_upl": "ENGATIVA", "nombre_upz": "BOLIVIA", "z_publicado": 0.641, "n_examenes": 640, "n_anios": 9, "cluster": "NS", "lisa_p": 0.41987, "conflicto_est": false }, "geometry": { "type": "Point", "coordinates": [ -74.114900000393391, 4.716299999505281 ] } },
{ "type": "Feature", "properties": { "sede": "311001041067", "nombre_sede": "LICEO DE OXFORD", "nombre_est": "LICEO DE OXFORD", "nombre_upl": "BOSA", "nombre_upz": "APOGEO", "z_publicado": 0.341, "n_examenes": 291, "n_anios": 9, "cluster": "NS", "lisa_p": 0.34005, "conflicto_est": false }, "geometry": { "type": "Point", "coordinates": [ -74.164599999785423, 4.600999999791384 ] } },
{ "type": "Feature", "properties": { "sede": "311001041113", "nombre_sede": "INSTITUTO CERROS DEL SUR - ICES", "nombre_est": "INSTITUTO CERROS DEL SUR - ICES", "nombre_upl": "ARBORIZADORA", "nombre_upz": "JERUSALEN", "z_publicado": -0.101, "n_examenes": 46, "n_anios": 9, "cluster": "NS", "lisa_p": 0.48702, "conflicto_est": false }, "geometry": { "type": "Point", "coordinates": [ -74.171100001782179, 4.568199999630451 ] } },
{ "type": "Feature", "properties": { "sede": "311001041270", "nombre_sede": "GIMNASIO COLOMBIANO DEL SUR", "nombre_est": "GIMNASIO COLOMBIANO DEL SUR", "nombre_upl": "ARBORIZADORA", "nombre_upz": "SAN FRANCISCO", "z_publicado": 0.548, "n_examenes": 335, "n_anios": 9, "cluster": "NS", "lisa_p": 0.59183, "conflicto_est": false }, "geometry": { "type": "Point", "coordinates": [ -74.14750000089407, 4.567999999970198 ] } },
{ "type": "Feature", "properties": { "sede": "311001041342", "nombre_sede": "COLEGIO SAN GREGORIO HERNANDEZ", "nombre_est": "COLEGIO SAN GREGORIO HERNANDEZ", "nombre_upl": "RAFAEL URIBE", "nombre_upz": "GRAN YOMASA", "z_publicado": 0.177, "n_examenes": 165, "n_anios": 9, "cluster": "NS", "lisa_p": 0.3265, "conflicto_est": false }, "geometry": { "type": "Point", "coordinates": [ -74.114700000733137, 4.512699998915195 ] } },
{ "type": "Feature", "properties": { "sede": "311001041351", "nombre_sede": "COLEGIO INGLATERRA REAL", "nombre_est": "COLEGIO INGLATERRA REAL", "nombre_upl": "BRITALIA", "nombre_upz": "SAN JOSE DE BAVARIA", "z_publicado": 1.14, "n_examenes": 180, "n_anios": 9, "cluster": "HH", "lisa_p": 0.00138, "conflicto_est": false }, "geometry": { "type": "Point", "coordinates": [ -74.055900000035763, 4.767099998891354 ] } },
{ "type": "Feature", "properties": { "sede": "311001041423", "nombre_sede": "COLEGIO BILINGÜE CEDAM", "nombre_est": "COLEGIO BILINGÜE CEDAM", "nombre_upl": "CENTRO HISTORICO", "nombre_upz": "SANTA ISABEL", "z_publicado": 1.334, "n_examenes": 97, "n_anios": 5, "cluster": "NS", "lisa_p": 0.15576, "conflicto_est": false }, "geometry": { "type": "Point", "coordinates": [ -74.098999999463558, 4.601100001484156 ] } },
{ "type": "Feature", "properties": { "sede": "311001041521", "nombre_sede": "LICEO MANANTIAL DE VIDA ETERNA", "nombre_est": "LICEO MANANTIAL DE VIDA ETERNA", "nombre_upl": "PUENTE ARANDA", "nombre_upz": "MUZU", "z_publicado": 1.116, "n_examenes": 462, "n_anios": 9, "cluster": "NS", "lisa_p": 0.60526, "conflicto_est": false }, "geometry": { "type": "Point", "coordinates": [ -74.128699999302626, 4.602699998766184 ] } },
{ "type": "Feature", "properties": { "sede": "311001041806", "nombre_sede": "LICEO SAMARIO", "nombre_est": "LICEO SAMARIO", "nombre_upl": "KENNEDY", "nombre_upz": "TIMIZA", "z_publicado": 1.288, "n_examenes": 1047, "n_anios": 9, "cluster": "NS", "lisa_p": 0.61069, "conflicto_est": false }, "geometry": { "type": "Point", "coordinates": [ -74.157800000160933, 4.610599998384714 ] } },
{ "type": "Feature", "properties": { "sede": "311001041857", "nombre_sede": "COLEGIO NUESTRA SEÑORA DE LA SALETTE", "nombre_est": "COLEGIO NUESTRA SEÑORA DE LA SALETTE", "nombre_upl": "PUENTE ARANDA", "nombre_upz": "SAN RAFAEL", "z_publicado": 1.029, "n_examenes": 192, "n_anios": 9, "cluster": "HH", "lisa_p": 0.03115, "conflicto_est": false }, "geometry": { "type": "Point", "coordinates": [ -74.116200000047684, 4.624099999666214 ] } },
{ "type": "Feature", "properties": { "sede": "311001041873", "nombre_sede": "LICEO NUESTRA SEÑORA DE LAS NIEVES", "nombre_est": "LICEO NUESTRA SEÑORA DE LAS NIEVES", "nombre_upl": "PATIO BONITO", "nombre_upz": "PATIO BONITO", "z_publicado": 0.675, "n_examenes": 1231, "n_anios": 9, "cluster": "NS", "lisa_p": 0.32163, "conflicto_est": false }, "geometry": { "type": "Point", "coordinates": [ -74.16609999909997, 4.637200001627207 ] } },
{ "type": "Feature", "properties": { "sede": "311001042276", "nombre_sede": "COLEGIO CELCO SAN LUCAS", "nombre_est": "COLEGIO CELCO SAN LUCAS", "nombre_upl": "KENNEDY", "nombre_upz": "KENNEDY CENTRAL", "z_publicado": 0.855, "n_examenes": 565, "n_anios": 9, "cluster": "NS", "lisa_p": 0.50377, "conflicto_est": false }, "geometry": { "type": "Point", "coordinates": [ -74.151200000196695, 4.625199999660254 ] } },
{ "type": "Feature", "properties": { "sede": "311001042667", "nombre_sede": "GIMNASIO FONTANA", "nombre_est": "GIMNASIO FONTANA", "nombre_upl": "TORCA", "nombre_upz": "ZONA NORTE", "z_publicado": 1.141, "n_examenes": 502, "n_anios": 9, "cluster": "HH", "lisa_p": 0.0, "conflicto_est": false }, "geometry": { "type": "Point", "coordinates": [ -74.06359999999404, 4.802099999040365 ] } },
{ "type": "Feature", "properties": { "sede": "311001042721", "nombre_sede": "COLEGIO ISIDRO MOLINA", "nombre_est": "COLEGIO ISIDRO MOLINA", "nombre_upl": "RAFAEL URIBE", "nombre_upz": "GRAN YOMASA", "z_publicado": 1.048, "n_examenes": 218, "n_anios": 9, "cluster": "NS", "lisa_p": 0.55755, "conflicto_est": false }, "geometry": { "type": "Point", "coordinates": [ -74.111099999397993, 4.51069999858737 ] } },
{ "type": "Feature", "properties": { "sede": "311001042829", "nombre_sede": "INSTITUTO ALVARO MUTIS", "nombre_est": "INSTITUTO ALVARO MUTIS", "nombre_upl": "BOSA", "nombre_upz": "BOSA CENTRAL", "z_publicado": 0.282, "n_examenes": 233, "n_anios": 9, "cluster": "NS", "lisa_p": 0.48209, "conflicto_est": false }, "geometry": { "type": "Point", "coordinates": [ -74.179299999028444, 4.609299998730421 ] } },
{ "type": "Feature", "properties": { "sede": "311001042870", "nombre_sede": "INSTITUTO JERUSALEN", "nombre_est": "INSTITUTO JERUSALEN", "nombre_upl": "ARBORIZADORA", "nombre_upz": "ARBORIZADORA", "z_publicado": 0.202, "n_examenes": 143, "n_anios": 9, "cluster": "NS", "lisa_p": 0.2338, "conflicto_est": false }, "geometry": { "type": "Point", "coordinates": [ -74.153999999165535, 4.575599998235703 ] } },
{ "type": "Feature", "properties": { "sede": "311001042934", "nombre_sede": "COLEGIO ANTARES", "nombre_est": "COLEGIO ANTARES", "nombre_upl": "KENNEDY", "nombre_upz": "CARVAJAL", "z_publicado": 0.438, "n_examenes": 228, "n_anios": 9, "cluster": "NS", "lisa_p": 0.36368, "conflicto_est": false }, "geometry": { "type": "Point", "coordinates": [ -74.1402000002563, 4.602200001478195 ] } },
{ "type": "Feature", "properties": { "sede": "311001042977", "nombre_sede": "COLEGIO RAFAEL MARIA CARRASQUILLA", "nombre_est": "COLEGIO RAFAEL MARIA CARRASQUILLA", "nombre_upl": "RAFAEL URIBE", "nombre_upz": "DIANA TURBAY", "z_publicado": 0.3, "n_examenes": 533, "n_anios": 9, "cluster": "NS", "lisa_p": 0.28272, "conflicto_est": false }, "geometry": { "type": "Point", "coordinates": [ -74.106100000441074, 4.55350000038743 ] } },
{ "type": "Feature", "properties": { "sede": "311001043001", "nombre_sede": "COLEGIO LA NUEVA ESTANCIA LTDA", "nombre_est": "COLEGIO LA NUEVA ESTANCIA LTDA", "nombre_upl": "ARBORIZADORA", "nombre_upz": "ISMAEL PERDOMO", "z_publicado": 0.417, "n_examenes": 322, "n_anios": 9, "cluster": "NS", "lisa_p": 0.54079, "conflicto_est": false }, "geometry": { "type": "Point", "coordinates": [ -74.173000000417233, 4.593699999153614 ] } },
{ "type": "Feature", "properties": { "sede": "311001043159", "nombre_sede": "COLEGIO EMMANUEL", "nombre_est": "COLEGIO EMMANUEL", "nombre_upl": "TABORA", "nombre_upz": "LAS FERIAS", "z_publicado": 0.435, "n_examenes": 158, "n_anios": 9, "cluster": "NS", "lisa_p": 0.97373, "conflicto_est": false }, "geometry": { "type": "Point", "coordinates": [ -74.098700001835823, 4.679800000041723 ] } },
{ "type": "Feature", "properties": { "sede": "311001043248", "nombre_sede": "LICEO LA CORUÑA", "nombre_est": "LICEO LA CORUÑA", "nombre_upl": "ARBORIZADORA", "nombre_upz": "ARBORIZADORA", "z_publicado": 0.218, "n_examenes": 322, "n_anios": 9, "cluster": "NS", "lisa_p": 0.32713, "conflicto_est": false }, "geometry": { "type": "Point", "coordinates": [ -74.151299998164177, 4.577599998563528 ] } },
{ "type": "Feature", "properties": { "sede": "311001043728", "nombre_sede": "INSTITUTO YOLKIN", "nombre_est": "INSTITUTO YOLKIN", "nombre_upl": "EDEN", "nombre_upz": "GRAN BRITALIA", "z_publicado": 0.235, "n_examenes": 313, "n_anios": 9, "cluster": "NS", "lisa_p": 0.60282, "conflicto_est": false }, "geometry": { "type": "Point", "coordinates": [ -74.175799999386072, 4.614500001072884 ] } },
{ "type": "Feature", "properties": { "sede": "311001043736", "nombre_sede": "INSTITUTO RENATO DESCARTES", "nombre_est": "INSTITUTO RENATO DESCARTES", "nombre_upl": "KENNEDY", "nombre_upz": "AMERICAS", "z_publicado": 0.596, "n_examenes": 557, "n_anios": 9, "cluster": "NS", "lisa_p": 0.62535, "conflicto_est": false }, "geometry": { "type": "Point", "coordinates": [ -74.14750000089407, 4.629099998623133 ] } },
{ "type": "Feature", "properties": { "sede": "311001043744", "nombre_sede": "INSTITUTO SANTA MARIA DE LA CRUZ", "nombre_est": "INSTITUTO SANTA MARIA DE LA CRUZ", "nombre_upl": "ARBORIZADORA", "nombre_upz": "JERUSALEN", "z_publicado": 0.586, "n_examenes": 107, "n_anios": 9, "cluster": "NS", "lisa_p": 0.31976, "conflicto_est": false }, "geometry": { "type": "Point", "coordinates": [ -74.157800000160933, 4.577599998563528 ] } },
{ "type": "Feature", "properties": { "sede": "311001043833", "nombre_sede": "INSTITUTO COMERCIAL LORETO SEDE B", "nombre_est": "INSTITUTO COMERCIAL LORETO SEDE B", "nombre_upl": "KENNEDY", "nombre_upz": "TIMIZA", "z_publicado": 0.289, "n_examenes": 332, "n_anios": 9, "cluster": "NS", "lisa_p": 0.71088, "conflicto_est": false }, "geometry": { "type": "Point", "coordinates": [ -74.152800001204014, 4.60530000180006 ] } },
{ "type": "Feature", "properties": { "sede": "311001043850", "nombre_sede": "EXTERNADO DEL SUR PSICOPEDAGOGICO", "nombre_est": "EXTERNADO DEL SUR PSICOPEDAGOGICO", "nombre_upl": "RESTREPO", "nombre_upz": "SAN JOSE", "z_publicado": 0.218, "n_examenes": 127, "n_anios": 9, "cluster": "NS", "lisa_p": 0.37706, "conflicto_est": false }, "geometry": { "type": "Point", "coordinates": [ -74.098999999463558, 4.578400000929832 ] } },
{ "type": "Feature", "properties": { "sede": "311001043876", "nombre_sede": "LICEO MAYOR DE PALERMO", "nombre_est": "LICEO MAYOR DE PALERMO", "nombre_upl": "RAFAEL URIBE", "nombre_upz": "DIANA TURBAY", "z_publicado": -0.1, "n_examenes": 144, "n_anios": 9, "cluster": "NS", "lisa_p": 0.25306, "conflicto_est": false }, "geometry": { "type": "Point", "coordinates": [ -74.111900001764297, 4.542500000447035 ] } },
{ "type": "Feature", "properties": { "sede": "311001044236", "nombre_sede": "COLEGIO TALLER PSICOPEDAGOGICO DE LOS ANDES", "nombre_est": "COLEGIO TALLER PSICOPEDAGOGICO DE LOS ANDES", "nombre_upl": "ARBORIZADORA", "nombre_upz": "ARBORIZADORA", "z_publicado": 0.637, "n_examenes": 751, "n_anios": 9, "cluster": "NS", "lisa_p": 0.58158, "conflicto_est": false }, "geometry": { "type": "Point", "coordinates": [ -74.157999999821186, 4.592399999499321 ] } },
{ "type": "Feature", "properties": { "sede": "311001044317", "nombre_sede": "GIMNASIO EL LAGO", "nombre_est": "GIMNASIO EL LAGO", "nombre_upl": "TABORA", "nombre_upz": "BOYACA REAL", "z_publicado": 1.268, "n_examenes": 1053, "n_anios": 9, "cluster": "NS", "lisa_p": 0.24059, "conflicto_est": false }, "geometry": { "type": "Point", "coordinates": [ -74.095600001513958, 4.691500000655651 ] } },
{ "type": "Feature", "properties": { "sede": "311001044473", "nombre_sede": "GIMNASIO SANTA MARIA DEL ALCAZAR", "nombre_est": "GIMNASIO SANTA MARIA DEL ALCAZAR", "nombre_upl": "TABORA", "nombre_upz": "SANTA CECILIA", "z_publicado": 1.371, "n_examenes": 509, "n_anios": 9, "cluster": "NS", "lisa_p": 0.68294, "conflicto_est": false }, "geometry": { "type": "Point", "coordinates": [ -74.108199998736382, 4.683499999344349 ] } },
{ "type": "Feature", "properties": { "sede": "311001044783", "nombre_sede": "LICEO PSICOPEDAGOGICO TIBABITA", "nombre_est": "LICEO PSICOPEDAGOGICO TIBABITA", "nombre_upl": "TOBERIN", "nombre_upz": "VERBENAL", "z_publicado": 0.258, "n_examenes": 268, "n_anios": 9, "cluster": "NS", "lisa_p": 0.69225, "conflicto_est": false }, "geometry": { "type": "Point", "coordinates": [ -74.028799999505281, 4.766800001263618 ] } },
{ "type": "Feature", "properties": { "sede": "311001044881", "nombre_sede": "LICEO Y PREESCOLAR TOMMYS", "nombre_est": "LICEO Y PREESCOLAR TOMMYS", "nombre_upl": "ARBORIZADORA", "nombre_upz": "ISMAEL PERDOMO", "z_publicado": 0.475, "n_examenes": 164, "n_anios": 6, "cluster": "NS", "lisa_p": 0.16777, "conflicto_est": false }, "geometry": { "type": "Point", "coordinates": [ -74.175400000065565, 4.5945999994874 ] } },
{ "type": "Feature", "properties": { "sede": "311001044902", "nombre_sede": "COLEGIO JUAN RULFO", "nombre_est": "COLEGIO JUAN RULFO", "nombre_upl": "RAFAEL URIBE", "nombre_upz": "GRAN YOMASA", "z_publicado": 0.276, "n_examenes": 225, "n_anios": 9, "cluster": "NS", "lisa_p": 0.52773, "conflicto_est": false }, "geometry": { "type": "Point", "coordinates": [ -74.114399999380112, 4.514299999922514 ] } },
{ "type": "Feature", "properties": { "sede": "311001045011", "nombre_sede": "COLEGIO MIXTO CIUDADANOS DEL FUTURO SAS", "nombre_est": "COLEGIO MIXTO CIUDADANOS DEL FUTURO SAS", "nombre_upl": "EDEN", "nombre_upz": "BOSA OCCIDENTAL", "z_publicado": 0.496, "n_examenes": 1626, "n_anios": 9, "cluster": "NS", "lisa_p": 0.23785, "conflicto_est": false }, "geometry": { "type": "Point", "coordinates": [ -74.192200001329184, 4.626299999654293 ] } },
{ "type": "Feature", "properties": { "sede": "311001045160", "nombre_sede": "GIMNASIO LOS PORTALES COLEGIO BILINGÜE", "nombre_est": "GIMNASIO LOS PORTALES COLEGIO BILINGÜE", "nombre_upl": "TORCA", "nombre_upz": "ZONA NORTE", "z_publicado": 1.359, "n_examenes": 369, "n_anios": 9, "cluster": "HH", "lisa_p": 0.00011, "conflicto_est": false }, "geometry": { "type": "Point", "coordinates": [ -74.059200000017881, 4.792199999094009 ] } },
{ "type": "Feature", "properties": { "sede": "311001045437", "nombre_sede": "COLEGIO INTEGRAL AVANCEMOS", "nombre_est": "COLEGIO INTEGRAL AVANCEMOS", "nombre_upl": "SAN CRISTOBAL", "nombre_upz": "SAN BLAS", "z_publicado": 0.206, "n_examenes": 276, "n_anios": 9, "cluster": "NS", "lisa_p": 0.84679, "conflicto_est": false }, "geometry": { "type": "Point", "coordinates": [ -74.080800000578165, 4.571299999952316 ] } },
{ "type": "Feature", "properties": { "sede": "311001045542", "nombre_sede": "COLEGIO PSICOPEDAGOGICO LA ACACIA", "nombre_est": "COLEGIO PSICOPEDAGOGICO LA ACACIA", "nombre_upl": "LUCERO", "nombre_upz": "SAN FRANCISCO", "z_publicado": 0.414, "n_examenes": 447, "n_anios": 9, "cluster": "NS", "lisa_p": 0.05007, "conflicto_est": false }, "geometry": { "type": "Point", "coordinates": [ -74.1435999982059, 4.559599999338388 ] } },
{ "type": "Feature", "properties": { "sede": "311001045623", "nombre_sede": "COLEGIO SAN JUAN DE LOS PASTOS", "nombre_est": "COLEGIO SAN JUAN DE LOS PASTOS", "nombre_upl": "RAFAEL URIBE", "nombre_upz": "GRAN YOMASA", "z_publicado": 0.032, "n_examenes": 459, "n_anios": 9, "cluster": "NS", "lisa_p": 0.33521, "conflicto_est": false }, "geometry": { "type": "Point", "coordinates": [ -74.113499999046326, 4.511300001293421 ] } },
{ "type": "Feature", "properties": { "sede": "311001046077", "nombre_sede": "COLEGIO INTERNACIONAL CAMINO A LA CIMA", "nombre_est": "COLEGIO INTERNACIONAL CAMINO A LA CIMA", "nombre_upl": "TUNJUELITO", "nombre_upz": "VENECIA", "z_publicado": 1.598, "n_examenes": 132, "n_anios": 8, "cluster": "NS", "lisa_p": 0.3342, "conflicto_est": false }, "geometry": { "type": "Point", "coordinates": [ -74.127999998629093, 4.575800001621246 ] } },
{ "type": "Feature", "properties": { "sede": "311001046239", "nombre_sede": "COLEGIO MIGUEL ANGEL ASTURIAS", "nombre_est": "COLEGIO MIGUEL ANGEL ASTURIAS", "nombre_upl": "BOSA", "nombre_upz": "BOSA CENTRAL", "z_publicado": 0.371, "n_examenes": 421, "n_anios": 9, "cluster": "NS", "lisa_p": 0.1568, "conflicto_est": false }, "geometry": { "type": "Point", "coordinates": [ -74.180300001055002, 4.60359999909997 ] } },
{ "type": "Feature", "properties": { "sede": "311001046263", "nombre_sede": "LICEO CONTADORA", "nombre_est": "LICEO CONTADORA", "nombre_upl": "ARBORIZADORA", "nombre_upz": "ARBORIZADORA", "z_publicado": 0.68, "n_examenes": 552, "n_anios": 9, "cluster": "NS", "lisa_p": 0.12197, "conflicto_est": false }, "geometry": { "type": "Point", "coordinates": [ -74.153499998152256, 4.575800001621246 ] } },
{ "type": "Feature", "properties": { "sede": "311001046328", "nombre_sede": "LICEO SAN BASILIO MAGNO", "nombre_est": "LICEO SAN BASILIO MAGNO", "nombre_upl": "ENGATIVA", "nombre_upz": "BOLIVIA", "z_publicado": 0.611, "n_examenes": 674, "n_anios": 9, "cluster": "NS", "lisa_p": 0.40734, "conflicto_est": false }, "geometry": { "type": "Point", "coordinates": [ -74.113200001418591, 4.719200000166893 ] } },
{ "type": "Feature", "properties": { "sede": "311001046409", "nombre_sede": "LICEO MODERNO LEON BAEZ", "nombre_est": "LICEO MODERNO LEON BAEZ", "nombre_upl": "PATIO BONITO", "nombre_upz": "PATIO BONITO", "z_publicado": 0.334, "n_examenes": 281, "n_anios": 9, "cluster": "NS", "lisa_p": 0.27816, "conflicto_est": false }, "geometry": { "type": "Point", "coordinates": [ -74.161299999803305, 4.637800000607967 ] } },
{ "type": "Feature", "properties": { "sede": "311001046689", "nombre_sede": "LICEO MAX PLANCK", "nombre_est": "LICEO MAX PLANCK", "nombre_upl": "RAFAEL URIBE", "nombre_upz": "GRAN YOMASA", "z_publicado": 0.543, "n_examenes": 192, "n_anios": 9, "cluster": "NS", "lisa_p": 0.86194, "conflicto_est": false }, "geometry": { "type": "Point", "coordinates": [ -74.11259999871254, 4.508200000971556 ] } },
{ "type": "Feature", "properties": { "sede": "311001046743", "nombre_sede": "COLEGIO ANEXO SAN FRANCISCO DE ASIS", "nombre_est": "COLEGIO ANEXO SAN FRANCISCO DE ASIS", "nombre_upl": "TOBERIN", "nombre_upz": "VERBENAL", "z_publicado": 0.677, "n_examenes": 145, "n_anios": 9, "cluster": "NS", "lisa_p": 0.8061, "conflicto_est": false }, "geometry": { "type": "Point", "coordinates": [ -74.028200000524521, 4.762899998575449 ] } },
{ "type": "Feature", "properties": { "sede": "311001046760", "nombre_sede": "GIMNASIO MODERNO SANTA MARGARITA", "nombre_est": "GIMNASIO MODERNO SANTA MARGARITA", "nombre_upl": "ARBORIZADORA", "nombre_upz": "SAN FRANCISCO", "z_publicado": 1.231, "n_examenes": 229, "n_anios": 9, "cluster": "NS", "lisa_p": 0.29573, "conflicto_est": false }, "geometry": { "type": "Point", "coordinates": [ -74.146200001239777, 4.566599998623133 ] } },
{ "type": "Feature", "properties": { "sede": "311001046824", "nombre_sede": "COLEGIO POPULAR BOLIVARIANO", "nombre_est": "COLEGIO POPULAR BOLIVARIANO", "nombre_upl": "LUCERO", "nombre_upz": "LUCERO", "z_publicado": 0.021, "n_examenes": 200, "n_anios": 9, "cluster": "LL", "lisa_p": 0.00734, "conflicto_est": false }, "geometry": { "type": "Point", "coordinates": [ -74.138599999248981, 4.55460000038147 ] } },
{ "type": "Feature", "properties": { "sede": "311001047502", "nombre_sede": "GIMNASIO MIXTO MANUEL DEL SOCORRO RODRIGUEZ", "nombre_est": "GIMNASIO MIXTO MANUEL DEL SOCORRO RODRIGUEZ", "nombre_upl": "SUBA", "nombre_upz": "SUBA", "z_publicado": 1.206, "n_examenes": 311, "n_anios": 9, "cluster": "NS", "lisa_p": 0.25612, "conflicto_est": false }, "geometry": { "type": "Point", "coordinates": [ -74.081500001251698, 4.754599999636412 ] } },
{ "type": "Feature", "properties": { "sede": "311001047723", "nombre_sede": "CENTRO DE PROMOCION SAN JOSE", "nombre_est": "CENTRO DE PROMOCION SAN JOSE", "nombre_upl": "BARRIOS UNIDOS", "nombre_upz": "LOS ALCAZARES", "z_publicado": -0.776, "n_examenes": 146, "n_anios": 7, "cluster": "NS", "lisa_p": 0.8887, "conflicto_est": false }, "geometry": { "type": "Point", "coordinates": [ -74.063499998301268, 4.660000000149012 ] } },
{ "type": "Feature", "properties": { "sede": "311001047871", "nombre_sede": "COLEGIO CASA ACADEMICA CULTURAL", "nombre_est": "COLEGIO CASA ACADEMICA CULTURAL", "nombre_upl": "TEUSAQUILLO", "nombre_upz": "TEUSAQUILLO", "z_publicado": 0.254, "n_examenes": 232, "n_anios": 9, "cluster": "NS", "lisa_p": 0.48654, "conflicto_est": false }, "geometry": { "type": "Point", "coordinates": [ -74.072700001299381, 4.624800000339746 ] } },
{ "type": "Feature", "properties": { "sede": "311001047880", "nombre_sede": "UNIDAD EDUCATIVA EL FUTURO DEL MAÑANA", "nombre_est": "UNIDAD EDUCATIVA EL FUTURO DEL MAÑANA", "nombre_upl": "PATIO BONITO", "nombre_upz": "CORABASTOS", "z_publicado": 0.11, "n_examenes": 256, "n_anios": 9, "cluster": "NS", "lisa_p": 0.51319, "conflicto_est": false }, "geometry": { "type": "Point", "coordinates": [ -74.16440000012517, 4.625300001353025 ] } },
{ "type": "Feature", "properties": { "sede": "311001047952", "nombre_sede": "COLEGIO INTEGRADO EDUARDO CABALLERO CALDERON", "nombre_est": "COLEGIO INTEGRADO EDUARDO CABALLERO CALDERON", "nombre_upl": "TIBABUYES", "nombre_upz": "TIBABUYES", "z_publicado": -0.001, "n_examenes": 158, "n_anios": 9, "cluster": "NS", "lisa_p": 0.2401, "conflicto_est": false }, "geometry": { "type": "Point", "coordinates": [ -74.113499999046326, 4.743599999696016 ] } },
{ "type": "Feature", "properties": { "sede": "311001048002", "nombre_sede": "GIMNASIO MARROQUIN CAMPESTRE", "nombre_est": "GIMNASIO MARROQUIN CAMPESTRE", "nombre_upl": "TOBERIN", "nombre_upz": "LA URIBE", "z_publicado": 0.686, "n_examenes": 418, "n_anios": 9, "cluster": "NS", "lisa_p": 0.11589, "conflicto_est": false }, "geometry": { "type": "Point", "coordinates": [ -74.022900000214577, 4.7483000010252 ] } },
{ "type": "Feature", "properties": { "sede": "311001050023", "nombre_sede": "COLEGIO DE EDUCACION TECNICA Y ACADEMICA CELESTIN FREINET", "nombre_est": "COLEGIO DE EDUCACION TECNICA Y ACADEMICA CELESTIN FREINET", "nombre_upl": "TIBABUYES", "nombre_upz": "TIBABUYES", "z_publicado": 0.764, "n_examenes": 3022, "n_anios": 9, "cluster": "NS", "lisa_p": 0.10394, "conflicto_est": false }, "geometry": { "type": "Point", "coordinates": [ -74.114399999380112, 4.745700001716614 ] } },
{ "type": "Feature", "properties": { "sede": "311001050252", "nombre_sede": "LICEO MAYOR ANDINO", "nombre_est": "LICEO MAYOR ANDINO", "nombre_upl": "TINTAL", "nombre_upz": "CASTILLA", "z_publicado": 1.015, "n_examenes": 621, "n_anios": 9, "cluster": "NS", "lisa_p": 0.48031, "conflicto_est": false }, "geometry": { "type": "Point", "coordinates": [ -74.1385000012815, 4.643100000917912 ] } },
{ "type": "Feature", "properties": { "sede": "311001050317", "nombre_sede": "CENTRO EDUCATIVO LOS ANDES", "nombre_est": "CENTRO EDUCATIVO LOS ANDES", "nombre_upl": "RINCON DE SUBA", "nombre_upz": "EL RINCON", "z_publicado": 0.525, "n_examenes": 933, "n_anios": 9, "cluster": "NS", "lisa_p": 0.65857, "conflicto_est": false }, "geometry": { "type": "Point", "coordinates": [ -74.101700000464916, 4.732099998742342 ] } },
{ "type": "Feature", "properties": { "sede": "311001051097", "nombre_sede": "COLEGIO PSICOPEDAGOGICO EL ARTE DEL SABER", "nombre_est": "COLEGIO PSICOPEDAGOGICO EL ARTE DEL SABER", "nombre_upl": "ENGATIVA", "nombre_upz": "ENGATIVA", "z_publicado": 0.435, "n_examenes": 209, "n_anios": 9, "cluster": "NS", "lisa_p": 0.44533, "conflicto_est": false }, "geometry": { "type": "Point", "coordinates": [ -74.130399998277426, 4.700500000268221 ] } },
{ "type": "Feature", "properties": { "sede": "311001051259", "nombre_sede": "LICEO SAN ISIDRO", "nombre_est": "LICEO SAN ISIDRO", "nombre_upl": "RINCON DE SUBA", "nombre_upz": "EL RINCON", "z_publicado": 0.863, "n_examenes": 184, "n_anios": 9, "cluster": "NS", "lisa_p": 0.97097, "conflicto_est": false }, "geometry": { "type": "Point", "coordinates": [ -74.087499998509884, 4.731300000101328 ] } },
{ "type": "Feature", "properties": { "sede": "311001051275", "nombre_sede": "GIMNASIO CAMPESTRE ESCALEMOS", "nombre_est": "GIMNASIO CAMPESTRE ESCALEMOS", "nombre_upl": "BRITALIA", "nombre_upz": "BRITALIA", "z_publicado": 0.707, "n_examenes": 125, "n_anios": 9, "cluster": "NS", "lisa_p": 0.73566, "conflicto_est": false }, "geometry": { "type": "Point", "coordinates": [ -74.057100001722574, 4.751499999314547 ] } },
{ "type": "Feature", "properties": { "sede": "311001051291", "nombre_sede": "NUEVO INSTITUTO SAN MIGUEL", "nombre_est": "NUEVO INSTITUTO SAN MIGUEL", "nombre_upl": "NIZA", "nombre_upz": "EL PRADO", "z_publicado": -0.364, "n_examenes": 174, "n_anios": 9, "cluster": "LH", "lisa_p": 0.02636, "conflicto_est": false }, "geometry": { "type": "Point", "coordinates": [ -74.054400000721216, 4.715500000864267 ] } },
{ "type": "Feature", "properties": { "sede": "311001051631", "nombre_sede": "COLEGIO VIRTUAL SIGLO XXI", "nombre_est": "COLEGIO VIRTUAL SIGLO XXI", "nombre_upl": "TEUSAQUILLO", "nombre_upz": "QUINTA PAREDES", "z_publicado": 0.85, "n_examenes": 1240, "n_anios": 9, "cluster": "NS", "lisa_p": 0.92829, "conflicto_est": false }, "geometry": { "type": "Point", "coordinates": [ -74.083799999207258, 4.6266999989748 ] } },
{ "type": "Feature", "properties": { "sede": "311001051798", "nombre_sede": "INSTITUTO PSICOPEDAGOGICO INTEGRAL - IPSI", "nombre_est": "INSTITUTO PSICOPEDAGOGICO INTEGRAL - IPSI", "nombre_upl": "RAFAEL URIBE", "nombre_upz": "MARRUECOS", "z_publicado": 0.832, "n_examenes": 430, "n_anios": 9, "cluster": "NS", "lisa_p": 0.10681, "conflicto_est": false }, "geometry": { "type": "Point", "coordinates": [ -74.11089999973774, 4.557199999690056 ] } },
{ "type": "Feature", "properties": { "sede": "311001051852", "nombre_sede": "LICEO PSICOPEDAGOGICO SAN PABLO", "nombre_est": "LICEO PSICOPEDAGOGICO SAN PABLO", "nombre_upl": "RAFAEL URIBE", "nombre_upz": "MARRUECOS", "z_publicado": 0.068, "n_examenes": 92, "n_anios": 4, "cluster": "NS", "lisa_p": 0.297, "conflicto_est": false }, "geometry": { "type": "Point", "coordinates": [ -74.111600000411272, 4.554400000721216 ] } },
{ "type": "Feature", "properties": { "sede": "311001052018", "nombre_sede": "COLEGIO EL MINUTO DE DIOS SIGLO XXI", "nombre_est": "COLEGIO EL MINUTO DE DIOS SIGLO XXI", "nombre_upl": "TABORA", "nombre_upz": "EL MINUTO DE DIOS", "z_publicado": 1.492, "n_examenes": 438, "n_anios": 9, "cluster": "NS", "lisa_p": 0.71155, "conflicto_est": false }, "geometry": { "type": "Point", "coordinates": [ -74.090399999171495, 4.699000000953674 ] } },
{ "type": "Feature", "properties": { "sede": "311001065012", "nombre_sede": "INSTITUTO SUSANA WESLEY", "nombre_est": "INSTITUTO SUSANA WESLEY", "nombre_upl": "USME - ENTRENUBES", "nombre_upz": "COMUNEROS", "z_publicado": 0.322, "n_examenes": 217, "n_anios": 9, "cluster": "NS", "lisa_p": 0.5011, "conflicto_est": false }, "geometry": { "type": "Point", "coordinates": [ -74.115699999034405, 4.506799999624491 ] } },
{ "type": "Feature", "properties": { "sede": "311001065047", "nombre_sede": "GIMNASIO CAMPESTRE DE GUILFORD", "nombre_est": "GIMNASIO CAMPESTRE DE GUILFORD", "nombre_upl": "TORCA", "nombre_upz": "ZONA NORTE", "z_publicado": -0.205, "n_examenes": 217, "n_anios": 8, "cluster": "NS", "lisa_p": 0.07929, "conflicto_est": false }, "geometry": { "type": "Point", "coordinates": [ -74.105000000447035, 4.77479999884963 ] } },
{ "type": "Feature", "properties": { "sede": "311001065098", "nombre_sede": "COLEGIO JOSE ORTEGA Y GASSET", "nombre_est": "COLEGIO JOSE ORTEGA Y GASSET", "nombre_upl": "BOSA", "nombre_upz": "BOSA CENTRAL", "z_publicado": 1.127, "n_examenes": 229, "n_anios": 9, "cluster": "NS", "lisa_p": 0.56112, "conflicto_est": false }, "geometry": { "type": "Point", "coordinates": [ -74.186599999666214, 4.61089999973774 ] } },
{ "type": "Feature", "properties": { "sede": "311001065152", "nombre_sede": "COLEGIO COLOMBO INTERNACIONAL ACOINPREV", "nombre_est": "COLEGIO COLOMBO INTERNACIONAL ACOINPREV", "nombre_upl": "RINCON DE SUBA", "nombre_upz": "EL RINCON", "z_publicado": 0.59, "n_examenes": 420, "n_anios": 9, "cluster": "NS", "lisa_p": 0.05533, "conflicto_est": false }, "geometry": { "type": "Point", "coordinates": [ -74.095100000500679, 4.727299999445677 ] } },
{ "type": "Feature", "properties": { "sede": "311001065284", "nombre_sede": "LICEO CULTURAL LAS AMERICAS", "nombre_est": "LICEO CULTURAL LAS AMERICAS", "nombre_upl": "RINCON DE SUBA", "nombre_upz": "EL RINCON", "z_publicado": 0.704, "n_examenes": 468, "n_anios": 9, "cluster": "NS", "lisa_p": 0.06302, "conflicto_est": false }, "geometry": { "type": "Point", "coordinates": [ -74.102600000798702, 4.741599999368191 ] } },
{ "type": "Feature", "properties": { "sede": "311001065357", "nombre_sede": "COLEGIO ANDRES ESCOBAR", "nombre_est": "COLEGIO ANDRES ESCOBAR", "nombre_upl": "RAFAEL URIBE", "nombre_upz": "DANUBIO", "z_publicado": 0.727, "n_examenes": 292, "n_anios": 9, "cluster": "NS", "lisa_p": 0.26163, "conflicto_est": false }, "geometry": { "type": "Point", "coordinates": [ -74.114399999380112, 4.538400001823902 ] } },
{ "type": "Feature", "properties": { "sede": "311001065390", "nombre_sede": "COLEGIO PEDAGOGICO DULCE MARIA", "nombre_est": "COLEGIO PEDAGOGICO DULCE MARIA", "nombre_upl": "TIBABUYES", "nombre_upz": "TIBABUYES", "z_publicado": 0.866, "n_examenes": 1308, "n_anios": 9, "cluster": "NS", "lisa_p": 0.82193, "conflicto_est": false }, "geometry": { "type": "Point", "coordinates": [ -74.108500000089407, 4.746899999678135 ] } },
{ "type": "Feature", "properties": { "sede": "311001065420", "nombre_sede": "LICEO HYPATIA", "nombre_est": "LICEO HYPATIA", "nombre_upl": "SUBA", "nombre_upz": "SUBA", "z_publicado": 1.72, "n_examenes": 250, "n_anios": 9, "cluster": "NS", "lisa_p": 0.05657, "conflicto_est": false }, "geometry": { "type": "Point", "coordinates": [ -74.083999998867512, 4.750399999320507 ] } },
{ "type": "Feature", "properties": { "sede": "311001065489", "nombre_sede": "LICEO CAMPO DAVID", "nombre_est": "LICEO CAMPO DAVID", "nombre_upl": "RESTREPO", "nombre_upz": "VENECIA", "z_publicado": 2.615, "n_examenes": 220, "n_anios": 9, "cluster": "NS", "lisa_p": 0.46175, "conflicto_est": false }, "geometry": { "type": "Point", "coordinates": [ -74.12609999999404, 4.573600001633167 ] } },
{ "type": "Feature", "properties": { "sede": "311001075034", "nombre_sede": "CANADA", "nombre_est": "COLEGIO CANADA (IED)", "nombre_upl": "LUCERO", "nombre_upz": "LUCERO", "z_publicado": -0.294, "n_examenes": 265, "n_anios": 9, "cluster": "LL", "lisa_p": 0.00161, "conflicto_est": false }, "geometry": { "type": "Point", "coordinates": [ -74.154599998146296, 4.541200000792742 ] } },
{ "type": "Feature", "properties": { "sede": "311001075051", "nombre_sede": "LICEO SANTA TERESITA DE LISIEUX", "nombre_est": "LICEO SANTA TERESITA DE LISIEUX", "nombre_upl": "TINTAL", "nombre_upz": "CASTILLA", "z_publicado": 0.899, "n_examenes": 333, "n_anios": 9, "cluster": "NS", "lisa_p": 0.46014, "conflicto_est": false }, "geometry": { "type": "Point", "coordinates": [ -74.136700000613928, 4.644099999219179 ] } },
{ "type": "Feature", "properties": { "sede": "311001075361", "nombre_sede": "COLEGIO PSICOPEDAGOGICO AMERICANO DEL SUR", "nombre_est": "COLEGIO PSICOPEDAGOGICO AMERICANO DEL SUR", "nombre_upl": "RESTREPO", "nombre_upz": "SAN JOSE", "z_publicado": 0.241, "n_examenes": 59, "n_anios": 8, "cluster": "NS", "lisa_p": 0.76292, "conflicto_est": false }, "geometry": { "type": "Point", "coordinates": [ -74.097100000828505, 4.577599998563528 ] } },
{ "type": "Feature", "properties": { "sede": "311001075395", "nombre_sede": "COLEGIO CIUDAD DE CALI", "nombre_est": "COLEGIO CIUDAD DE CALI", "nombre_upl": "PATIO BONITO", "nombre_upz": "PATIO BONITO", "z_publicado": 0.163, "n_examenes": 716, "n_anios": 9, "cluster": "NS", "lisa_p": 0.91394, "conflicto_est": false }, "geometry": { "type": "Point", "coordinates": [ -74.168999999761581, 4.633200000971556 ] } },
{ "type": "Feature", "properties": { "sede": "311001075441", "nombre_sede": "COLEGIO JAZMIN OCCIDENTAL", "nombre_est": "COLEGIO JAZMIN OCCIDENTAL", "nombre_upl": "PATIO BONITO", "nombre_upz": "PATIO BONITO", "z_publicado": 0.162, "n_examenes": 196, "n_anios": 9, "cluster": "NS", "lisa_p": 0.19218, "conflicto_est": false }, "geometry": { "type": "Point", "coordinates": [ -74.178399998694658, 4.644600000232458 ] } },
{ "type": "Feature", "properties": { "sede": "311001075506", "nombre_sede": "LICEO PSICOPEDAGOGICO NUEVA CASTILLA", "nombre_est": "LICEO PSICOPEDAGOGICO NUEVA CASTILLA", "nombre_upl": "TINTAL", "nombre_upz": "CASTILLA", "z_publicado": 0.711, "n_examenes": 358, "n_anios": 9, "cluster": "NS", "lisa_p": 0.36671, "conflicto_est": false }, "geometry": { "type": "Point", "coordinates": [ -74.140999998897314, 4.642000000923872 ] } },
{ "type": "Feature", "properties": { "sede": "311001075531", "nombre_sede": "INSTITUTO EL INGENIOSO HIDALGO", "nombre_est": "INSTITUTO EL INGENIOSO HIDALGO", "nombre_upl": "USME - ENTRENUBES", "nombre_upz": "COMUNEROS", "z_publicado": 0.649, "n_examenes": 414, "n_anios": 9, "cluster": "NS", "lisa_p": 0.1918, "conflicto_est": false }, "geometry": { "type": "Point", "coordinates": [ -74.108399998396635, 4.503899998962879 ] } },
{ "type": "Feature", "properties": { "sede": "311001075689", "nombre_sede": "INSTITUTO COMERCIAL EDUARDO TORRES QUINTERO", "nombre_est": "INSTITUTO COMERCIAL EDUARDO TORRES QUINTERO", "nombre_upl": "USME - ENTRENUBES", "nombre_upz": "LOS LIBERTADORES", "z_publicado": 0.224, "n_examenes": 101, "n_anios": 9, "cluster": "NS", "lisa_p": 0.11533, "conflicto_est": false }, "geometry": { "type": "Point", "coordinates": [ -74.085099998861551, 4.537799999117851 ] } },
{ "type": "Feature", "properties": { "sede": "311001075697", "nombre_sede": "COLEGIO MODERNO JOHN DEWEY S.A.S.", "nombre_est": "COLEGIO MODERNO JOHN DEWEY S.A.S.", "nombre_upl": "NIZA", "nombre_upz": "LA ALHAMBRA", "z_publicado": 0.374, "n_examenes": 65, "n_anios": 9, "cluster": "NS", "lisa_p": 0.05983, "conflicto_est": false }, "geometry": { "type": "Point", "coordinates": [ -74.063999999314547, 4.698800001293421 ] } },
{ "type": "Feature", "properties": { "sede": "311001076031", "nombre_sede": "COLEGIO WESLEYANO DEL NORTE", "nombre_est": "COLEGIO WESLEYANO DEL NORTE", "nombre_upl": "TOBERIN", "nombre_upz": "TOBERIN", "z_publicado": 0.961, "n_examenes": 704, "n_anios": 9, "cluster": "NS", "lisa_p": 0.0577, "conflicto_est": false }, "geometry": { "type": "Point", "coordinates": [ -74.0472999997437, 4.741599999368191 ] } },
{ "type": "Feature", "properties": { "sede": "311001076448", "nombre_sede": "COLEGIO DIOS ES AMOR LUCERO ALTO", "nombre_est": "COLEGIO DIOS ES AMOR LUCERO ALTO", "nombre_upl": "LUCERO", "nombre_upz": "LUCERO", "z_publicado": 0.253, "n_examenes": 384, "n_anios": 9, "cluster": "LL", "lisa_p": 0.04739, "conflicto_est": false }, "geometry": { "type": "Point", "coordinates": [ -74.146699998527765, 4.552499998360872 ] } },
{ "type": "Feature", "properties": { "sede": "311001076545", "nombre_sede": "COLEGIO GUSTAVO ROJAS PINILLA", "nombre_est": "COLEGIO GUSTAVO ROJAS PINILLA", "nombre_upl": "RESTREPO", "nombre_upz": "RESTREPO", "z_publicado": -0.089, "n_examenes": 236, "n_anios": 9, "cluster": "NS", "lisa_p": 0.64061, "conflicto_est": false }, "geometry": { "type": "Point", "coordinates": [ -74.092000000178814, 4.589000001549721 ] } },
{ "type": "Feature", "properties": { "sede": "311001076561", "nombre_sede": "LICEO HOMBRE DEL RIO", "nombre_est": "LICEO HOMBRE DEL RIO", "nombre_upl": "TABORA", "nombre_upz": "BOYACA REAL", "z_publicado": 0.353, "n_examenes": 81, "n_anios": 9, "cluster": "NS", "lisa_p": 0.98199, "conflicto_est": false }, "geometry": { "type": "Point", "coordinates": [ -74.101599998772144, 4.683400001376867 ] } },
{ "type": "Feature", "properties": { "sede": "311001076634", "nombre_sede": "COLEGIO COLOMBO AMERICANO CAS", "nombre_est": "COLEGIO COLOMBO AMERICANO CAS", "nombre_upl": "TORCA", "nombre_upz": "ZONA NORTE", "z_publicado": 2.384, "n_examenes": 558, "n_anios": 9, "cluster": "HH", "lisa_p": 0.00184, "conflicto_est": false }, "geometry": { "type": "Point", "coordinates": [ -74.058100000023842, 4.793299999088049 ] } },
{ "type": "Feature", "properties": { "sede": "311001076642", "nombre_sede": "COLEGIO BILINGÜE NUEVA ALEJANDRIA", "nombre_est": "COLEGIO BILINGÜE NUEVA ALEJANDRIA", "nombre_upl": "SALITRE", "nombre_upz": "MODELIA", "z_publicado": 1.899, "n_examenes": 146, "n_anios": 9, "cluster": "HH", "lisa_p": 0.00692, "conflicto_est": false }, "geometry": { "type": "Point", "coordinates": [ -74.117800001055002, 4.670200001448393 ] } },
{ "type": "Feature", "properties": { "sede": "311001076677", "nombre_sede": "COLEGIO NUEVA CIENCIA", "nombre_est": "COLEGIO NUEVA CIENCIA", "nombre_upl": "RINCON DE SUBA", "nombre_upz": "EL RINCON", "z_publicado": 0.442, "n_examenes": 312, "n_anios": 9, "cluster": "NS", "lisa_p": 0.06603, "conflicto_est": false }, "geometry": { "type": "Point", "coordinates": [ -74.104100000113249, 4.742499999701977 ] } },
{ "type": "Feature", "properties": { "sede": "311001076685", "nombre_sede": "INSTITUTO LEONARD EULER", "nombre_est": "INSTITUTO LEONARD EULER", "nombre_upl": "BOSA", "nombre_upz": "TIMIZA", "z_publicado": 0.342, "n_examenes": 132, "n_anios": 9, "cluster": "NS", "lisa_p": 0.62774, "conflicto_est": false }, "geometry": { "type": "Point", "coordinates": [ -74.169199999421835, 4.607799999415874 ] } },
{ "type": "Feature", "properties": { "sede": "311001076758", "nombre_sede": "LICEO VAL (VIDA-AMOR-LUZ)", "nombre_est": "LICEO VAL (VIDA-AMOR-LUZ)", "nombre_upl": "BARRIOS UNIDOS", "nombre_upz": "DOCE DE OCTUBRE", "z_publicado": 1.183, "n_examenes": 168, "n_anios": 9, "cluster": "NS", "lisa_p": 0.74089, "conflicto_est": false }, "geometry": { "type": "Point", "coordinates": [ -74.075300000607967, 4.668000001460314 ] } },
{ "type": "Feature", "properties": { "sede": "311001076791", "nombre_sede": "GIMNASIO DE EDUCACION MEDIA ACADEMICA Y TECNICA FRANCISCANO DE SUBA", "nombre_est": "GIMNASIO DE EDUCACION MEDIA ACADEMICA Y TECNICA FRANCISCANO DE SUBA", "nombre_upl": "RINCON DE SUBA", "nombre_upz": "EL RINCON", "z_publicado": 0.09, "n_examenes": 160, "n_anios": 9, "cluster": "NS", "lisa_p": 0.18392, "conflicto_est": false }, "geometry": { "type": "Point", "coordinates": [ -74.10249999910593, 4.742300000041723 ] } },
{ "type": "Feature", "properties": { "sede": "311001077541", "nombre_sede": "COLEGIO CRISTIANO DE COLOMBIA", "nombre_est": "COLEGIO CRISTIANO DE COLOMBIA", "nombre_upl": "TUNJUELITO", "nombre_upz": "VENECIA", "z_publicado": 0.412, "n_examenes": 407, "n_anios": 9, "cluster": "NS", "lisa_p": 0.91953, "conflicto_est": false }, "geometry": { "type": "Point", "coordinates": [ -74.129200000315905, 4.578099999576807 ] } },
{ "type": "Feature", "properties": { "sede": "311001078203", "nombre_sede": "COLEGIO SAN MARINO", "nombre_est": "COLEGIO SAN MARINO", "nombre_upl": "USME - ENTRENUBES", "nombre_upz": "ALFONSO LOPEZ", "z_publicado": -0.187, "n_examenes": 47, "n_anios": 8, "cluster": "NS", "lisa_p": 0.22578, "conflicto_est": false }, "geometry": { "type": "Point", "coordinates": [ -74.107500001788139, 4.496700000017881 ] } },
{ "type": "Feature", "properties": { "sede": "311001078734", "nombre_sede": "INSTITUTO COLOMBO SUECO", "nombre_est": "INSTITUTO COLOMBO SUECO", "nombre_upl": "TOBERIN", "nombre_upz": "SAN CRISTOBAL NORTE", "z_publicado": 0.497, "n_examenes": 1066, "n_anios": 9, "cluster": "NS", "lisa_p": 0.1696, "conflicto_est": false }, "geometry": { "type": "Point", "coordinates": [ -74.02479999884963, 4.743700001388788 ] } },
{ "type": "Feature", "properties": { "sede": "311001079862", "nombre_sede": "LICEO EL ENCANTO", "nombre_est": "LICEO EL ENCANTO", "nombre_upl": "SAN CRISTOBAL", "nombre_upz": "LA GLORIA", "z_publicado": -0.025, "n_examenes": 130, "n_anios": 9, "cluster": "NS", "lisa_p": 0.7503, "conflicto_est": false }, "geometry": { "type": "Point", "coordinates": [ -74.089200001209974, 4.548000000417233 ] } },
{ "type": "Feature", "properties": { "sede": "311001079901", "nombre_sede": "COLEGIO LORENZO DE ALCANTUZ", "nombre_est": "COLEGIO LORENZO DE ALCANTUZ", "nombre_upl": "SAN CRISTOBAL", "nombre_upz": "LA GLORIA", "z_publicado": 0.175, "n_examenes": 959, "n_anios": 9, "cluster": "NS", "lisa_p": 0.63507, "conflicto_est": false }, "geometry": { "type": "Point", "coordinates": [ -74.0929000005126, 4.547600001096725 ] } },
{ "type": "Feature", "properties": { "sede": "311001080160", "nombre_sede": "GIMNASIO LA KHUMBRE", "nombre_est": "GIMNASIO LA KHUMBRE", "nombre_upl": "TORCA", "nombre_upz": "ZONA NORTE", "z_publicado": 0.466, "n_examenes": 74, "n_anios": 9, "cluster": "HH", "lisa_p": 0.0009, "conflicto_est": false }, "geometry": { "type": "Point", "coordinates": [ -74.074299998581409, 4.822700001299381 ] } },
{ "type": "Feature", "properties": { "sede": "311001086320", "nombre_sede": "GIMNASIO COLOMBO BRITANICO - BILINGÜE INTERNACIONAL", "nombre_est": "GIMNASIO COLOMBO BRITANICO - BILINGÜE INTERNACIONAL", "nombre_upl": "TORCA", "nombre_upz": "ZONA NORTE", "z_publicado": 2.199, "n_examenes": 621, "n_anios": 9, "cluster": "HH", "lisa_p": 0.01909, "conflicto_est": false }, "geometry": { "type": "Point", "coordinates": [ -74.065600000321865, 4.813099998980761 ] } },
{ "type": "Feature", "properties": { "sede": "311001086991", "nombre_sede": "COLEGIO SANTA MARIA DE LA PAZ", "nombre_est": "COLEGIO SANTA MARIA DE LA PAZ", "nombre_upl": "RAFAEL URIBE", "nombre_upz": "GRAN YOMASA", "z_publicado": 0.356, "n_examenes": 193, "n_anios": 9, "cluster": "NS", "lisa_p": 0.23751, "conflicto_est": false }, "geometry": { "type": "Point", "coordinates": [ -74.119199998676777, 4.517499998211861 ] } },
{ "type": "Feature", "properties": { "sede": "311001087008", "nombre_sede": "COLEGIO DE FORMACION INTEGRAL VIRGEN DE LA PEÑA", "nombre_est": "COLEGIO DE FORMACION INTEGRAL VIRGEN DE LA PEÑA", "nombre_upl": "ENGATIVA", "nombre_upz": "GARCES NAVAS", "z_publicado": 0.37, "n_examenes": 1001, "n_anios": 9, "cluster": "NS", "lisa_p": 0.94938, "conflicto_est": false }, "geometry": { "type": "Point", "coordinates": [ -74.125599998980761, 4.706799998879433 ] } },
{ "type": "Feature", "properties": { "sede": "311001087121", "nombre_sede": "COLEGIO PARROQUIAL DE LOS SANTOS APOSTOLES", "nombre_est": "COLEGIO PARROQUIAL DE LOS SANTOS APOSTOLES", "nombre_upl": "BOSA", "nombre_upz": "TIMIZA", "z_publicado": 0.547, "n_examenes": 519, "n_anios": 9, "cluster": "NS", "lisa_p": 0.20583, "conflicto_est": false }, "geometry": { "type": "Point", "coordinates": [ -74.176199998706579, 4.611299999058247 ] } },
{ "type": "Feature", "properties": { "sede": "311001087148", "nombre_sede": "COLEGIO REMBRANDT", "nombre_est": "COLEGIO REMBRANDT", "nombre_upl": "ENGATIVA", "nombre_upz": "ENGATIVA", "z_publicado": 0.273, "n_examenes": 686, "n_anios": 9, "cluster": "NS", "lisa_p": 0.64996, "conflicto_est": false }, "geometry": { "type": "Point", "coordinates": [ -74.142599999904633, 4.71510000154376 ] } },
{ "type": "Feature", "properties": { "sede": "311001087253", "nombre_sede": "GIMNASIO LA CIMA", "nombre_est": "GIMNASIO LA CIMA", "nombre_upl": "RINCON DE SUBA", "nombre_upz": "EL RINCON", "z_publicado": 0.825, "n_examenes": 240, "n_anios": 9, "cluster": "NS", "lisa_p": 0.68948, "conflicto_est": false }, "geometry": { "type": "Point", "coordinates": [ -74.10249999910593, 4.747099999338388 ] } },
{ "type": "Feature", "properties": { "sede": "311001087288", "nombre_sede": "GIMNASIO LA MONTAÑA", "nombre_est": "GIMNASIO LA MONTAÑA", "nombre_upl": "TORCA", "nombre_upz": "LA ACADEMIA", "z_publicado": 1.558, "n_examenes": 415, "n_anios": 9, "cluster": "HH", "lisa_p": 0.0011, "conflicto_est": false }, "geometry": { "type": "Point", "coordinates": [ -74.043800000101328, 4.793400000780821 ] } },
{ "type": "Feature", "properties": { "sede": "311001087547", "nombre_sede": "COLEGIO NAVAL SANTA FE DE BOGOTA", "nombre_est": "COLEGIO NAVAL SANTA FE DE BOGOTA", "nombre_upl": "BARRIOS UNIDOS", "nombre_upz": "DOCE DE OCTUBRE", "z_publicado": 1.148, "n_examenes": 253, "n_anios": 9, "cluster": "NS", "lisa_p": 0.41713, "conflicto_est": false }, "geometry": { "type": "Point", "coordinates": [ -74.088199999183416, 4.671700000762939 ] } },
{ "type": "Feature", "properties": { "sede": "311001087555", "nombre_sede": "COLEGIO PSICOPEDAGOGICO EL FUTURO DE VILLA DEL RIO", "nombre_est": "COLEGIO PSICOPEDAGOGICO EL FUTURO DE VILLA DEL RIO", "nombre_upl": "KENNEDY", "nombre_upz": "APOGEO", "z_publicado": 1.1, "n_examenes": 329, "n_anios": 9, "cluster": "NS", "lisa_p": 0.94588, "conflicto_est": false }, "geometry": { "type": "Point", "coordinates": [ -74.154899999499321, 4.600000001490116 ] } },
{ "type": "Feature", "properties": { "sede": "311001087601", "nombre_sede": "COLEGIO RAFAEL GOBERNA", "nombre_est": "COLEGIO RAFAEL GOBERNA", "nombre_upl": "PATIO BONITO", "nombre_upz": "PATIO BONITO", "z_publicado": 0.084, "n_examenes": 295, "n_anios": 9, "cluster": "NS", "lisa_p": 0.90966, "conflicto_est": false }, "geometry": { "type": "Point", "coordinates": [ -74.164299998432398, 4.63459999859333 ] } },
{ "type": "Feature", "properties": { "sede": "311001087636", "nombre_sede": "INSTITUTO ACADEMICO LA PORTADA", "nombre_est": "INSTITUTO ACADEMICO LA PORTADA", "nombre_upl": "EDEN", "nombre_upz": "BOSA OCCIDENTAL", "z_publicado": 0.04, "n_examenes": 214, "n_anios": 9, "cluster": "NS", "lisa_p": 0.18136, "conflicto_est": false }, "geometry": { "type": "Point", "coordinates": [ -74.188700001686811, 4.629599999636412 ] } },
{ "type": "Feature", "properties": { "sede": "311001087725", "nombre_sede": "COLEGIO PIERRE DE FERMAT", "nombre_est": "COLEGIO PIERRE DE FERMAT", "nombre_upl": "TOBERIN", "nombre_upz": "SAN CRISTOBAL NORTE", "z_publicado": 0.496, "n_examenes": 220, "n_anios": 9, "cluster": "NS", "lisa_p": 0.34407, "conflicto_est": false }, "geometry": { "type": "Point", "coordinates": [ -74.026099998503923, 4.728500001132488 ] } },
{ "type": "Feature", "properties": { "sede": "311001087750", "nombre_sede": "COLEGIO CRISTIANO GRACIA Y AMOR", "nombre_est": "COLEGIO CRISTIANO GRACIA Y AMOR", "nombre_upl": "BRITALIA", "nombre_upz": "SAN JOSE DE BAVARIA", "z_publicado": 1.295, "n_examenes": 167, "n_anios": 9, "cluster": "HH", "lisa_p": 0.01235, "conflicto_est": false }, "geometry": { "type": "Point", "coordinates": [ -74.058100000023842, 4.76240000128746 ] } },
{ "type": "Feature", "properties": { "sede": "311001087792", "nombre_sede": "COLEGIO DEL SANTISIMO SACRAMENTO", "nombre_est": "COLEGIO DEL SANTISIMO SACRAMENTO", "nombre_upl": "PUENTE ARANDA", "nombre_upz": "SAN RAFAEL", "z_publicado": 0.711, "n_examenes": 268, "n_anios": 9, "cluster": "NS", "lisa_p": 0.1202, "conflicto_est": false }, "geometry": { "type": "Point", "coordinates": [ -74.11710000038147, 4.615100000053644 ] } },
{ "type": "Feature", "properties": { "sede": "311001087989", "nombre_sede": "COLEGIO COLSUBSIDIO CIUDADELA", "nombre_est": "COLEGIO COLSUBSIDIO CIUDADELA", "nombre_upl": "ENGATIVA", "nombre_upz": "BOLIVIA", "z_publicado": 1.309, "n_examenes": 1953, "n_anios": 9, "cluster": "NS", "lisa_p": 0.75696, "conflicto_est": false }, "geometry": { "type": "Point", "coordinates": [ -74.113800000399351, 4.72069999948144 ] } },
{ "type": "Feature", "properties": { "sede": "311001088047", "nombre_sede": "INSTITUTO COPESAL", "nombre_est": "INSTITUTO COPESAL", "nombre_upl": "RINCON DE SUBA", "nombre_upz": "EL RINCON", "z_publicado": 0.533, "n_examenes": 158, "n_anios": 9, "cluster": "NS", "lisa_p": 0.15725, "conflicto_est": false }, "geometry": { "type": "Point", "coordinates": [ -74.100600000470877, 4.735399998724461 ] } },
{ "type": "Feature", "properties": { "sede": "311001088063", "nombre_sede": "INSTITUTO SAN RICARDO PAMPURI", "nombre_est": "INSTITUTO SAN RICARDO PAMPURI", "nombre_upl": "EDEN", "nombre_upz": "GRAN BRITALIA", "z_publicado": 0.481, "n_examenes": 452, "n_anios": 9, "cluster": "NS", "lisa_p": 0.56255, "conflicto_est": false }, "geometry": { "type": "Point", "coordinates": [ -74.171900000423193, 4.624299999326468 ] } },
{ "type": "Feature", "properties": { "sede": "311001088217", "nombre_sede": "UNIDAD EDUCATIVA BAHIA SOLANO", "nombre_est": "UNIDAD EDUCATIVA BAHIA SOLANO", "nombre_upl": "FONTIBON", "nombre_upz": "FONTIBON", "z_publicado": 0.278, "n_examenes": 235, "n_anios": 9, "cluster": "NS", "lisa_p": 0.8138, "conflicto_est": false }, "geometry": { "type": "Point", "coordinates": [ -74.153799999505281, 4.678899999707937 ] } },
{ "type": "Feature", "properties": { "sede": "311001088314", "nombre_sede": "GIMNASIO CACERES", "nombre_est": "GIMNASIO CACERES", "nombre_upl": "BOSA", "nombre_upz": "BOSA CENTRAL", "z_publicado": -0.284, "n_examenes": 578, "n_anios": 9, "cluster": "NS", "lisa_p": 0.11582, "conflicto_est": false }, "geometry": { "type": "Point", "coordinates": [ -74.19819999858737, 4.607599999755621 ] } },
{ "type": "Feature", "properties": { "sede": "311001088403", "nombre_sede": "COLEGIO INTEGRAL", "nombre_est": "COLEGIO INTEGRAL", "nombre_upl": "CHAPINERO", "nombre_upz": "CHICO LAGO", "z_publicado": 0.754, "n_examenes": 274, "n_anios": 9, "cluster": "NS", "lisa_p": 0.05292, "conflicto_est": false }, "geometry": { "type": "Point", "coordinates": [ -74.06140000000596, 4.657600000500679 ] } },
{ "type": "Feature", "properties": { "sede": "311001088420", "nombre_sede": "COLEGIO PAE -PROCESO ALTERNATIVO EDUCATIVO-", "nombre_est": "COLEGIO PAE -PROCESO ALTERNATIVO EDUCATIVO-", "nombre_upl": "ENGATIVA", "nombre_upz": "GARCES NAVAS", "z_publicado": 0.68, "n_examenes": 416, "n_anios": 9, "cluster": "NS", "lisa_p": 0.8666, "conflicto_est": false }, "geometry": { "type": "Point", "coordinates": [ -74.124400001019239, 4.706000000238419 ] } },
{ "type": "Feature", "properties": { "sede": "311001088608", "nombre_sede": "LICEO SANTA BERNARDITA", "nombre_est": "LICEO SANTA BERNARDITA", "nombre_upl": "TUNJUELITO", "nombre_upz": "VENECIA", "z_publicado": 1.374, "n_examenes": 718, "n_anios": 9, "cluster": "NS", "lisa_p": 0.30713, "conflicto_est": false }, "geometry": { "type": "Point", "coordinates": [ -74.1418999992311, 4.588799998164177 ] } },
{ "type": "Feature", "properties": { "sede": "311001088764", "nombre_sede": "LICEO CHICO CAMPESTRE", "nombre_est": "LICEO CHICO CAMPESTRE", "nombre_upl": "TORCA", "nombre_upz": "LA ACADEMIA", "z_publicado": 1.188, "n_examenes": 141, "n_anios": 9, "cluster": "HH", "lisa_p": 4.0000000000000003e-05, "conflicto_est": false }, "geometry": { "type": "Point", "coordinates": [ -74.046300001442432, 4.798000000417233 ] } },
{ "type": "Feature", "properties": { "sede": "311001088926", "nombre_sede": "INSTITUTO TECNICO ANGELI", "nombre_est": "INSTITUTO TECNICO ANGELI", "nombre_upl": "TABORA", "nombre_upz": "BOYACA REAL", "z_publicado": 0.388, "n_examenes": 139, "n_anios": 9, "cluster": "NS", "lisa_p": 0.90455, "conflicto_est": false }, "geometry": { "type": "Point", "coordinates": [ -74.105700001120567, 4.7010000012815 ] } },
{ "type": "Feature", "properties": { "sede": "311001089191", "nombre_sede": "INSTITUTO TECNICO COMERCIAL MARMATOS", "nombre_est": "INSTITUTO TECNICO COMERCIAL MARMATOS", "nombre_upl": "BOSA", "nombre_upz": "BOSA CENTRAL", "z_publicado": 0.47, "n_examenes": 94, "n_anios": 7, "cluster": "HL", "lisa_p": 0.02593, "conflicto_est": false }, "geometry": { "type": "Point", "coordinates": [ -74.200100000947714, 4.604200001806021 ] } },
{ "type": "Feature", "properties": { "sede": "311001089221", "nombre_sede": "INSTITUTO ALBERTO MERANI", "nombre_est": "INSTITUTO ALBERTO MERANI", "nombre_upl": "BRITALIA", "nombre_upz": "SAN JOSE DE BAVARIA", "z_publicado": 2.255, "n_examenes": 348, "n_anios": 9, "cluster": "HH", "lisa_p": 0.02179, "conflicto_est": false }, "geometry": { "type": "Point", "coordinates": [ -74.059399999678135, 4.7685999982059 ] } },
{ "type": "Feature", "properties": { "sede": "311001089272", "nombre_sede": "GIMNASIO ESPECIALIZADO DEL NORTE", "nombre_est": "GIMNASIO ESPECIALIZADO DEL NORTE", "nombre_upl": "NIZA", "nombre_upz": "LA ALHAMBRA", "z_publicado": 0.238, "n_examenes": 74, "n_anios": 9, "cluster": "NS", "lisa_p": 0.06606, "conflicto_est": false }, "geometry": { "type": "Point", "coordinates": [ -74.065000001341105, 4.694400001317263 ] } },
{ "type": "Feature", "properties": { "sede": "311001089396", "nombre_sede": "INSTITUTO PSICOPEDAGOGICO EL TESORO DE LA VERDAD", "nombre_est": "INSTITUTO PSICOPEDAGOGICO EL TESORO DE LA VERDAD", "nombre_upl": "LUCERO", "nombre_upz": "EL TESORO", "z_publicado": -0.298, "n_examenes": 89, "n_anios": 9, "cluster": "LL", "lisa_p": 0.00366, "conflicto_est": false }, "geometry": { "type": "Point", "coordinates": [ -74.148699998855591, 4.539299998432398 ] } },
{ "type": "Feature", "properties": { "sede": "311001089540", "nombre_sede": "GIMNASIO NUEVO MODELIA", "nombre_est": "GIMNASIO NUEVO MODELIA", "nombre_upl": "SALITRE", "nombre_upz": "MODELIA", "z_publicado": 1.712, "n_examenes": 361, "n_anios": 9, "cluster": "HH", "lisa_p": 0.00042, "conflicto_est": false }, "geometry": { "type": "Point", "coordinates": [ -74.116399999707937, 4.665500000119209 ] } },
{ "type": "Feature", "properties": { "sede": "311001089710", "nombre_sede": "COLEGIO SOLES DEL SABER", "nombre_est": "COLEGIO SOLES DEL SABER", "nombre_upl": "ARBORIZADORA", "nombre_upz": "ISMAEL PERDOMO", "z_publicado": 0.082, "n_examenes": 141, "n_anios": 9, "cluster": "NS", "lisa_p": 0.66282, "conflicto_est": false }, "geometry": { "type": "Point", "coordinates": [ -74.172800000756979, 4.587799999862909 ] } },
{ "type": "Feature", "properties": { "sede": "311001089795", "nombre_sede": "LICEO EL ENCUENTRO", "nombre_est": "LICEO EL ENCUENTRO", "nombre_upl": "BARRIOS UNIDOS", "nombre_upz": "CHICO LAGO", "z_publicado": 1.68, "n_examenes": 215, "n_anios": 9, "cluster": "NS", "lisa_p": 0.69552, "conflicto_est": false }, "geometry": { "type": "Point", "coordinates": [ -74.060699999332428, 4.668999999761581 ] } },
{ "type": "Feature", "properties": { "sede": "311001089981", "nombre_sede": "INSTITUTO GUSTAVO ADOLFO BECQUER", "nombre_est": "INSTITUTO GUSTAVO ADOLFO BECQUER", "nombre_upl": "RAFAEL URIBE", "nombre_upz": "DIANA TURBAY", "z_publicado": 0.772, "n_examenes": 65, "n_anios": 9, "cluster": "NS", "lisa_p": 0.10081, "conflicto_est": false }, "geometry": { "type": "Point", "coordinates": [ -74.108300000429153, 4.551399998366833 ] } },
{ "type": "Feature", "properties": { "sede": "311001090297", "nombre_sede": "COLEGIO SANTO TORIBIO DE MONGROVEJO", "nombre_est": "COLEGIO SANTO TORIBIO DE MONGROVEJO", "nombre_upl": "RINCON DE SUBA", "nombre_upz": "EL RINCON", "z_publicado": 0.535, "n_examenes": 253, "n_anios": 9, "cluster": "NS", "lisa_p": 0.60923, "conflicto_est": false }, "geometry": { "type": "Point", "coordinates": [ -74.097600001841784, 4.744800001382828 ] } },
{ "type": "Feature", "properties": { "sede": "311001090360", "nombre_sede": "GIMNASIO MODERNO SUMMERHILL", "nombre_est": "GIMNASIO MODERNO SUMMERHILL", "nombre_upl": "ENGATIVA", "nombre_upz": "GARCES NAVAS", "z_publicado": 1.03, "n_examenes": 238, "n_anios": 9, "cluster": "NS", "lisa_p": 0.26927, "conflicto_est": false }, "geometry": { "type": "Point", "coordinates": [ -74.122499998658895, 4.714999999850988 ] } },
{ "type": "Feature", "properties": { "sede": "311001090416", "nombre_sede": "GIMNASIO ARTISTICO DE SUBA", "nombre_est": "GIMNASIO ARTISTICO DE SUBA", "nombre_upl": "RINCON DE SUBA", "nombre_upz": "EL RINCON", "z_publicado": 0.481, "n_examenes": 196, "n_anios": 9, "cluster": "NS", "lisa_p": 0.36983, "conflicto_est": false }, "geometry": { "type": "Point", "coordinates": [ -74.098499998450279, 4.743000000715256 ] } },
{ "type": "Feature", "properties": { "sede": "311001090459", "nombre_sede": "GIMNASIO MODERNO GENERACION DEL FUTURO", "nombre_est": "GIMNASIO MODERNO GENERACION DEL FUTURO", "nombre_upl": "SUBA", "nombre_upz": "SUBA", "z_publicado": 0.351, "n_examenes": 371, "n_anios": 9, "cluster": "NS", "lisa_p": 0.68598, "conflicto_est": false }, "geometry": { "type": "Point", "coordinates": [ -74.098200000822544, 4.757599998265505 ] } },
{ "type": "Feature", "properties": { "sede": "311001090505", "nombre_sede": "LICEO FORMACION EDUCACION PERSONALIZADA", "nombre_est": "LICEO FORMACION EDUCACION PERSONALIZADA", "nombre_upl": "BARRIOS UNIDOS", "nombre_upz": "LOS ANDES", "z_publicado": 0.414, "n_examenes": 204, "n_anios": 9, "cluster": "NS", "lisa_p": 0.27842, "conflicto_est": false }, "geometry": { "type": "Point", "coordinates": [ -74.062100000679493, 4.68019999936223 ] } },
{ "type": "Feature", "properties": { "sede": "311001090572", "nombre_sede": "LICEO CULTURAL MOSQUERA", "nombre_est": "LICEO CULTURAL MOSQUERA", "nombre_upl": "PATIO BONITO", "nombre_upz": "PATIO BONITO", "z_publicado": 0.571, "n_examenes": 599, "n_anios": 9, "cluster": "HL", "lisa_p": 0.02268, "conflicto_est": false }, "geometry": { "type": "Point", "coordinates": [ -74.172600001096725, 4.640000000596046 ] } },
{ "type": "Feature", "properties": { "sede": "311001090637", "nombre_sede": "LICEO MIXTO LOS CENTAUROS", "nombre_est": "LICEO MIXTO LOS CENTAUROS", "nombre_upl": "EDEN", "nombre_upz": "BOSA OCCIDENTAL", "z_publicado": 0.438, "n_examenes": 173, "n_anios": 9, "cluster": "NS", "lisa_p": 0.22629, "conflicto_est": false }, "geometry": { "type": "Point", "coordinates": [ -74.192699998617172, 4.624099999666214 ] } },
{ "type": "Feature", "properties": { "sede": "311001090718", "nombre_sede": "INSTITUTO LABERINTO DE LA CULTURA", "nombre_est": "INSTITUTO LABERINTO DE LA CULTURA", "nombre_upl": "EDEN", "nombre_upz": "BOSA OCCIDENTAL", "z_publicado": 0.187, "n_examenes": 88, "n_anios": 9, "cluster": "NS", "lisa_p": 0.25515, "conflicto_est": false }, "geometry": { "type": "Point", "coordinates": [ -74.200199998915195, 4.621899999678135 ] } },
{ "type": "Feature", "properties": { "sede": "311001090751", "nombre_sede": "INSTITUTO PSICOPEDAGOGICO ROSAL DE SUBA", "nombre_est": "INSTITUTO PSICOPEDAGOGICO ROSAL DE SUBA", "nombre_upl": "RINCON DE SUBA", "nombre_upz": "EL RINCON", "z_publicado": -0.065, "n_examenes": 26, "n_anios": 5, "cluster": "NS", "lisa_p": 0.25601, "conflicto_est": false }, "geometry": { "type": "Point", "coordinates": [ -74.093299999833107, 4.730500001460314 ] } },
{ "type": "Feature", "properties": { "sede": "311001090793", "nombre_sede": "CENTRO EDUCATIVO LOMBARDIA", "nombre_est": "CENTRO EDUCATIVO LOMBARDIA", "nombre_upl": "RINCON DE SUBA", "nombre_upz": "EL RINCON", "z_publicado": 0.728, "n_examenes": 465, "n_anios": 9, "cluster": "NS", "lisa_p": 0.94114, "conflicto_est": false }, "geometry": { "type": "Point", "coordinates": [ -74.09910000115633, 4.747499998658895 ] } },
{ "type": "Feature", "properties": { "sede": "311001090807", "nombre_sede": "COLEGIO PSICOPEDAGOGICO VILLAVERDE", "nombre_est": "COLEGIO PSICOPEDAGOGICO VILLAVERDE", "nombre_upl": "USME - ENTRENUBES", "nombre_upz": "COMUNEROS", "z_publicado": 0.596, "n_examenes": 164, "n_anios": 9, "cluster": "NS", "lisa_p": 0.38825, "conflicto_est": false }, "geometry": { "type": "Point", "coordinates": [ -74.113400001078844, 4.504700001329184 ] } },
{ "type": "Feature", "properties": { "sede": "311001090866", "nombre_sede": "COLEGIO CIUDAD DE FOMEQUE", "nombre_est": "COLEGIO CIUDAD DE FOMEQUE", "nombre_upl": "PATIO BONITO", "nombre_upz": "PATIO BONITO", "z_publicado": 0.238, "n_examenes": 199, "n_anios": 9, "cluster": "NS", "lisa_p": 0.17589, "conflicto_est": false }, "geometry": { "type": "Point", "coordinates": [ -74.175500001758337, 4.640599999576807 ] } },
{ "type": "Feature", "properties": { "sede": "311001090912", "nombre_sede": "COLEGIO CRISTIANO SEMILLA DE VIDA", "nombre_est": "COLEGIO CRISTIANO SEMILLA DE VIDA", "nombre_upl": "PUENTE ARANDA", "nombre_upz": "CIUDAD MONTES", "z_publicado": 1.075, "n_examenes": 486, "n_anios": 9, "cluster": "NS", "lisa_p": 0.83718, "conflicto_est": false }, "geometry": { "type": "Point", "coordinates": [ -74.104299999773502, 4.601199999451637 ] } },
{ "type": "Feature", "properties": { "sede": "311001090921", "nombre_sede": "COLEGIO CORAZONISTA", "nombre_est": "COLEGIO CORAZONISTA", "nombre_upl": "TORCA", "nombre_upz": "ZONA NORTE", "z_publicado": 2.063, "n_examenes": 1314, "n_anios": 9, "cluster": "HH", "lisa_p": 6.0000000000000002e-05, "conflicto_est": false }, "geometry": { "type": "Point", "coordinates": [ -74.0472999997437, 4.779800001531839 ] } },
{ "type": "Feature", "properties": { "sede": "311001091081", "nombre_sede": "GIMNASIO INTEGRAL GUATIQUIA", "nombre_est": "GIMNASIO INTEGRAL GUATIQUIA", "nombre_upl": "ARBORIZADORA", "nombre_upz": "ARBORIZADORA", "z_publicado": 0.304, "n_examenes": 198, "n_anios": 9, "cluster": "NS", "lisa_p": 0.29652, "conflicto_est": false }, "geometry": { "type": "Point", "coordinates": [ -74.152499999850988, 4.5760000012815 ] } },
{ "type": "Feature", "properties": { "sede": "311001091129", "nombre_sede": "COLEGIO HOGAR DE NAZARETH", "nombre_est": "COLEGIO HOGAR DE NAZARETH", "nombre_upl": "RINCON DE SUBA", "nombre_upz": "EL RINCON", "z_publicado": 0.733, "n_examenes": 683, "n_anios": 9, "cluster": "NS", "lisa_p": 0.53272, "conflicto_est": false }, "geometry": { "type": "Point", "coordinates": [ -74.105399999767542, 4.746199999004602 ] } },
{ "type": "Feature", "properties": { "sede": "311001091234", "nombre_sede": "LICEO COMERCIAL NUEVO ALEJANDRINO", "nombre_est": "LICEO COMERCIAL NUEVO ALEJANDRINO", "nombre_upl": "RAFAEL URIBE", "nombre_upz": "DANUBIO", "z_publicado": 0.123, "n_examenes": 114, "n_anios": 9, "cluster": "NS", "lisa_p": 0.45599, "conflicto_est": false }, "geometry": { "type": "Point", "coordinates": [ -74.116999998688698, 4.539599999785423 ] } },
{ "type": "Feature", "properties": { "sede": "311001091293", "nombre_sede": "COLEGIO COLOMBO FLORIDA BILINGÜE", "nombre_est": "COLEGIO COLOMBO FLORIDA BILINGÜE", "nombre_upl": "RESTREPO", "nombre_upz": "SAN JOSE", "z_publicado": 0.861, "n_examenes": 259, "n_anios": 9, "cluster": "NS", "lisa_p": 0.16034, "conflicto_est": false }, "geometry": { "type": "Point", "coordinates": [ -74.10020000115037, 4.579199999570847 ] } },
{ "type": "Feature", "properties": { "sede": "311001091315", "nombre_sede": "COLEGIO REINA DE GALES", "nombre_est": "COLEGIO REINA DE GALES", "nombre_upl": "TIBABUYES", "nombre_upz": "TIBABUYES", "z_publicado": 0.199, "n_examenes": 92, "n_anios": 7, "cluster": "NS", "lisa_p": 0.44775, "conflicto_est": false }, "geometry": { "type": "Point", "coordinates": [ -74.113800000399351, 4.751200001686811 ] } },
{ "type": "Feature", "properties": { "sede": "311001091587", "nombre_sede": "COLEGIO TRIANGULO PALOQUEMAO", "nombre_est": "COLEGIO TRIANGULO PALOQUEMAO", "nombre_upl": "CENTRO HISTORICO", "nombre_upz": "LA SABANA", "z_publicado": -0.351, "n_examenes": 189, "n_anios": 9, "cluster": "NS", "lisa_p": 0.67145, "conflicto_est": false }, "geometry": { "type": "Point", "coordinates": [ -74.090799998492002, 4.613699998706579 ] } },
{ "type": "Feature", "properties": { "sede": "311001091595", "nombre_sede": "COLEGIO TRIANGULO KENNEDY", "nombre_est": "COLEGIO TRIANGULO KENNEDY", "nombre_upl": "KENNEDY", "nombre_upz": "KENNEDY CENTRAL", "z_publicado": -0.415, "n_examenes": 497, "n_anios": 9, "cluster": "NS", "lisa_p": 0.07257, "conflicto_est": false }, "geometry": { "type": "Point", "coordinates": [ -74.153999999165535, 4.623100001364946 ] } },
{ "type": "Feature", "properties": { "sede": "311001091609", "nombre_sede": "COLEGIO TRIANGULO CHAPINERO", "nombre_est": "COLEGIO TRIANGULO CHAPINERO", "nombre_upl": "BARRIOS UNIDOS", "nombre_upz": "LOS ALCAZARES", "z_publicado": -0.414, "n_examenes": 363, "n_anios": 9, "cluster": "NS", "lisa_p": 0.50406, "conflicto_est": false }, "geometry": { "type": "Point", "coordinates": [ -74.064399998635054, 4.654599998146296 ] } },
{ "type": "Feature", "properties": { "sede": "311001091838", "nombre_sede": "COLEGIO TRIANGULO PATIO BONITO", "nombre_est": "COLEGIO TRIANGULO PATIO BONITO", "nombre_upl": "PATIO BONITO", "nombre_upz": "PATIO BONITO", "z_publicado": -0.486, "n_examenes": 551, "n_anios": 9, "cluster": "NS", "lisa_p": 0.93573, "conflicto_est": false }, "geometry": { "type": "Point", "coordinates": [ -74.163600001484156, 4.635499998927116 ] } },
{ "type": "Feature", "properties": { "sede": "311001091846", "nombre_sede": "CENTRO EDUCATIVO EXTERNADO SIMON BOLIVAR", "nombre_est": "CENTRO EDUCATIVO EXTERNADO SIMON BOLIVAR", "nombre_upl": "BOSA", "nombre_upz": "BOSA CENTRAL", "z_publicado": -0.547, "n_examenes": 972, "n_anios": 9, "cluster": "NS", "lisa_p": 0.46359, "conflicto_est": false }, "geometry": { "type": "Point", "coordinates": [ -74.179499998688698, 4.603000000119209 ] } },
{ "type": "Feature", "properties": { "sede": "311001091862", "nombre_sede": "COLEGIO DE ADMINISTRACION ROBERT OWEN", "nombre_est": "COLEGIO DE ADMINISTRACION ROBERT OWEN", "nombre_upl": "RAFAEL URIBE", "nombre_upz": "DIANA TURBAY", "z_publicado": -0.066, "n_examenes": 601, "n_anios": 9, "cluster": "NS", "lisa_p": 0.30957, "conflicto_est": false }, "geometry": { "type": "Point", "coordinates": [ -74.108300000429153, 4.54839999973774 ] } },
{ "type": "Feature", "properties": { "sede": "311001092214", "nombre_sede": "GIMNASIO MAYOR DE OCCIDENTE", "nombre_est": "GIMNASIO MAYOR DE OCCIDENTE", "nombre_upl": "ENGATIVA", "nombre_upz": "ENGATIVA", "z_publicado": 0.858, "n_examenes": 567, "n_anios": 9, "cluster": "NS", "lisa_p": 0.13945, "conflicto_est": false }, "geometry": { "type": "Point", "coordinates": [ -74.130399998277426, 4.705099999904633 ] } },
{ "type": "Feature", "properties": { "sede": "311001092222", "nombre_sede": "COLEGIO VAN LEEUWENHOEK", "nombre_est": "COLEGIO VAN LEEUWENHOEK", "nombre_upl": "TIBABUYES", "nombre_upz": "TIBABUYES", "z_publicado": 0.063, "n_examenes": 128, "n_anios": 8, "cluster": "NS", "lisa_p": 0.40188, "conflicto_est": false }, "geometry": { "type": "Point", "coordinates": [ -74.118599999696016, 4.746500000357628 ] } },
{ "type": "Feature", "properties": { "sede": "311001092281", "nombre_sede": "GIMNASIO NUESTRA SEÑORA DE LA ESPERANZA", "nombre_est": "GIMNASIO NUESTRA SEÑORA DE LA ESPERANZA", "nombre_upl": "SAN CRISTOBAL", "nombre_upz": "LA GLORIA", "z_publicado": 0.621, "n_examenes": 30, "n_anios": 4, "cluster": "NS", "lisa_p": 0.14877, "conflicto_est": false }, "geometry": { "type": "Point", "coordinates": [ -74.090399999171495, 4.543600000441074 ] } },
{ "type": "Feature", "properties": { "sede": "311001092397", "nombre_sede": "LICEO CARMELITA", "nombre_est": "LICEO CARMELITA", "nombre_upl": "BOSA", "nombre_upz": "TIMIZA", "z_publicado": 0.581, "n_examenes": 292, "n_anios": 9, "cluster": "NS", "lisa_p": 0.40067, "conflicto_est": false }, "geometry": { "type": "Point", "coordinates": [ -74.173300001770258, 4.606199998408556 ] } },
{ "type": "Feature", "properties": { "sede": "311001092435", "nombre_sede": "CENTRO EDUCATIVO LIBERTAD", "nombre_est": "CENTRO EDUCATIVO LIBERTAD", "nombre_upl": "CENTRO HISTORICO", "nombre_upz": "LA CANDELARIA", "z_publicado": 0.926, "n_examenes": 207, "n_anios": 8, "cluster": "NS", "lisa_p": 0.90256, "conflicto_est": false }, "geometry": { "type": "Point", "coordinates": [ -74.073800001293421, 4.593299999833107 ] } },
{ "type": "Feature", "properties": { "sede": "311001092478", "nombre_sede": "GIMNASIO OBREGON", "nombre_est": "GIMNASIO OBREGON", "nombre_upl": "ARBORIZADORA", "nombre_upz": "ARBORIZADORA", "z_publicado": 1.142, "n_examenes": 417, "n_anios": 9, "cluster": "NS", "lisa_p": 0.86133, "conflicto_est": false }, "geometry": { "type": "Point", "coordinates": [ -74.157900001853704, 4.591099999845028 ] } },
{ "type": "Feature", "properties": { "sede": "311001092532", "nombre_sede": "CENTRO DE CAPACITACION BOLIVAR - CENCABO", "nombre_est": "CENTRO DE CAPACITACION BOLIVAR - CENCABO", "nombre_upl": "CENTRO HISTORICO", "nombre_upz": "SAGRADO CORAZON", "z_publicado": -0.186, "n_examenes": 344, "n_anios": 9, "cluster": "NS", "lisa_p": 0.1353, "conflicto_est": false }, "geometry": { "type": "Point", "coordinates": [ -74.068999998271465, 4.624400001019239 ] } },
{ "type": "Feature", "properties": { "sede": "311001092541", "nombre_sede": "LICEO LORD SINCLER LOS CAMINOS DEL SABER", "nombre_est": "LICEO LORD SINCLER LOS CAMINOS DEL SABER", "nombre_upl": "RAFAEL URIBE", "nombre_upz": "MARRUECOS", "z_publicado": 0.687, "n_examenes": 124, "n_anios": 9, "cluster": "HL", "lisa_p": 0.03308, "conflicto_est": false }, "geometry": { "type": "Point", "coordinates": [ -74.114500001072884, 4.55519999936223 ] } },
{ "type": "Feature", "properties": { "sede": "311001092656", "nombre_sede": "COLEGIO COLOMBO BRIGHTON", "nombre_est": "COLEGIO COLOMBO BRIGHTON", "nombre_upl": "BRITALIA", "nombre_upz": "BRITALIA", "z_publicado": 0.318, "n_examenes": 122, "n_anios": 9, "cluster": "NS", "lisa_p": 0.97906, "conflicto_est": false }, "geometry": { "type": "Point", "coordinates": [ -74.058699999004602, 4.748199999332428 ] } },
{ "type": "Feature", "properties": { "sede": "311001092818", "nombre_sede": "NUEVO LICEO SANTA CLARA", "nombre_est": "NUEVO LICEO SANTA CLARA", "nombre_upl": "RAFAEL URIBE", "nombre_upz": "MARRUECOS", "z_publicado": -0.012, "n_examenes": 180, "n_anios": 9, "cluster": "NS", "lisa_p": 0.4211, "conflicto_est": false }, "geometry": { "type": "Point", "coordinates": [ -74.120700001716614, 4.559099998325109 ] } },
{ "type": "Feature", "properties": { "sede": "311001092907", "nombre_sede": "LICEO FESAN", "nombre_est": "LICEO FESAN", "nombre_upl": "SUBA", "nombre_upz": "SUBA", "z_publicado": 0.596, "n_examenes": 870, "n_anios": 9, "cluster": "NS", "lisa_p": 0.67999, "conflicto_est": false }, "geometry": { "type": "Point", "coordinates": [ -74.095400001853704, 4.756700001657009 ] } },
{ "type": "Feature", "properties": { "sede": "311001092923", "nombre_sede": "COLEGIO RICHARD WAGNER", "nombre_est": "COLEGIO RICHARD WAGNER", "nombre_upl": "USAQUEN", "nombre_upz": "LOS CEDROS", "z_publicado": 0.189, "n_examenes": 58, "n_anios": 8, "cluster": "NS", "lisa_p": 0.32696, "conflicto_est": false }, "geometry": { "type": "Point", "coordinates": [ -74.047400001436472, 4.719900000840425 ] } },
{ "type": "Feature", "properties": { "sede": "311001093016", "nombre_sede": "INSTITUTO MARMATOS LTDA", "nombre_est": "INSTITUTO MARMATOS LTDA", "nombre_upl": "ARBORIZADORA", "nombre_upz": "ISMAEL PERDOMO", "z_publicado": 0.376, "n_examenes": 50, "n_anios": 8, "cluster": "NS", "lisa_p": 0.09837, "conflicto_est": false }, "geometry": { "type": "Point", "coordinates": [ -74.170000001788139, 4.581599999219179 ] } },
{ "type": "Feature", "properties": { "sede": "311001093041", "nombre_sede": "INSTITUTO PEDAGOGICO PARA EL DESARROLLO INTEGRAL CREAR", "nombre_est": "INSTITUTO PEDAGOGICO PARA EL DESARROLLO INTEGRAL CREAR", "nombre_upl": "PUENTE ARANDA", "nombre_upz": "SAN RAFAEL", "z_publicado": 1.072, "n_examenes": 255, "n_anios": 9, "cluster": "HH", "lisa_p": 0.03377, "conflicto_est": false }, "geometry": { "type": "Point", "coordinates": [ -74.12049999833107, 4.625100001692772 ] } },
{ "type": "Feature", "properties": { "sede": "311001093121", "nombre_sede": "LICEO LA NUEVA ESTANCIA DE SUBA LTDA", "nombre_est": "LICEO LA NUEVA ESTANCIA DE SUBA LTDA", "nombre_upl": "TIBABUYES", "nombre_upz": "TIBABUYES", "z_publicado": 0.381, "n_examenes": 612, "n_anios": 9, "cluster": "NS", "lisa_p": 0.14468, "conflicto_est": false }, "geometry": { "type": "Point", "coordinates": [ -74.114599999040365, 4.741799999028444 ] } },
{ "type": "Feature", "properties": { "sede": "311001093130", "nombre_sede": "COLEGIO BILINGÜE MAXIMINO POITIERS", "nombre_est": "COLEGIO BILINGÜE MAXIMINO POITIERS", "nombre_upl": "SUBA", "nombre_upz": "SUBA", "z_publicado": 0.822, "n_examenes": 781, "n_anios": 9, "cluster": "NS", "lisa_p": 0.28938, "conflicto_est": false }, "geometry": { "type": "Point", "coordinates": [ -74.0912000015378, 4.7516999989748 ] } },
{ "type": "Feature", "properties": { "sede": "311001093253", "nombre_sede": "COLEGIO MAYOR DEL CLARET", "nombre_est": "COLEGIO MAYOR DEL CLARET", "nombre_upl": "RESTREPO", "nombre_upz": "QUIROGA", "z_publicado": 0.794, "n_examenes": 201, "n_anios": 9, "cluster": "NS", "lisa_p": 0.4814, "conflicto_est": false }, "geometry": { "type": "Point", "coordinates": [ -74.125700000673532, 4.584899999201298 ] } },
{ "type": "Feature", "properties": { "sede": "311001093393", "nombre_sede": "GIMNASIO CAMPESTRE BETH-SHALOM", "nombre_est": "GIMNASIO CAMPESTRE BETH-SHALOM", "nombre_upl": "TORCA", "nombre_upz": "ZONA NORTE", "z_publicado": 1.65, "n_examenes": 381, "n_anios": 9, "cluster": "HH", "lisa_p": 0.0, "conflicto_est": false }, "geometry": { "type": "Point", "coordinates": [ -74.061000000685453, 4.802099999040365 ] } },
{ "type": "Feature", "properties": { "sede": "311001093598", "nombre_sede": "LICEO PEDAGOGICO CATHERBLANC S.A.S.", "nombre_est": "LICEO PEDAGOGICO CATHERBLANC S.A.S.", "nombre_upl": "SUBA", "nombre_upz": "SUBA", "z_publicado": 0.538, "n_examenes": 221, "n_anios": 9, "cluster": "NS", "lisa_p": 0.09795, "conflicto_est": false }, "geometry": { "type": "Point", "coordinates": [ -74.085799999535084, 4.754900000989437 ] } },
{ "type": "Feature", "properties": { "sede": "311001093601", "nombre_sede": "LICEO MATOVELLE", "nombre_est": "LICEO MATOVELLE", "nombre_upl": "BRITALIA", "nombre_upz": "SAN JOSE DE BAVARIA", "z_publicado": 1.416, "n_examenes": 186, "n_anios": 9, "cluster": "HH", "lisa_p": 0.00185, "conflicto_est": false }, "geometry": { "type": "Point", "coordinates": [ -74.059799998998642, 4.757500000298023 ] } },
{ "type": "Feature", "properties": { "sede": "311001093652", "nombre_sede": "COLEGIO AGUSTINIANO CIUDAD SALITRE", "nombre_est": "COLEGIO AGUSTINIANO CIUDAD SALITRE", "nombre_upl": "SALITRE", "nombre_upz": "CIUDAD SALITRE OCCIDENTAL", "z_publicado": 1.724, "n_examenes": 1649, "n_anios": 9, "cluster": "HH", "lisa_p": 0.00012, "conflicto_est": false }, "geometry": { "type": "Point", "coordinates": [ -74.113400001078844, 4.655600000172853 ] } },
{ "type": "Feature", "properties": { "sede": "311001093831", "nombre_sede": "COLEGIO CRISTIANO KABOD", "nombre_est": "COLEGIO CRISTIANO KABOD", "nombre_upl": "RINCON DE SUBA", "nombre_upz": "EL RINCON", "z_publicado": 0.836, "n_examenes": 155, "n_anios": 9, "cluster": "NS", "lisa_p": 0.29095, "conflicto_est": false }, "geometry": { "type": "Point", "coordinates": [ -74.09910000115633, 4.734600000083447 ] } },
{ "type": "Feature", "properties": { "sede": "311001093962", "nombre_sede": "COLEGIO CAPACITACION 2000 CHAPINERO", "nombre_est": "COLEGIO CAPACITACION 2000 CHAPINERO", "nombre_upl": "BARRIOS UNIDOS", "nombre_upz": "LOS ALCAZARES", "z_publicado": -0.649, "n_examenes": 188, "n_anios": 8, "cluster": "NS", "lisa_p": 0.37031, "conflicto_est": false }, "geometry": { "type": "Point", "coordinates": [ -74.063000001013279, 4.655299998819828 ] } },
{ "type": "Feature", "properties": { "sede": "311001094403", "nombre_sede": "COLEGIO REUVEN FEUERSTEIN", "nombre_est": "COLEGIO REUVEN FEUERSTEIN", "nombre_upl": "SUBA", "nombre_upz": "SUBA", "z_publicado": 2.099, "n_examenes": 182, "n_anios": 9, "cluster": "NS", "lisa_p": 0.91343, "conflicto_est": false }, "geometry": { "type": "Point", "coordinates": [ -74.088199999183416, 4.753600001335144 ] } },
{ "type": "Feature", "properties": { "sede": "311001094420", "nombre_sede": "GIMNASIO CRISTIANO LUZ Y VIDA", "nombre_est": "GIMNASIO CRISTIANO LUZ Y VIDA", "nombre_upl": "PATIO BONITO", "nombre_upz": "PATIO BONITO", "z_publicado": 0.736, "n_examenes": 138, "n_anios": 7, "cluster": "NS", "lisa_p": 0.16272, "conflicto_est": false }, "geometry": { "type": "Point", "coordinates": [ -74.16270000115037, 4.636500000953674 ] } },
{ "type": "Feature", "properties": { "sede": "311001094683", "nombre_sede": "GIMNASIO CRISTIANO SHEKINAH", "nombre_est": "GIMNASIO CRISTIANO SHEKINAH", "nombre_upl": "BARRIOS UNIDOS", "nombre_upz": "LOS ALCAZARES", "z_publicado": 0.609, "n_examenes": 144, "n_anios": 9, "cluster": "NS", "lisa_p": 0.17808, "conflicto_est": false }, "geometry": { "type": "Point", "coordinates": [ -74.063000001013279, 4.657000001519918 ] } },
{ "type": "Feature", "properties": { "sede": "311001094730", "nombre_sede": "INSTITUTO SAN FRANCISCO", "nombre_est": "INSTITUTO SAN FRANCISCO", "nombre_upl": "ARBORIZADORA", "nombre_upz": "SAN FRANCISCO", "z_publicado": -0.077, "n_examenes": 529, "n_anios": 9, "cluster": "NS", "lisa_p": 0.94336, "conflicto_est": false }, "geometry": { "type": "Point", "coordinates": [ -74.148499999195337, 4.564399998635054 ] } },
{ "type": "Feature", "properties": { "sede": "311001094811", "nombre_sede": "COLEGIO LUIS MARIANO", "nombre_est": "COLEGIO LUIS MARIANO", "nombre_upl": "ENGATIVA", "nombre_upz": "ENGATIVA", "z_publicado": 0.275, "n_examenes": 267, "n_anios": 9, "cluster": "NS", "lisa_p": 0.49358, "conflicto_est": false }, "geometry": { "type": "Point", "coordinates": [ -74.139899998903275, 4.711500000208616 ] } },
{ "type": "Feature", "properties": { "sede": "311001094942", "nombre_sede": "CENTRO DE EDUCACION FORMAL ROBERT HOOKE", "nombre_est": "CENTRO DE EDUCACION FORMAL ROBERT HOOKE", "nombre_upl": "RESTREPO", "nombre_upz": "QUIROGA", "z_publicado": -0.552, "n_examenes": 1143, "n_anios": 9, "cluster": "NS", "lisa_p": 0.58123, "conflicto_est": false }, "geometry": { "type": "Point", "coordinates": [ -74.123799998313189, 4.57490000128746 ] } },
{ "type": "Feature", "properties": { "sede": "311001094993", "nombre_sede": "COLEGIO MAYOR DE GALES", "nombre_est": "COLEGIO MAYOR DE GALES", "nombre_upl": "ENGATIVA", "nombre_upz": "GARCES NAVAS", "z_publicado": 0.516, "n_examenes": 270, "n_anios": 9, "cluster": "NS", "lisa_p": 0.26874, "conflicto_est": false }, "geometry": { "type": "Point", "coordinates": [ -74.114100001752377, 4.710700001567602 ] } },
{ "type": "Feature", "properties": { "sede": "311001095001", "nombre_sede": "COLEGIO CRISTIANO PSICOPEDAGOGICO SINAI", "nombre_est": "COLEGIO CRISTIANO PSICOPEDAGOGICO SINAI", "nombre_upl": "TABORA", "nombre_upz": "BOYACA REAL", "z_publicado": 0.819, "n_examenes": 126, "n_anios": 8, "cluster": "NS", "lisa_p": 0.57916, "conflicto_est": false }, "geometry": { "type": "Point", "coordinates": [ -74.113299999386072, 4.694200001657009 ] } },
{ "type": "Feature", "properties": { "sede": "311001095191", "nombre_sede": "COLEGIO SAN SIMON", "nombre_est": "COLEGIO SAN SIMON", "nombre_upl": "BRITALIA", "nombre_upz": "BRITALIA", "z_publicado": 0.999, "n_examenes": 202, "n_anios": 9, "cluster": "NS", "lisa_p": 0.37773, "conflicto_est": false }, "geometry": { "type": "Point", "coordinates": [ -74.057599999010563, 4.752700001001358 ] } },
{ "type": "Feature", "properties": { "sede": "311001095469", "nombre_sede": "GIMNASIO PSICOPEDAGOGICO SUBA", "nombre_est": "GIMNASIO PSICOPEDAGOGICO SUBA", "nombre_upl": "RINCON DE SUBA", "nombre_upz": "EL RINCON", "z_publicado": 0.612, "n_examenes": 311, "n_anios": 9, "cluster": "NS", "lisa_p": 0.44773, "conflicto_est": false }, "geometry": { "type": "Point", "coordinates": [ -74.100400000810623, 4.738299999386072 ] } },
{ "type": "Feature", "properties": { "sede": "311001095523", "nombre_sede": "COLEGIO MAYOR DEL QUIROGA", "nombre_est": "COLEGIO MAYOR DEL QUIROGA", "nombre_upl": "RESTREPO", "nombre_upz": "QUIROGA", "z_publicado": 0.583, "n_examenes": 147, "n_anios": 9, "cluster": "NS", "lisa_p": 0.40288, "conflicto_est": false }, "geometry": { "type": "Point", "coordinates": [ -74.116399999707937, 4.580299999564886 ] } },
{ "type": "Feature", "properties": { "sede": "311001096074", "nombre_sede": "LICEO EMPRESARIAL DEL CAMPO", "nombre_est": "LICEO EMPRESARIAL DEL CAMPO", "nombre_upl": "TIBABUYES", "nombre_upz": "TIBABUYES", "z_publicado": 0.468, "n_examenes": 269, "n_anios": 9, "cluster": "NS", "lisa_p": 0.33749, "conflicto_est": false }, "geometry": { "type": "Point", "coordinates": [ -74.111900001764297, 4.750399999320507 ] } },
{ "type": "Feature", "properties": { "sede": "311001096171", "nombre_sede": "LICEO PSICOPEDAGOGICO EL CARMELO", "nombre_est": "LICEO PSICOPEDAGOGICO EL CARMELO", "nombre_upl": "EDEN", "nombre_upz": "BOSA OCCIDENTAL", "z_publicado": -0.677, "n_examenes": 1311, "n_anios": 9, "cluster": "NS", "lisa_p": 0.41814, "conflicto_est": false }, "geometry": { "type": "Point", "coordinates": [ -74.177299998700619, 4.627399999648333 ] } },
{ "type": "Feature", "properties": { "sede": "311001096228", "nombre_sede": "LICEO SAN LEON MAGNO", "nombre_est": "LICEO SAN LEON MAGNO", "nombre_upl": "ENGATIVA", "nombre_upz": "ENGATIVA", "z_publicado": 0.212, "n_examenes": 332, "n_anios": 9, "cluster": "NS", "lisa_p": 0.3556, "conflicto_est": false }, "geometry": { "type": "Point", "coordinates": [ -74.130800001323223, 4.710099998861551 ] } },
{ "type": "Feature", "properties": { "sede": "311001096309", "nombre_sede": "LICEO MARIA NELL", "nombre_est": "LICEO MARIA NELL", "nombre_upl": "RAFAEL URIBE", "nombre_upz": "GRAN YOMASA", "z_publicado": 0.954, "n_examenes": 181, "n_anios": 9, "cluster": "NS", "lisa_p": 0.93629, "conflicto_est": false }, "geometry": { "type": "Point", "coordinates": [ -74.109099999070168, 4.509300000965595 ] } },
{ "type": "Feature", "properties": { "sede": "311001096414", "nombre_sede": "LICEO CULTURAL LOPEZ OSORIO", "nombre_est": "LICEO CULTURAL LOPEZ OSORIO", "nombre_upl": "EDEN", "nombre_upz": "BOSA OCCIDENTAL", "z_publicado": 0.062, "n_examenes": 738, "n_anios": 9, "cluster": "NS", "lisa_p": 0.33933, "conflicto_est": false }, "geometry": { "type": "Point", "coordinates": [ -74.198100000619888, 4.622299998998642 ] } },
{ "type": "Feature", "properties": { "sede": "311001096465", "nombre_sede": "LICEO TECNICO MICROEMPRESARIAL FEYSER GORDILLO ROJAS", "nombre_est": "LICEO TECNICO MICROEMPRESARIAL FEYSER GORDILLO ROJAS", "nombre_upl": "RAFAEL URIBE", "nombre_upz": "MARRUECOS", "z_publicado": -0.26, "n_examenes": 332, "n_anios": 9, "cluster": "NS", "lisa_p": 0.42399, "conflicto_est": false }, "geometry": { "type": "Point", "coordinates": [ -74.111800000071526, 4.556800000369549 ] } },
{ "type": "Feature", "properties": { "sede": "311001096732", "nombre_sede": "GIMNASIO CAMPUS PAMPURI", "nombre_est": "GIMNASIO CAMPUS PAMPURI", "nombre_upl": "USME - ENTRENUBES", "nombre_upz": "LOS LIBERTADORES", "z_publicado": 0.804, "n_examenes": 82, "n_anios": 4, "cluster": "NS", "lisa_p": 0.08519, "conflicto_est": false }, "geometry": { "type": "Point", "coordinates": [ -74.083099998533726, 4.530099999159575 ] } },
{ "type": "Feature", "properties": { "sede": "311001097038", "nombre_sede": "COLEGIO ARIEL DAVID", "nombre_est": "COLEGIO ARIEL DAVID", "nombre_upl": "USME - ENTRENUBES", "nombre_upz": "COMUNEROS", "z_publicado": 0.345, "n_examenes": 93, "n_anios": 9, "cluster": "NS", "lisa_p": 0.33802, "conflicto_est": false }, "geometry": { "type": "Point", "coordinates": [ -74.103999998420477, 4.503499999642372 ] } },
{ "type": "Feature", "properties": { "sede": "311001097071", "nombre_sede": "COLEGIO MODERNO ENGATIVA", "nombre_est": "COLEGIO MODERNO ENGATIVA", "nombre_upl": "ENGATIVA", "nombre_upz": "ENGATIVA", "z_publicado": 0.422, "n_examenes": 212, "n_anios": 9, "cluster": "NS", "lisa_p": 0.3938, "conflicto_est": false }, "geometry": { "type": "Point", "coordinates": [ -74.135999999940395, 4.704799998551607 ] } },
{ "type": "Feature", "properties": { "sede": "311001097259", "nombre_sede": "COLEGIO CATOLICO DE LA SABANA", "nombre_est": "COLEGIO CATOLICO DE LA SABANA", "nombre_upl": "ENGATIVA", "nombre_upz": "GARCES NAVAS", "z_publicado": 1.166, "n_examenes": 204, "n_anios": 9, "cluster": "NS", "lisa_p": 0.84684, "conflicto_est": false }, "geometry": { "type": "Point", "coordinates": [ -74.125500001013279, 4.717999998480082 ] } },
{ "type": "Feature", "properties": { "sede": "311001097569", "nombre_sede": "LICEO LATINOAMERICANO DEL SUR", "nombre_est": "LICEO LATINOAMERICANO DEL SUR", "nombre_upl": "RAFAEL URIBE", "nombre_upz": "GRAN YOMASA", "z_publicado": 0.419, "n_examenes": 293, "n_anios": 9, "cluster": "NS", "lisa_p": 0.2024, "conflicto_est": false }, "geometry": { "type": "Point", "coordinates": [ -74.105900000780821, 4.509300000965595 ] } },
{ "type": "Feature", "properties": { "sede": "311001097615", "nombre_sede": "LICEO ERNESTO CARDENAL", "nombre_est": "LICEO ERNESTO CARDENAL", "nombre_upl": "BOSA", "nombre_upz": "BOSA CENTRAL", "z_publicado": 0.166, "n_examenes": 561, "n_anios": 9, "cluster": "NS", "lisa_p": 0.71533, "conflicto_est": false }, "geometry": { "type": "Point", "coordinates": [ -74.202899999916553, 4.61089999973774 ] } },
{ "type": "Feature", "properties": { "sede": "311001097640", "nombre_sede": "LICEO NUEVOS HORIZONTES", "nombre_est": "LICEO NUEVOS HORIZONTES", "nombre_upl": "EDEN", "nombre_upz": "BOSA OCCIDENTAL", "z_publicado": 0.677, "n_examenes": 297, "n_anios": 9, "cluster": "NS", "lisa_p": 0.19483, "conflicto_est": false }, "geometry": { "type": "Point", "coordinates": [ -74.187100000679493, 4.628899998962879 ] } },
{ "type": "Feature", "properties": { "sede": "311001097658", "nombre_sede": "LICEO MANUEL ELKIN PATARROYO", "nombre_est": "LICEO MANUEL ELKIN PATARROYO", "nombre_upl": "BOSA", "nombre_upz": "BOSA CENTRAL", "z_publicado": 0.857, "n_examenes": 292, "n_anios": 9, "cluster": "NS", "lisa_p": 0.22398, "conflicto_est": false }, "geometry": { "type": "Point", "coordinates": [ -74.206000000238419, 4.613200001418591 ] } },
{ "type": "Feature", "properties": { "sede": "311001097674", "nombre_sede": "LICEO OCTAVIO PAZ", "nombre_est": "LICEO OCTAVIO PAZ", "nombre_upl": "EDEN", "nombre_upz": "BOSA OCCIDENTAL", "z_publicado": 0.327, "n_examenes": 162, "n_anios": 8, "cluster": "NS", "lisa_p": 0.27096, "conflicto_est": false }, "geometry": { "type": "Point", "coordinates": [ -74.190799999982119, 4.628299999982119 ] } },
{ "type": "Feature", "properties": { "sede": "311001098026", "nombre_sede": "GIMNASIO BOSQUES DEL NOGAL", "nombre_est": "GIMNASIO BOSQUES DEL NOGAL", "nombre_upl": "TIBABUYES", "nombre_upz": "TIBABUYES", "z_publicado": 0.441, "n_examenes": 116, "n_anios": 9, "cluster": "NS", "lisa_p": 0.13271, "conflicto_est": false }, "geometry": { "type": "Point", "coordinates": [ -74.113600000739098, 4.741999998688698 ] } },
{ "type": "Feature", "properties": { "sede": "311001098531", "nombre_sede": "COLEGIO DIDASCALIO NUESTRA SEÑORA DE LA ESPERANZA", "nombre_est": "COLEGIO DIDASCALIO NUESTRA SEÑORA DE LA ESPERANZA", "nombre_upl": "ARBORIZADORA", "nombre_upz": "ISMAEL PERDOMO", "z_publicado": 0.567, "n_examenes": 60, "n_anios": 6, "cluster": "HL", "lisa_p": 0.02502, "conflicto_est": false }, "geometry": { "type": "Point", "coordinates": [ -74.175000000745058, 4.576799999922514 ] } },
{ "type": "Feature", "properties": { "sede": "311001098603", "nombre_sede": "GIMNASIO PSICOPEDAGOGICO MARIA ISABEL", "nombre_est": "GIMNASIO PSICOPEDAGOGICO MARIA ISABEL", "nombre_upl": "KENNEDY", "nombre_upz": "AMERICAS", "z_publicado": 1.044, "n_examenes": 354, "n_anios": 9, "cluster": "NS", "lisa_p": 0.8477, "conflicto_est": false }, "geometry": { "type": "Point", "coordinates": [ -74.132699999958277, 4.627399999648333 ] } },
{ "type": "Feature", "properties": { "sede": "311001098671", "nombre_sede": "COLEGIO GEORGE WASHINGTON SCHOOL", "nombre_est": "COLEGIO GEORGE WASHINGTON SCHOOL", "nombre_upl": "TOBERIN", "nombre_upz": "VERBENAL", "z_publicado": 0.719, "n_examenes": 377, "n_anios": 9, "cluster": "NS", "lisa_p": 0.37655, "conflicto_est": false }, "geometry": { "type": "Point", "coordinates": [ -74.030000001192093, 4.762200001627207 ] } },
{ "type": "Feature", "properties": { "sede": "311001098701", "nombre_sede": "GIMNASIO LAS PALMAS", "nombre_est": "GIMNASIO LAS PALMAS", "nombre_upl": "TOBERIN", "nombre_upz": "VERBENAL", "z_publicado": 1.373, "n_examenes": 182, "n_anios": 9, "cluster": "NS", "lisa_p": 0.69085, "conflicto_est": false }, "geometry": { "type": "Point", "coordinates": [ -74.029399998486042, 4.762899998575449 ] } },
{ "type": "Feature", "properties": { "sede": "311001099308", "nombre_sede": "COLEGIO SAGRADO CORAZON", "nombre_est": "COLEGIO SAGRADO CORAZON BTA", "nombre_upl": "EDEN", "nombre_upz": "KENNEDY CENTRAL", "z_publicado": 0.501, "n_examenes": 318, "n_anios": 9, "cluster": "NS", "lisa_p": 0.83901, "conflicto_est": false }, "geometry": { "type": "Point", "coordinates": [ -74.178300000727177, 4.622499998658895 ] } },
{ "type": "Feature", "properties": { "sede": "311001099391", "nombre_sede": "LICEO EL CASTILLO", "nombre_est": "LICEO EL CASTILLO", "nombre_upl": "TINTAL", "nombre_upz": "CASTILLA", "z_publicado": 0.183, "n_examenes": 183, "n_anios": 9, "cluster": "NS", "lisa_p": 0.8116, "conflicto_est": false }, "geometry": { "type": "Point", "coordinates": [ -74.149900000542402, 4.643899999558926 ] } },
{ "type": "Feature", "properties": { "sede": "311001099626", "nombre_sede": "GIMNASIO MODERNO CASTILLA", "nombre_est": "GIMNASIO MODERNO CASTILLA", "nombre_upl": "TINTAL", "nombre_upz": "CASTILLA", "z_publicado": 0.86, "n_examenes": 134, "n_anios": 4, "cluster": "NS", "lisa_p": 0.73653, "conflicto_est": false }, "geometry": { "type": "Point", "coordinates": [ -74.142700001597404, 4.638799998909235 ] } },
{ "type": "Feature", "properties": { "sede": "311001099723", "nombre_sede": "GIMNASIO NUEVO REINO", "nombre_est": "GIMNASIO NUEVO REINO", "nombre_upl": "SALITRE", "nombre_upz": "MODELIA", "z_publicado": 1.084, "n_examenes": 136, "n_anios": 9, "cluster": "HH", "lisa_p": 6.9999999999999994e-05, "conflicto_est": false }, "geometry": { "type": "Point", "coordinates": [ -74.118200000375509, 4.66609999909997 ] } },
{ "type": "Feature", "properties": { "sede": "311001100233", "nombre_sede": "GIMNASIO KAIPORE CENTRO DE DESARROLLO TEMPRANO", "nombre_est": "GIMNASIO KAIPORE CENTRO DE DESARROLLO TEMPRANO", "nombre_upl": "NIZA", "nombre_upz": "LA FLORESTA", "z_publicado": 0.544, "n_examenes": 91, "n_anios": 9, "cluster": "HH", "lisa_p": 0.01184, "conflicto_est": false }, "geometry": { "type": "Point", "coordinates": [ -74.074000000953674, 4.700300000607967 ] } },
{ "type": "Feature", "properties": { "sede": "311001100829", "nombre_sede": "COLEGIO REAL DE COLOMBIA", "nombre_est": "COLEGIO REAL DE COLOMBIA", "nombre_upl": "ENGATIVA", "nombre_upz": "GARCES NAVAS", "z_publicado": 0.561, "n_examenes": 450, "n_anios": 9, "cluster": "NS", "lisa_p": 0.3421, "conflicto_est": false }, "geometry": { "type": "Point", "coordinates": [ -74.122999999672174, 4.710700001567602 ] } },
{ "type": "Feature", "properties": { "sede": "311001100985", "nombre_sede": "COLEGIO BILINGÜE RICHMOND", "nombre_est": "COLEGIO BILINGÜE RICHMOND", "nombre_upl": "TORCA", "nombre_upz": "LA ACADEMIA", "z_publicado": 1.214, "n_examenes": 428, "n_anios": 9, "cluster": "HH", "lisa_p": 0.00392, "conflicto_est": false }, "geometry": { "type": "Point", "coordinates": [ -74.043999999761581, 4.801100000739098 ] } },
{ "type": "Feature", "properties": { "sede": "311001100993", "nombre_sede": "COLEGIO ARCA INTERNACIONAL BILINGÜE", "nombre_est": "COLEGIO ARCA INTERNACIONAL BILINGÜE", "nombre_upl": "SUBA", "nombre_upz": "SUBA", "z_publicado": 1.009, "n_examenes": 89, "n_anios": 9, "cluster": "HH", "lisa_p": 0.04296, "conflicto_est": false }, "geometry": { "type": "Point", "coordinates": [ -74.075800001621246, 4.751600001007318 ] } },
{ "type": "Feature", "properties": { "sede": "311001101116", "nombre_sede": "COLEGIO BILINGÜE SAN GABRIEL ARCANGEL", "nombre_est": "COLEGIO BILINGÜE SAN GABRIEL ARCANGEL", "nombre_upl": "RESTREPO", "nombre_upz": "CIUDAD JARDIN", "z_publicado": 1.816, "n_examenes": 22, "n_anios": 3, "cluster": "NS", "lisa_p": 0.13928, "conflicto_est": false }, "geometry": { "type": "Point", "coordinates": [ -74.09739999845624, 4.578400000929832 ] } },
{ "type": "Feature", "properties": { "sede": "311001101396", "nombre_sede": "LICEO NORMANDIA", "nombre_est": "LICEO NORMANDIA", "nombre_upl": "SALITRE", "nombre_upz": "SANTA CECILIA", "z_publicado": 0.552, "n_examenes": 298, "n_anios": 9, "cluster": "HH", "lisa_p": 0.00766, "conflicto_est": false }, "geometry": { "type": "Point", "coordinates": [ -74.110399998724461, 4.674800001084805 ] } },
{ "type": "Feature", "properties": { "sede": "311001101451", "nombre_sede": "GIMNASIO MADRE TRINIDAD DE CALCUTA", "nombre_est": "GIMNASIO MADRE TRINIDAD DE CALCUTA", "nombre_upl": "ENGATIVA", "nombre_upz": "GARCES NAVAS", "z_publicado": -0.129, "n_examenes": 172, "n_anios": 6, "cluster": "NS", "lisa_p": 0.41005, "conflicto_est": false }, "geometry": { "type": "Point", "coordinates": [ -74.124299999326468, 4.703699998557568 ] } },
{ "type": "Feature", "properties": { "sede": "311001101574", "nombre_sede": "GIMNASIO ROMANO MIXTO", "nombre_est": "GIMNASIO ROMANO MIXTO", "nombre_upl": "RINCON DE SUBA", "nombre_upz": "EL RINCON", "z_publicado": 0.035, "n_examenes": 116, "n_anios": 9, "cluster": "NS", "lisa_p": 0.2968, "conflicto_est": false }, "geometry": { "type": "Point", "coordinates": [ -74.100499998778105, 4.735399998724461 ] } },
{ "type": "Feature", "properties": { "sede": "311001101663", "nombre_sede": "LICEO DE CIENCIA Y CULTURA HARVARD", "nombre_est": "LICEO DE CIENCIA Y CULTURA HARVARD", "nombre_upl": "SUBA", "nombre_upz": "SUBA", "z_publicado": 0.72, "n_examenes": 439, "n_anios": 9, "cluster": "NS", "lisa_p": 0.7491, "conflicto_est": false }, "geometry": { "type": "Point", "coordinates": [ -74.09569999948144, 4.756599999964237 ] } },
{ "type": "Feature", "properties": { "sede": "311001101850", "nombre_sede": "COLEGIO DOMINGO SAVIO BILINGUAL SCHOOL", "nombre_est": "COLEGIO DOMINGO SAVIO BILINGUAL SCHOOL", "nombre_upl": "RESTREPO", "nombre_upz": "QUIROGA", "z_publicado": 1.306, "n_examenes": 537, "n_anios": 9, "cluster": "NS", "lisa_p": 0.05838, "conflicto_est": false }, "geometry": { "type": "Point", "coordinates": [ -74.107799999415874, 4.585799999535084 ] } },
{ "type": "Feature", "properties": { "sede": "311001102350", "nombre_sede": "UNIDAD EDUCATIVA PRADOS DE ALAMEDA", "nombre_est": "UNIDAD EDUCATIVA PRADOS DE ALAMEDA", "nombre_upl": "FONTIBON", "nombre_upz": "FONTIBON SAN PABLO", "z_publicado": 0.239, "n_examenes": 159, "n_anios": 9, "cluster": "NS", "lisa_p": 0.55244, "conflicto_est": false }, "geometry": { "type": "Point", "coordinates": [ -74.166999999433756, 4.696899998933077 ] } },
{ "type": "Feature", "properties": { "sede": "311001102368", "nombre_sede": "COLEGIO REAL DE CUNDINAMARCA", "nombre_est": "COLEGIO REAL DE CUNDINAMARCA", "nombre_upl": "SUBA", "nombre_upz": "SUBA", "z_publicado": 0.576, "n_examenes": 59, "n_anios": 6, "cluster": "NS", "lisa_p": 0.1984, "conflicto_est": false }, "geometry": { "type": "Point", "coordinates": [ -74.0912000015378, 4.754000000655651 ] } },
{ "type": "Feature", "properties": { "sede": "311001102384", "nombre_sede": "COLEGIO GRAN BRETAÑA", "nombre_est": "COLEGIO GRAN BRETAÑA", "nombre_upl": "TORCA", "nombre_upz": "LA ACADEMIA", "z_publicado": 0.861, "n_examenes": 194, "n_anios": 9, "cluster": "HH", "lisa_p": 0.00036, "conflicto_est": false }, "geometry": { "type": "Point", "coordinates": [ -74.043699998408556, 4.79280000180006 ] } },
{ "type": "Feature", "properties": { "sede": "311001102619", "nombre_sede": "LICEO BILINGÜE ROMULO GALLEGOS", "nombre_est": "LICEO BILINGÜE ROMULO GALLEGOS", "nombre_upl": "PUENTE ARANDA", "nombre_upz": "CIUDAD MONTES", "z_publicado": 0.531, "n_examenes": 271, "n_anios": 9, "cluster": "NS", "lisa_p": 0.24012, "conflicto_est": false }, "geometry": { "type": "Point", "coordinates": [ -74.108300000429153, 4.599700000137091 ] } },
{ "type": "Feature", "properties": { "sede": "311001102716", "nombre_sede": "LICEO EMMANUELE MARLUI", "nombre_est": "LICEO EMMANUELE MARLUI", "nombre_upl": "TINTAL", "nombre_upz": "CASTILLA", "z_publicado": 0.395, "n_examenes": 180, "n_anios": 7, "cluster": "NS", "lisa_p": 0.4955, "conflicto_est": false }, "geometry": { "type": "Point", "coordinates": [ -74.141199998557568, 4.639400001615286 ] } },
{ "type": "Feature", "properties": { "sede": "311001102783", "nombre_sede": "COLEGIO COLSUBSIDIO CHICALA", "nombre_est": "COLEGIO COLSUBSIDIO CHICALA", "nombre_upl": "EDEN", "nombre_upz": "BOSA OCCIDENTAL", "z_publicado": 1.135, "n_examenes": 1182, "n_anios": 9, "cluster": "NS", "lisa_p": 0.42839, "conflicto_est": false }, "geometry": { "type": "Point", "coordinates": [ -74.181000001728535, 4.625199999660254 ] } },
{ "type": "Feature", "properties": { "sede": "311001102805", "nombre_sede": "FUNDACION COLEGIO PRINCIPIO DE SABIDURIA", "nombre_est": "FUNDACION COLEGIO PRINCIPIO DE SABIDURIA", "nombre_upl": "RESTREPO", "nombre_upz": "QUIROGA", "z_publicado": 0.031, "n_examenes": 61, "n_anios": 9, "cluster": "NS", "lisa_p": 0.37083, "conflicto_est": false }, "geometry": { "type": "Point", "coordinates": [ -74.118299998342991, 4.586199998855591 ] } },
{ "type": "Feature", "properties": { "sede": "311001104549", "nombre_sede": "POLITECNICO UNIVERSAL DE CAPACITACION UNICAP", "nombre_est": "POLITECNICO UNIVERSAL DE CAPACITACION UNICAP", "nombre_upl": "CHAPINERO", "nombre_upz": "CHICO LAGO", "z_publicado": -0.158, "n_examenes": 465, "n_anios": 9, "cluster": "NS", "lisa_p": 0.40504, "conflicto_est": false }, "geometry": { "type": "Point", "coordinates": [ -74.060199998319149, 4.655299998819828 ] } },
{ "type": "Feature", "properties": { "sede": "311001104778", "nombre_sede": "COLEGIO INCADE", "nombre_est": "COLEGIO INCADE", "nombre_upl": "TUNJUELITO", "nombre_upz": "VENECIA", "z_publicado": -0.504, "n_examenes": 951, "n_anios": 9, "cluster": "NS", "lisa_p": 0.22269, "conflicto_est": false }, "geometry": { "type": "Point", "coordinates": [ -74.135899998247623, 4.594200000166893 ] } },
{ "type": "Feature", "properties": { "sede": "311001104786", "nombre_sede": "COLEGIO BRITANICO", "nombre_est": "COLEGIO BRITANICO", "nombre_upl": "TUNJUELITO", "nombre_upz": "VENECIA", "z_publicado": -0.388, "n_examenes": 1160, "n_anios": 9, "cluster": "NS", "lisa_p": 0.1916, "conflicto_est": false }, "geometry": { "type": "Point", "coordinates": [ -74.136999998241663, 4.594300001859665 ] } },
{ "type": "Feature", "properties": { "sede": "311001104832", "nombre_sede": "INSTITUCION EDUCATIVA FRANCISCO PRIMERO LTDA", "nombre_est": "INSTITUCION EDUCATIVA FRANCISCO PRIMERO LTDA", "nombre_upl": "EDEN", "nombre_upz": "BOSA OCCIDENTAL", "z_publicado": 0.547, "n_examenes": 240, "n_anios": 9, "cluster": "NS", "lisa_p": 0.08545, "conflicto_est": false }, "geometry": { "type": "Point", "coordinates": [ -74.177999999374151, 4.628499999642372 ] } },
{ "type": "Feature", "properties": { "sede": "311001104841", "nombre_sede": "COLEGIO INETEC", "nombre_est": "COLEGIO INETEC", "nombre_upl": "BOSA", "nombre_upz": "BOSA CENTRAL", "z_publicado": -0.564, "n_examenes": 434, "n_anios": 9, "cluster": "NS", "lisa_p": 0.07125, "conflicto_est": false }, "geometry": { "type": "Point", "coordinates": [ -74.194099999964237, 4.612799998372793 ] } },
{ "type": "Feature", "properties": { "sede": "311001104867", "nombre_sede": "COLEGIO INSCAP", "nombre_est": "COLEGIO INSCAP", "nombre_upl": "KENNEDY", "nombre_upz": "KENNEDY CENTRAL", "z_publicado": -0.441, "n_examenes": 173, "n_anios": 5, "cluster": "NS", "lisa_p": 0.40097, "conflicto_est": false }, "geometry": { "type": "Point", "coordinates": [ -74.159000001847744, 4.626299999654293 ] } },
{ "type": "Feature", "properties": { "sede": "311001104905", "nombre_sede": "COLEGIO CENTRO DE INSTRUCCION SISTEMATIZADA - CEIS", "nombre_est": "COLEGIO CENTRO DE INSTRUCCION SISTEMATIZADA - CEIS", "nombre_upl": "EDEN", "nombre_upz": "TIMIZA", "z_publicado": -0.598, "n_examenes": 290, "n_anios": 9, "cluster": "NS", "lisa_p": 0.63962, "conflicto_est": false }, "geometry": { "type": "Point", "coordinates": [ -74.175299998372793, 4.614199999719858 ] } },
{ "type": "Feature", "properties": { "sede": "311001104913", "nombre_sede": "COLEGIO CENCOSISTEMAS", "nombre_est": "COLEGIO CENCOSISTEMAS", "nombre_upl": "RESTREPO", "nombre_upz": "RESTREPO", "z_publicado": -0.45, "n_examenes": 539, "n_anios": 9, "cluster": "NS", "lisa_p": 0.61547, "conflicto_est": false }, "geometry": { "type": "Point", "coordinates": [ -74.101799998432398, 4.584300000220537 ] } },
{ "type": "Feature", "properties": { "sede": "311001105057", "nombre_sede": "POLITECNICO MAYOR ANDINO", "nombre_est": "POLITECNICO MAYOR ANDINO", "nombre_upl": "FONTIBON", "nombre_upz": "FONTIBON", "z_publicado": -0.257, "n_examenes": 454, "n_anios": 9, "cluster": "NS", "lisa_p": 0.0795, "conflicto_est": false }, "geometry": { "type": "Point", "coordinates": [ -74.145899999886751, 4.673900000751019 ] } },
{ "type": "Feature", "properties": { "sede": "311001105162", "nombre_sede": "CENTRO SUPERIOR DE ESTUDIOS FINANCIEROS E INFORMATICOS - CENPEFI", "nombre_est": "CENTRO SUPERIOR DE ESTUDIOS FINANCIEROS E INFORMATICOS - CENPEFI", "nombre_upl": "TABORA", "nombre_upz": "BOYACA REAL", "z_publicado": -0.539, "n_examenes": 584, "n_anios": 9, "cluster": "NS", "lisa_p": 0.31828, "conflicto_est": false }, "geometry": { "type": "Point", "coordinates": [ -74.099599998444319, 4.701499998569489 ] } },
{ "type": "Feature", "properties": { "sede": "311001105197", "nombre_sede": "INSTITUTO IP EDUCANDO LA JUVENTUD FUTURO DE COLOMBIA", "nombre_est": "INSTITUTO IP EDUCANDO LA JUVENTUD FUTURO DE COLOMBIA", "nombre_upl": "TABORA", "nombre_upz": "EL MINUTO DE DIOS", "z_publicado": -0.377, "n_examenes": 439, "n_anios": 9, "cluster": "NS", "lisa_p": 0.84542, "conflicto_est": false }, "geometry": { "type": "Point", "coordinates": [ -74.104899998754263, 4.705200001597404 ] } },
{ "type": "Feature", "properties": { "sede": "311001105243", "nombre_sede": "LICEO MODERNO CELESTIN FREINET", "nombre_est": "LICEO MODERNO CELESTIN FREINET", "nombre_upl": "ENGATIVA", "nombre_upz": "ENGATIVA", "z_publicado": 0.406, "n_examenes": 178, "n_anios": 9, "cluster": "NS", "lisa_p": 0.15804, "conflicto_est": false }, "geometry": { "type": "Point", "coordinates": [ -74.132399998605251, 4.708200000226498 ] } },
{ "type": "Feature", "properties": { "sede": "311001105341", "nombre_sede": "COLEGIO REAL DE BOGOTA", "nombre_est": "COLEGIO REAL DE BOGOTA", "nombre_upl": "TABORA", "nombre_upz": "LAS FERIAS", "z_publicado": 0.152, "n_examenes": 150, "n_anios": 9, "cluster": "NS", "lisa_p": 0.52429, "conflicto_est": false }, "geometry": { "type": "Point", "coordinates": [ -74.094900000840425, 4.685100000351667 ] } },
{ "type": "Feature", "properties": { "sede": "311001105367", "nombre_sede": "BACHILLERATO DE ADULTOS COLSUBSIDIO", "nombre_est": "BACHILLERATO DE ADULTOS COLSUBSIDIO", "nombre_upl": "ENGATIVA", "nombre_upz": "BOLIVIA", "z_publicado": -0.139, "n_examenes": 1163, "n_anios": 9, "cluster": "NS", "lisa_p": 0.16503, "conflicto_est": false }, "geometry": { "type": "Point", "coordinates": [ -74.113800000399351, 4.72069999948144 ] } },
{ "type": "Feature", "properties": { "sede": "311001105375", "nombre_sede": "COLEGIO MONTESSORI (MONTESSORI BRITISH SCHOOL) - BILINGÜE INTERNACIONAL", "nombre_est": "COLEGIO MONTESSORI (MONTESSORI BRITISH SCHOOL) - BILINGÜE INTERNACIONAL", "nombre_upl": "NIZA", "nombre_upz": "NIZA", "z_publicado": 1.594, "n_examenes": 411, "n_anios": 9, "cluster": "NS", "lisa_p": 0.50552, "conflicto_est": false }, "geometry": { "type": "Point", "coordinates": [ -74.077500000596046, 4.715399999171495 ] } },
{ "type": "Feature", "properties": { "sede": "311001105383", "nombre_sede": "GIMNASIO SAN ANGELO", "nombre_est": "GIMNASIO SAN ANGELO", "nombre_upl": "TORCA", "nombre_upz": "LA ACADEMIA", "z_publicado": 1.172, "n_examenes": 884, "n_anios": 9, "cluster": "HH", "lisa_p": 0.00355, "conflicto_est": false }, "geometry": { "type": "Point", "coordinates": [ -74.045000001788139, 4.801500000059605 ] } },
{ "type": "Feature", "properties": { "sede": "311001105391", "nombre_sede": "COLEGIO TECNISISTEMAS", "nombre_est": "COLEGIO TECNISISTEMAS", "nombre_upl": "SUBA", "nombre_upz": "SUBA", "z_publicado": -0.251, "n_examenes": 1982, "n_anios": 9, "cluster": "LL", "lisa_p": 0.01673, "conflicto_est": false }, "geometry": { "type": "Point", "coordinates": [ -74.087400000542402, 4.739599999040365 ] } },
{ "type": "Feature", "properties": { "sede": "311001105481", "nombre_sede": "COLEGIO EL CAMINO ACADEMY", "nombre_est": "COLEGIO EL CAMINO ACADEMY", "nombre_upl": "TORCA", "nombre_upz": "LA ACADEMIA", "z_publicado": 1.428, "n_examenes": 165, "n_anios": 9, "cluster": "HH", "lisa_p": 0.00131, "conflicto_est": false }, "geometry": { "type": "Point", "coordinates": [ -74.043499998748302, 4.799199998378754 ] } },
{ "type": "Feature", "properties": { "sede": "311001105651", "nombre_sede": "INSTITUTO INTEGRADO DE SUBA", "nombre_est": "INSTITUTO INTEGRADO DE SUBA", "nombre_upl": "RINCON DE SUBA", "nombre_upz": "EL RINCON", "z_publicado": -0.34, "n_examenes": 291, "n_anios": 9, "cluster": "NS", "lisa_p": 0.24256, "conflicto_est": false }, "geometry": { "type": "Point", "coordinates": [ -74.100299999117851, 4.742499999701977 ] } },
{ "type": "Feature", "properties": { "sede": "311001105685", "nombre_sede": "LATINOAMERICANA DE SISTEMAS Y EDUCACION LASIT", "nombre_est": "LATINOAMERICANA DE SISTEMAS Y EDUCACION LASIT", "nombre_upl": "TIBABUYES", "nombre_upz": "TIBABUYES", "z_publicado": -0.349, "n_examenes": 673, "n_anios": 9, "cluster": "NS", "lisa_p": 0.45419, "conflicto_est": false }, "geometry": { "type": "Point", "coordinates": [ -74.110500000417233, 4.741999998688698 ] } },
{ "type": "Feature", "properties": { "sede": "311001105707", "nombre_sede": "COLEGIO CALATRAVA", "nombre_est": "COLEGIO CALATRAVA", "nombre_upl": "SUBA", "nombre_upz": "SUBA", "z_publicado": 1.541, "n_examenes": 132, "n_anios": 9, "cluster": "NS", "lisa_p": 0.06104, "conflicto_est": false }, "geometry": { "type": "Point", "coordinates": [ -74.075399998575449, 4.753400001674891 ] } },
{ "type": "Feature", "properties": { "sede": "311001105766", "nombre_sede": "COLEGIO CENTRO DE APLICACION PEDAGOGICA - CEDAP", "nombre_est": "COLEGIO CENTRO DE APLICACION PEDAGOGICA - CEDAP", "nombre_upl": "TEUSAQUILLO", "nombre_upz": "GALERIAS", "z_publicado": 0.711, "n_examenes": 116, "n_anios": 9, "cluster": "NS", "lisa_p": 0.43048, "conflicto_est": false }, "geometry": { "type": "Point", "coordinates": [ -74.071299999952316, 4.644600000232458 ] } },
{ "type": "Feature", "properties": { "sede": "311001105839", "nombre_sede": "INSTITUTO ANDINO DE BACHILLERATO Y CAPACITACION", "nombre_est": "INSTITUTO ANDINO DE BACHILLERATO Y CAPACITACION", "nombre_upl": "TEUSAQUILLO", "nombre_upz": "GALERIAS", "z_publicado": 0.079, "n_examenes": 850, "n_anios": 9, "cluster": "NS", "lisa_p": 0.41967, "conflicto_est": false }, "geometry": { "type": "Point", "coordinates": [ -74.071600001305342, 4.645799998193979 ] } },
{ "type": "Feature", "properties": { "sede": "311001105863", "nombre_sede": "CENTRO JOHANN KEPLER", "nombre_est": "CENTRO JOHANN KEPLER", "nombre_upl": "TEUSAQUILLO", "nombre_upz": "GALERIAS", "z_publicado": -0.684, "n_examenes": 3988, "n_anios": 9, "cluster": "NS", "lisa_p": 0.87625, "conflicto_est": false }, "geometry": { "type": "Point", "coordinates": [ -74.06700000166893, 4.648899998515844 ] } },
{ "type": "Feature", "properties": { "sede": "311001105944", "nombre_sede": "BACHILLERATO A DISTANCIA PARA JOVENES Y ADULTOS DE LA UNIVERSIDAD NACIONAL ABIERTA Y A DISTANCIA UNAD-REGIONAL BOGOTA", "nombre_est": "BACHILLERATO A DISTANCIA PARA JOVENES Y ADULTOS DE LA UNIVERSIDAD NACIONAL ABIERTA Y A DISTANCIA UNAD-REGIONAL BOGOTA", "nombre_upl": "RESTREPO", "nombre_upz": "RESTREPO", "z_publicado": -0.148, "n_examenes": 2593, "n_anios": 9, "cluster": "NS", "lisa_p": 0.35305, "conflicto_est": false }, "geometry": { "type": "Point", "coordinates": [ -74.096999999135733, 4.585099998861551 ] } },
{ "type": "Feature", "properties": { "sede": "311001105979", "nombre_sede": "GIMNASIO MONSEÑOR MANUEL MARIA CAMARGO", "nombre_est": "GIMNASIO MONSEÑOR MANUEL MARIA CAMARGO", "nombre_upl": "RESTREPO", "nombre_upz": "RESTREPO", "z_publicado": 1.042, "n_examenes": 870, "n_anios": 9, "cluster": "NS", "lisa_p": 0.79907, "conflicto_est": false }, "geometry": { "type": "Point", "coordinates": [ -74.093100000172853, 4.588300000876188 ] } },
{ "type": "Feature", "properties": { "sede": "311001106011", "nombre_sede": "LICEO PEDAGOGICO NUESTRA SEÑORA DE LA SABIDURIA", "nombre_est": "LICEO PEDAGOGICO NUESTRA SEÑORA DE LA SABIDURIA", "nombre_upl": "PUENTE ARANDA", "nombre_upz": "MUZU", "z_publicado": 0.332, "n_examenes": 478, "n_anios": 9, "cluster": "NS", "lisa_p": 0.75202, "conflicto_est": false }, "geometry": { "type": "Point", "coordinates": [ -74.120600000023842, 4.599300000816584 ] } },
{ "type": "Feature", "properties": { "sede": "311001106118", "nombre_sede": "COLEGIO CENAT", "nombre_est": "COLEGIO CENAT", "nombre_upl": "RAFAEL URIBE", "nombre_upz": "QUIROGA", "z_publicado": -0.597, "n_examenes": 613, "n_anios": 9, "cluster": "NS", "lisa_p": 0.69101, "conflicto_est": false }, "geometry": { "type": "Point", "coordinates": [ -74.123700000345707, 4.572999998927116 ] } },
{ "type": "Feature", "properties": { "sede": "311001106126", "nombre_sede": "CENTRO SOCIAL DE ESTUDIOS", "nombre_est": "CENTRO SOCIAL DE ESTUDIOS", "nombre_upl": "RESTREPO", "nombre_upz": "QUIROGA", "z_publicado": null, "n_examenes": 8, "n_anios": 3, "cluster": "NS", "lisa_p": 0.81806, "conflicto_est": false }, "geometry": { "type": "Point", "coordinates": [ -74.128199998289347, 4.58390000090003 ] } },
{ "type": "Feature", "properties": { "sede": "311001106151", "nombre_sede": "CORPORACION EDUCATIVA POLITECNICO LA SALLE", "nombre_est": "CORPORACION EDUCATIVA POLITECNICO LA SALLE", "nombre_upl": "RESTREPO", "nombre_upz": "SAN JOSE", "z_publicado": -0.529, "n_examenes": 355, "n_anios": 9, "cluster": "NS", "lisa_p": 0.06343, "conflicto_est": false }, "geometry": { "type": "Point", "coordinates": [ -74.095300000160933, 4.575199998915195 ] } },
{ "type": "Feature", "properties": { "sede": "311001106169", "nombre_sede": "GIMNASIO MODERNO CARLO ACUTIS", "nombre_est": "GIMNASIO MODERNO CARLO ACUTIS", "nombre_upl": "RESTREPO", "nombre_upz": "QUIROGA", "z_publicado": null, "n_examenes": 7, "n_anios": 2, "cluster": "NS", "lisa_p": 0.65865, "conflicto_est": false }, "geometry": { "type": "Point", "coordinates": [ -74.128199998289347, 4.589800000190735 ] } },
{ "type": "Feature", "properties": { "sede": "311001106177", "nombre_sede": "INSTITUTO ANDRE MICHELIN", "nombre_est": "INSTITUTO ANDRE MICHELIN", "nombre_upl": "RESTREPO", "nombre_upz": "SAN JOSE", "z_publicado": -0.701, "n_examenes": 1549, "n_anios": 9, "cluster": "NS", "lisa_p": 0.22497, "conflicto_est": false }, "geometry": { "type": "Point", "coordinates": [ -74.09569999948144, 4.576400000602007 ] } },
{ "type": "Feature", "properties": { "sede": "311001106193", "nombre_sede": "GIMNASIO BOLIVAR II", "nombre_est": "GIMNASIO BOLIVAR II", "nombre_upl": "LUCERO", "nombre_upz": "LUCERO", "z_publicado": -0.608, "n_examenes": 171, "n_anios": 8, "cluster": "LL", "lisa_p": 0.01034, "conflicto_est": false }, "geometry": { "type": "Point", "coordinates": [ -74.139299999922514, 4.552700001746416 ] } },
{ "type": "Feature", "properties": { "sede": "311001106401", "nombre_sede": "COLEGIO CHARLES BABBAGGE", "nombre_est": "COLEGIO CHARLES BABBAGGE", "nombre_upl": "KENNEDY", "nombre_upz": "KENNEDY CENTRAL", "z_publicado": -0.174, "n_examenes": 188, "n_anios": 9, "cluster": "NS", "lisa_p": 0.2724, "conflicto_est": false }, "geometry": { "type": "Point", "coordinates": [ -74.152699999511242, 4.619800001382828 ] } },
{ "type": "Feature", "properties": { "sede": "311001106410", "nombre_sede": "INSTITUTO POLITECNICO JOSE CELESTINO MUTIS", "nombre_est": "INSTITUTO POLITECNICO JOSE CELESTINO MUTIS", "nombre_upl": "KENNEDY", "nombre_upz": "CARVAJAL", "z_publicado": -0.846, "n_examenes": 789, "n_anios": 9, "cluster": "NS", "lisa_p": 0.46308, "conflicto_est": false }, "geometry": { "type": "Point", "coordinates": [ -74.1418999992311, 4.608300000429153 ] } },
{ "type": "Feature", "properties": { "sede": "311001106428", "nombre_sede": "LICEO AMERICANO MI GRAN CASA AZUL", "nombre_est": "LICEO AMERICANO MI GRAN CASA AZUL", "nombre_upl": "SALITRE", "nombre_upz": "MODELIA", "z_publicado": 1.148, "n_examenes": 456, "n_anios": 9, "cluster": "HH", "lisa_p": 8.0000000000000007e-05, "conflicto_est": false }, "geometry": { "type": "Point", "coordinates": [ -74.118700001388788, 4.665800001472235 ] } },
{ "type": "Feature", "properties": { "sede": "311001106606", "nombre_sede": "COLEGIO BRITANICO", "nombre_est": "COLEGIO BRITANICO", "nombre_upl": "KENNEDY", "nombre_upz": "KENNEDY CENTRAL", "z_publicado": -0.292, "n_examenes": 1027, "n_anios": 9, "cluster": "NS", "lisa_p": 0.06997, "conflicto_est": false }, "geometry": { "type": "Point", "coordinates": [ -74.154599998146296, 4.622499998658895 ] } },
{ "type": "Feature", "properties": { "sede": "311001106622", "nombre_sede": "CENTRO DE EDUCACION ROBERT HOOKE", "nombre_est": "CENTRO DE EDUCACION ROBERT HOOKE", "nombre_upl": "KENNEDY", "nombre_upz": "KENNEDY CENTRAL", "z_publicado": -0.578, "n_examenes": 376, "n_anios": 9, "cluster": "NS", "lisa_p": 0.20926, "conflicto_est": false }, "geometry": { "type": "Point", "coordinates": [ -74.151200000196695, 4.620000001043081 ] } },
{ "type": "Feature", "properties": { "sede": "311001106649", "nombre_sede": "CENTRO PANAMERICANO DE CAPACITACION", "nombre_est": "CENTRO PANAMERICANO DE CAPACITACION", "nombre_upl": "TABORA", "nombre_upz": "LAS FERIAS", "z_publicado": -0.372, "n_examenes": 775, "n_anios": 9, "cluster": "NS", "lisa_p": 0.45695, "conflicto_est": false }, "geometry": { "type": "Point", "coordinates": [ -74.088799998164177, 4.680700000375509 ] } },
{ "type": "Feature", "properties": { "sede": "311001106665", "nombre_sede": "COLEGIO INSCAP", "nombre_est": "COLEGIO INSCAP", "nombre_upl": "TABORA", "nombre_upz": "LAS FERIAS", "z_publicado": -0.501, "n_examenes": 393, "n_anios": 9, "cluster": "NS", "lisa_p": 0.70259, "conflicto_est": false }, "geometry": { "type": "Point", "coordinates": [ -74.092099998146296, 4.684399999678135 ] } },
{ "type": "Feature", "properties": { "sede": "311001106673", "nombre_sede": "INSTITUTO FORMATES", "nombre_est": "INSTITUTO FORMATES", "nombre_upl": "RINCON DE SUBA", "nombre_upz": "EL RINCON", "z_publicado": -0.767, "n_examenes": 96, "n_anios": 8, "cluster": "NS", "lisa_p": 0.41747, "conflicto_est": false }, "geometry": { "type": "Point", "coordinates": [ -74.102600000798702, 4.736800000071526 ] } },
{ "type": "Feature", "properties": { "sede": "311001106690", "nombre_sede": "COLEGIO INSCAP", "nombre_est": "COLEGIO INSCAP", "nombre_upl": "RINCON DE SUBA", "nombre_upz": "EL RINCON", "z_publicado": -0.401, "n_examenes": 662, "n_anios": 9, "cluster": "NS", "lisa_p": 0.57476, "conflicto_est": false }, "geometry": { "type": "Point", "coordinates": [ -74.094900000840425, 4.740499999374151 ] } },
{ "type": "Feature", "properties": { "sede": "311001106711", "nombre_sede": "COLEGIO BOSTON", "nombre_est": "COLEGIO BOSTON", "nombre_upl": "TEUSAQUILLO", "nombre_upz": "TEUSAQUILLO", "z_publicado": -0.304, "n_examenes": 487, "n_anios": 9, "cluster": "NS", "lisa_p": 0.15989, "conflicto_est": false }, "geometry": { "type": "Point", "coordinates": [ -74.070799998939037, 4.623100001364946 ] } },
{ "type": "Feature", "properties": { "sede": "311001106720", "nombre_sede": "CENTRO PANAMERICANO DE CAPACITACION", "nombre_est": "CENTRO PANAMERICANO DE CAPACITACION", "nombre_upl": "RESTREPO", "nombre_upz": "RESTREPO", "z_publicado": -0.277, "n_examenes": 607, "n_anios": 9, "cluster": "NS", "lisa_p": 0.98454, "conflicto_est": false }, "geometry": { "type": "Point", "coordinates": [ -74.103199999779463, 4.582299999892712 ] } },
{ "type": "Feature", "properties": { "sede": "311001106908", "nombre_sede": "COLEGIO GIMNASIO AMERICANO", "nombre_est": "COLEGIO GIMNASIO AMERICANO", "nombre_upl": "BARRIOS UNIDOS", "nombre_upz": "LOS ALCAZARES", "z_publicado": -0.174, "n_examenes": 749, "n_anios": 9, "cluster": "NS", "lisa_p": 0.08789, "conflicto_est": false }, "geometry": { "type": "Point", "coordinates": [ -74.0625, 4.658500000834465 ] } },
{ "type": "Feature", "properties": { "sede": "311001107165", "nombre_sede": "LICEO MODERNO BETANIA", "nombre_est": "LICEO MODERNO BETANIA", "nombre_upl": "EDEN", "nombre_upz": "BOSA OCCIDENTAL", "z_publicado": 0.313, "n_examenes": 342, "n_anios": 9, "cluster": "NS", "lisa_p": 0.28915, "conflicto_est": false }, "geometry": { "type": "Point", "coordinates": [ -74.179800000041723, 4.626200001686811 ] } },
{ "type": "Feature", "properties": { "sede": "311001107190", "nombre_sede": "COLEGIO SAN NICOLAS DE TOLENTINO", "nombre_est": "COLEGIO SAN NICOLAS DE TOLENTINO", "nombre_upl": "RINCON DE SUBA", "nombre_upz": "EL RINCON", "z_publicado": 0.506, "n_examenes": 398, "n_anios": 9, "cluster": "HL", "lisa_p": 0.0051, "conflicto_est": false }, "geometry": { "type": "Point", "coordinates": [ -74.091099999845028, 4.728399999439716 ] } },
{ "type": "Feature", "properties": { "sede": "311001107254", "nombre_sede": "CORPORACION TECNOLOGICA EMPRESARIAL", "nombre_est": "CORPORACION TECNOLOGICA EMPRESARIAL", "nombre_upl": "TABORA", "nombre_upz": "BOYACA REAL", "z_publicado": -0.178, "n_examenes": 397, "n_anios": 8, "cluster": "NS", "lisa_p": 0.45016, "conflicto_est": false }, "geometry": { "type": "Point", "coordinates": [ -74.100099999457598, 4.691399998962879 ] } },
{ "type": "Feature", "properties": { "sede": "311001107271", "nombre_sede": "GIMNASIO YACARD", "nombre_est": "GIMNASIO YACARD", "nombre_upl": "BRITALIA", "nombre_upz": "SAN JOSE DE BAVARIA", "z_publicado": 0.599, "n_examenes": 130, "n_anios": 9, "cluster": "HH", "lisa_p": 0.0002, "conflicto_est": false }, "geometry": { "type": "Point", "coordinates": [ -74.059500001370907, 4.758000001311302 ] } },
{ "type": "Feature", "properties": { "sede": "311001107289", "nombre_sede": "GIMNASIO ALESSANDRO VOLTA", "nombre_est": "GIMNASIO ALESSANDRO VOLTA", "nombre_upl": "USAQUEN", "nombre_upz": "USAQUEN", "z_publicado": 1.594, "n_examenes": 140, "n_anios": 9, "cluster": "HH", "lisa_p": 0.02394, "conflicto_est": false }, "geometry": { "type": "Point", "coordinates": [ -74.027899999171495, 4.694200001657009 ] } },
{ "type": "Feature", "properties": { "sede": "311001107335", "nombre_sede": "INSTITUTO PEDAGOGICO LA REAL SOCIEDAD", "nombre_est": "INSTITUTO PEDAGOGICO LA REAL SOCIEDAD", "nombre_upl": "RAFAEL URIBE", "nombre_upz": "ALFONSO LOPEZ", "z_publicado": 0.049, "n_examenes": 269, "n_anios": 9, "cluster": "NS", "lisa_p": 0.3757, "conflicto_est": false }, "geometry": { "type": "Point", "coordinates": [ -74.114500001072884, 4.511999998241663 ] } },
{ "type": "Feature", "properties": { "sede": "311001107513", "nombre_sede": "COLEGIO VICTORIA", "nombre_est": "COLEGIO VICTORIA", "nombre_upl": "TORCA", "nombre_upz": "LA ACADEMIA", "z_publicado": 1.12, "n_examenes": 269, "n_anios": 9, "cluster": "HH", "lisa_p": 3.0000000000000001e-05, "conflicto_est": false }, "geometry": { "type": "Point", "coordinates": [ -74.047100000083447, 4.793200001120567 ] } },
{ "type": "Feature", "properties": { "sede": "311001107581", "nombre_sede": "GIMNASIO MODELIA REAL", "nombre_est": "GIMNASIO MODELIA REAL", "nombre_upl": "SALITRE", "nombre_upz": "MODELIA", "z_publicado": 0.796, "n_examenes": 633, "n_anios": 9, "cluster": "HH", "lisa_p": 0.00044, "conflicto_est": false }, "geometry": { "type": "Point", "coordinates": [ -74.121100001037121, 4.670899998396635 ] } },
{ "type": "Feature", "properties": { "sede": "311001107599", "nombre_sede": "COLEGIO RETOS", "nombre_est": "COLEGIO RETOS", "nombre_upl": "USAQUEN", "nombre_upz": "COUNTRY CLUB", "z_publicado": 0.906, "n_examenes": 1190, "n_anios": 9, "cluster": "HH", "lisa_p": 0.04601, "conflicto_est": false }, "geometry": { "type": "Point", "coordinates": [ -74.051300000399351, 4.709600001573563 ] } },
{ "type": "Feature", "properties": { "sede": "311001107629", "nombre_sede": "INSTITUTO SAN PABLO APOSTOL", "nombre_est": "INSTITUTO SAN PABLO APOSTOL", "nombre_upl": "ARBORIZADORA", "nombre_upz": "JERUSALEN", "z_publicado": 1.239, "n_examenes": 435, "n_anios": 9, "cluster": "NS", "lisa_p": 0.13672, "conflicto_est": false }, "geometry": { "type": "Point", "coordinates": [ -74.164299998432398, 4.571800000965595 ] } },
{ "type": "Feature", "properties": { "sede": "311001107637", "nombre_sede": "INSTITUTO COMERCIAL LORETO", "nombre_est": "INSTITUTO COMERCIAL LORETO", "nombre_upl": "BOSA", "nombre_upz": "KENNEDY CENTRAL", "z_publicado": 0.436, "n_examenes": 253, "n_anios": 9, "cluster": "NS", "lisa_p": 0.16986, "conflicto_est": false }, "geometry": { "type": "Point", "coordinates": [ -74.170000001788139, 4.614199999719858 ] } },
{ "type": "Feature", "properties": { "sede": "311001107645", "nombre_sede": "COLEGIO BILINGÜE SAN JUAN DE AVILA", "nombre_est": "COLEGIO BILINGÜE SAN JUAN DE AVILA", "nombre_upl": "TORCA", "nombre_upz": "ZONA NORTE", "z_publicado": 1.33, "n_examenes": 534, "n_anios": 9, "cluster": "NS", "lisa_p": 0.33831, "conflicto_est": false }, "geometry": { "type": "Point", "coordinates": [ -74.090500000864267, 4.783399999141693 ] } },
{ "type": "Feature", "properties": { "sede": "311001108137", "nombre_sede": "COLEGIO FUNDACION NUEVA GRANADA", "nombre_est": "COLEGIO FUNDACION NUEVA GRANADA", "nombre_upl": "CHAPINERO", "nombre_upz": "PARDO RUBIO", "z_publicado": 0.37, "n_examenes": 247, "n_anios": 9, "cluster": "LH", "lisa_p": 0.0009, "conflicto_est": false }, "geometry": { "type": "Point", "coordinates": [ -74.051399998366833, 4.64809999987483 ] } },
{ "type": "Feature", "properties": { "sede": "311001108218", "nombre_sede": "GIMNASIO ISRAEL", "nombre_est": "GIMNASIO ISRAEL", "nombre_upl": "ARBORIZADORA", "nombre_upz": "ARBORIZADORA", "z_publicado": 0.169, "n_examenes": 152, "n_anios": 8, "cluster": "NS", "lisa_p": 0.34514, "conflicto_est": false }, "geometry": { "type": "Point", "coordinates": [ -74.159699998795986, 4.590900000184774 ] } },
{ "type": "Feature", "properties": { "sede": "311001108315", "nombre_sede": "COLEGIO MONTESSORIANO", "nombre_est": "COLEGIO MONTESSORIANO", "nombre_upl": "RAFAEL URIBE", "nombre_upz": "MARCO FIDEL SUAREZ", "z_publicado": 0.344, "n_examenes": 42, "n_anios": 4, "cluster": "NS", "lisa_p": 0.29972, "conflicto_est": false }, "geometry": { "type": "Point", "coordinates": [ -74.117300000041723, 4.568799998611212 ] } },
{ "type": "Feature", "properties": { "sede": "311001108340", "nombre_sede": "GIMNASIO REAL AMERICANO", "nombre_est": "GIMNASIO REAL AMERICANO", "nombre_upl": "PORVENIR", "nombre_upz": "BOSA OCCIDENTAL", "z_publicado": 0.759, "n_examenes": 734, "n_anios": 9, "cluster": "NS", "lisa_p": 0.64964, "conflicto_est": false }, "geometry": { "type": "Point", "coordinates": [ -74.195300001651049, 4.630100000649691 ] } },
{ "type": "Feature", "properties": { "sede": "311001108471", "nombre_sede": "COLEGIO PAULO FREIRE", "nombre_est": "COLEGIO PAULO FREIRE", "nombre_upl": "ENGATIVA", "nombre_upz": "GARCES NAVAS", "z_publicado": -0.14, "n_examenes": 67, "n_anios": 7, "cluster": "NS", "lisa_p": 0.50033, "conflicto_est": false }, "geometry": { "type": "Point", "coordinates": [ -74.124099999666214, 4.714899998158216 ] } },
{ "type": "Feature", "properties": { "sede": "311001108587", "nombre_sede": "LICEO BRITANICO SUPERIOR", "nombre_est": "LICEO BRITANICO SUPERIOR", "nombre_upl": "RINCON DE SUBA", "nombre_upz": "EL RINCON", "z_publicado": -0.484, "n_examenes": 168, "n_anios": 9, "cluster": "NS", "lisa_p": 0.17607, "conflicto_est": false }, "geometry": { "type": "Point", "coordinates": [ -74.093499999493361, 4.740100000053644 ] } },
{ "type": "Feature", "properties": { "sede": "311001108684", "nombre_sede": "COLEGIO INSTITUTO SANTIAGO DE COMPOSTELA", "nombre_est": "COLEGIO INSTITUTO SANTIAGO DE COMPOSTELA", "nombre_upl": "TIBABUYES", "nombre_upz": "NIZA", "z_publicado": -0.441, "n_examenes": 913, "n_anios": 9, "cluster": "LL", "lisa_p": 0.04121, "conflicto_est": false }, "geometry": { "type": "Point", "coordinates": [ -74.105900000780821, 4.740100000053644 ] } },
{ "type": "Feature", "properties": { "sede": "311001108706", "nombre_sede": "CENTRO EDUCATIVO SURAMERICANO", "nombre_est": "CENTRO EDUCATIVO SURAMERICANO", "nombre_upl": "TUNJUELITO", "nombre_upz": "VENECIA", "z_publicado": -0.552, "n_examenes": 139, "n_anios": 7, "cluster": "NS", "lisa_p": 0.11524, "conflicto_est": false }, "geometry": { "type": "Point", "coordinates": [ -74.145100001245737, 4.592199999839067 ] } },
{ "type": "Feature", "properties": { "sede": "311001108749", "nombre_sede": "COLEGIO MAYOR DE ENGATIVA", "nombre_est": "COLEGIO MAYOR DE ENGATIVA", "nombre_upl": "ENGATIVA", "nombre_upz": "ENGATIVA", "z_publicado": 0.032, "n_examenes": 123, "n_anios": 5, "cluster": "NS", "lisa_p": 0.30278, "conflicto_est": false }, "geometry": { "type": "Point", "coordinates": [ -74.136199999600649, 4.711100000888109 ] } },
{ "type": "Feature", "properties": { "sede": "311001108781", "nombre_sede": "GIMNASIO MODERNO SAN FRANCISCO EL TINTAL", "nombre_est": "GIMNASIO MODERNO SAN FRANCISCO EL TINTAL", "nombre_upl": "PATIO BONITO", "nombre_upz": "CALANDAIMA", "z_publicado": 0.848, "n_examenes": 430, "n_anios": 9, "cluster": "NS", "lisa_p": 0.407, "conflicto_est": false }, "geometry": { "type": "Point", "coordinates": [ -74.164799999445677, 4.645199999213219 ] } },
{ "type": "Feature", "properties": { "sede": "311001108862", "nombre_sede": "COLEGIO SAN ANGEL", "nombre_est": "COLEGIO SAN ANGEL", "nombre_upl": "KENNEDY", "nombre_upz": "AMERICAS", "z_publicado": 0.635, "n_examenes": 194, "n_anios": 9, "cluster": "NS", "lisa_p": 0.82231, "conflicto_est": false }, "geometry": { "type": "Point", "coordinates": [ -74.141100000590086, 4.619500000029802 ] } },
{ "type": "Feature", "properties": { "sede": "311001108927", "nombre_sede": "COLEGIO MILITAR ANTONIA SANTOS", "nombre_est": "COLEGIO MILITAR ANTONIA SANTOS", "nombre_upl": "KENNEDY", "nombre_upz": "KENNEDY CENTRAL", "z_publicado": 0.136, "n_examenes": 170, "n_anios": 9, "cluster": "NS", "lisa_p": 0.85356, "conflicto_est": false }, "geometry": { "type": "Point", "coordinates": [ -74.163600001484156, 4.619199998676777 ] } },
{ "type": "Feature", "properties": { "sede": "311001108951", "nombre_sede": "COLEGIO EMMANUEL RUBIANO", "nombre_est": "COLEGIO EMMANUEL RUBIANO", "nombre_upl": "ENGATIVA", "nombre_upz": "ENGATIVA", "z_publicado": -0.176, "n_examenes": 118, "n_anios": 8, "cluster": "NS", "lisa_p": 0.72722, "conflicto_est": false }, "geometry": { "type": "Point", "coordinates": [ -74.140000000596046, 4.711800001561642 ] } },
{ "type": "Feature", "properties": { "sede": "311001108960", "nombre_sede": "CENTRO DE EDUCACION LABORAL", "nombre_est": "CENTRO DE EDUCACION LABORAL", "nombre_upl": "TABORA", "nombre_upz": "BOYACA REAL", "z_publicado": -0.323, "n_examenes": 839, "n_anios": 9, "cluster": "NS", "lisa_p": 0.5172, "conflicto_est": false }, "geometry": { "type": "Point", "coordinates": [ -74.100600000470877, 4.691500000655651 ] } },
{ "type": "Feature", "properties": { "sede": "311001109001", "nombre_sede": "INSTITUTO POPULAR BOLIVARIANO", "nombre_est": "INSTITUTO POPULAR BOLIVARIANO", "nombre_upl": "LUCERO", "nombre_upz": "LUCERO", "z_publicado": -0.579, "n_examenes": 240, "n_anios": 9, "cluster": "LL", "lisa_p": 0.02532, "conflicto_est": false }, "geometry": { "type": "Point", "coordinates": [ -74.139800000935793, 4.554800000041723 ] } },
{ "type": "Feature", "properties": { "sede": "311001109010", "nombre_sede": "INSTITUTO COMERCIAL LORETO", "nombre_est": "INSTITUTO COMERCIAL LORETO", "nombre_upl": "TINTAL", "nombre_upz": "CASTILLA", "z_publicado": 0.652, "n_examenes": 520, "n_anios": 9, "cluster": "NS", "lisa_p": 0.62346, "conflicto_est": false }, "geometry": { "type": "Point", "coordinates": [ -74.144400000572205, 4.640000000596046 ] } },
{ "type": "Feature", "properties": { "sede": "311001109036", "nombre_sede": "COLEGIO PADRE MANYANET - BOGOTA", "nombre_est": "COLEGIO PADRE MANYANET - BOGOTA", "nombre_upl": "TABORA", "nombre_upz": "BOYACA REAL", "z_publicado": 0.758, "n_examenes": 337, "n_anios": 9, "cluster": "NS", "lisa_p": 0.4302, "conflicto_est": false }, "geometry": { "type": "Point", "coordinates": [ -74.110599998384714, 4.692999999970198 ] } },
{ "type": "Feature", "properties": { "sede": "311001109184", "nombre_sede": "LICEO MODERNO LEEUWENHOEK", "nombre_est": "LICEO MODERNO LEEUWENHOEK", "nombre_upl": "ENGATIVA", "nombre_upz": "GARCES NAVAS", "z_publicado": 0.107, "n_examenes": 145, "n_anios": 8, "cluster": "NS", "lisa_p": 0.42212, "conflicto_est": false }, "geometry": { "type": "Point", "coordinates": [ -74.122800000011921, 4.712600000202656 ] } },
{ "type": "Feature", "properties": { "sede": "311001109206", "nombre_sede": "LICEO SAN RAFAEL DE ALICANTE", "nombre_est": "LICEO SAN RAFAEL DE ALICANTE", "nombre_upl": "TABORA", "nombre_upz": "BOYACA REAL", "z_publicado": 0.228, "n_examenes": 456, "n_anios": 9, "cluster": "NS", "lisa_p": 0.69075, "conflicto_est": false }, "geometry": { "type": "Point", "coordinates": [ -74.096500001847744, 4.691100001335144 ] } },
{ "type": "Feature", "properties": { "sede": "311001109257", "nombre_sede": "GIMNASIO MONTREAL", "nombre_est": "GIMNASIO MONTREAL", "nombre_upl": "SUBA", "nombre_upz": "SUBA", "z_publicado": 0.678, "n_examenes": 432, "n_anios": 9, "cluster": "HH", "lisa_p": 0.01198, "conflicto_est": false }, "geometry": { "type": "Point", "coordinates": [ -74.081199999898672, 4.753199998289347 ] } },
{ "type": "Feature", "properties": { "sede": "311001109265", "nombre_sede": "COLEGIO AGUSTINIANO TAGASTE", "nombre_est": "COLEGIO AGUSTINIANO TAGASTE", "nombre_upl": "TINTAL", "nombre_upz": "TINTAL NORTE", "z_publicado": 1.379, "n_examenes": 632, "n_anios": 9, "cluster": "NS", "lisa_p": 0.75176, "conflicto_est": false }, "geometry": { "type": "Point", "coordinates": [ -74.146999999880791, 4.65430000051856 ] } },
{ "type": "Feature", "properties": { "sede": "311001109371", "nombre_sede": "CENTRO DE ESTUDIOS SAN BASILIO", "nombre_est": "CENTRO DE ESTUDIOS SAN BASILIO", "nombre_upl": "TIBABUYES", "nombre_upz": "TIBABUYES", "z_publicado": -0.617, "n_examenes": 577, "n_anios": 9, "cluster": "NS", "lisa_p": 0.28009, "conflicto_est": false }, "geometry": { "type": "Point", "coordinates": [ -74.124600000679493, 4.743900001049042 ] } },
{ "type": "Feature", "properties": { "sede": "311001109389", "nombre_sede": "COLEGIO BOLIVARIANO", "nombre_est": "COLEGIO BOLIVARIANO", "nombre_upl": "PUENTE ARANDA", "nombre_upz": "CIUDAD MONTES", "z_publicado": -0.162, "n_examenes": 370, "n_anios": 9, "cluster": "NS", "lisa_p": 0.51053, "conflicto_est": false }, "geometry": { "type": "Point", "coordinates": [ -74.108300000429153, 4.599700000137091 ] } },
{ "type": "Feature", "properties": { "sede": "311001109419", "nombre_sede": "INSTITUTO DE EDUCACION FORMAL DE ADULTOS EL PENSAMIENTO DE PITAGORAS", "nombre_est": "INSTITUTO DE EDUCACION FORMAL DE ADULTOS EL PENSAMIENTO DE PITAGORAS", "nombre_upl": "SAN CRISTOBAL", "nombre_upz": "SOSIEGO", "z_publicado": -0.751, "n_examenes": 1463, "n_anios": 9, "cluster": "NS", "lisa_p": 0.12921, "conflicto_est": false }, "geometry": { "type": "Point", "coordinates": [ -74.08500000089407, 4.578499998897314 ] } },
{ "type": "Feature", "properties": { "sede": "311001109427", "nombre_sede": "FUNDACION DE EDUCACION PARA LA VIDA FUNDESCO", "nombre_est": "FUNDACION DE EDUCACION PARA LA VIDA FUNDESCO", "nombre_upl": "SAN CRISTOBAL", "nombre_upz": "20 DE JULIO", "z_publicado": -0.447, "n_examenes": 1088, "n_anios": 9, "cluster": "LL", "lisa_p": 0.03959, "conflicto_est": false }, "geometry": { "type": "Point", "coordinates": [ -74.096599999815226, 4.572999998927116 ] } },
{ "type": "Feature", "properties": { "sede": "311001109460", "nombre_sede": "TANDEM", "nombre_est": "TANDEM", "nombre_upl": "USAQUEN", "nombre_upz": "SANTA BARBARA", "z_publicado": 0.948, "n_examenes": 328, "n_anios": 9, "cluster": "HH", "lisa_p": 0.00215, "conflicto_est": false }, "geometry": { "type": "Point", "coordinates": [ -74.044700000435114, 4.690600000321865 ] } },
{ "type": "Feature", "properties": { "sede": "311001109516", "nombre_sede": "COLEGIO SAN ANGEL SALITRE", "nombre_est": "COLEGIO SAN ANGEL SALITRE", "nombre_upl": "TEUSAQUILLO", "nombre_upz": "QUINTA PAREDES", "z_publicado": 0.828, "n_examenes": 267, "n_anios": 9, "cluster": "NS", "lisa_p": 0.44962, "conflicto_est": false }, "geometry": { "type": "Point", "coordinates": [ -74.09569999948144, 4.633900001645088 ] } },
{ "type": "Feature", "properties": { "sede": "311001109532", "nombre_sede": "COLEGIO CORPORACION IBEROAMERICANA", "nombre_est": "COLEGIO CORPORACION IBEROAMERICANA", "nombre_upl": "CENTRO HISTORICO", "nombre_upz": "LAS NIEVES", "z_publicado": null, "n_examenes": 8, "n_anios": 2, "cluster": "NS", "lisa_p": 0.31796, "conflicto_est": false }, "geometry": { "type": "Point", "coordinates": [ -74.07039999961853, 4.605599999427795 ] } },
{ "type": "Feature", "properties": { "sede": "311001109605", "nombre_sede": "INSTITUTO GERWILL", "nombre_est": "INSTITUTO GERWILL", "nombre_upl": "RINCON DE SUBA", "nombre_upz": "EL RINCON", "z_publicado": -0.66, "n_examenes": 1260, "n_anios": 9, "cluster": "NS", "lisa_p": 0.12042, "conflicto_est": false }, "geometry": { "type": "Point", "coordinates": [ -74.089999999850988, 4.738899998366833 ] } },
{ "type": "Feature", "properties": { "sede": "311001109664", "nombre_sede": "COLEGIO MONTERROSALES - CICLOS", "nombre_est": "COLEGIO MONTERROSALES - CICLOS", "nombre_upl": "CERROS ORIENTALES", "nombre_upz": "CERROS ORIENTALES", "z_publicado": 0.594, "n_examenes": 839, "n_anios": 9, "cluster": "NS", "lisa_p": 0.17397, "conflicto_est": false }, "geometry": { "type": "Point", "coordinates": [ -74.01969999819994, 4.674100000411272 ] } },
{ "type": "Feature", "properties": { "sede": "311001109681", "nombre_sede": "CENTRO EDUCATIVO FORMAL PARA ADULTOS LOS SAUCES", "nombre_est": "CENTRO EDUCATIVO FORMAL PARA ADULTOS LOS SAUCES", "nombre_upl": "EDEN", "nombre_upz": "BOSA OCCIDENTAL", "z_publicado": -0.512, "n_examenes": 155, "n_anios": 9, "cluster": "NS", "lisa_p": 0.93193, "conflicto_est": false }, "geometry": { "type": "Point", "coordinates": [ -74.182500001043081, 4.630800001323223 ] } },
{ "type": "Feature", "properties": { "sede": "311001109702", "nombre_sede": "FUNDACION SANTO TOMAS DE AQUINO - FUSANTEC", "nombre_est": "FUNDACION SANTO TOMAS DE AQUINO - FUSANTEC", "nombre_upl": "BOSA", "nombre_upz": "APOGEO", "z_publicado": -0.482, "n_examenes": 317, "n_anios": 9, "cluster": "NS", "lisa_p": 0.7325, "conflicto_est": false }, "geometry": { "type": "Point", "coordinates": [ -74.165699999779463, 4.599700000137091 ] } },
{ "type": "Feature", "properties": { "sede": "311001109711", "nombre_sede": "COLEGIO CIES", "nombre_est": "COLEGIO CIES", "nombre_upl": "RESTREPO", "nombre_upz": "RESTREPO", "z_publicado": -0.502, "n_examenes": 204, "n_anios": 9, "cluster": "LH", "lisa_p": 0.0285, "conflicto_est": false }, "geometry": { "type": "Point", "coordinates": [ -74.110700000077486, 4.590999998152256 ] } },
{ "type": "Feature", "properties": { "sede": "311001109753", "nombre_sede": "COLEGIO TALENTOS", "nombre_est": "COLEGIO TALENTOS", "nombre_upl": "KENNEDY", "nombre_upz": "AMERICAS", "z_publicado": -0.049, "n_examenes": 674, "n_anios": 9, "cluster": "NS", "lisa_p": 0.31448, "conflicto_est": false }, "geometry": { "type": "Point", "coordinates": [ -74.136500000953674, 4.627900000661612 ] } },
{ "type": "Feature", "properties": { "sede": "311001109761", "nombre_sede": "FUNDACION HUMANISTA ERASMO DE ROTTERDAM", "nombre_est": "FUNDACION HUMANISTA ERASMO DE ROTTERDAM", "nombre_upl": "PORVENIR", "nombre_upz": "TINTAL SUR", "z_publicado": -0.636, "n_examenes": 641, "n_anios": 8, "cluster": "NS", "lisa_p": 0.23964, "conflicto_est": false }, "geometry": { "type": "Point", "coordinates": [ -74.203899998217821, 4.631000000983477 ] } },
{ "type": "Feature", "properties": { "sede": "311001109826", "nombre_sede": "INSTITUTO TOMAS MORO", "nombre_est": "INSTITUTO TOMAS MORO", "nombre_upl": "ENGATIVA", "nombre_upz": "ENGATIVA", "z_publicado": -0.521, "n_examenes": 546, "n_anios": 9, "cluster": "NS", "lisa_p": 0.705, "conflicto_est": false }, "geometry": { "type": "Point", "coordinates": [ -74.130800001323223, 4.710099998861551 ] } },
{ "type": "Feature", "properties": { "sede": "311001109842", "nombre_sede": "COLEGIO KNIGHTSBRIDGE SCHOOLS INTERNATIONAL", "nombre_est": "COLEGIO KNIGHTSBRIDGE SCHOOLS INTERNATIONAL", "nombre_upl": "TORCA", "nombre_upz": "ZONA NORTE", "z_publicado": 0.841, "n_examenes": 172, "n_anios": 9, "cluster": "HH", "lisa_p": 0.00082, "conflicto_est": false }, "geometry": { "type": "Point", "coordinates": [ -74.075399998575449, 4.805900000035763 ] } },
{ "type": "Feature", "properties": { "sede": "311001109877", "nombre_sede": "COLEGIO HUMANISTA JALIL GIBRAN", "nombre_est": "COLEGIO HUMANISTA JALIL GIBRAN", "nombre_upl": "EDEN", "nombre_upz": "BOSA OCCIDENTAL", "z_publicado": -0.558, "n_examenes": 138, "n_anios": 9, "cluster": "NS", "lisa_p": 0.70635, "conflicto_est": false }, "geometry": { "type": "Point", "coordinates": [ -74.188000001013279, 4.629799999296665 ] } },
{ "type": "Feature", "properties": { "sede": "311001109923", "nombre_sede": "COLEGIO TECNISISTEMAS SEDE BOSA", "nombre_est": "COLEGIO TECNISISTEMAS SEDE BOSA", "nombre_upl": "BOSA", "nombre_upz": "BOSA CENTRAL", "z_publicado": -0.366, "n_examenes": 1107, "n_anios": 9, "cluster": "NS", "lisa_p": 0.30834, "conflicto_est": false }, "geometry": { "type": "Point", "coordinates": [ -74.187699999660254, 4.605200000107288 ] } },
{ "type": "Feature", "properties": { "sede": "311001109931", "nombre_sede": "COLEGIO TECNISISTEMAS", "nombre_est": "COLEGIO TECNISISTEMAS", "nombre_upl": "TUNJUELITO", "nombre_upz": "VENECIA", "z_publicado": -0.248, "n_examenes": 1441, "n_anios": 9, "cluster": "NS", "lisa_p": 0.15869, "conflicto_est": false }, "geometry": { "type": "Point", "coordinates": [ -74.136999998241663, 4.594500001519918 ] } },
{ "type": "Feature", "properties": { "sede": "311001109940", "nombre_sede": "COLEGIO TECNISISTEMAS", "nombre_est": "COLEGIO TECNISISTEMAS", "nombre_upl": "KENNEDY", "nombre_upz": "KENNEDY CENTRAL", "z_publicado": -0.223, "n_examenes": 906, "n_anios": 9, "cluster": "NS", "lisa_p": 0.25035, "conflicto_est": false }, "geometry": { "type": "Point", "coordinates": [ -74.151299998164177, 4.622299998998642 ] } },
{ "type": "Feature", "properties": { "sede": "311001109958", "nombre_sede": "COLEGIO TECNISISTEMAS", "nombre_est": "COLEGIO TECNISISTEMAS", "nombre_upl": "FONTIBON", "nombre_upz": "FONTIBON", "z_publicado": -0.248, "n_examenes": 1484, "n_anios": 9, "cluster": "NS", "lisa_p": 0.51383, "conflicto_est": false }, "geometry": { "type": "Point", "coordinates": [ -74.138999998569489, 4.679099999368191 ] } },
{ "type": "Feature", "properties": { "sede": "311001109966", "nombre_sede": "COLEGIO TECNISISTEMAS", "nombre_est": "COLEGIO TECNISISTEMAS", "nombre_upl": "TABORA", "nombre_upz": "LAS FERIAS", "z_publicado": -0.179, "n_examenes": 702, "n_anios": 8, "cluster": "NS", "lisa_p": 0.15696, "conflicto_est": false }, "geometry": { "type": "Point", "coordinates": [ -74.089899998158216, 4.683600001037121 ] } },
{ "type": "Feature", "properties": { "sede": "311001109974", "nombre_sede": "COLEGIO FORMARTE", "nombre_est": "COLEGIO FORMARTE", "nombre_upl": "TEUSAQUILLO", "nombre_upz": "GALERIAS", "z_publicado": 0.424, "n_examenes": 717, "n_anios": 9, "cluster": "NS", "lisa_p": 0.73288, "conflicto_est": false }, "geometry": { "type": "Point", "coordinates": [ -74.073100000619888, 4.640599999576807 ] } },
{ "type": "Feature", "properties": { "sede": "311001110018", "nombre_sede": "INSTITUTO CENTRAL DE ESTUDIOS", "nombre_est": "INSTITUTO CENTRAL DE ESTUDIOS", "nombre_upl": "BRITALIA", "nombre_upz": "BRITALIA", "z_publicado": -0.032, "n_examenes": 349, "n_anios": 9, "cluster": "NS", "lisa_p": 0.18412, "conflicto_est": false }, "geometry": { "type": "Point", "coordinates": [ -74.061799999326468, 4.750199999660254 ] } },
{ "type": "Feature", "properties": { "sede": "311001110034", "nombre_sede": "COLEGIO UNILATINA", "nombre_est": "COLEGIO UNILATINA", "nombre_upl": "CHAPINERO", "nombre_upz": "PARDO RUBIO", "z_publicado": 0.183, "n_examenes": 675, "n_anios": 9, "cluster": "NS", "lisa_p": 0.74627, "conflicto_est": false }, "geometry": { "type": "Point", "coordinates": [ -74.062300000339746, 4.631999999284744 ] } },
{ "type": "Feature", "properties": { "sede": "311001110085", "nombre_sede": "CENTRO DE FORMACION SAN FRANCISCO DE ASIS - CENFOR", "nombre_est": "CENTRO DE FORMACION SAN FRANCISCO DE ASIS - CENFOR", "nombre_upl": "NIZA", "nombre_upz": "NIZA", "z_publicado": null, "n_examenes": 1, "n_anios": 1, "cluster": "NS", "lisa_p": 0.16626, "conflicto_est": false }, "geometry": { "type": "Point", "coordinates": [ -74.073600001633167, 4.716600000858307 ] } },
{ "type": "Feature", "properties": { "sede": "311001110140", "nombre_sede": "LICEO BIRMINGHAM", "nombre_est": "LICEO BIRMINGHAM", "nombre_upl": "KENNEDY", "nombre_upz": "KENNEDY CENTRAL", "z_publicado": 0.792, "n_examenes": 102, "n_anios": 8, "cluster": "HL", "lisa_p": 0.02288, "conflicto_est": false }, "geometry": { "type": "Point", "coordinates": [ -74.15089999884367, 4.621300000697374 ] } },
{ "type": "Feature", "properties": { "sede": "311001110158", "nombre_sede": "COLEGIO NUEVO MILENIO", "nombre_est": "COLEGIO NUEVO MILENIO", "nombre_upl": "ARBORIZADORA", "nombre_upz": "ARBORIZADORA", "z_publicado": -0.436, "n_examenes": 121, "n_anios": 8, "cluster": "NS", "lisa_p": 0.62173, "conflicto_est": false }, "geometry": { "type": "Point", "coordinates": [ -74.153799999505281, 4.576400000602007 ] } },
{ "type": "Feature", "properties": { "sede": "311001110271", "nombre_sede": "CENTRO DE ESTUDIOS PRO-PYMES", "nombre_est": "CENTRO DE ESTUDIOS PRO-PYMES", "nombre_upl": "RINCON DE SUBA", "nombre_upz": "EL RINCON", "z_publicado": -0.604, "n_examenes": 1599, "n_anios": 9, "cluster": "NS", "lisa_p": 0.68936, "conflicto_est": false }, "geometry": { "type": "Point", "coordinates": [ -74.100699998438358, 4.733800001442432 ] } },
{ "type": "Feature", "properties": { "sede": "311001110280", "nombre_sede": "COLEGIO NUESTRA SEÑORA DE LA FELICIDAD", "nombre_est": "COLEGIO NUESTRA SEÑORA DE LA FELICIDAD", "nombre_upl": "TINTAL", "nombre_upz": "CASTILLA", "z_publicado": 1.056, "n_examenes": 16, "n_anios": 3, "cluster": "NS", "lisa_p": 0.42188, "conflicto_est": false }, "geometry": { "type": "Point", "coordinates": [ -74.149099998176098, 4.646699998527765 ] } },
{ "type": "Feature", "properties": { "sede": "311001110301", "nombre_sede": "COLEGIO CAPACITACION 2000", "nombre_est": "COLEGIO CAPACITACION 2000", "nombre_upl": "TEUSAQUILLO", "nombre_upz": "GALERIAS", "z_publicado": -0.436, "n_examenes": 414, "n_anios": 8, "cluster": "NS", "lisa_p": 0.73335, "conflicto_est": false }, "geometry": { "type": "Point", "coordinates": [ -74.065000001341105, 4.64919999986887 ] } },
{ "type": "Feature", "properties": { "sede": "311001110310", "nombre_sede": "INSTITUCION EDUCATIVA FEDERICO GARCIA LORCA", "nombre_est": "INSTITUCION EDUCATIVA FEDERICO GARCIA LORCA", "nombre_upl": "TIBABUYES", "nombre_upz": "TIBABUYES", "z_publicado": -0.215, "n_examenes": 196, "n_anios": 8, "cluster": "LL", "lisa_p": 0.03655, "conflicto_est": false }, "geometry": { "type": "Point", "coordinates": [ -74.1064000017941, 4.743500001728535 ] } },
{ "type": "Feature", "properties": { "sede": "311001110395", "nombre_sede": "COLEGIO SAN ANSELMO", "nombre_est": "COLEGIO SAN ANSELMO", "nombre_upl": "TIBABUYES", "nombre_upz": "TIBABUYES", "z_publicado": 0.101, "n_examenes": 135, "n_anios": 6, "cluster": "LL", "lisa_p": 0.0101, "conflicto_est": false }, "geometry": { "type": "Point", "coordinates": [ -74.10700000077486, 4.740499999374151 ] } },
{ "type": "Feature", "properties": { "sede": "311001110409", "nombre_sede": "LICEO BET-EL", "nombre_est": "LICEO BET-EL", "nombre_upl": "RINCON DE SUBA", "nombre_upz": "EL RINCON", "z_publicado": 0.619, "n_examenes": 119, "n_anios": 9, "cluster": "NS", "lisa_p": 0.06565, "conflicto_est": false }, "geometry": { "type": "Point", "coordinates": [ -74.084399998188019, 4.734600000083447 ] } },
{ "type": "Feature", "properties": { "sede": "311001110417", "nombre_sede": "COLEGIO JALIL GIBRAN", "nombre_est": "COLEGIO JALIL GIBRAN", "nombre_upl": "TUNJUELITO", "nombre_upz": "VENECIA", "z_publicado": -0.611, "n_examenes": 243, "n_anios": 9, "cluster": "NS", "lisa_p": 0.12556, "conflicto_est": false }, "geometry": { "type": "Point", "coordinates": [ -74.144200000911951, 4.593199998140335 ] } },
{ "type": "Feature", "properties": { "sede": "311001110484", "nombre_sede": "COLEGIO REAL LATINO", "nombre_est": "COLEGIO REAL LATINO", "nombre_upl": "SUBA", "nombre_upz": "SUBA", "z_publicado": -0.674, "n_examenes": 223, "n_anios": 5, "cluster": "NS", "lisa_p": 0.44647, "conflicto_est": false }, "geometry": { "type": "Point", "coordinates": [ -74.085400000214577, 4.740899998694658 ] } },
{ "type": "Feature", "properties": { "sede": "311001110492", "nombre_sede": "INSTITUTO DANTE ALIGHIERI", "nombre_est": "INSTITUTO DANTE ALIGHIERI", "nombre_upl": "TOBERIN", "nombre_upz": "VERBENAL", "z_publicado": -0.692, "n_examenes": 235, "n_anios": 9, "cluster": "NS", "lisa_p": 0.05257, "conflicto_est": false }, "geometry": { "type": "Point", "coordinates": [ -74.029399998486042, 4.762899998575449 ] } },
{ "type": "Feature", "properties": { "sede": "311001110522", "nombre_sede": "CENTRO JOHANN KEPLER", "nombre_est": "CENTRO JOHANN KEPLER", "nombre_upl": "TIBABUYES", "nombre_upz": "TIBABUYES", "z_publicado": -0.513, "n_examenes": 109, "n_anios": 9, "cluster": "NS", "lisa_p": 0.90143, "conflicto_est": false }, "geometry": { "type": "Point", "coordinates": [ -74.118900001049042, 4.745299998670816 ] } },
{ "type": "Feature", "properties": { "sede": "311001110549", "nombre_sede": "CENTRO EDUCATIVO SAN PABLO CESP", "nombre_est": "CENTRO EDUCATIVO SAN PABLO CESP", "nombre_upl": "RAFAEL URIBE", "nombre_upz": "MARRUECOS", "z_publicado": -0.641, "n_examenes": 724, "n_anios": 9, "cluster": "NS", "lisa_p": 0.60623, "conflicto_est": false }, "geometry": { "type": "Point", "coordinates": [ -74.111699998378754, 4.554499998688698 ] } },
{ "type": "Feature", "properties": { "sede": "311001110557", "nombre_sede": "COLEGIO MARIO LUIS RODRIGUEZ COBOS", "nombre_est": "COLEGIO MARIO LUIS RODRIGUEZ COBOS", "nombre_upl": "PATIO BONITO", "nombre_upz": "PATIO BONITO", "z_publicado": -0.576, "n_examenes": 452, "n_anios": 8, "cluster": "NS", "lisa_p": 0.7536, "conflicto_est": false }, "geometry": { "type": "Point", "coordinates": [ -74.157800000160933, 4.640399999916553 ] } },
{ "type": "Feature", "properties": { "sede": "311001110565", "nombre_sede": "COLEGIO MARIO LUIS RODRIGUEZ COBOS", "nombre_est": "COLEGIO MARIO LUIS RODRIGUEZ COBOS", "nombre_upl": "SAN CRISTOBAL", "nombre_upz": "20 DE JULIO", "z_publicado": -0.582, "n_examenes": 164, "n_anios": 7, "cluster": "NS", "lisa_p": 0.05926, "conflicto_est": false }, "geometry": { "type": "Point", "coordinates": [ -74.092000000178814, 4.555700000375509 ] } },
{ "type": "Feature", "properties": { "sede": "311001110573", "nombre_sede": "COLEGIO SUPERIOR DE PALERMO", "nombre_est": "COLEGIO SUPERIOR DE PALERMO", "nombre_upl": "TIBABUYES", "nombre_upz": "TIBABUYES", "z_publicado": -0.758, "n_examenes": 569, "n_anios": 9, "cluster": "NS", "lisa_p": 0.54084, "conflicto_est": false }, "geometry": { "type": "Point", "coordinates": [ -74.113499999046326, 4.743599999696016 ] } },
{ "type": "Feature", "properties": { "sede": "311001110581", "nombre_sede": "INSTITUTO EL ROBLE", "nombre_est": "INSTITUTO EL ROBLE", "nombre_upl": "USAQUEN", "nombre_upz": "LOS CEDROS", "z_publicado": 0.111, "n_examenes": 348, "n_anios": 9, "cluster": "LH", "lisa_p": 0.00392, "conflicto_est": false }, "geometry": { "type": "Point", "coordinates": [ -74.043200001120567, 4.734299998730421 ] } },
{ "type": "Feature", "properties": { "sede": "311001110590", "nombre_sede": "COLEGIO SUPERIOR DE SAN CRISTOBAL", "nombre_est": "COLEGIO SUPERIOR DE SAN CRISTOBAL", "nombre_upl": "SAN CRISTOBAL", "nombre_upz": "LA GLORIA", "z_publicado": -0.565, "n_examenes": 169, "n_anios": 8, "cluster": "NS", "lisa_p": 0.48228, "conflicto_est": false }, "geometry": { "type": "Point", "coordinates": [ -74.090599998831749, 4.551199998706579 ] } },
{ "type": "Feature", "properties": { "sede": "311001110611", "nombre_sede": "COLEGIO MONTEHELENA - CICLOS", "nombre_est": "COLEGIO MONTEHELENA - CICLOS", "nombre_upl": "TEUSAQUILLO", "nombre_upz": "GALERIAS", "z_publicado": 0.295, "n_examenes": 969, "n_anios": 8, "cluster": "NS", "lisa_p": 0.59014, "conflicto_est": false }, "geometry": { "type": "Point", "coordinates": [ -74.066300000995398, 4.64130000025034 ] } },
{ "type": "Feature", "properties": { "sede": "311001110620", "nombre_sede": "INSTITUTO CAMARGO LEON", "nombre_est": "INSTITUTO CAMARGO LEON", "nombre_upl": "PUENTE ARANDA", "nombre_upz": "MUZU", "z_publicado": -0.29, "n_examenes": 121, "n_anios": 8, "cluster": "NS", "lisa_p": 0.88328, "conflicto_est": false }, "geometry": { "type": "Point", "coordinates": [ -74.120799999684095, 4.599199999123812 ] } },
{ "type": "Feature", "properties": { "sede": "311001110638", "nombre_sede": "COLEGIO SUPERIOR PALERMO SANTA ISABEL", "nombre_est": "COLEGIO SUPERIOR PALERMO SANTA ISABEL", "nombre_upl": "CENTRO HISTORICO", "nombre_upz": "SANTA ISABEL", "z_publicado": -0.51, "n_examenes": 327, "n_anios": 9, "cluster": "NS", "lisa_p": 0.54662, "conflicto_est": false }, "geometry": { "type": "Point", "coordinates": [ -74.106199998408556, 4.598700001835823 ] } },
{ "type": "Feature", "properties": { "sede": "311001110662", "nombre_sede": "LICEO CENTRAL AMERICAS", "nombre_est": "LICEO CENTRAL AMERICAS", "nombre_upl": "EDEN", "nombre_upz": "BOSA OCCIDENTAL", "z_publicado": 0.003, "n_examenes": 181, "n_anios": 8, "cluster": "NS", "lisa_p": 0.05332, "conflicto_est": false }, "geometry": { "type": "Point", "coordinates": [ -74.178399998694658, 4.630499999970198 ] } },
{ "type": "Feature", "properties": { "sede": "311001110697", "nombre_sede": "COLEGIO RENE DESCARTES", "nombre_est": "COLEGIO RENE DESCARTES", "nombre_upl": "RESTREPO", "nombre_upz": "SAN JOSE", "z_publicado": -0.539, "n_examenes": 137, "n_anios": 7, "cluster": "NS", "lisa_p": 0.88473, "conflicto_est": false }, "geometry": { "type": "Point", "coordinates": [ -74.0962999984622, 4.576900001615286 ] } },
{ "type": "Feature", "properties": { "sede": "311001110701", "nombre_sede": "COLEGIO MARIO LUIS RODRIGUEZ COBOS", "nombre_est": "COLEGIO MARIO LUIS RODRIGUEZ COBOS", "nombre_upl": "RESTREPO", "nombre_upz": "QUIROGA", "z_publicado": -0.475, "n_examenes": 97, "n_anios": 7, "cluster": "NS", "lisa_p": 0.68985, "conflicto_est": false }, "geometry": { "type": "Point", "coordinates": [ -74.129399999976158, 4.581999998539686 ] } },
{ "type": "Feature", "properties": { "sede": "311001800014", "nombre_sede": "COLEGIO CENCOSISTEMAS SUBA", "nombre_est": "COLEGIO CENCOSISTEMAS SUBA", "nombre_upl": "TIBABUYES", "nombre_upz": "TIBABUYES", "z_publicado": -0.59, "n_examenes": 105, "n_anios": 7, "cluster": "NS", "lisa_p": 0.07807, "conflicto_est": false }, "geometry": { "type": "Point", "coordinates": [ -74.106300000101328, 4.742400001734495 ] } },
{ "type": "Feature", "properties": { "sede": "311001800022", "nombre_sede": "COLEGIO DE FORMACION DE CIUDADANOS - COGLOBAL", "nombre_est": "COLEGIO DE FORMACION DE CIUDADANOS - COGLOBAL", "nombre_upl": "TEUSAQUILLO", "nombre_upz": "GALERIAS", "z_publicado": 0.12, "n_examenes": 415, "n_anios": 7, "cluster": "NS", "lisa_p": 0.65062, "conflicto_est": false }, "geometry": { "type": "Point", "coordinates": [ -74.066500000655651, 4.64469999819994 ] } },
{ "type": "Feature", "properties": { "sede": "311001800081", "nombre_sede": "QUALIA ALTERNATIVA EDUCATIVA", "nombre_est": "QUALIA ALTERNATIVA EDUCATIVA", "nombre_upl": "USAQUEN", "nombre_upz": "SANTA BARBARA", "z_publicado": 0.744, "n_examenes": 197, "n_anios": 8, "cluster": "HH", "lisa_p": 0.02969, "conflicto_est": false }, "geometry": { "type": "Point", "coordinates": [ -74.040699999779463, 4.696400001645088 ] } },
{ "type": "Feature", "properties": { "sede": "311001800103", "nombre_sede": "COLEGIO SUPERIOR PALERMO", "nombre_est": "COLEGIO SUPERIOR PALERMO", "nombre_upl": "BOSA", "nombre_upz": "BOSA CENTRAL", "z_publicado": -0.551, "n_examenes": 151, "n_anios": 7, "cluster": "LL", "lisa_p": 0.03284, "conflicto_est": false }, "geometry": { "type": "Point", "coordinates": [ -74.194499999284744, 4.605999998748302 ] } },
{ "type": "Feature", "properties": { "sede": "311001800120", "nombre_sede": "GIMNASIO NUESTRA SEÑORA DE LA ESPERANZA", "nombre_est": "GIMNASIO NUESTRA SEÑORA DE LA ESPERANZA", "nombre_upl": "RESTREPO", "nombre_upz": "SAN JOSE", "z_publicado": 0.797, "n_examenes": 48, "n_anios": 5, "cluster": "NS", "lisa_p": 0.50515, "conflicto_est": false }, "geometry": { "type": "Point", "coordinates": [ -74.10249999910593, 4.576400000602007 ] } },
{ "type": "Feature", "properties": { "sede": "311001800146", "nombre_sede": "COLEGIO HUMANISTA ALEXANDRE PETION", "nombre_est": "COLEGIO HUMANISTA ALEXANDRE PETION", "nombre_upl": "CENTRO HISTORICO", "nombre_upz": "LA CANDELARIA", "z_publicado": -0.733, "n_examenes": 235, "n_anios": 6, "cluster": "NS", "lisa_p": 0.17378, "conflicto_est": false }, "geometry": { "type": "Point", "coordinates": [ -74.073800001293421, 4.593199998140335 ] } },
{ "type": "Feature", "properties": { "sede": "311001800154", "nombre_sede": "INSTITUTO NORTE", "nombre_est": "INSTITUTO NORTE", "nombre_upl": "RINCON DE SUBA", "nombre_upz": "EL RINCON", "z_publicado": null, "n_examenes": 5, "n_anios": 1, "cluster": "NS", "lisa_p": 0.53734, "conflicto_est": false }, "geometry": { "type": "Point", "coordinates": [ -74.089299999177456, 4.718400001525879 ] } },
{ "type": "Feature", "properties": { "sede": "311001800235", "nombre_sede": "COLEGIO LEONARDO DA VINCI", "nombre_est": "COLEGIO LEONARDO DA VINCI", "nombre_upl": "RINCON DE SUBA", "nombre_upz": "EL RINCON", "z_publicado": -0.575, "n_examenes": 206, "n_anios": 6, "cluster": "NS", "lisa_p": 0.40436, "conflicto_est": false }, "geometry": { "type": "Point", "coordinates": [ -74.10249999910593, 4.742300000041723 ] } },
{ "type": "Feature", "properties": { "sede": "311001800243", "nombre_sede": "COLEGIO PALERMO", "nombre_est": "COLEGIO PALERMO", "nombre_upl": "LUCERO", "nombre_upz": "LUCERO", "z_publicado": -0.816, "n_examenes": 81, "n_anios": 5, "cluster": "LL", "lisa_p": 0.00431, "conflicto_est": false }, "geometry": { "type": "Point", "coordinates": [ -74.160599999129772, 4.552999999374151 ] } },
{ "type": "Feature", "properties": { "sede": "311001800308", "nombre_sede": "COLEGIO KUEPA", "nombre_est": "COLEGIO KUEPA", "nombre_upl": "CHAPINERO", "nombre_upz": "CHICO LAGO", "z_publicado": -0.052, "n_examenes": 1044, "n_anios": 5, "cluster": "NS", "lisa_p": 0.15249, "conflicto_est": false }, "geometry": { "type": "Point", "coordinates": [ -74.060600001364946, 4.658700000494719 ] } },
{ "type": "Feature", "properties": { "sede": "311001800316", "nombre_sede": "COLEGIO ALEJANDRO MAGNO", "nombre_est": "COLEGIO ALEJANDRO MAGNO", "nombre_upl": "TOBERIN", "nombre_upz": "SAN CRISTOBAL NORTE", "z_publicado": -0.624, "n_examenes": 632, "n_anios": 6, "cluster": "NS", "lisa_p": 0.41284, "conflicto_est": false }, "geometry": { "type": "Point", "coordinates": [ -74.025699999183416, 4.733399998396635 ] } },
{ "type": "Feature", "properties": { "sede": "311001800332", "nombre_sede": "COLEGIO UNIVERSITARIA DE COLOMBIA", "nombre_est": "COLEGIO UNIVERSITARIA DE COLOMBIA", "nombre_upl": "CENTRO HISTORICO", "nombre_upz": "SAGRADO CORAZON", "z_publicado": -0.46, "n_examenes": 110, "n_anios": 5, "cluster": "NS", "lisa_p": 0.43463, "conflicto_est": false }, "geometry": { "type": "Point", "coordinates": [ -74.066300000995398, 4.622999999672174 ] } },
{ "type": "Feature", "properties": { "sede": "311001800341", "nombre_sede": "GIMNASIO PSICOPEDAGOGICO INTEGRAL GIMSIPEI", "nombre_est": "GIMNASIO PSICOPEDAGOGICO INTEGRAL GIMSIPEI", "nombre_upl": "NIZA", "nombre_upz": "NIZA", "z_publicado": 0.261, "n_examenes": 70, "n_anios": 6, "cluster": "LH", "lisa_p": 0.03313, "conflicto_est": false }, "geometry": { "type": "Point", "coordinates": [ -74.06870000064373, 4.7212999984622 ] } },
{ "type": "Feature", "properties": { "sede": "311001800375", "nombre_sede": "COLEGIO AUSTRALIANO CAMPESTRE", "nombre_est": "COLEGIO AUSTRALIANO CAMPESTRE", "nombre_upl": "TORCA", "nombre_upz": "LA ACADEMIA", "z_publicado": 0.918, "n_examenes": 118, "n_anios": 5, "cluster": "HH", "lisa_p": 0.00042, "conflicto_est": false }, "geometry": { "type": "Point", "coordinates": [ -74.042100001126528, 4.792199999094009 ] } },
{ "type": "Feature", "properties": { "sede": "311001800405", "nombre_sede": "INSTITUCION EDUCATIVA FRAY LUIS DE LEON", "nombre_est": "INSTITUCION EDUCATIVA FRAY LUIS DE LEON", "nombre_upl": "TIBABUYES", "nombre_upz": "TIBABUYES", "z_publicado": -0.5, "n_examenes": 133, "n_anios": 5, "cluster": "NS", "lisa_p": 0.81177, "conflicto_est": false }, "geometry": { "type": "Point", "coordinates": [ -74.113800000399351, 4.751200001686811 ] } },
{ "type": "Feature", "properties": { "sede": "311001800448", "nombre_sede": "INNOVAR EDUCACION PARA JOVENES Y ADULTOS", "nombre_est": "INNOVAR EDUCACION PARA JOVENES Y ADULTOS", "nombre_upl": "LUCERO", "nombre_upz": "SAN FRANCISCO", "z_publicado": -0.554, "n_examenes": 371, "n_anios": 6, "cluster": "NS", "lisa_p": 0.21492, "conflicto_est": false }, "geometry": { "type": "Point", "coordinates": [ -74.1435999982059, 4.559599999338388 ] } },
{ "type": "Feature", "properties": { "sede": "311001800499", "nombre_sede": "COLEGIO ALFRED MARSHALL", "nombre_est": "COLEGIO ALFRED MARSHALL", "nombre_upl": "TOBERIN", "nombre_upz": "VERBENAL", "z_publicado": -0.49, "n_examenes": 288, "n_anios": 5, "cluster": "NS", "lisa_p": 0.51406, "conflicto_est": false }, "geometry": { "type": "Point", "coordinates": [ -74.037300001829863, 4.761999998241663 ] } },
{ "type": "Feature", "properties": { "sede": "311001800537", "nombre_sede": "COLEGIO INNOVAR", "nombre_est": "COLEGIO INNOVAR", "nombre_upl": "BOSA", "nombre_upz": "BOSA CENTRAL", "z_publicado": -0.576, "n_examenes": 212, "n_anios": 5, "cluster": "NS", "lisa_p": 0.16468, "conflicto_est": false }, "geometry": { "type": "Point", "coordinates": [ -74.187100000679493, 4.604100000113249 ] } },
{ "type": "Feature", "properties": { "sede": "311001800588", "nombre_sede": "COLEGIO HAPE HABILIDADES DEL PENSAMIENTO", "nombre_est": "COLEGIO HAPE HABILIDADES DEL PENSAMIENTO", "nombre_upl": "USAQUEN", "nombre_upz": "LOS CEDROS", "z_publicado": 0.834, "n_examenes": 52, "n_anios": 5, "cluster": "NS", "lisa_p": 0.07356, "conflicto_est": false }, "geometry": { "type": "Point", "coordinates": [ -74.040500000119209, 4.718199998140335 ] } },
{ "type": "Feature", "properties": { "sede": "311001800596", "nombre_sede": "COLEGIO SAGRADO CORAZON DE JESUS BETHLEMITAS NORTE", "nombre_est": "COLEGIO SAGRADO CORAZON DE JESUS BETHLEMITAS NORTE", "nombre_upl": "BRITALIA", "nombre_upz": "EL PRADO", "z_publicado": 1.382, "n_examenes": 215, "n_anios": 3, "cluster": "NS", "lisa_p": 0.33802, "conflicto_est": false }, "geometry": { "type": "Point", "coordinates": [ -74.050599999725819, 4.737900000065565 ] } },
{ "type": "Feature", "properties": { "sede": "311001800618", "nombre_sede": "COLEGIO ALEJANDRO MAGNO", "nombre_est": "COLEGIO ALEJANDRO MAGNO", "nombre_upl": "PATIO BONITO", "nombre_upz": "PATIO BONITO", "z_publicado": -0.586, "n_examenes": 241, "n_anios": 5, "cluster": "NS", "lisa_p": 0.15598, "conflicto_est": false }, "geometry": { "type": "Point", "coordinates": [ -74.170200001448393, 4.640900000929832 ] } },
{ "type": "Feature", "properties": { "sede": "311001800651", "nombre_sede": "COLEGIO ALEJANDRO MAGNO", "nombre_est": "COLEGIO ALEJANDRO MAGNO", "nombre_upl": "RINCON DE SUBA", "nombre_upz": "EL RINCON", "z_publicado": -0.548, "n_examenes": 268, "n_anios": 5, "cluster": "NS", "lisa_p": 0.14503, "conflicto_est": false }, "geometry": { "type": "Point", "coordinates": [ -74.090500000864267, 4.725099999457598 ] } },
{ "type": "Feature", "properties": { "sede": "311001800685", "nombre_sede": "COLEGIO BILINGÜE RENFORT", "nombre_est": "COLEGIO BILINGÜE RENFORT", "nombre_upl": "NIZA", "nombre_upz": "LA ALHAMBRA", "z_publicado": 0.849, "n_examenes": 77, "n_anios": 4, "cluster": "NS", "lisa_p": 0.12643, "conflicto_est": false }, "geometry": { "type": "Point", "coordinates": [ -74.064800001680851, 4.700100000947714 ] } },
{ "type": "Feature", "properties": { "sede": "311001800707", "nombre_sede": "CENTRO EDUCATIVO INTEGRAL LATINOAMERICANO - CEIL", "nombre_est": "CENTRO EDUCATIVO INTEGRAL LATINOAMERICANO - CEIL", "nombre_upl": "TUNJUELITO", "nombre_upz": "VENECIA", "z_publicado": -0.578, "n_examenes": 476, "n_anios": 4, "cluster": "NS", "lisa_p": 0.25084, "conflicto_est": false }, "geometry": { "type": "Point", "coordinates": [ -74.140599999576807, 4.5929000005126 ] } },
{ "type": "Feature", "properties": { "sede": "311001800723", "nombre_sede": "COLEGIO CRISTIANO MONTE HEBRON", "nombre_est": "COLEGIO CRISTIANO MONTE HEBRON", "nombre_upl": "BRITALIA", "nombre_upz": "CASA BLANCA SUBA", "z_publicado": 2.06, "n_examenes": 47, "n_anios": 5, "cluster": "HH", "lisa_p": 0.01501, "conflicto_est": false }, "geometry": { "type": "Point", "coordinates": [ -74.073399998247623, 4.739700000733137 ] } },
{ "type": "Feature", "properties": { "sede": "311001800731", "nombre_sede": "BACHILLERATO INNOVAR KENNEDY", "nombre_est": "BACHILLERATO INNOVAR KENNEDY", "nombre_upl": "PATIO BONITO", "nombre_upz": "PATIO BONITO", "z_publicado": -0.641, "n_examenes": 108, "n_anios": 4, "cluster": "NS", "lisa_p": 0.48443, "conflicto_est": false }, "geometry": { "type": "Point", "coordinates": [ -74.175500001758337, 4.640599999576807 ] } },
{ "type": "Feature", "properties": { "sede": "311001800740", "nombre_sede": "LICEO BILINGÜE ROMULO GALLEGOS", "nombre_est": "LICEO BILINGÜE ROMULO GALLEGOS", "nombre_upl": "KENNEDY", "nombre_upz": "APOGEO", "z_publicado": 0.405, "n_examenes": 83, "n_anios": 3, "cluster": "NS", "lisa_p": 0.6526, "conflicto_est": false }, "geometry": { "type": "Point", "coordinates": [ -74.156500000506639, 4.602000001817942 ] } },
{ "type": "Feature", "properties": { "sede": "311001800821", "nombre_sede": "COLEGIO MONTEHELENA BILINGÜE", "nombre_est": "COLEGIO MONTEHELENA BILINGÜE", "nombre_upl": "BARRIOS UNIDOS", "nombre_upz": "LOS ALCAZARES", "z_publicado": 1.228, "n_examenes": 43, "n_anios": 3, "cluster": "NS", "lisa_p": 0.57811, "conflicto_est": false }, "geometry": { "type": "Point", "coordinates": [ -74.067899998277426, 4.6537000015378 ] } },
{ "type": "Feature", "properties": { "sede": "311001800847", "nombre_sede": "ARETE", "nombre_est": "ARETE", "nombre_upl": "CHAPINERO", "nombre_upz": "PARDO RUBIO", "z_publicado": 0.717, "n_examenes": 38, "n_anios": 4, "cluster": "HH", "lisa_p": 0.0022, "conflicto_est": false }, "geometry": { "type": "Point", "coordinates": [ -74.055599998682737, 4.648899998515844 ] } },
{ "type": "Feature", "properties": { "sede": "311001800863", "nombre_sede": "COLEGIO MONTEHELENA CICLOS", "nombre_est": "COLEGIO MONTEHELENA CICLOS", "nombre_upl": "BARRIOS UNIDOS", "nombre_upz": "LOS ALCAZARES", "z_publicado": 0.344, "n_examenes": 31, "n_anios": 2, "cluster": "NS", "lisa_p": 0.91799, "conflicto_est": false }, "geometry": { "type": "Point", "coordinates": [ -74.067899998277426, 4.6537000015378 ] } },
{ "type": "Feature", "properties": { "sede": "311001800880", "nombre_sede": "COLEGIO INCADE KENNEDY", "nombre_est": "COLEGIO INCADE KENNEDY", "nombre_upl": "KENNEDY", "nombre_upz": "KENNEDY CENTRAL", "z_publicado": -0.35, "n_examenes": 53, "n_anios": 3, "cluster": "NS", "lisa_p": 0.06527, "conflicto_est": false }, "geometry": { "type": "Point", "coordinates": [ -74.15430000051856, 4.622800000011921 ] } },
{ "type": "Feature", "properties": { "sede": "311001800898", "nombre_sede": "INSTITUCION EDUCATIVA W (WeDo)", "nombre_est": "INSTITUCION EDUCATIVA W (WeDo)", "nombre_upl": "TOBERIN", "nombre_upz": "TOBERIN", "z_publicado": null, "n_examenes": 3, "n_anios": 1, "cluster": "LH", "lisa_p": 0.00077, "conflicto_est": false }, "geometry": { "type": "Point", "coordinates": [ -74.0472999997437, 4.741599999368191 ] } },
{ "type": "Feature", "properties": { "sede": "311001800901", "nombre_sede": "POLITECNICA COLOMBIANA", "nombre_est": "POLITECNICA COLOMBIANA", "nombre_upl": "TUNJUELITO", "nombre_upz": "VENECIA", "z_publicado": -0.008, "n_examenes": 23, "n_anios": 1, "cluster": "LL", "lisa_p": 0.00867, "conflicto_est": false }, "geometry": { "type": "Point", "coordinates": [ -74.139600001275539, 4.5945999994874 ] } },
{ "type": "Feature", "properties": { "sede": "311001800953", "nombre_sede": "COLEGIO SOCIO CULTURAL ZAFIR", "nombre_est": "COLEGIO SOCIO CULTURAL ZAFIR", "nombre_upl": "RINCON DE SUBA", "nombre_upz": "EL RINCON", "z_publicado": null, "n_examenes": 9, "n_anios": 1, "cluster": "NS", "lisa_p": 0.07514, "conflicto_est": false }, "geometry": { "type": "Point", "coordinates": [ -74.091099999845028, 4.728399999439716 ] } },
{ "type": "Feature", "properties": { "sede": "311001800970", "nombre_sede": "COLEGIO MARCO AURELIO", "nombre_est": "COLEGIO MARCO AURELIO", "nombre_upl": "FONTIBON", "nombre_upz": "FONTIBON", "z_publicado": -0.369, "n_examenes": 38, "n_anios": 2, "cluster": "NS", "lisa_p": 0.15909, "conflicto_est": false }, "geometry": { "type": "Point", "coordinates": [ -74.137299999594688, 4.671100001782179 ] } },
{ "type": "Feature", "properties": { "sede": "311001801020", "nombre_sede": "COLEGIO EN-CONEXION CHICALA", "nombre_est": "COLEGIO EN-CONEXION CHICALA", "nombre_upl": "EDEN", "nombre_upz": "BOSA OCCIDENTAL", "z_publicado": 0.064, "n_examenes": 21, "n_anios": 1, "cluster": "NS", "lisa_p": 0.99471, "conflicto_est": false }, "geometry": { "type": "Point", "coordinates": [ -74.181000001728535, 4.625199999660254 ] } },
{ "type": "Feature", "properties": { "sede": "311001801062", "nombre_sede": "CENTRO EDUCATIVO PRO-EDUCAR", "nombre_est": "CENTRO EDUCATIVO PRO-EDUCAR", "nombre_upl": "BOSA", "nombre_upz": "KENNEDY CENTRAL", "z_publicado": -0.668, "n_examenes": 30, "n_anios": 1, "cluster": "NS", "lisa_p": 0.92811, "conflicto_est": false }, "geometry": { "type": "Point", "coordinates": [ -74.172600001096725, 4.615800000727177 ] } },
{ "type": "Feature", "properties": { "sede": "311001801127", "nombre_sede": "COLEGIO PEDAGOGICO NEOGRANADINO", "nombre_est": "COLEGIO PEDAGOGICO NEOGRANADINO", "nombre_upl": "SUBA", "nombre_upz": "SUBA", "z_publicado": -0.237, "n_examenes": 17, "n_anios": 2, "cluster": "LL", "lisa_p": 0.01628, "conflicto_est": false }, "geometry": { "type": "Point", "coordinates": [ -74.087499998509884, 4.740800000727177 ] } },
{ "type": "Feature", "properties": { "sede": "311001801135", "nombre_sede": "COLEGIO EN-CONEXION NORTE", "nombre_est": "COLEGIO EN-CONEXION NORTE", "nombre_upl": "USAQUEN", "nombre_upz": "LOS CEDROS", "z_publicado": -0.233, "n_examenes": 139, "n_anios": 1, "cluster": "LH", "lisa_p": 0.00168, "conflicto_est": false }, "geometry": { "type": "Point", "coordinates": [ -74.040899999439716, 4.732200000435114 ] } },
{ "type": "Feature", "properties": { "sede": "311001801194", "nombre_sede": "COLEGIO CULTURAL DEL NORTE", "nombre_est": "COLEGIO CULTURAL DEL NORTE", "nombre_upl": "RINCON DE SUBA", "nombre_upz": "EL RINCON", "z_publicado": -0.437, "n_examenes": 34, "n_anios": 1, "cluster": "NS", "lisa_p": 0.11111, "conflicto_est": false }, "geometry": { "type": "Point", "coordinates": [ -74.104699999094009, 4.741200000047684 ] } },
{ "type": "Feature", "properties": { "sede": "311102000086", "nombre_sede": "COLEGIO CLARETIANO EL LIBERTADOR", "nombre_est": "COLEGIO CLARETIANO EL LIBERTADOR", "nombre_upl": "BOSA", "nombre_upz": "BOSA CENTRAL", "z_publicado": 0.413, "n_examenes": 567, "n_anios": 9, "cluster": "NS", "lisa_p": 0.26595, "conflicto_est": false }, "geometry": { "type": "Point", "coordinates": [ -74.184300001710653, 4.610100001096725 ] } },
{ "type": "Feature", "properties": { "sede": "311102000124", "nombre_sede": "COLEGIO NUESTRA SEÑORA DE NAZARETH", "nombre_est": "COLEGIO NUESTRA SEÑORA DE NAZARETH", "nombre_upl": "BOSA", "nombre_upz": "BOSA CENTRAL", "z_publicado": 0.721, "n_examenes": 688, "n_anios": 9, "cluster": "NS", "lisa_p": 0.58648, "conflicto_est": false }, "geometry": { "type": "Point", "coordinates": [ -74.186700001358986, 4.607900001108646 ] } },
{ "type": "Feature", "properties": { "sede": "311102000132", "nombre_sede": "COLEGIO INMACULADO CORAZON DE MARIA", "nombre_est": "COLEGIO INMACULADO CORAZON DE MARIA", "nombre_upl": "BOSA", "nombre_upz": "BOSA CENTRAL", "z_publicado": 1.002, "n_examenes": 525, "n_anios": 9, "cluster": "NS", "lisa_p": 0.50623, "conflicto_est": false }, "geometry": { "type": "Point", "coordinates": [ -74.18640000000596, 4.609999999403954 ] } },
{ "type": "Feature", "properties": { "sede": "311102000141", "nombre_sede": "COLEGIO CLARETIANO", "nombre_est": "COLEGIO CLARETIANO", "nombre_upl": "BOSA", "nombre_upz": "BOSA CENTRAL", "z_publicado": 0.733, "n_examenes": 2716, "n_anios": 9, "cluster": "NS", "lisa_p": 0.3821, "conflicto_est": false }, "geometry": { "type": "Point", "coordinates": [ -74.18470000103116, 4.611800000071526 ] } },
{ "type": "Feature", "properties": { "sede": "311102000531", "nombre_sede": "COLEGIO DE LA PRESENTACION DE FATIMA", "nombre_est": "COLEGIO DE LA PRESENTACION DE FATIMA", "nombre_upl": "TUNJUELITO", "nombre_upz": "VENECIA", "z_publicado": 0.856, "n_examenes": 404, "n_anios": 9, "cluster": "NS", "lisa_p": 0.38839, "conflicto_est": false }, "geometry": { "type": "Point", "coordinates": [ -74.138799998909235, 4.58559999987483 ] } },
{ "type": "Feature", "properties": { "sede": "311102001007", "nombre_sede": "LICEO ANTONIO DE TOLEDO", "nombre_est": "LICEO ANTONIO DE TOLEDO", "nombre_upl": "BOSA", "nombre_upz": "BOSA CENTRAL", "z_publicado": 0.546, "n_examenes": 727, "n_anios": 9, "cluster": "HL", "lisa_p": 0.04342, "conflicto_est": false }, "geometry": { "type": "Point", "coordinates": [ -74.191500000655651, 4.600400000810623 ] } },
{ "type": "Feature", "properties": { "sede": "311102001015", "nombre_sede": "INSTITUTO GUIMARC", "nombre_est": "INSTITUTO GUIMARC", "nombre_upl": "BOSA", "nombre_upz": "BOSA CENTRAL", "z_publicado": 0.277, "n_examenes": 369, "n_anios": 9, "cluster": "LL", "lisa_p": 0.0224, "conflicto_est": false }, "geometry": { "type": "Point", "coordinates": [ -74.195799998939037, 4.602299999445677 ] } },
{ "type": "Feature", "properties": { "sede": "311102001066", "nombre_sede": "LICEO SAN PABLO", "nombre_est": "LICEO SAN PABLO", "nombre_upl": "BOSA", "nombre_upz": "BOSA CENTRAL", "z_publicado": 0.029, "n_examenes": 173, "n_anios": 9, "cluster": "NS", "lisa_p": 0.18938, "conflicto_est": false }, "geometry": { "type": "Point", "coordinates": [ -74.187100000679493, 4.604499999433756 ] } },
{ "type": "Feature", "properties": { "sede": "311102001074", "nombre_sede": "COLEGIO GIOVANNI ANTONIO FARINA", "nombre_est": "COLEGIO GIOVANNI ANTONIO FARINA", "nombre_upl": "EDEN", "nombre_upz": "BOSA OCCIDENTAL", "z_publicado": 1.014, "n_examenes": 656, "n_anios": 9, "cluster": "NS", "lisa_p": 0.14228, "conflicto_est": false }, "geometry": { "type": "Point", "coordinates": [ -74.185699999332428, 4.628299999982119 ] } },
{ "type": "Feature", "properties": { "sede": "311102001082", "nombre_sede": "INSTITUTO JUAN PABLO II", "nombre_est": "INSTITUTO JUAN PABLO II", "nombre_upl": "BOSA", "nombre_upz": "BOSA CENTRAL", "z_publicado": -0.69, "n_examenes": 82, "n_anios": 8, "cluster": "NS", "lisa_p": 0.45681, "conflicto_est": false }, "geometry": { "type": "Point", "coordinates": [ -74.196600001305342, 4.60080000013113 ] } },
{ "type": "Feature", "properties": { "sede": "311102001244", "nombre_sede": "LICEO ALFREDO NOBEL", "nombre_est": "LICEO ALFREDO NOBEL", "nombre_upl": "BOSA", "nombre_upz": "BOSA CENTRAL", "z_publicado": 0.714, "n_examenes": 949, "n_anios": 9, "cluster": "NS", "lisa_p": 0.06839, "conflicto_est": false }, "geometry": { "type": "Point", "coordinates": [ -74.187699999660254, 4.606199998408556 ] } },
{ "type": "Feature", "properties": { "sede": "311102001287", "nombre_sede": "GIMNASIO LOS SAUCES", "nombre_est": "GIMNASIO LOS SAUCES", "nombre_upl": "EDEN", "nombre_upz": "BOSA OCCIDENTAL", "z_publicado": 0.943, "n_examenes": 1295, "n_anios": 9, "cluster": "NS", "lisa_p": 0.07177, "conflicto_est": false }, "geometry": { "type": "Point", "coordinates": [ -74.182700000703335, 4.631799999624491 ] } },
{ "type": "Feature", "properties": { "sede": "311265000041", "nombre_sede": "INSTITUTO JOSE MARTINEZ RUIZ", "nombre_est": "INSTITUTO JOSE MARTINEZ RUIZ", "nombre_upl": "TABORA", "nombre_upz": "BOYACA REAL", "z_publicado": 0.386, "n_examenes": 338, "n_anios": 9, "cluster": "NS", "lisa_p": 0.88567, "conflicto_est": false }, "geometry": { "type": "Point", "coordinates": [ -74.103900000452995, 4.692899998277426 ] } },
{ "type": "Feature", "properties": { "sede": "311265000369", "nombre_sede": "COLEGIO ADVENTISTA DEL NORTE", "nombre_est": "COLEGIO ADVENTISTA DEL NORTE", "nombre_upl": "TABORA", "nombre_upz": "LAS FERIAS", "z_publicado": 0.764, "n_examenes": 358, "n_anios": 9, "cluster": "NS", "lisa_p": 0.27461, "conflicto_est": false }, "geometry": { "type": "Point", "coordinates": [ -74.094399999827147, 4.683800000697374 ] } },
{ "type": "Feature", "properties": { "sede": "311265000954", "nombre_sede": "COLEGIO YERMO Y PARRES", "nombre_est": "COLEGIO YERMO Y PARRES", "nombre_upl": "TABORA", "nombre_upz": "BOYACA REAL", "z_publicado": 0.818, "n_examenes": 566, "n_anios": 9, "cluster": "NS", "lisa_p": 0.98366, "conflicto_est": false }, "geometry": { "type": "Point", "coordinates": [ -74.099899999797344, 4.697999998927116 ] } },
{ "type": "Feature", "properties": { "sede": "311265001110", "nombre_sede": "COLEGIO LUIGI PIRANDELLO", "nombre_est": "COLEGIO LUIGI PIRANDELLO", "nombre_upl": "ENGATIVA", "nombre_upz": "GARCES NAVAS", "z_publicado": 1.076, "n_examenes": 494, "n_anios": 9, "cluster": "NS", "lisa_p": 0.79512, "conflicto_est": false }, "geometry": { "type": "Point", "coordinates": [ -74.125999998301268, 4.7162000015378 ] } },
{ "type": "Feature", "properties": { "sede": "311265001152", "nombre_sede": "INSTITUTO MAYEUTICO", "nombre_est": "INSTITUTO MAYEUTICO", "nombre_upl": "ENGATIVA", "nombre_upz": "BOLIVIA", "z_publicado": 0.706, "n_examenes": 270, "n_anios": 9, "cluster": "NS", "lisa_p": 0.44846, "conflicto_est": false }, "geometry": { "type": "Point", "coordinates": [ -74.115699999034405, 4.717700000852346 ] } },
{ "type": "Feature", "properties": { "sede": "311279000043", "nombre_sede": "CENTRO DE ENSEÑANZA MEDIA COMERCIAL NUESTRA SEÑORA DEL CARMEN", "nombre_est": "CENTRO DE ENSEÑANZA MEDIA COMERCIAL NUESTRA SEÑORA DEL CARMEN", "nombre_upl": "FONTIBON", "nombre_upz": "FONTIBON", "z_publicado": 1.297, "n_examenes": 630, "n_anios": 9, "cluster": "NS", "lisa_p": 0.24874, "conflicto_est": false }, "geometry": { "type": "Point", "coordinates": [ -74.142200000584126, 4.67680000141263 ] } },
{ "type": "Feature", "properties": { "sede": "311279000094", "nombre_sede": "COLEGIO PARROQUIAL SAN PEDRO CLAVER", "nombre_est": "COLEGIO PARROQUIAL SAN PEDRO CLAVER", "nombre_upl": "FONTIBON", "nombre_upz": "FONTIBON", "z_publicado": 0.859, "n_examenes": 667, "n_anios": 9, "cluster": "NS", "lisa_p": 0.37334, "conflicto_est": false }, "geometry": { "type": "Point", "coordinates": [ -74.144299998879433, 4.672899998724461 ] } },
{ "type": "Feature", "properties": { "sede": "311279000281", "nombre_sede": "COLEGIO SANTA ANA", "nombre_est": "COLEGIO SANTA ANA", "nombre_upl": "FONTIBON", "nombre_upz": "FONTIBON", "z_publicado": 1.566, "n_examenes": 962, "n_anios": 9, "cluster": "NS", "lisa_p": 0.44718, "conflicto_est": false }, "geometry": { "type": "Point", "coordinates": [ -74.145899999886751, 4.676100000739098 ] } },
{ "type": "Feature", "properties": { "sede": "311279000311", "nombre_sede": "COLEGIO DE NUESTRA SEÑORA DEL PERPETUO SOCORRO", "nombre_est": "COLEGIO DE NUESTRA SEÑORA DEL PERPETUO SOCORRO", "nombre_upl": "FONTIBON", "nombre_upz": "FONTIBON", "z_publicado": 0.563, "n_examenes": 357, "n_anios": 9, "cluster": "NS", "lisa_p": 0.70615, "conflicto_est": false }, "geometry": { "type": "Point", "coordinates": [ -74.149300001561642, 4.676899999380112 ] } },
{ "type": "Feature", "properties": { "sede": "311279000353", "nombre_sede": "COLEGIO DE LOS ANDES", "nombre_est": "COLEGIO DE LOS ANDES", "nombre_upl": "FONTIBON", "nombre_upz": "FONTIBON", "z_publicado": 0.92, "n_examenes": 832, "n_anios": 9, "cluster": "NS", "lisa_p": 0.73452, "conflicto_est": false }, "geometry": { "type": "Point", "coordinates": [ -74.140099998563528, 4.678100001066923 ] } },
{ "type": "Feature", "properties": { "sede": "311279000370", "nombre_sede": "COLEGIO TERESITA DE LISIEUX", "nombre_est": "COLEGIO TERESITA DE LISIEUX", "nombre_upl": "FONTIBON", "nombre_upz": "FONTIBON", "z_publicado": 0.911, "n_examenes": 309, "n_anios": 9, "cluster": "NS", "lisa_p": 0.64994, "conflicto_est": false }, "geometry": { "type": "Point", "coordinates": [ -74.137299999594688, 4.671100001782179 ] } },
{ "type": "Feature", "properties": { "sede": "311279000396", "nombre_sede": "COLEGIO PARROQUIAL SAN JOSE", "nombre_est": "COLEGIO PARROQUIAL SAN JOSE", "nombre_upl": "FONTIBON", "nombre_upz": "CAPELLANIA", "z_publicado": 0.655, "n_examenes": 598, "n_anios": 9, "cluster": "NS", "lisa_p": 0.61659, "conflicto_est": false }, "geometry": { "type": "Point", "coordinates": [ -74.133600000292063, 4.681800000369549 ] } },
{ "type": "Feature", "properties": { "sede": "311279000426", "nombre_sede": "COLEGIO SANTA TERESA DE JESUS", "nombre_est": "COLEGIO SANTA TERESA DE JESUS", "nombre_upl": "FONTIBON", "nombre_upz": "FONTIBON", "z_publicado": 1.092, "n_examenes": 929, "n_anios": 9, "cluster": "NS", "lisa_p": 0.19015, "conflicto_est": false }, "geometry": { "type": "Point", "coordinates": [ -74.142700001597404, 4.674300000071526 ] } },
{ "type": "Feature", "properties": { "sede": "311279000451", "nombre_sede": "GIMNASIO LOS ANGELES", "nombre_est": "GIMNASIO LOS ANGELES", "nombre_upl": "FONTIBON", "nombre_upz": "FONTIBON", "z_publicado": 0.372, "n_examenes": 285, "n_anios": 7, "cluster": "NS", "lisa_p": 0.26893, "conflicto_est": false }, "geometry": { "type": "Point", "coordinates": [ -74.138700000941753, 4.675500001758337 ] } },
{ "type": "Feature", "properties": { "sede": "311279000779", "nombre_sede": "COLEGIO PARROQUIAL NUESTRA SEÑORA DEL ROSARIO", "nombre_est": "COLEGIO PARROQUIAL NUESTRA SEÑORA DEL ROSARIO", "nombre_upl": "FONTIBON", "nombre_upz": "FONTIBON", "z_publicado": 0.525, "n_examenes": 404, "n_anios": 9, "cluster": "NS", "lisa_p": 0.52968, "conflicto_est": false }, "geometry": { "type": "Point", "coordinates": [ -74.143300000578165, 4.688099998980761 ] } },
{ "type": "Feature", "properties": { "sede": "311279000906", "nombre_sede": "INSTITUTO LA ANUNCIACION", "nombre_est": "INSTITUTO LA ANUNCIACION", "nombre_upl": "FONTIBON", "nombre_upz": "FONTIBON", "z_publicado": 0.726, "n_examenes": 457, "n_anios": 9, "cluster": "NS", "lisa_p": 0.53517, "conflicto_est": false }, "geometry": { "type": "Point", "coordinates": [ -74.146499998867512, 4.672600001096725 ] } },
{ "type": "Feature", "properties": { "sede": "311279001236", "nombre_sede": "COLEGIO MILITAR JOSE ANTONIO GALAN", "nombre_est": "COLEGIO MILITAR JOSE ANTONIO GALAN", "nombre_upl": "FONTIBON", "nombre_upz": "FONTIBON", "z_publicado": 0.268, "n_examenes": 615, "n_anios": 9, "cluster": "NS", "lisa_p": 0.83529, "conflicto_est": false }, "geometry": { "type": "Point", "coordinates": [ -74.147199999541044, 4.67509999871254 ] } },
{ "type": "Feature", "properties": { "sede": "311764004357", "nombre_sede": "LICEO RIOBAMBA", "nombre_est": "LICEO RIOBAMBA", "nombre_upl": "RINCON DE SUBA", "nombre_upz": "EL RINCON", "z_publicado": 0.201, "n_examenes": 127, "n_anios": 8, "cluster": "NS", "lisa_p": 0.71277, "conflicto_est": false }, "geometry": { "type": "Point", "coordinates": [ -74.090199999511242, 4.734000001102686 ] } },
{ "type": "Feature", "properties": { "sede": "311769000076", "nombre_sede": "COLEGIO DIVINO SALVADOR", "nombre_est": "COLEGIO DIVINO SALVADOR", "nombre_upl": "BRITALIA", "nombre_upz": "CASA BLANCA SUBA", "z_publicado": 1.124, "n_examenes": 496, "n_anios": 9, "cluster": "HH", "lisa_p": 0.0162, "conflicto_est": false }, "geometry": { "type": "Point", "coordinates": [ -74.06980000063777, 4.747600000351667 ] } },
{ "type": "Feature", "properties": { "sede": "311769000165", "nombre_sede": "COLEGIO SAN JORGE DE INGLATERRA", "nombre_est": "COLEGIO SAN JORGE DE INGLATERRA", "nombre_upl": "SUBA", "nombre_upz": "SUBA", "z_publicado": 1.762, "n_examenes": 693, "n_anios": 9, "cluster": "NS", "lisa_p": 0.08747, "conflicto_est": false }, "geometry": { "type": "Point", "coordinates": [ -74.081000000238419, 4.753299999982119 ] } },
{ "type": "Feature", "properties": { "sede": "311769000416", "nombre_sede": "COLEGIO LAUSANA", "nombre_est": "COLEGIO LAUSANA", "nombre_upl": "BRITALIA", "nombre_upz": "SAN JOSE DE BAVARIA", "z_publicado": 1.064, "n_examenes": 292, "n_anios": 9, "cluster": "HH", "lisa_p": 0.00556, "conflicto_est": false }, "geometry": { "type": "Point", "coordinates": [ -74.062199998646975, 4.769900001585484 ] } },
{ "type": "Feature", "properties": { "sede": "311769000475", "nombre_sede": "ASPAEN GIMNASIO IRAGUA", "nombre_est": "ASPAEN GIMNASIO IRAGUA", "nombre_upl": "BRITALIA", "nombre_upz": "CASA BLANCA SUBA", "z_publicado": 1.35, "n_examenes": 457, "n_anios": 9, "cluster": "HH", "lisa_p": 0.04045, "conflicto_est": false }, "geometry": { "type": "Point", "coordinates": [ -74.067499998956919, 4.761399999260902 ] } },
{ "type": "Feature", "properties": { "sede": "311769000483", "nombre_sede": "COLEGIO EMMANUEL D´ALZON", "nombre_est": "COLEGIO EMMANUEL D´ALZON", "nombre_upl": "NIZA", "nombre_upz": "LA ALHAMBRA", "z_publicado": 1.554, "n_examenes": 557, "n_anios": 9, "cluster": "NS", "lisa_p": 0.31501, "conflicto_est": false }, "geometry": { "type": "Point", "coordinates": [ -74.065499998629093, 4.69990000128746 ] } },
{ "type": "Feature", "properties": { "sede": "311769000548", "nombre_sede": "GIMNASIO EL PORTILLO", "nombre_est": "GIMNASIO EL PORTILLO", "nombre_upl": "TORCA", "nombre_upz": "ZONA NORTE", "z_publicado": 1.313, "n_examenes": 226, "n_anios": 9, "cluster": "NS", "lisa_p": 0.33214, "conflicto_est": false }, "geometry": { "type": "Point", "coordinates": [ -74.0912000015378, 4.78489999845624 ] } },
{ "type": "Feature", "properties": { "sede": "311769000556", "nombre_sede": "COLEGIO SAN PATRICIO", "nombre_est": "COLEGIO SAN PATRICIO", "nombre_upl": "NIZA", "nombre_upz": "NIZA", "z_publicado": 1.97, "n_examenes": 165, "n_anios": 9, "cluster": "NS", "lisa_p": 0.14188, "conflicto_est": false }, "geometry": { "type": "Point", "coordinates": [ -74.080299999564886, 4.731100000441074 ] } },
{ "type": "Feature", "properties": { "sede": "311769000564", "nombre_sede": "COLEGIO CRISTO REY BOGOTA", "nombre_est": "COLEGIO CRISTO REY BOGOTA", "nombre_upl": "BRITALIA", "nombre_upz": "CASA BLANCA SUBA", "z_publicado": 1.606, "n_examenes": 463, "n_anios": 9, "cluster": "HH", "lisa_p": 0.01264, "conflicto_est": false }, "geometry": { "type": "Point", "coordinates": [ -74.067400000989437, 4.729400001466274 ] } },
{ "type": "Feature", "properties": { "sede": "311769000661", "nombre_sede": "COLEGIO AGUSTINIANO SUBA", "nombre_est": "COLEGIO AGUSTINIANO SUBA", "nombre_upl": "SUBA", "nombre_upz": "SUBA", "z_publicado": 1.099, "n_examenes": 854, "n_anios": 9, "cluster": "HL", "lisa_p": 0.03732, "conflicto_est": false }, "geometry": { "type": "Point", "coordinates": [ -74.083399999886751, 4.741099998354912 ] } },
{ "type": "Feature", "properties": { "sede": "311769000726", "nombre_sede": "LICEO SEGOVIA", "nombre_est": "LICEO SEGOVIA", "nombre_upl": "NIZA", "nombre_upz": "LA FLORESTA", "z_publicado": 1.256, "n_examenes": 763, "n_anios": 9, "cluster": "NS", "lisa_p": 0.28243, "conflicto_est": false }, "geometry": { "type": "Point", "coordinates": [ -74.081799998879433, 4.70160000026226 ] } },
{ "type": "Feature", "properties": { "sede": "311769000734", "nombre_sede": "COLEGIO STELLA MATUTINA", "nombre_est": "COLEGIO STELLA MATUTINA", "nombre_upl": "BRITALIA", "nombre_upz": "SAN JOSE DE BAVARIA", "z_publicado": 1.172, "n_examenes": 170, "n_anios": 9, "cluster": "HH", "lisa_p": 0.00143, "conflicto_est": false }, "geometry": { "type": "Point", "coordinates": [ -74.055599998682737, 4.765700001269579 ] } },
{ "type": "Feature", "properties": { "sede": "311769000751", "nombre_sede": "COLEGIO AGUSTINIANO NORTE", "nombre_est": "COLEGIO AGUSTINIANO NORTE", "nombre_upl": "NIZA", "nombre_upz": "LA FLORESTA", "z_publicado": 1.497, "n_examenes": 1708, "n_anios": 9, "cluster": "NS", "lisa_p": 0.0704, "conflicto_est": false }, "geometry": { "type": "Point", "coordinates": [ -74.072299998253584, 4.700599998235703 ] } },
{ "type": "Feature", "properties": { "sede": "311769000769", "nombre_sede": "COLEGIO NUEVA YORK", "nombre_est": "COLEGIO NUEVA YORK", "nombre_upl": "TORCA", "nombre_upz": "ZONA NORTE", "z_publicado": 1.653, "n_examenes": 772, "n_anios": 9, "cluster": "HH", "lisa_p": 0.01046, "conflicto_est": false }, "geometry": { "type": "Point", "coordinates": [ -74.043600000441074, 4.801199998706579 ] } },
{ "type": "Feature", "properties": { "sede": "311769000785", "nombre_sede": "LICEO GLOBERTH MIXTO", "nombre_est": "LICEO GLOBERTH MIXTO", "nombre_upl": "RINCON DE SUBA", "nombre_upz": "EL RINCON", "z_publicado": 0.46, "n_examenes": 463, "n_anios": 9, "cluster": "NS", "lisa_p": 0.14772, "conflicto_est": false }, "geometry": { "type": "Point", "coordinates": [ -74.089099999517202, 4.719500001519918 ] } },
{ "type": "Feature", "properties": { "sede": "311769000815", "nombre_sede": "LICEO SAN RAFAEL", "nombre_est": "LICEO SAN RAFAEL", "nombre_upl": "NIZA", "nombre_upz": "NIZA", "z_publicado": 0.465, "n_examenes": 234, "n_anios": 9, "cluster": "HH", "lisa_p": 0.04902, "conflicto_est": false }, "geometry": { "type": "Point", "coordinates": [ -74.071199998259544, 4.720600001513958 ] } },
{ "type": "Feature", "properties": { "sede": "311769000823", "nombre_sede": "COLEGIO BILINGÜE HISPANOAMERICANO CONDE ANSUREZ", "nombre_est": "COLEGIO BILINGÜE HISPANOAMERICANO CONDE ANSUREZ", "nombre_upl": "BRITALIA", "nombre_upz": "SAN JOSE DE BAVARIA", "z_publicado": 1.683, "n_examenes": 446, "n_anios": 9, "cluster": "HH", "lisa_p": 0.01182, "conflicto_est": false }, "geometry": { "type": "Point", "coordinates": [ -74.059500001370907, 4.760499998927116 ] } },
{ "type": "Feature", "properties": { "sede": "311769000866", "nombre_sede": "FUNDACION NUEVO MARYMOUNT", "nombre_est": "FUNDACION NUEVO MARYMOUNT", "nombre_upl": "BRITALIA", "nombre_upz": "CASA BLANCA SUBA", "z_publicado": 1.322, "n_examenes": 622, "n_anios": 9, "cluster": "HH", "lisa_p": 0.00172, "conflicto_est": false }, "geometry": { "type": "Point", "coordinates": [ -74.066399998962879, 4.755699999630451 ] } },
{ "type": "Feature", "properties": { "sede": "311769000921", "nombre_sede": "COLEGIO HELVETIA", "nombre_est": "COLEGIO HELVETIA", "nombre_upl": "NIZA", "nombre_upz": "NIZA", "z_publicado": 1.426, "n_examenes": 366, "n_anios": 9, "cluster": "NS", "lisa_p": 0.42918, "conflicto_est": false }, "geometry": { "type": "Point", "coordinates": [ -74.076400000602007, 4.71510000154376 ] } },
{ "type": "Feature", "properties": { "sede": "311769000980", "nombre_sede": "GIMNASIO SANTA CRISTINA DE TOSCANA", "nombre_est": "GIMNASIO SANTA CRISTINA DE TOSCANA", "nombre_upl": "BRITALIA", "nombre_upz": "SAN JOSE DE BAVARIA", "z_publicado": 1.276, "n_examenes": 144, "n_anios": 8, "cluster": "HH", "lisa_p": 0.00255, "conflicto_est": false }, "geometry": { "type": "Point", "coordinates": [ -74.059799998998642, 4.76799999922514 ] } },
{ "type": "Feature", "properties": { "sede": "311769000998", "nombre_sede": "COLEGIO COLOMBO HEBREO", "nombre_est": "COLEGIO COLOMBO HEBREO", "nombre_upl": "BRITALIA", "nombre_upz": "EL PRADO", "z_publicado": 1.073, "n_examenes": 123, "n_anios": 9, "cluster": "NS", "lisa_p": 0.23468, "conflicto_est": false }, "geometry": { "type": "Point", "coordinates": [ -74.052999999374151, 4.738400001078844 ] } },
{ "type": "Feature", "properties": { "sede": "311769001030", "nombre_sede": "COLEGIO SAN JOSE DEL JUNCAL", "nombre_est": "COLEGIO SAN JOSE DEL JUNCAL", "nombre_upl": "RINCON DE SUBA", "nombre_upz": "EL RINCON", "z_publicado": 0.499, "n_examenes": 333, "n_anios": 7, "cluster": "NS", "lisa_p": 0.54361, "conflicto_est": false }, "geometry": { "type": "Point", "coordinates": [ -74.086399998515844, 4.73369999974966 ] } },
{ "type": "Feature", "properties": { "sede": "311769001552", "nombre_sede": "COLEGIO SAN LUIS", "nombre_est": "COLEGIO SAN LUIS", "nombre_upl": "BRITALIA", "nombre_upz": "NIZA", "z_publicado": 1.006, "n_examenes": 711, "n_anios": 9, "cluster": "HH", "lisa_p": 9.0000000000000006e-05, "conflicto_est": false }, "geometry": { "type": "Point", "coordinates": [ -74.07490000128746, 4.731899999082088 ] } },
{ "type": "Feature", "properties": { "sede": "311769001757", "nombre_sede": "COLEGIO BENPOSTA NACION DE MUCHACHOS", "nombre_est": "COLEGIO BENPOSTA NACION DE MUCHACHOS", "nombre_upl": "CENTRO HISTORICO", "nombre_upz": "LOURDES", "z_publicado": -0.019, "n_examenes": 89, "n_anios": 9, "cluster": "LL", "lisa_p": 0.04192, "conflicto_est": false }, "geometry": { "type": "Point", "coordinates": [ -74.064300000667572, 4.590199999511242 ] } },
{ "type": "Feature", "properties": { "sede": "311769001781", "nombre_sede": "COLEGIO BILINGÜE ABRAHAM LINCOLN", "nombre_est": "COLEGIO BILINGÜE ABRAHAM LINCOLN", "nombre_upl": "BRITALIA", "nombre_upz": "BRITALIA", "z_publicado": 1.603, "n_examenes": 693, "n_anios": 9, "cluster": "HH", "lisa_p": 0.00547, "conflicto_est": false }, "geometry": { "type": "Point", "coordinates": [ -74.061000000685453, 4.756599999964237 ] } },
{ "type": "Feature", "properties": { "sede": "311769001846", "nombre_sede": "COLEGIO SAN TARSICIO", "nombre_est": "COLEGIO SAN TARSICIO", "nombre_upl": "BRITALIA", "nombre_upz": "BRITALIA", "z_publicado": 1.42, "n_examenes": 188, "n_anios": 9, "cluster": "HH", "lisa_p": 0.00405, "conflicto_est": false }, "geometry": { "type": "Point", "coordinates": [ -74.059599999338388, 4.754299998283386 ] } },
{ "type": "Feature", "properties": { "sede": "311769001897", "nombre_sede": "GIMNASIO LOS ROBLES", "nombre_est": "GIMNASIO LOS ROBLES", "nombre_upl": "TORCA", "nombre_upz": "ZONA NORTE", "z_publicado": 1.242, "n_examenes": 261, "n_anios": 9, "cluster": "HH", "lisa_p": 0.00605, "conflicto_est": false }, "geometry": { "type": "Point", "coordinates": [ -74.072900000959635, 4.823899999260902 ] } },
{ "type": "Feature", "properties": { "sede": "311769001927", "nombre_sede": "COLEGIO GEORGE WASHINGTON CAMPESTRE", "nombre_est": "COLEGIO GEORGE WASHINGTON CAMPESTRE", "nombre_upl": "TORCA", "nombre_upz": "ZONA NORTE", "z_publicado": 0.718, "n_examenes": 177, "n_anios": 9, "cluster": "NS", "lisa_p": 0.11896, "conflicto_est": false }, "geometry": { "type": "Point", "coordinates": [ -74.078299999237061, 4.763900000602007 ] } },
{ "type": "Feature", "properties": { "sede": "311769002010", "nombre_sede": "CENTRO EDUCATIVO SAGRADA FAMILIA DE NAZARETH", "nombre_est": "CENTRO EDUCATIVO SAGRADA FAMILIA DE NAZARETH", "nombre_upl": "BRITALIA", "nombre_upz": "BRITALIA", "z_publicado": 1.097, "n_examenes": 834, "n_anios": 9, "cluster": "NS", "lisa_p": 0.43868, "conflicto_est": false }, "geometry": { "type": "Point", "coordinates": [ -74.050799999386072, 4.7483000010252 ] } },
{ "type": "Feature", "properties": { "sede": "311769002214", "nombre_sede": "COLEGIO SAN BENITO DE TIBATI", "nombre_est": "COLEGIO SAN BENITO DE TIBATI", "nombre_upl": "TOBERIN", "nombre_upz": "VERBENAL", "z_publicado": 1.598, "n_examenes": 497, "n_anios": 9, "cluster": "NS", "lisa_p": 0.1342, "conflicto_est": false }, "geometry": { "type": "Point", "coordinates": [ -74.033399999141693, 4.765900000929832 ] } },
{ "type": "Feature", "properties": { "sede": "311769002290", "nombre_sede": "GIMNASIO LA ARBOLEDA", "nombre_est": "GIMNASIO LA ARBOLEDA", "nombre_upl": "TORCA", "nombre_upz": "ZONA NORTE", "z_publicado": 0.449, "n_examenes": 149, "n_anios": 9, "cluster": "NS", "lisa_p": 0.10677, "conflicto_est": false }, "geometry": { "type": "Point", "coordinates": [ -74.088199999183416, 4.784600000828505 ] } },
{ "type": "Feature", "properties": { "sede": "311769002354", "nombre_sede": "COLEGIO ALAFAS DEL NORTE", "nombre_est": "COLEGIO ALAFAS DEL NORTE", "nombre_upl": "RINCON DE SUBA", "nombre_upz": "EL RINCON", "z_publicado": 0.773, "n_examenes": 435, "n_anios": 9, "cluster": "NS", "lisa_p": 0.53092, "conflicto_est": false }, "geometry": { "type": "Point", "coordinates": [ -74.099300000816584, 4.733500000089407 ] } },
{ "type": "Feature", "properties": { "sede": "311769002451", "nombre_sede": "COLEGIO NEIL ARMSTRONG", "nombre_est": "COLEGIO NEIL ARMSTRONG", "nombre_upl": "RINCON DE SUBA", "nombre_upz": "EL RINCON", "z_publicado": 0.073, "n_examenes": 265, "n_anios": 9, "cluster": "NS", "lisa_p": 0.05504, "conflicto_est": false }, "geometry": { "type": "Point", "coordinates": [ -74.090500000864267, 4.725099999457598 ] } },
{ "type": "Feature", "properties": { "sede": "311769002494", "nombre_sede": "GIMNASIO NUEVO SUBA", "nombre_est": "GIMNASIO NUEVO SUBA", "nombre_upl": "SUBA", "nombre_upz": "SUBA", "z_publicado": 0.688, "n_examenes": 470, "n_anios": 9, "cluster": "NS", "lisa_p": 0.07593, "conflicto_est": false }, "geometry": { "type": "Point", "coordinates": [ -74.084100000560284, 4.741900000721216 ] } },
{ "type": "Feature", "properties": { "sede": "311769002796", "nombre_sede": "COLEGIO UNIDAD PEDAGOGICA", "nombre_est": "COLEGIO UNIDAD PEDAGOGICA", "nombre_upl": "TORCA", "nombre_upz": "ZONA NORTE", "z_publicado": 1.549, "n_examenes": 316, "n_anios": 9, "cluster": "HH", "lisa_p": 0.02051, "conflicto_est": false }, "geometry": { "type": "Point", "coordinates": [ -74.085400000214577, 4.781399998813868 ] } },
{ "type": "Feature", "properties": { "sede": "311769002818", "nombre_sede": "COLEGIO INTERNACIONAL DE EDUCACION INTEGRAL - CIEDI - BILINGÜE INTERNACIONAL", "nombre_est": "COLEGIO INTERNACIONAL DE EDUCACION INTEGRAL - CIEDI - BILINGÜE INTERNACIONAL", "nombre_upl": "TORCA", "nombre_upz": "ZONA NORTE", "z_publicado": 1.42, "n_examenes": 349, "n_anios": 9, "cluster": "HH", "lisa_p": 0.00094, "conflicto_est": false }, "geometry": { "type": "Point", "coordinates": [ -74.083799999207258, 4.771499998867512 ] } },
{ "type": "Feature", "properties": { "sede": "311769003008", "nombre_sede": "COLEGIO TECNOLOGICO DE SUBA", "nombre_est": "COLEGIO TECNOLOGICO DE SUBA", "nombre_upl": "RINCON DE SUBA", "nombre_upz": "EL RINCON", "z_publicado": 0.476, "n_examenes": 519, "n_anios": 9, "cluster": "NS", "lisa_p": 0.18913, "conflicto_est": false }, "geometry": { "type": "Point", "coordinates": [ -74.08839999884367, 4.72580000013113 ] } },
{ "type": "Feature", "properties": { "sede": "311769003091", "nombre_sede": "INSTITUTO MILITAR AQUILEO PARRA", "nombre_est": "INSTITUTO MILITAR AQUILEO PARRA", "nombre_upl": "BRITALIA", "nombre_upz": "SAN JOSE DE BAVARIA", "z_publicado": 0.373, "n_examenes": 262, "n_anios": 9, "cluster": "LH", "lisa_p": 0.02833, "conflicto_est": false }, "geometry": { "type": "Point", "coordinates": [ -74.062300000339746, 4.762099999934435 ] } },
{ "type": "Feature", "properties": { "sede": "311769003211", "nombre_sede": "COLEGIO SANTA ISABEL DE HUNGRIA", "nombre_est": "COLEGIO SANTA ISABEL DE HUNGRIA", "nombre_upl": "BRITALIA", "nombre_upz": "BRITALIA", "z_publicado": 0.655, "n_examenes": 589, "n_anios": 9, "cluster": "NS", "lisa_p": 0.25896, "conflicto_est": false }, "geometry": { "type": "Point", "coordinates": [ -74.063999999314547, 4.749000001698732 ] } },
{ "type": "Feature", "properties": { "sede": "311769003300", "nombre_sede": "COLEGIO JONATHAN SWIFT", "nombre_est": "COLEGIO JONATHAN SWIFT", "nombre_upl": "SUBA", "nombre_upz": "SUBA", "z_publicado": 0.902, "n_examenes": 174, "n_anios": 9, "cluster": "NS", "lisa_p": 0.16696, "conflicto_est": false }, "geometry": { "type": "Point", "coordinates": [ -74.075800001621246, 4.755499999970198 ] } },
{ "type": "Feature", "properties": { "sede": "311769003342", "nombre_sede": "COLEGIO LOS NOGALES", "nombre_est": "COLEGIO LOS NOGALES", "nombre_upl": "TORCA", "nombre_upz": "LA ACADEMIA", "z_publicado": 1.712, "n_examenes": 556, "n_anios": 9, "cluster": "HH", "lisa_p": 2.0000000000000002e-05, "conflicto_est": false }, "geometry": { "type": "Point", "coordinates": [ -74.049800001084805, 4.779899999499321 ] } },
{ "type": "Feature", "properties": { "sede": "311769003474", "nombre_sede": "COLEGIO ANDINO", "nombre_est": "COLEGIO ANDINO", "nombre_upl": "TORCA", "nombre_upz": "LA ACADEMIA", "z_publicado": 1.274, "n_examenes": 1024, "n_anios": 9, "cluster": "HH", "lisa_p": 0.00018, "conflicto_est": false }, "geometry": { "type": "Point", "coordinates": [ -74.043400000780821, 4.795000001788139 ] } },
{ "type": "Feature", "properties": { "sede": "311769003920", "nombre_sede": "COLEGIO BILINGÜE CLERMONT", "nombre_est": "COLEGIO BILINGÜE CLERMONT", "nombre_upl": "TORCA", "nombre_upz": "LA ACADEMIA", "z_publicado": 1.301, "n_examenes": 283, "n_anios": 9, "cluster": "HH", "lisa_p": 9.0000000000000006e-05, "conflicto_est": false }, "geometry": { "type": "Point", "coordinates": [ -74.058100000023842, 4.793299999088049 ] } },
{ "type": "Feature", "properties": { "sede": "311769003938", "nombre_sede": "COLEGIO BILINGÜE BUCKINGHAM", "nombre_est": "COLEGIO BILINGÜE BUCKINGHAM", "nombre_upl": "TORCA", "nombre_upz": "LA ACADEMIA", "z_publicado": 1.575, "n_examenes": 370, "n_anios": 9, "cluster": "HH", "lisa_p": 0.00115, "conflicto_est": false }, "geometry": { "type": "Point", "coordinates": [ -74.043800000101328, 4.793400000780821 ] } },
{ "type": "Feature", "properties": { "sede": "311769004004", "nombre_sede": "INSTITUTO TECNICO COMERCIAL CERROS DE SUBA", "nombre_est": "INSTITUTO TECNICO COMERCIAL CERROS DE SUBA", "nombre_upl": "RINCON DE SUBA", "nombre_upz": "EL RINCON", "z_publicado": 0.514, "n_examenes": 328, "n_anios": 9, "cluster": "HL", "lisa_p": 0.03612, "conflicto_est": false }, "geometry": { "type": "Point", "coordinates": [ -74.093400001525879, 4.740499999374151 ] } },
{ "type": "Feature", "properties": { "sede": "311769004063", "nombre_sede": "GIMNASIO SANTANDER", "nombre_est": "GIMNASIO SANTANDER", "nombre_upl": "RINCON DE SUBA", "nombre_upz": "EL RINCON", "z_publicado": 0.156, "n_examenes": 180, "n_anios": 9, "cluster": "NS", "lisa_p": 0.16083, "conflicto_est": false }, "geometry": { "type": "Point", "coordinates": [ -74.091400001198053, 4.722699999809265 ] } },
{ "type": "Feature", "properties": { "sede": "311769004233", "nombre_sede": "CENTRO DE INTEGRACION EDUCATIVA DEL NORTE - CIEN", "nombre_est": "CENTRO DE INTEGRACION EDUCATIVA DEL NORTE - CIEN", "nombre_upl": "RINCON DE SUBA", "nombre_upz": "EL RINCON", "z_publicado": 0.852, "n_examenes": 445, "n_anios": 9, "cluster": "NS", "lisa_p": 0.06532, "conflicto_est": false }, "geometry": { "type": "Point", "coordinates": [ -74.094399999827147, 4.737300001084805 ] } },
{ "type": "Feature", "properties": { "sede": "311769004250", "nombre_sede": "COLEGIO EUCARISTICO MERCEDARIO", "nombre_est": "COLEGIO EUCARISTICO MERCEDARIO", "nombre_upl": "RINCON DE SUBA", "nombre_upz": "EL RINCON", "z_publicado": 1.13, "n_examenes": 395, "n_anios": 9, "cluster": "NS", "lisa_p": 0.89066, "conflicto_est": false }, "geometry": { "type": "Point", "coordinates": [ -74.085499998182058, 4.735100001096725 ] } },
{ "type": "Feature", "properties": { "sede": "311769004268", "nombre_sede": "GIMNASIO ACADEMICO REGIONAL", "nombre_est": "GIMNASIO ACADEMICO REGIONAL", "nombre_upl": "RINCON DE SUBA", "nombre_upz": "EL RINCON", "z_publicado": 0.633, "n_examenes": 1941, "n_anios": 9, "cluster": "NS", "lisa_p": 0.17924, "conflicto_est": false }, "geometry": { "type": "Point", "coordinates": [ -74.10020000115037, 4.742899999022484 ] } },
{ "type": "Feature", "properties": { "sede": "311769004284", "nombre_sede": "INSTITUTO EDUCACION Y VIDA", "nombre_est": "INSTITUTO EDUCACION Y VIDA", "nombre_upl": "SUBA", "nombre_upz": "SUBA", "z_publicado": 0.972, "n_examenes": 425, "n_anios": 9, "cluster": "HH", "lisa_p": 0.01386, "conflicto_est": false }, "geometry": { "type": "Point", "coordinates": [ -74.084399998188019, 4.750599998980761 ] } },
{ "type": "Feature", "properties": { "sede": "311769004292", "nombre_sede": "COLEGIO SAN MATEO APOSTOL BILINGÜE INTERNACIONAL", "nombre_est": "COLEGIO SAN MATEO APOSTOL BILINGÜE INTERNACIONAL", "nombre_upl": "TORCA", "nombre_upz": "LA ACADEMIA", "z_publicado": 1.606, "n_examenes": 500, "n_anios": 9, "cluster": "HH", "lisa_p": 0.00015, "conflicto_est": false }, "geometry": { "type": "Point", "coordinates": [ -74.044799998402596, 4.792700000107288 ] } },
{ "type": "Feature", "properties": { "sede": "311769004365", "nombre_sede": "GIMNASIO LA CAMPIÑA", "nombre_est": "GIMNASIO LA CAMPIÑA", "nombre_upl": "RINCON DE SUBA", "nombre_upz": "EL RINCON", "z_publicado": 0.511, "n_examenes": 268, "n_anios": 9, "cluster": "NS", "lisa_p": 0.10113, "conflicto_est": false }, "geometry": { "type": "Point", "coordinates": [ -74.103999998420477, 4.736800000071526 ] } },
{ "type": "Feature", "properties": { "sede": "311848000278", "nombre_sede": "GIMNASIO VERMONT", "nombre_est": "GIMNASIO VERMONT", "nombre_upl": "TORCA", "nombre_upz": "LA ACADEMIA", "z_publicado": 1.733, "n_examenes": 795, "n_anios": 9, "cluster": "HH", "lisa_p": 0.00042, "conflicto_est": false }, "geometry": { "type": "Point", "coordinates": [ -74.051399998366833, 4.77419999986887 ] } },
{ "type": "Feature", "properties": { "sede": "311848000286", "nombre_sede": "GIMNASIO DE LOS CERROS", "nombre_est": "GIMNASIO DE LOS CERROS", "nombre_upl": "USAQUEN", "nombre_upz": "USAQUEN", "z_publicado": 1.539, "n_examenes": 370, "n_anios": 9, "cluster": "HH", "lisa_p": 0.02153, "conflicto_est": false }, "geometry": { "type": "Point", "coordinates": [ -74.026799999177456, 4.693799998611212 ] } },
{ "type": "Feature", "properties": { "sede": "311848000294", "nombre_sede": "COLEGIO CAMPESTRE SAN JOSE - CCSJ", "nombre_est": "COLEGIO CAMPESTRE SAN JOSE - CCSJ", "nombre_upl": "USAQUEN", "nombre_upz": "SANTA BARBARA", "z_publicado": 1.109, "n_examenes": 422, "n_anios": 9, "cluster": "NS", "lisa_p": 0.26147, "conflicto_est": false }, "geometry": { "type": "Point", "coordinates": [ -74.049600001424551, 4.713199999183416 ] } },
{ "type": "Feature", "properties": { "sede": "311848000308", "nombre_sede": "COLEGIO ANGLO AMERICANO", "nombre_est": "COLEGIO ANGLO AMERICANO", "nombre_upl": "TOBERIN", "nombre_upz": "LA URIBE", "z_publicado": 2.384, "n_examenes": 1479, "n_anios": 9, "cluster": "HH", "lisa_p": 0.01131, "conflicto_est": false }, "geometry": { "type": "Point", "coordinates": [ -74.028299998492002, 4.75 ] } },
{ "type": "Feature", "properties": { "sede": "311848000324", "nombre_sede": "COLEGIO COLOMBO GALES", "nombre_est": "COLEGIO COLOMBO GALES", "nombre_upl": "TORCA", "nombre_upz": "ZONA NORTE", "z_publicado": 1.182, "n_examenes": 505, "n_anios": 9, "cluster": "HH", "lisa_p": 0.00197, "conflicto_est": false }, "geometry": { "type": "Point", "coordinates": [ -74.075399998575449, 4.805900000035763 ] } },
{ "type": "Feature", "properties": { "sede": "311848000341", "nombre_sede": "GIMNASIO CAMPESTRE", "nombre_est": "GIMNASIO CAMPESTRE", "nombre_upl": "TOBERIN", "nombre_upz": "SAN CRISTOBAL NORTE", "z_publicado": 1.313, "n_examenes": 573, "n_anios": 9, "cluster": "NS", "lisa_p": 0.63213, "conflicto_est": false }, "geometry": { "type": "Point", "coordinates": [ -74.026000000536442, 4.741799999028444 ] } },
{ "type": "Feature", "properties": { "sede": "311848000367", "nombre_sede": "LICEO DE COLOMBIA BILINGÜE", "nombre_est": "LICEO DE COLOMBIA BILINGÜE", "nombre_upl": "TORCA", "nombre_upz": "LA ACADEMIA", "z_publicado": 1.972, "n_examenes": 434, "n_anios": 9, "cluster": "HH", "lisa_p": 3.0000000000000001e-05, "conflicto_est": false }, "geometry": { "type": "Point", "coordinates": [ -74.044300001114607, 4.795499999076128 ] } },
{ "type": "Feature", "properties": { "sede": "311848000456", "nombre_sede": "COLEGIO CASABLANCA", "nombre_est": "COLEGIO CASABLANCA", "nombre_upl": "TOBERIN", "nombre_upz": "SAN CRISTOBAL NORTE", "z_publicado": 0.459, "n_examenes": 611, "n_anios": 9, "cluster": "NS", "lisa_p": 0.47931, "conflicto_est": false }, "geometry": { "type": "Point", "coordinates": [ -74.027300000190735, 4.739500001072884 ] } },
{ "type": "Feature", "properties": { "sede": "311848000481", "nombre_sede": "COLEGIO PUREZA DE MARIA", "nombre_est": "COLEGIO PUREZA DE MARIA", "nombre_upl": "USAQUEN", "nombre_upz": "LOS CEDROS", "z_publicado": 1.402, "n_examenes": 412, "n_anios": 9, "cluster": "NS", "lisa_p": 0.54479, "conflicto_est": false }, "geometry": { "type": "Point", "coordinates": [ -74.026000000536442, 4.722800001502037 ] } },
{ "type": "Feature", "properties": { "sede": "311848000499", "nombre_sede": "FUNDACION EDUCACIONAL ANA RESTREPO DEL CORRAL", "nombre_est": "FUNDACION EDUCACIONAL ANA RESTREPO DEL CORRAL", "nombre_upl": "USAQUEN", "nombre_upz": "USAQUEN", "z_publicado": 0.488, "n_examenes": 466, "n_anios": 9, "cluster": "HH", "lisa_p": 0.00467, "conflicto_est": false }, "geometry": { "type": "Point", "coordinates": [ -74.022399999201298, 4.703600000590086 ] } },
{ "type": "Feature", "properties": { "sede": "311848000588", "nombre_sede": "COLEGIO DEL SANTO ANGEL", "nombre_est": "COLEGIO DEL SANTO ANGEL", "nombre_upl": "TOBERIN", "nombre_upz": "SAN CRISTOBAL NORTE", "z_publicado": 1.232, "n_examenes": 309, "n_anios": 9, "cluster": "NS", "lisa_p": 0.52255, "conflicto_est": false }, "geometry": { "type": "Point", "coordinates": [ -74.022999998182058, 4.741099998354912 ] } },
{ "type": "Feature", "properties": { "sede": "311848000596", "nombre_sede": "GIMNASIO INGLES CAMPESTRE", "nombre_est": "GIMNASIO INGLES CAMPESTRE", "nombre_upl": "TORCA", "nombre_upz": "ZONA NORTE", "z_publicado": 0.853, "n_examenes": 205, "n_anios": 9, "cluster": "HH", "lisa_p": 2.0000000000000002e-05, "conflicto_est": false }, "geometry": { "type": "Point", "coordinates": [ -74.066300000995398, 4.790399998426437 ] } },
{ "type": "Feature", "properties": { "sede": "311848000618", "nombre_sede": "COLEGIO SANTO TOMAS DE AQUINO", "nombre_est": "COLEGIO SANTO TOMAS DE AQUINO", "nombre_upl": "USAQUEN", "nombre_upz": "COUNTRY CLUB", "z_publicado": 1.472, "n_examenes": 582, "n_anios": 9, "cluster": "NS", "lisa_p": 0.75247, "conflicto_est": false }, "geometry": { "type": "Point", "coordinates": [ -74.049800001084805, 4.717000000178814 ] } },
{ "type": "Feature", "properties": { "sede": "311848000626", "nombre_sede": "GIMNASIO CULTURAL LIBERTAD", "nombre_est": "GIMNASIO CULTURAL LIBERTAD", "nombre_upl": "TOBERIN", "nombre_upz": "LOS CEDROS", "z_publicado": 0.315, "n_examenes": 288, "n_anios": 9, "cluster": "NS", "lisa_p": 0.4171, "conflicto_est": false }, "geometry": { "type": "Point", "coordinates": [ -74.025600001215935, 4.728700000792742 ] } },
{ "type": "Feature", "properties": { "sede": "311848000634", "nombre_sede": "COLEGIO TERESIANO", "nombre_est": "COLEGIO TERESIANO", "nombre_upl": "USAQUEN", "nombre_upz": "LOS CEDROS", "z_publicado": 1.404, "n_examenes": 540, "n_anios": 9, "cluster": "HH", "lisa_p": 0.0015, "conflicto_est": false }, "geometry": { "type": "Point", "coordinates": [ -74.046500001102686, 4.734200000762939 ] } },
{ "type": "Feature", "properties": { "sede": "311848000693", "nombre_sede": "COLEGIO DE INGLATERRA (THE ENGLISH SCHOOL)", "nombre_est": "COLEGIO DE INGLATERRA (THE ENGLISH SCHOOL)", "nombre_upl": "TOBERIN", "nombre_upz": "LA URIBE", "z_publicado": 1.135, "n_examenes": 895, "n_anios": 9, "cluster": "HH", "lisa_p": 0.00699, "conflicto_est": false }, "geometry": { "type": "Point", "coordinates": [ -74.038499999791384, 4.749600000679493 ] } },
{ "type": "Feature", "properties": { "sede": "311848000782", "nombre_sede": "GIMNASIO LOS PINOS", "nombre_est": "GIMNASIO LOS PINOS", "nombre_upl": "TOBERIN", "nombre_upz": "VERBENAL", "z_publicado": 1.531, "n_examenes": 889, "n_anios": 9, "cluster": "HH", "lisa_p": 0.04632, "conflicto_est": false }, "geometry": { "type": "Point", "coordinates": [ -74.0304000005126, 4.769900001585484 ] } },
{ "type": "Feature", "properties": { "sede": "311848000791", "nombre_sede": "COLEGIO DE NUESTRA SEÑORA DEL BUEN CONSEJO", "nombre_est": "COLEGIO DE NUESTRA SEÑORA DEL BUEN CONSEJO", "nombre_upl": "USAQUEN", "nombre_upz": "SANTA BARBARA", "z_publicado": 1.268, "n_examenes": 517, "n_anios": 9, "cluster": "NS", "lisa_p": 0.2099, "conflicto_est": false }, "geometry": { "type": "Point", "coordinates": [ -74.0489999987185, 4.690000001341105 ] } },
{ "type": "Feature", "properties": { "sede": "311848000812", "nombre_sede": "GIMNASIO FEMENINO", "nombre_est": "GIMNASIO FEMENINO", "nombre_upl": "USAQUEN", "nombre_upz": "USAQUEN", "z_publicado": 1.237, "n_examenes": 373, "n_anios": 9, "cluster": "HH", "lisa_p": 0.03775, "conflicto_est": false }, "geometry": { "type": "Point", "coordinates": [ -74.0287000015378, 4.707499999552965 ] } },
{ "type": "Feature", "properties": { "sede": "311848000821", "nombre_sede": "COLEGIO PROVINMA BILINGÜE", "nombre_est": "COLEGIO PROVINMA BILINGÜE", "nombre_upl": "USAQUEN", "nombre_upz": "LOS CEDROS", "z_publicado": 1.375, "n_examenes": 185, "n_anios": 9, "cluster": "NS", "lisa_p": 0.20671, "conflicto_est": false }, "geometry": { "type": "Point", "coordinates": [ -74.035000000149012, 4.723799999803305 ] } },
{ "type": "Feature", "properties": { "sede": "311848000847", "nombre_sede": "COLEGIO MIGUEL ANTONIO CARO", "nombre_est": "COLEGIO MIGUEL ANTONIO CARO", "nombre_upl": "TORCA", "nombre_upz": "PASEO DE LOS LIBERTADORES", "z_publicado": 0.827, "n_examenes": 517, "n_anios": 9, "cluster": "HH", "lisa_p": 0.02015, "conflicto_est": false }, "geometry": { "type": "Point", "coordinates": [ -74.031300000846386, 4.820199999958277 ] } },
{ "type": "Feature", "properties": { "sede": "311848000936", "nombre_sede": "COLEGIO SANTA MARIA", "nombre_est": "COLEGIO SANTA MARIA", "nombre_upl": "TOBERIN", "nombre_upz": "VERBENAL", "z_publicado": 1.255, "n_examenes": 671, "n_anios": 9, "cluster": "NS", "lisa_p": 0.24006, "conflicto_est": false }, "geometry": { "type": "Point", "coordinates": [ -74.032800000160933, 4.762699998915195 ] } },
{ "type": "Feature", "properties": { "sede": "311848000961", "nombre_sede": "EXTERNADO CARO Y CUERVO", "nombre_est": "EXTERNADO CARO Y CUERVO", "nombre_upl": "BRITALIA", "nombre_upz": "EL PRADO", "z_publicado": 0.999, "n_examenes": 512, "n_anios": 9, "cluster": "HH", "lisa_p": 5.0000000000000002e-05, "conflicto_est": false }, "geometry": { "type": "Point", "coordinates": [ -74.053599998354912, 4.733399998396635 ] } },
{ "type": "Feature", "properties": { "sede": "311848000995", "nombre_sede": "COLEGIO CARDENAL SANCHA", "nombre_est": "COLEGIO CARDENAL SANCHA", "nombre_upl": "USAQUEN", "nombre_upz": "SANTA BARBARA", "z_publicado": 1.223, "n_examenes": 628, "n_anios": 9, "cluster": "NS", "lisa_p": 0.07846, "conflicto_est": false }, "geometry": { "type": "Point", "coordinates": [ -74.050900001078844, 4.709800001233816 ] } },
{ "type": "Feature", "properties": { "sede": "311848001011", "nombre_sede": "COLEGIO ANGLO COLOMBIANO", "nombre_est": "COLEGIO ANGLO COLOMBIANO", "nombre_upl": "USAQUEN", "nombre_upz": "LOS CEDROS", "z_publicado": 1.243, "n_examenes": 1073, "n_anios": 9, "cluster": "HH", "lisa_p": 0.00109, "conflicto_est": false }, "geometry": { "type": "Point", "coordinates": [ -74.0439000017941, 4.735100001096725 ] } },
{ "type": "Feature", "properties": { "sede": "311848001118", "nombre_sede": "GIMNASIO LOS ANDES", "nombre_est": "GIMNASIO LOS ANDES", "nombre_upl": "TORCA", "nombre_upz": "LA ACADEMIA", "z_publicado": 1.704, "n_examenes": 886, "n_anios": 9, "cluster": "HH", "lisa_p": 0.00295, "conflicto_est": false }, "geometry": { "type": "Point", "coordinates": [ -74.044399999082088, 4.788400001823902 ] } },
{ "type": "Feature", "properties": { "sede": "311848002262", "nombre_sede": "COLEGIO ITALIANO LEONARDO DA VINCI", "nombre_est": "COLEGIO ITALIANO LEONARDO DA VINCI", "nombre_upl": "USAQUEN", "nombre_upz": "COUNTRY CLUB", "z_publicado": 1.389, "n_examenes": 682, "n_anios": 9, "cluster": "NS", "lisa_p": 0.10173, "conflicto_est": false }, "geometry": { "type": "Point", "coordinates": [ -74.051500000059605, 4.707299999892712 ] } },
{ "type": "Feature", "properties": { "sede": "311848002271", "nombre_sede": "COLEGIO DE LA SALLE", "nombre_est": "COLEGIO DE LA SALLE", "nombre_upl": "TOBERIN", "nombre_upz": "LA URIBE", "z_publicado": 1.623, "n_examenes": 929, "n_anios": 9, "cluster": "HH", "lisa_p": 0.00501, "conflicto_est": false }, "geometry": { "type": "Point", "coordinates": [ -74.033700000494719, 4.748799998313189 ] } },
{ "type": "Feature", "properties": { "sede": "311848002343", "nombre_sede": "COLEGIO SANTA MARIANA DE JESUS", "nombre_est": "COLEGIO SANTA MARIANA DE JESUS", "nombre_upl": "TORCA", "nombre_upz": "LA ACADEMIA", "z_publicado": 1.064, "n_examenes": 780, "n_anios": 9, "cluster": "HH", "lisa_p": 0.0, "conflicto_est": false }, "geometry": { "type": "Point", "coordinates": [ -74.045400001108646, 4.772399999201298 ] } },
{ "type": "Feature", "properties": { "sede": "311848002351", "nombre_sede": "REDCOL - COLEGIO SANTA FRANCISCA ROMANA", "nombre_est": "REDCOL - COLEGIO SANTA FRANCISCA ROMANA", "nombre_upl": "USAQUEN", "nombre_upz": "LOS CEDROS", "z_publicado": 1.666, "n_examenes": 552, "n_anios": 9, "cluster": "NS", "lisa_p": 0.08385, "conflicto_est": false }, "geometry": { "type": "Point", "coordinates": [ -74.041799999773502, 4.732400000095367 ] } },
{ "type": "Feature", "properties": { "sede": "311848002416", "nombre_sede": "COLEGIO MARIA INMACULADA", "nombre_est": "COLEGIO MARIA INMACULADA", "nombre_upl": "TOBERIN", "nombre_upz": "SAN CRISTOBAL NORTE", "z_publicado": 0.951, "n_examenes": 428, "n_anios": 9, "cluster": "NS", "lisa_p": 0.30838, "conflicto_est": false }, "geometry": { "type": "Point", "coordinates": [ -74.02250000089407, 4.744600001722574 ] } },
{ "type": "Feature", "properties": { "sede": "311848002424", "nombre_sede": "COLEGIO SAN CARLOS", "nombre_est": "COLEGIO SAN CARLOS", "nombre_upl": "TOBERIN", "nombre_upz": "VERBENAL", "z_publicado": 1.784, "n_examenes": 795, "n_anios": 9, "cluster": "NS", "lisa_p": 0.10763, "conflicto_est": false }, "geometry": { "type": "Point", "coordinates": [ -74.036699999123812, 4.770500000566244 ] } },
{ "type": "Feature", "properties": { "sede": "311848002432", "nombre_sede": "COLEGIO DE LA PRESENTACION SANS FACON", "nombre_est": "COLEGIO DE LA PRESENTACION SANS FACON", "nombre_upl": "TOBERIN", "nombre_upz": "TOBERIN", "z_publicado": 1.412, "n_examenes": 565, "n_anios": 9, "cluster": "HH", "lisa_p": 0.00876, "conflicto_est": false }, "geometry": { "type": "Point", "coordinates": [ -74.04109999909997, 4.749800000339746 ] } },
{ "type": "Feature", "properties": { "sede": "311848002459", "nombre_sede": "COLEGIO CLAUSTRO MODERNO", "nombre_est": "COLEGIO CLAUSTRO MODERNO", "nombre_upl": "TOBERIN", "nombre_upz": "LA URIBE", "z_publicado": 1.484, "n_examenes": 433, "n_anios": 9, "cluster": "NS", "lisa_p": 0.06987, "conflicto_est": false }, "geometry": { "type": "Point", "coordinates": [ -74.02419999986887, 4.753400001674891 ] } },
{ "type": "Feature", "properties": { "sede": "311848002513", "nombre_sede": "GIMNASIO JOSE JOAQUIN CASAS - BILINGÜE NACIONAL", "nombre_est": "GIMNASIO JOSE JOAQUIN CASAS - BILINGÜE NACIONAL", "nombre_upl": "TOBERIN", "nombre_upz": "LA URIBE", "z_publicado": 1.197, "n_examenes": 195, "n_anios": 9, "cluster": "HH", "lisa_p": 0.00919, "conflicto_est": false }, "geometry": { "type": "Point", "coordinates": [ -74.023899998515844, 4.751800000667572 ] } },
{ "type": "Feature", "properties": { "sede": "311848002611", "nombre_sede": "LICEO DE CERVANTES", "nombre_est": "LICEO DE CERVANTES", "nombre_upl": "USAQUEN", "nombre_upz": "LOS CEDROS", "z_publicado": 1.998, "n_examenes": 749, "n_anios": 9, "cluster": "HH", "lisa_p": 0.00672, "conflicto_est": false }, "geometry": { "type": "Point", "coordinates": [ -74.044399999082088, 4.7364999987185 ] } },
{ "type": "Feature", "properties": { "sede": "311848002823", "nombre_sede": "GIMNASIO DEL NORTE", "nombre_est": "GIMNASIO DEL NORTE", "nombre_upl": "TORCA", "nombre_upz": "LA ACADEMIA", "z_publicado": 1.155, "n_examenes": 428, "n_anios": 9, "cluster": "HH", "lisa_p": 0.0, "conflicto_est": false }, "geometry": { "type": "Point", "coordinates": [ -74.053399998694658, 4.780099999159575 ] } },
{ "type": "Feature", "properties": { "sede": "311848002866", "nombre_sede": "COLEGIO MAYOR JOSE CELESTINO MUTIS", "nombre_est": "COLEGIO MAYOR JOSE CELESTINO MUTIS", "nombre_upl": "TOBERIN", "nombre_upz": "VERBENAL", "z_publicado": 0.733, "n_examenes": 557, "n_anios": 9, "cluster": "NS", "lisa_p": 0.11794, "conflicto_est": false }, "geometry": { "type": "Point", "coordinates": [ -74.032600000500679, 4.763099998235703 ] } },
{ "type": "Feature", "properties": { "sede": "311848002874", "nombre_sede": "COLEGIO CANAPRO", "nombre_est": "COLEGIO CANAPRO", "nombre_upl": "TOBERIN", "nombre_upz": "LA URIBE", "z_publicado": 1.184, "n_examenes": 699, "n_anios": 9, "cluster": "HH", "lisa_p": 0.00047, "conflicto_est": false }, "geometry": { "type": "Point", "coordinates": [ -74.04109999909997, 4.753199998289347 ] } },
{ "type": "Feature", "properties": { "sede": "311848003111", "nombre_sede": "GIMNASIO LA CUSPIDE", "nombre_est": "GIMNASIO LA CUSPIDE", "nombre_upl": "TORCA", "nombre_upz": "ZONA NORTE", "z_publicado": -0.259, "n_examenes": 55, "n_anios": 5, "cluster": "LH", "lisa_p": 0.03223, "conflicto_est": false }, "geometry": { "type": "Point", "coordinates": [ -74.096900001168251, 4.787300001829863 ] } },
{ "type": "Feature", "properties": { "sede": "311848003439", "nombre_sede": "COLEGIO DE LA REINA", "nombre_est": "COLEGIO DE LA REINA", "nombre_upl": "TOBERIN", "nombre_upz": "VERBENAL", "z_publicado": 0.608, "n_examenes": 349, "n_anios": 9, "cluster": "NS", "lisa_p": 0.97344, "conflicto_est": false }, "geometry": { "type": "Point", "coordinates": [ -74.035599999129772, 4.760299999266863 ] } },
{ "type": "Feature", "properties": { "sede": "311848003463", "nombre_sede": "COLEGIO DE LAS RR ESCLAVAS DEL SAGRADO CORAZON DE JESUS", "nombre_est": "COLEGIO DE LAS RR ESCLAVAS DEL SAGRADO CORAZON DE JESUS", "nombre_upl": "TOBERIN", "nombre_upz": "LA URIBE", "z_publicado": 1.167, "n_examenes": 413, "n_anios": 9, "cluster": "HH", "lisa_p": 0.00366, "conflicto_est": false }, "geometry": { "type": "Point", "coordinates": [ -74.043099999427795, 4.755699999630451 ] } },
{ "type": "Feature", "properties": { "sede": "311848003811", "nombre_sede": "COLEGIO JOSE JOAQUIN CASTRO MARTINEZ", "nombre_est": "COLEGIO JOSE JOAQUIN CASTRO MARTINEZ", "nombre_upl": "TORCA", "nombre_upz": "ZONA NORTE", "z_publicado": 1.148, "n_examenes": 341, "n_anios": 9, "cluster": "NS", "lisa_p": 0.59063, "conflicto_est": false }, "geometry": { "type": "Point", "coordinates": [ -74.089600000530481, 4.76069999858737 ] } },
{ "type": "Feature", "properties": { "sede": "311848004311", "nombre_sede": "COLEGIO GIOVANNI PASCOLI", "nombre_est": "COLEGIO GIOVANNI PASCOLI", "nombre_upl": "TOBERIN", "nombre_upz": "VERBENAL", "z_publicado": 0.382, "n_examenes": 391, "n_anios": 9, "cluster": "NS", "lisa_p": 0.29586, "conflicto_est": false }, "geometry": { "type": "Point", "coordinates": [ -74.038100000470877, 4.765500001609325 ] } },
{ "type": "Feature", "properties": { "sede": "311850000111", "nombre_sede": "COLEGIO MONSEÑOR BERNARDO SANCHEZ HERMANAS DE NUESTRA SEÑORA DE LA PAZ", "nombre_est": "COLEGIO MONSEÑOR BERNARDO SANCHEZ HERMANAS DE NUESTRA SEÑORA DE LA PAZ", "nombre_upl": "USME - ENTRENUBES", "nombre_upz": "LOS LIBERTADORES", "z_publicado": 0.572, "n_examenes": 254, "n_anios": 9, "cluster": "HL", "lisa_p": 0.04066, "conflicto_est": false }, "geometry": { "type": "Point", "coordinates": [ -74.089400000870228, 4.524399999529123 ] } },
{ "type": "Feature", "properties": { "sede": "411001086561", "nombre_sede": "LICEO MARANATA", "nombre_est": "LICEO MARANATA", "nombre_upl": "USME - ENTRENUBES", "nombre_upz": "ALFONSO LOPEZ", "z_publicado": 0.33, "n_examenes": 247, "n_anios": 9, "cluster": "LL", "lisa_p": 0.0381, "conflicto_est": false }, "geometry": { "type": "Point", "coordinates": [ -74.103799998760223, 4.492600001394749 ] } },
{ "type": "Feature", "properties": { "sede": "411001094661", "nombre_sede": "COLEGIO EVERGREEN", "nombre_est": "COLEGIO EVERGREEN", "nombre_upl": "TORCA", "nombre_upz": "ZONA NORTE", "z_publicado": 1.741, "n_examenes": 235, "n_anios": 9, "cluster": "NS", "lisa_p": 0.71764, "conflicto_est": false }, "geometry": { "type": "Point", "coordinates": [ -74.1064000017941, 4.774500001221895 ] } },
{ "type": "Feature", "properties": { "sede": "411001108271", "nombre_sede": "COLEGIO MARIA AUXILIADORA NORTE", "nombre_est": "COLEGIO MARIA AUXILIADORA NORTE", "nombre_upl": "TOBERIN", "nombre_upz": "SAN CRISTOBAL NORTE", "z_publicado": 1.076, "n_examenes": 198, "n_anios": 9, "cluster": "NS", "lisa_p": 0.35299, "conflicto_est": false }, "geometry": { "type": "Point", "coordinates": [ -74.029599998146296, 4.744600001722574 ] } },
{ "type": "Feature", "properties": { "sede": "411001800752", "nombre_sede": "COLEGIO MONTERROSALES BILINGÜE", "nombre_est": "COLEGIO MONTERROSALES BILINGÜE", "nombre_upl": "CERROS ORIENTALES", "nombre_upz": "CERROS ORIENTALES", "z_publicado": 0.533, "n_examenes": 555, "n_anios": 4, "cluster": "NS", "lisa_p": 0.16013, "conflicto_est": false }, "geometry": { "type": "Point", "coordinates": [ -74.01969999819994, 4.674100000411272 ] } },
{ "type": "Feature", "properties": { "sede": "411102000293", "nombre_sede": "INSTITUTO CLARA FEY", "nombre_est": "INSTITUTO CLARA FEY", "nombre_upl": "EDEN", "nombre_upz": "GRAN BRITALIA", "z_publicado": 0.652, "n_examenes": 402, "n_anios": 9, "cluster": "NS", "lisa_p": 0.82284, "conflicto_est": false }, "geometry": { "type": "Point", "coordinates": [ -74.185100000351667, 4.618099998682737 ] } },
{ "type": "Feature", "properties": { "sede": "411769000101", "nombre_sede": "COLEGIO SAN VIATOR BILINGÜE INTERNACIONAL", "nombre_est": "COLEGIO SAN VIATOR BILINGÜE INTERNACIONAL", "nombre_upl": "TORCA", "nombre_upz": "LA ACADEMIA", "z_publicado": 1.185, "n_examenes": 909, "n_anios": 9, "cluster": "HH", "lisa_p": 0.00079, "conflicto_est": false }, "geometry": { "type": "Point", "coordinates": [ -74.042300000786781, 4.788800001144409 ] } },
{ "type": "Feature", "properties": { "sede": "411769000119", "nombre_sede": "COLEGIO MILITAR ANTONIO NARIÑO", "nombre_est": "COLEGIO MILITAR ANTONIO NARIÑO", "nombre_upl": "SUBA", "nombre_upz": "SUBA", "z_publicado": 0.58, "n_examenes": 374, "n_anios": 9, "cluster": "HH", "lisa_p": 0.04842, "conflicto_est": false }, "geometry": { "type": "Point", "coordinates": [ -74.08049999922514, 4.754200000315905 ] } },
{ "type": "Feature", "properties": { "sede": "411769000127", "nombre_sede": "COLEGIO NUEVO SAN LUIS GONZAGA", "nombre_est": "COLEGIO NUEVO SAN LUIS GONZAGA", "nombre_upl": "SUBA", "nombre_upz": "SUBA", "z_publicado": 1.036, "n_examenes": 455, "n_anios": 9, "cluster": "HH", "lisa_p": 0.01581, "conflicto_est": false }, "geometry": { "type": "Point", "coordinates": [ -74.083799999207258, 4.747999999672174 ] } },
{ "type": "Feature", "properties": { "sede": "411769000895", "nombre_sede": "LICEO BOSTON", "nombre_est": "LICEO BOSTON", "nombre_upl": "BRITALIA", "nombre_upz": "CASA BLANCA SUBA", "z_publicado": 0.741, "n_examenes": 527, "n_anios": 9, "cluster": "HH", "lisa_p": 0.02622, "conflicto_est": false }, "geometry": { "type": "Point", "coordinates": [ -74.0760000012815, 4.749899998307228 ] } },
{ "type": "Feature", "properties": { "sede": "411769001042", "nombre_sede": "COLEGIO NUEVO CAMPESTRE", "nombre_est": "COLEGIO NUEVO CAMPESTRE", "nombre_upl": "TORCA", "nombre_upz": "ZONA NORTE", "z_publicado": 1.147, "n_examenes": 327, "n_anios": 9, "cluster": "NS", "lisa_p": 0.21123, "conflicto_est": false }, "geometry": { "type": "Point", "coordinates": [ -74.089999999850988, 4.762099999934435 ] } },
{ "type": "Feature", "properties": { "sede": "411769001981", "nombre_sede": "LICEO JUAN RAMON JIMENEZ", "nombre_est": "LICEO JUAN RAMON JIMENEZ", "nombre_upl": "TORCA", "nombre_upz": "ZONA NORTE", "z_publicado": 1.773, "n_examenes": 443, "n_anios": 9, "cluster": "HH", "lisa_p": 0.00145, "conflicto_est": false }, "geometry": { "type": "Point", "coordinates": [ -74.08500000089407, 4.772999998182058 ] } }
]
}
