codigo_sede,codigo_establecimiento,nombre_establecimiento,nombre_sede,lon,lat,crs_origen_declarado,crs_aplicado,evidencia_crs,coord_status,fuente,catalog_vintage
111001000132,111001000132,COLEGIO AQUILEO PARRA (IED),AQUILEO PARRA,-74.03920000046492,4.765700001269579,WGS 84 / Pseudo-Mercator,"EPSG:4326 (st_set_crs, sin transformar)","lon [-74.3933, -74.0162] lat [3.8295, 4.8239] sobre 2219 de 2221 filas con coordenada finita",plausible,colegios06_2025.gpkg,2025-06-30
111001029955,111001029955,COLEGIO AGUSTIN FERNANDEZ (IED),AGUSTIN FERNANDEZ,-74.0240999981761,4.729600001126528,WGS 84 / Pseudo-Mercator,"EPSG:4326 (st_set_crs, sin transformar)","lon [-74.3933, -74.0162] lat [3.8295, 4.8239] sobre 2219 de 2221 filas con coordenada finita",plausible,colegios06_2025.gpkg,2025-06-30
111848000244,111001029955,COLEGIO AGUSTIN FERNANDEZ (IED),SAN BERNARDO,-74.0177000015974,4.732500001788139,WGS 84 / Pseudo-Mercator,"EPSG:4326 (st_set_crs, sin transformar)","lon [-74.3933, -74.0162] lat [3.8295, 4.8239] sobre 2219 de 2221 filas con coordenada finita",plausible,colegios06_2025.gpkg,2025-06-30
111848003456,111001029955,COLEGIO AGUSTIN FERNANDEZ (IED),SANTA CECILIA ALTA,-74.01619999855757,4.7351000010967255,WGS 84 / Pseudo-Mercator,"EPSG:4326 (st_set_crs, sin transformar)","lon [-74.3933, -74.0162] lat [3.8295, 4.8239] sobre 2219 de 2221 filas con coordenada finita",plausible,colegios06_2025.gpkg,2025-06-30
111001800920,111001029955,COLEGIO AGUSTIN FERNANDEZ (IED),LOS PISINGOS,-74.0245000012219,4.733500000089407,WGS 84 / Pseudo-Mercator,"EPSG:4326 (st_set_crs, sin transformar)","lon [-74.3933, -74.0162] lat [3.8295, 4.8239] sobre 2219 de 2221 filas con coordenada finita",plausible,colegios06_2025.gpkg,2025-06-30
111001044806,111001044806,COLEGIO FRIEDRICH NAUMANN (IED),FRIEDRICH NAUMANN,-74.0232000015676,4.749200001358986,WGS 84 / Pseudo-Mercator,"EPSG:4326 (st_set_crs, sin transformar)","lon [-74.3933, -74.0162] lat [3.8295, 4.8239] sobre 2219 de 2221 filas con coordenada finita",plausible,colegios06_2025.gpkg,2025-06-30
111848000198,111001044806,COLEGIO FRIEDRICH NAUMANN (IED),EL CODITO,-74.02549999952316,4.758900001645088,WGS 84 / Pseudo-Mercator,"EPSG:4326 (st_set_crs, sin transformar)","lon [-74.3933, -74.0162] lat [3.8295, 4.8239] sobre 2219 de 2221 filas con coordenada finita",plausible,colegios06_2025.gpkg,2025-06-30
111001046957,111001046957,COLEGIO TOBERIN (IED),TOBERIN,-74.03950000181794,4.745400000363588,WGS 84 / Pseudo-Mercator,"EPSG:4326 (st_set_crs, sin transformar)","lon [-74.3933, -74.0162] lat [3.8295, 4.8239] sobre 2219 de 2221 filas con coordenada finita",plausible,colegios06_2025.gpkg,2025-06-30
111001086843,111001046957,COLEGIO TOBERIN (IED),BABILONIA,-74.03570000082254,4.743000000715256,WGS 84 / Pseudo-Mercator,"EPSG:4326 (st_set_crs, sin transformar)","lon [-74.3933, -74.0162] lat [3.8295, 4.8239] sobre 2219 de 2221 filas con coordenada finita",plausible,colegios06_2025.gpkg,2025-06-30
111848000082,111001046957,COLEGIO TOBERIN (IED),LAS ORQUIDEAS,-74.04050000011921,4.743000000715256,WGS 84 / Pseudo-Mercator,"EPSG:4326 (st_set_crs, sin transformar)","lon [-74.3933, -74.0162] lat [3.8295, 4.8239] sobre 2219 de 2221 filas con coordenada finita",plausible,colegios06_2025.gpkg,2025-06-30
111001086681,111001086681,COLEGIO NUEVO HORIZONTE (IED),NUEVO HORIZONTE,-74.02580000087619,4.7668999992311,WGS 84 / Pseudo-Mercator,"EPSG:4326 (st_set_crs, sin transformar)","lon [-74.3933, -74.0162] lat [3.8295, 4.8239] sobre 2219 de 2221 filas con coordenada finita",plausible,colegios06_2025.gpkg,2025-06-30
111848004053,111001086681,COLEGIO NUEVO HORIZONTE (IED),BUENAVISTA,-74.02439999952912,4.7668999992311,WGS 84 / Pseudo-Mercator,"EPSG:4326 (st_set_crs, sin transformar)","lon [-74.3933, -74.0162] lat [3.8295, 4.8239] sobre 2219 de 2221 filas con coordenada finita",plausible,colegios06_2025.gpkg,2025-06-30
111001041629,111001086681,COLEGIO NUEVO HORIZONTE (IED),HORIZONTE,-74.02309999987483,4.763000000268221,WGS 84 / Pseudo-Mercator,"EPSG:4326 (st_set_crs, sin transformar)","lon [-74.3933, -74.0162] lat [3.8295, 4.8239] sobre 2219 de 2221 filas con coordenada finita",plausible,colegios06_2025.gpkg,2025-06-30
211848000141,111001086681,COLEGIO NUEVO HORIZONTE (IED),TORCA,-74.02899999916553,4.80009999871254,WGS 84 / Pseudo-Mercator,"EPSG:4326 (st_set_crs, sin transformar)","lon [-74.3933, -74.0162] lat [3.8295, 4.8239] sobre 2219 de 2221 filas con coordenada finita",plausible,colegios06_2025.gpkg,2025-06-30
111001098612,111001098612,COLEGIO LA ESTRELLITA (IED),COLEGIO LA ESTRELLITA (IED) - SEDE PRINCIPAL,-74.0240999981761,4.764400001615286,WGS 84 / Pseudo-Mercator,"EPSG:4326 (st_set_crs, sin transformar)","lon [-74.3933, -74.0162] lat [3.8295, 4.8239] sobre 2219 de 2221 filas con coordenada finita",plausible,colegios06_2025.gpkg,2025-06-30
111001107743,111001107743,COLEGIO SALUDCOOP NORTE (IED),SALUDCOOP NORTE,-74.04039999842644,4.758099999278784,WGS 84 / Pseudo-Mercator,"EPSG:4326 (st_set_crs, sin transformar)","lon [-74.3933, -74.0162] lat [3.8295, 4.8239] sobre 2219 de 2221 filas con coordenada finita",plausible,colegios06_2025.gpkg,2025-06-30
111848000911,111848000911,COLEGIO DE BACHILLERATO PATRIA,COLEGIO DE BACHILLERATO PATRIA,-74.04329999908805,4.682799998670816,WGS 84 / Pseudo-Mercator,"EPSG:4326 (st_set_crs, sin transformar)","lon [-74.3933, -74.0162] lat [3.8295, 4.8239] sobre 2219 de 2221 filas con coordenada finita",plausible,colegios06_2025.gpkg,2025-06-30
111848001046,111848001046,FUNDACION LA ENSEÑANZA,FUNDACION LA ENSEÑANZA,-74.028299998492,4.7635000012815,WGS 84 / Pseudo-Mercator,"EPSG:4326 (st_set_crs, sin transformar)","lon [-74.3933, -74.0162] lat [3.8295, 4.8239] sobre 2219 de 2221 filas con coordenada finita",plausible,colegios06_2025.gpkg,2025-06-30
111848002522,111848002522,INSTITUTO PEDAGOGICO NACIONAL,INSTITUTO PEDAGOGICO NACIONAL,-74.03480000048876,4.704199999570847,WGS 84 / Pseudo-Mercator,"EPSG:4326 (st_set_crs, sin transformar)","lon [-74.3933, -74.0162] lat [3.8295, 4.8239] sobre 2219 de 2221 filas con coordenada finita",plausible,colegios06_2025.gpkg,2025-06-30
111848002662,111848002662,COLEGIO USAQUEN (IED),USAQUEN,-74.0346000008285,4.70719999819994,WGS 84 / Pseudo-Mercator,"EPSG:4326 (st_set_crs, sin transformar)","lon [-74.3933, -74.0162] lat [3.8295, 4.8239] sobre 2219 de 2221 filas con coordenada finita",plausible,colegios06_2025.gpkg,2025-06-30
111848000112,111848002662,COLEGIO USAQUEN (IED),LOS CEDRITOS,-74.0320999994874,4.724399998784065,WGS 84 / Pseudo-Mercator,"EPSG:4326 (st_set_crs, sin transformar)","lon [-74.3933, -74.0162] lat [3.8295, 4.8239] sobre 2219 de 2221 filas con coordenada finita",plausible,colegios06_2025.gpkg,2025-06-30
111848002671,111848002671,COLEGIO UNION COLOMBIA (IED),PILOTO DE APLICACION,-74.02749999985099,4.759399998933077,WGS 84 / Pseudo-Mercator,"EPSG:4326 (st_set_crs, sin transformar)","lon [-74.3933, -74.0162] lat [3.8295, 4.8239] sobre 2219 de 2221 filas con coordenada finita",plausible,colegios06_2025.gpkg,2025-06-30
111848000252,111848002671,COLEGIO UNION COLOMBIA (IED),SANTA CLAUDIA,-74.02800000086427,4.765599999576807,WGS 84 / Pseudo-Mercator,"EPSG:4326 (st_set_crs, sin transformar)","lon [-74.3933, -74.0162] lat [3.8295, 4.8239] sobre 2219 de 2221 filas con coordenada finita",plausible,colegios06_2025.gpkg,2025-06-30
111848002689,111848002689,COLEGIO DIVINO MAESTRO (IED),PILOTO BAVARIA,-74.02769999951124,4.739999998360872,WGS 84 / Pseudo-Mercator,"EPSG:4326 (st_set_crs, sin transformar)","lon [-74.3933, -74.0162] lat [3.8295, 4.8239] sobre 2219 de 2221 filas con coordenada finita",plausible,colegios06_2025.gpkg,2025-06-30
111848000091,111848002689,COLEGIO DIVINO MAESTRO (IED),DIVINO MAESTRO,-74.02510000020266,4.739799998700619,WGS 84 / Pseudo-Mercator,"EPSG:4326 (st_set_crs, sin transformar)","lon [-74.3933, -74.0162] lat [3.8295, 4.8239] sobre 2219 de 2221 filas con coordenada finita",plausible,colegios06_2025.gpkg,2025-06-30
111848000058,111848002689,COLEGIO DIVINO MAESTRO (IED),SAN CRISTOBAL NORTE,-74.0245000012219,4.73930000141263,WGS 84 / Pseudo-Mercator,"EPSG:4326 (st_set_crs, sin transformar)","lon [-74.3933, -74.0162] lat [3.8295, 4.8239] sobre 2219 de 2221 filas con coordenada finita",plausible,colegios06_2025.gpkg,2025-06-30
111848003031,111848003031,COLEGIO CRISTOBAL COLON (IED),CRISTOBAL COLON,-74.02580000087619,4.741599999368191,WGS 84 / Pseudo-Mercator,"EPSG:4326 (st_set_crs, sin transformar)","lon [-74.3933, -74.0162] lat [3.8295, 4.8239] sobre 2219 de 2221 filas con coordenada finita",plausible,colegios06_2025.gpkg,2025-06-30
111001046949,111848003031,COLEGIO CRISTOBAL COLON (IED),SANTA CECILIA BAJA,-74.02149999886751,4.738699998706579,WGS 84 / Pseudo-Mercator,"EPSG:4326 (st_set_crs, sin transformar)","lon [-74.3933, -74.0162] lat [3.8295, 4.8239] sobre 2219 de 2221 filas con coordenada finita",plausible,colegios06_2025.gpkg,2025-06-30
111848000074,111848003031,COLEGIO CRISTOBAL COLON (IED),SORATAMA,-74.01929999887943,4.743500001728535,WGS 84 / Pseudo-Mercator,"EPSG:4326 (st_set_crs, sin transformar)","lon [-74.3933, -74.0162] lat [3.8295, 4.8239] sobre 2219 de 2221 filas con coordenada finita",plausible,colegios06_2025.gpkg,2025-06-30
111848003910,111848003910,COLEGIO GENERAL SANTANDER (IED),GENERAL SANTANDER,-74.0278999991715,4.7346000000834465,WGS 84 / Pseudo-Mercator,"EPSG:4326 (st_set_crs, sin transformar)","lon [-74.3933, -74.0162] lat [3.8295, 4.8239] sobre 2219 de 2221 filas con coordenada finita",plausible,colegios06_2025.gpkg,2025-06-30
311001000735,311001000735,COLEGIO COLSUBSIDIO NORTE,COLEGIO COLSUBSIDIO NORTE,-74.04089999943972,4.732200000435114,WGS 84 / Pseudo-Mercator,"EPSG:4326 (st_set_crs, sin transformar)","lon [-74.3933, -74.0162] lat [3.8295, 4.8239] sobre 2219 de 2221 filas con coordenada finita",plausible,colegios06_2025.gpkg,2025-06-30
311001002452,311001002452,FUNDACION COLEGIO CLARA CASAS MORALES,FUNDACION COLEGIO CLARA CASAS MORALES,-74.02939999848604,4.746300000697374,WGS 84 / Pseudo-Mercator,"EPSG:4326 (st_set_crs, sin transformar)","lon [-74.3933, -74.0162] lat [3.8295, 4.8239] sobre 2219 de 2221 filas con coordenada finita",plausible,colegios06_2025.gpkg,2025-06-30
311001003271,311001003271,COLEGIO EUCARISTICO,COLEGIO EUCARISTICO,-74.04120000079274,4.750300001353025,WGS 84 / Pseudo-Mercator,"EPSG:4326 (st_set_crs, sin transformar)","lon [-74.3933, -74.0162] lat [3.8295, 4.8239] sobre 2219 de 2221 filas con coordenada finita",plausible,colegios06_2025.gpkg,2025-06-30
311001010781,311001010781,COLEGIO CALASANZ,COLEGIO CALASANZ,-74.04289999976754,4.754599999636412,WGS 84 / Pseudo-Mercator,"EPSG:4326 (st_set_crs, sin transformar)","lon [-74.3933, -74.0162] lat [3.8295, 4.8239] sobre 2219 de 2221 filas con coordenada finita",plausible,colegios06_2025.gpkg,2025-06-30
311001017891,311001017891,COLEGIO JOSE MANUEL MARROQUIN,COLEGIO JOSE MANUEL MARROQUIN,-74.0278999991715,4.741099998354912,WGS 84 / Pseudo-Mercator,"EPSG:4326 (st_set_crs, sin transformar)","lon [-74.3933, -74.0162] lat [3.8295, 4.8239] sobre 2219 de 2221 filas con coordenada finita",plausible,colegios06_2025.gpkg,2025-06-30
311001032246,311001032246,ESCUELA PEDAGOGICA EXPERIMENTAL,ESCUELA PEDAGOGICA EXPERIMENTAL,-74.01830000057817,4.675400000065565,WGS 84 / Pseudo-Mercator,"EPSG:4326 (st_set_crs, sin transformar)","lon [-74.3933, -74.0162] lat [3.8295, 4.8239] sobre 2219 de 2221 filas con coordenada finita",plausible,colegios06_2025.gpkg,2025-06-30
311001033633,311001033633,CENTRO CULTURAL Y EDUCATIVO REYES CATOLICOS,CENTRO CULTURAL Y EDUCATIVO REYES CATOLICOS,-74.0359000004828,4.706000000238419,WGS 84 / Pseudo-Mercator,"EPSG:4326 (st_set_crs, sin transformar)","lon [-74.3933, -74.0162] lat [3.8295, 4.8239] sobre 2219 de 2221 filas con coordenada finita",plausible,colegios06_2025.gpkg,2025-06-30
311001036489,311001036489,CENTRO SANTA MARIA,CENTRO SANTA MARIA,-74.03280000016093,4.7626999989151955,WGS 84 / Pseudo-Mercator,"EPSG:4326 (st_set_crs, sin transformar)","lon [-74.3933, -74.0162] lat [3.8295, 4.8239] sobre 2219 de 2221 filas con coordenada finita",plausible,colegios06_2025.gpkg,2025-06-30
311001039054,311001039054,COLEGIO FUNDACION LA PAZ,COLEGIO FUNDACION LA PAZ,-74.02809999883175,4.740200001746416,WGS 84 / Pseudo-Mercator,"EPSG:4326 (st_set_crs, sin transformar)","lon [-74.3933, -74.0162] lat [3.8295, 4.8239] sobre 2219 de 2221 filas con coordenada finita",plausible,colegios06_2025.gpkg,2025-06-30
311001039402,311001039402,JARDIN INFANTIL MI PATO CUA CUA,JARDIN INFANTIL MI PATO CUA CUA,-74.05050000175834,4.690799999982119,WGS 84 / Pseudo-Mercator,"EPSG:4326 (st_set_crs, sin transformar)","lon [-74.3933, -74.0162] lat [3.8295, 4.8239] sobre 2219 de 2221 filas con coordenada finita",plausible,colegios06_2025.gpkg,2025-06-30
311001041334,311001041334,LICEO ALTA BLANCA,LICEO ALTA BLANCA,-74.02800000086427,4.733800001442432,WGS 84 / Pseudo-Mercator,"EPSG:4326 (st_set_crs, sin transformar)","lon [-74.3933, -74.0162] lat [3.8295, 4.8239] sobre 2219 de 2221 filas con coordenada finita",plausible,colegios06_2025.gpkg,2025-06-30
311001042438,311001042438,JARDIN INFANTIL PEQUEÑOS ENCANTOS,JARDIN INFANTIL PEQUEÑOS ENCANTOS,-74.04470000043511,4.737500000745058,WGS 84 / Pseudo-Mercator,"EPSG:4326 (st_set_crs, sin transformar)","lon [-74.3933, -74.0162] lat [3.8295, 4.8239] sobre 2219 de 2221 filas con coordenada finita",plausible,colegios06_2025.gpkg,2025-06-30
311001044503,311001044503,JARDIN INFANTIL Y GUARDERIA COLORIN COLORAN,JARDIN INFANTIL Y GUARDERIA COLORIN COLORAN,-74.03579999879003,4.686700001358986,WGS 84 / Pseudo-Mercator,"EPSG:4326 (st_set_crs, sin transformar)","lon [-74.3933, -74.0162] lat [3.8295, 4.8239] sobre 2219 de 2221 filas con coordenada finita",plausible,colegios06_2025.gpkg,2025-06-30
311001044783,311001044783,LICEO PSICOPEDAGOGICO TIBABITA,LICEO PSICOPEDAGOGICO TIBABITA,-74.02879999950528,4.7668000012636185,WGS 84 / Pseudo-Mercator,"EPSG:4326 (st_set_crs, sin transformar)","lon [-74.3933, -74.0162] lat [3.8295, 4.8239] sobre 2219 de 2221 filas con coordenada finita",plausible,colegios06_2025.gpkg,2025-06-30
311001046743,311001046743,COLEGIO ANEXO SAN FRANCISCO DE ASIS,COLEGIO ANEXO SAN FRANCISCO DE ASIS,-74.02820000052452,4.762899998575449,WGS 84 / Pseudo-Mercator,"EPSG:4326 (st_set_crs, sin transformar)","lon [-74.3933, -74.0162] lat [3.8295, 4.8239] sobre 2219 de 2221 filas con coordenada finita",plausible,colegios06_2025.gpkg,2025-06-30
311001047278,311001047278,JARDIN INFANTIL EL RINCON DEL TERCER PUENTE,JARDIN INFANTIL EL RINCON DEL TERCER PUENTE,-74.0447999984026,4.750399999320507,WGS 84 / Pseudo-Mercator,"EPSG:4326 (st_set_crs, sin transformar)","lon [-74.3933, -74.0162] lat [3.8295, 4.8239] sobre 2219 de 2221 filas con coordenada finita",plausible,colegios06_2025.gpkg,2025-06-30
311001047944,311001047944,COLEGIO PENSAR ANDINO,COLEGIO PENSAR ANDINO,-74.04540000110865,4.723900001496077,WGS 84 / Pseudo-Mercator,"EPSG:4326 (st_set_crs, sin transformar)","lon [-74.3933, -74.0162] lat [3.8295, 4.8239] sobre 2219 de 2221 filas con coordenada finita",plausible,colegios06_2025.gpkg,2025-06-30
311001048002,311001048002,GIMNASIO MARROQUIN CAMPESTRE,GIMNASIO MARROQUIN CAMPESTRE,-74.02290000021458,4.7483000010252,WGS 84 / Pseudo-Mercator,"EPSG:4326 (st_set_crs, sin transformar)","lon [-74.3933, -74.0162] lat [3.8295, 4.8239] sobre 2219 de 2221 filas con coordenada finita",plausible,colegios06_2025.gpkg,2025-06-30
311001075522,311001075522,COLEGIO MARCO AURELIO NUMERIANO,COLEGIO MARCO AURELIO NUMERIANO,-74.03130000084639,4.737799998372793,WGS 84 / Pseudo-Mercator,"EPSG:4326 (st_set_crs, sin transformar)","lon [-74.3933, -74.0162] lat [3.8295, 4.8239] sobre 2219 de 2221 filas con coordenada finita",plausible,colegios06_2025.gpkg,2025-06-30
311001076031,311001076031,COLEGIO WESLEYANO DEL NORTE,COLEGIO WESLEYANO DEL NORTE,-74.0472999997437,4.741599999368191,WGS 84 / Pseudo-Mercator,"EPSG:4326 (st_set_crs, sin transformar)","lon [-74.3933, -74.0162] lat [3.8295, 4.8239] sobre 2219 de 2221 filas con coordenada finita",plausible,colegios06_2025.gpkg,2025-06-30
311001078092,311001078092,COLEGIO CIUDAD DE LOS CERROS,COLEGIO CIUDAD DE LOS CERROS,-74.02439999952912,4.7657999992370605,WGS 84 / Pseudo-Mercator,"EPSG:4326 (st_set_crs, sin transformar)","lon [-74.3933, -74.0162] lat [3.8295, 4.8239] sobre 2219 de 2221 filas con coordenada finita",plausible,colegios06_2025.gpkg,2025-06-30
311001078734,311001078734,INSTITUTO COLOMBO SUECO,INSTITUTO COLOMBO SUECO,-74.02479999884963,4.743700001388788,WGS 84 / Pseudo-Mercator,"EPSG:4326 (st_set_crs, sin transformar)","lon [-74.3933, -74.0162] lat [3.8295, 4.8239] sobre 2219 de 2221 filas con coordenada finita",plausible,colegios06_2025.gpkg,2025-06-30
311001079803,311001079803,GIMNASIO SAN ANGELO,GIMNASIO SAN ANGELO,-74.04589999839664,4.723999999463558,WGS 84 / Pseudo-Mercator,"EPSG:4326 (st_set_crs, sin transformar)","lon [-74.3933, -74.0162] lat [3.8295, 4.8239] sobre 2219 de 2221 filas con coordenada finita",plausible,colegios06_2025.gpkg,2025-06-30
311001080313,311001080313,COLEGIO VILLA MAGDALA,COLEGIO VILLA MAGDALA,-74.04639999940991,4.740699999034405,WGS 84 / Pseudo-Mercator,"EPSG:4326 (st_set_crs, sin transformar)","lon [-74.3933, -74.0162] lat [3.8295, 4.8239] sobre 2219 de 2221 filas con coordenada finita",plausible,colegios06_2025.gpkg,2025-06-30
311001087725,311001087725,COLEGIO PIERRE DE FERMAT,COLEGIO PIERRE DE FERMAT,-74.02609999850392,4.728500001132488,WGS 84 / Pseudo-Mercator,"EPSG:4326 (st_set_crs, sin transformar)","lon [-74.3933, -74.0162] lat [3.8295, 4.8239] sobre 2219 de 2221 filas con coordenada finita",plausible,colegios06_2025.gpkg,2025-06-30
311001088985,311001088985,JARDIN INFANTIL CHARLY BROWN SAS,JARDIN INFANTIL CHARLY BROWN SAS,-74.0472999997437,4.739399999380112,WGS 84 / Pseudo-Mercator,"EPSG:4326 (st_set_crs, sin transformar)","lon [-74.3933, -74.0162] lat [3.8295, 4.8239] sobre 2219 de 2221 filas con coordenada finita",plausible,colegios06_2025.gpkg,2025-06-30
311001092923,311001092923,COLEGIO RICHARD WAGNER,COLEGIO RICHARD WAGNER,-74.04740000143647,4.7199000008404255,WGS 84 / Pseudo-Mercator,"EPSG:4326 (st_set_crs, sin transformar)","lon [-74.3933, -74.0162] lat [3.8295, 4.8239] sobre 2219 de 2221 filas con coordenada finita",plausible,colegios06_2025.gpkg,2025-06-30
311001092940,311001092940,GIMNASIO MONTEVERDE,GIMNASIO MONTEVERDE,-74.0375999994576,4.725999999791384,WGS 84 / Pseudo-Mercator,"EPSG:4326 (st_set_crs, sin transformar)","lon [-74.3933, -74.0162] lat [3.8295, 4.8239] sobre 2219 de 2221 filas con coordenada finita",plausible,colegios06_2025.gpkg,2025-06-30
311001093971,311001093971,COLEGIO DE LA SANTISIMA EUCARISTIA,COLEGIO DE LA SANTISIMA EUCARISTIA,-74.03090000152588,4.73930000141263,WGS 84 / Pseudo-Mercator,"EPSG:4326 (st_set_crs, sin transformar)","lon [-74.3933, -74.0162] lat [3.8295, 4.8239] sobre 2219 de 2221 filas con coordenada finita",plausible,colegios06_2025.gpkg,2025-06-30
311001095213,311001095213,COLEGIO PSICOPEDAGOGICO MARIE CURIE,COLEGIO PSICOPEDAGOGICO MARIE CURIE,-74.0249000005424,4.731800001114607,WGS 84 / Pseudo-Mercator,"EPSG:4326 (st_set_crs, sin transformar)","lon [-74.3933, -74.0162] lat [3.8295, 4.8239] sobre 2219 de 2221 filas con coordenada finita",plausible,colegios06_2025.gpkg,2025-06-30
311001095701,311001095701,INSTITUTO AMERICANO DEL NORTE,INSTITUTO AMERICANO DEL NORTE,-74.03020000085235,4.759500000625849,WGS 84 / Pseudo-Mercator,"EPSG:4326 (st_set_crs, sin transformar)","lon [-74.3933, -74.0162] lat [3.8295, 4.8239] sobre 2219 de 2221 filas con coordenada finita",plausible,colegios06_2025.gpkg,2025-06-30
311001098336,311001098336,JARDIN INFANTIL AMIGOS PARA SIEMPRE,JARDIN INFANTIL AMIGOS PARA SIEMPRE,-74.04089999943972,4.742199998348951,WGS 84 / Pseudo-Mercator,"EPSG:4326 (st_set_crs, sin transformar)","lon [-74.3933, -74.0162] lat [3.8295, 4.8239] sobre 2219 de 2221 filas con coordenada finita",plausible,colegios06_2025.gpkg,2025-06-30
311001098671,311001098671,COLEGIO GEORGE WASHINGTON SCHOOL,COLEGIO GEORGE WASHINGTON SCHOOL,-74.030000001192093,4.762200001627207,WGS 84 / Pseudo-Mercator,"EPSG:4326 (st_set_crs, sin transformar)","lon [-74.3933, -74.0162] lat [3.8295, 4.8239] sobre 2219 de 2221 filas con coordenada finita",plausible,colegios06_2025.gpkg,2025-06-30
311001098701,311001098701,GIMNASIO LAS PALMAS,GIMNASIO LAS PALMAS,-74.02939999848604,4.762899998575449,WGS 84 / Pseudo-Mercator,"EPSG:4326 (st_set_crs, sin transformar)","lon [-74.3933, -74.0162] lat [3.8295, 4.8239] sobre 2219 de 2221 filas con coordenada finita",plausible,colegios06_2025.gpkg,2025-06-30
311001101591,311001101591,JARDIN INFANTIL CASITA FELIZ,JARDIN INFANTIL CASITA FELIZ,-74.03660000115633,4.729600001126528,WGS 84 / Pseudo-Mercator,"EPSG:4326 (st_set_crs, sin transformar)","lon [-74.3933, -74.0162] lat [3.8295, 4.8239] sobre 2219 de 2221 filas con coordenada finita",plausible,colegios06_2025.gpkg,2025-06-30
311001104069,311001104069,PREESCOLAR SANTA PAULA,PREESCOLAR SANTA PAULA,-74.03689999878407,4.698499999940395,WGS 84 / Pseudo-Mercator,"EPSG:4326 (st_set_crs, sin transformar)","lon [-74.3933, -74.0162] lat [3.8295, 4.8239] sobre 2219 de 2221 filas con coordenada finita",plausible,colegios06_2025.gpkg,2025-06-30
311001104441,311001104441,COLEGIO INFANTIL PSICOPEDAGOGICO CRECER,COLEGIO INFANTIL PSICOPEDAGOGICO CRECER,-74.0262000001967,4.738600000739098,WGS 84 / Pseudo-Mercator,"EPSG:4326 (st_set_crs, sin transformar)","lon [-74.3933, -74.0162] lat [3.8295, 4.8239] sobre 2219 de 2221 filas con coordenada finita",plausible,colegios06_2025.gpkg,2025-06-30
311001107289,311001107289,GIMNASIO ALESSANDRO VOLTA,GIMNASIO ALESSANDRO VOLTA,-74.0278999991715,4.694200001657009,WGS 84 / Pseudo-Mercator,"EPSG:4326 (st_set_crs, sin transformar)","lon [-74.3933, -74.0162] lat [3.8295, 4.8239] sobre 2219 de 2221 filas con coordenada finita",plausible,colegios06_2025.gpkg,2025-06-30
311001107556,311001107556,GIMNASIO PIERRE FAURE,GIMNASIO PIERRE FAURE,-74.03539999946952,4.765999998897314,WGS 84 / Pseudo-Mercator,"EPSG:4326 (st_set_crs, sin transformar)","lon [-74.3933, -74.0162] lat [3.8295, 4.8239] sobre 2219 de 2221 filas con coordenada finita",plausible,colegios06_2025.gpkg,2025-06-30
311001107599,311001107599,COLEGIO RETOS,COLEGIO RETOS,-74.05130000039935,4.709600001573563,WGS 84 / Pseudo-Mercator,"EPSG:4326 (st_set_crs, sin transformar)","lon [-74.3933, -74.0162] lat [3.8295, 4.8239] sobre 2219 de 2221 filas con coordenada finita",plausible,colegios06_2025.gpkg,2025-06-30
311001108129,311001108129,JARDIN INFANTIL PACO Y TUTI,JARDIN INFANTIL PACO Y TUTI,-74.02730000019073,4.723299998790026,WGS 84 / Pseudo-Mercator,"EPSG:4326 (st_set_crs, sin transformar)","lon [-74.3933, -74.0162] lat [3.8295, 4.8239] sobre 2219 de 2221 filas con coordenada finita",plausible,colegios06_2025.gpkg,2025-06-30
311001108366,311001108366,JARDIN INFANTIL STANFORD,JARDIN INFANTIL STANFORD,-74.04410000145435,4.717799998819828,WGS 84 / Pseudo-Mercator,"EPSG:4326 (st_set_crs, sin transformar)","lon [-74.3933, -74.0162] lat [3.8295, 4.8239] sobre 2219 de 2221 filas con coordenada finita",plausible,colegios06_2025.gpkg,2025-06-30
311001108641,311001108641,PREESCOLAR LOS ANDES,PREESCOLAR LOS ANDES,-74.04540000110865,4.724199999123812,WGS 84 / Pseudo-Mercator,"EPSG:4326 (st_set_crs, sin transformar)","lon [-74.3933, -74.0162] lat [3.8295, 4.8239] sobre 2219 de 2221 filas con coordenada finita",plausible,colegios06_2025.gpkg,2025-06-30
311001108790,311001108790,TALLER DE APRENDIZAJE Y JUEGO CASITA FELIZ,TALLER DE APRENDIZAJE Y JUEGO CASITA FELIZ,-74.04340000078082,4.7648999989032745,WGS 84 / Pseudo-Mercator,"EPSG:4326 (st_set_crs, sin transformar)","lon [-74.3933, -74.0162] lat [3.8295, 4.8239] sobre 2219 de 2221 filas con coordenada finita",plausible,colegios06_2025.gpkg,2025-06-30
311001108854,311001108854,EL FARO PREESCOLAR,EL FARO PREESCOLAR,-74.0307999998331,4.715599998831749,WGS 84 / Pseudo-Mercator,"EPSG:4326 (st_set_crs, sin transformar)","lon [-74.3933, -74.0162] lat [3.8295, 4.8239] sobre 2219 de 2221 filas con coordenada finita",plausible,colegios06_2025.gpkg,2025-06-30
311001109460,311001109460,TANDEM,TANDEM,-74.04470000043511,4.690600000321865,WGS 84 / Pseudo-Mercator,"EPSG:4326 (st_set_crs, sin transformar)","lon [-74.3933, -74.0162] lat [3.8295, 4.8239] sobre 2219 de 2221 filas con coordenada finita",plausible,colegios06_2025.gpkg,2025-06-30
311001109664,311001109664,COLEGIO MONTERROSALES - CICLOS,COLEGIO MONTERROSALES - CICLOS,-74.01969999819994,4.674100000411272,WGS 84 / Pseudo-Mercator,"EPSG:4326 (st_set_crs, sin transformar)","lon [-74.3933, -74.0162] lat [3.8295, 4.8239] sobre 2219 de 2221 filas con coordenada finita",plausible,colegios06_2025.gpkg,2025-06-30
311001109729,311001109729,GIMNASIO PLEYADE,GIMNASIO PLEYADE,-74.02820000052452,4.75959999859333,WGS 84 / Pseudo-Mercator,"EPSG:4326 (st_set_crs, sin transformar)","lon [-74.3933, -74.0162] lat [3.8295, 4.8239] sobre 2219 de 2221 filas con coordenada finita",plausible,colegios06_2025.gpkg,2025-06-30
311001110492,311001110492,INSTITUTO DANTE ALIGHIERI,INSTITUTO DANTE ALIGHIERI,-74.02939999848604,4.762899998575449,WGS 84 / Pseudo-Mercator,"EPSG:4326 (st_set_crs, sin transformar)","lon [-74.3933, -74.0162] lat [3.8295, 4.8239] sobre 2219 de 2221 filas con coordenada finita",plausible,colegios06_2025.gpkg,2025-06-30
311001110581,311001110581,INSTITUTO EL ROBLE,INSTITUTO EL ROBLE,-74.04320000112057,4.734299998730421,WGS 84 / Pseudo-Mercator,"EPSG:4326 (st_set_crs, sin transformar)","lon [-74.3933, -74.0162] lat [3.8295, 4.8239] sobre 2219 de 2221 filas con coordenada finita",plausible,colegios06_2025.gpkg,2025-06-30
311001800081,311001800081,QUALIA ALTERNATIVA EDUCATIVA,QUALIA ALTERNATIVA EDUCATIVA,-74.04069999977946,4.696400001645088,WGS 84 / Pseudo-Mercator,"EPSG:4326 (st_set_crs, sin transformar)","lon [-74.3933, -74.0162] lat [3.8295, 4.8239] sobre 2219 de 2221 filas con coordenada finita",plausible,colegios06_2025.gpkg,2025-06-30
311001800171,311001800171,COLEGIO WINDSOR,COLEGIO WINDSOR,-74.0307999998331,4.723099999129772,WGS 84 / Pseudo-Mercator,"EPSG:4326 (st_set_crs, sin transformar)","lon [-74.3933, -74.0162] lat [3.8295, 4.8239] sobre 2219 de 2221 filas con coordenada finita",plausible,colegios06_2025.gpkg,2025-06-30
311001800316,311001800316,COLEGIO ALEJANDRO MAGNO,COLEGIO ALEJANDRO MAGNO,-74.02569999918342,4.733399998396635,WGS 84 / Pseudo-Mercator,"EPSG:4326 (st_set_crs, sin transformar)","lon [-74.3933, -74.0162] lat [3.8295, 4.8239] sobre 2219 de 2221 filas con coordenada finita",plausible,colegios06_2025.gpkg,2025-06-30
311001800499,311001800499,COLEGIO ALFRED MARSHALL,COLEGIO ALFRED MARSHALL,-74.03730000182986,4.761999998241663,WGS 84 / Pseudo-Mercator,"EPSG:4326 (st_set_crs, sin transformar)","lon [-74.3933, -74.0162] lat [3.8295, 4.8239] sobre 2219 de 2221 filas con coordenada finita",plausible,colegios06_2025.gpkg,2025-06-30
311001800588,311001800588,COLEGIO HAPE HABILIDADES DEL PENSAMIENTO,COLEGIO HAPE HABILIDADES DEL PENSAMIENTO,-74.04050000011921,4.718199998140335,WGS 84 / Pseudo-Mercator,"EPSG:4326 (st_set_crs, sin transformar)","lon [-74.3933, -74.0162] lat [3.8295, 4.8239] sobre 2219 de 2221 filas con coordenada finita",plausible,colegios06_2025.gpkg,2025-06-30
311001800898,311001800898,INSTITUCION EDUCATIVA W (WeDo),INSTITUCION EDUCATIVA W (WeDo),-74.0472999997437,4.741599999368191,WGS 84 / Pseudo-Mercator,"EPSG:4326 (st_set_crs, sin transformar)","lon [-74.3933, -74.0162] lat [3.8295, 4.8239] sobre 2219 de 2221 filas con coordenada finita",plausible,colegios06_2025.gpkg,2025-06-30
311001801135,311001801135,COLEGIO EN-CONEXION NORTE,COLEGIO EN-CONEXION NORTE,-74.04089999943972,4.732200000435114,WGS 84 / Pseudo-Mercator,"EPSG:4326 (st_set_crs, sin transformar)","lon [-74.3933, -74.0162] lat [3.8295, 4.8239] sobre 2219 de 2221 filas con coordenada finita",plausible,colegios06_2025.gpkg,2025-06-30
311001801305,311001801305,GIMNASIO PASCAL DE LA SABANA,GIMNASIO PASCAL DE LA SABANA,-74.03849999979138,4.744199998676777,WGS 84 / Pseudo-Mercator,"EPSG:4326 (st_set_crs, sin transformar)","lon [-74.3933, -74.0162] lat [3.8295, 4.8239] sobre 2219 de 2221 filas con coordenada finita",plausible,colegios06_2025.gpkg,2025-06-30
311001801381,311001801381,COLEGIO BILINGÜE KAJUYALI SCHOOL,COLEGIO BILINGÜE KAJUYALI SCHOOL,-74.04369999840856,4.698499999940395,WGS 84 / Pseudo-Mercator,"EPSG:4326 (st_set_crs, sin transformar)","lon [-74.3933, -74.0162] lat [3.8295, 4.8239] sobre 2219 de 2221 filas con coordenada finita",plausible,colegios06_2025.gpkg,2025-06-30
311769002214,311769002214,COLEGIO SAN BENITO DE TIBATI,COLEGIO SAN BENITO DE TIBATI,-74.0333999991417,4.7659000009298325,WGS 84 / Pseudo-Mercator,"EPSG:4326 (st_set_crs, sin transformar)","lon [-74.3933, -74.0162] lat [3.8295, 4.8239] sobre 2219 de 2221 filas con coordenada finita",plausible,colegios06_2025.gpkg,2025-06-30
311848000286,311848000286,GIMNASIO DE LOS CERROS,GIMNASIO DE LOS CERROS,-74.02679999917746,4.693799998611212,WGS 84 / Pseudo-Mercator,"EPSG:4326 (st_set_crs, sin transformar)","lon [-74.3933, -74.0162] lat [3.8295, 4.8239] sobre 2219 de 2221 filas con coordenada finita",plausible,colegios06_2025.gpkg,2025-06-30
311848000294,311848000294,COLEGIO CAMPESTRE SAN JOSE - CCSJ,COLEGIO CAMPESTRE SAN JOSE - CCSJ,-74.04960000142455,4.713199999183416,WGS 84 / Pseudo-Mercator,"EPSG:4326 (st_set_crs, sin transformar)","lon [-74.3933, -74.0162] lat [3.8295, 4.8239] sobre 2219 de 2221 filas con coordenada finita",plausible,colegios06_2025.gpkg,2025-06-30
311848000308,311848000308,COLEGIO ANGLO AMERICANO,COLEGIO ANGLO AMERICANO,-74.028299998492,4.75,WGS 84 / Pseudo-Mercator,"EPSG:4326 (st_set_crs, sin transformar)","lon [-74.3933, -74.0162] lat [3.8295, 4.8239] sobre 2219 de 2221 filas con coordenada finita",plausible,colegios06_2025.gpkg,2025-06-30
311848000341,311848000341,GIMNASIO CAMPESTRE,GIMNASIO CAMPESTRE,-74.02600000053644,4.741799999028444,WGS 84 / Pseudo-Mercator,"EPSG:4326 (st_set_crs, sin transformar)","lon [-74.3933, -74.0162] lat [3.8295, 4.8239] sobre 2219 de 2221 filas con coordenada finita",plausible,colegios06_2025.gpkg,2025-06-30
311848000456,311848000456,COLEGIO CASABLANCA,COLEGIO CASABLANCA,-74.02730000019073,4.739500001072884,WGS 84 / Pseudo-Mercator,"EPSG:4326 (st_set_crs, sin transformar)","lon [-74.3933, -74.0162] lat [3.8295, 4.8239] sobre 2219 de 2221 filas con coordenada finita",plausible,colegios06_2025.gpkg,2025-06-30
311848000481,311848000481,COLEGIO PUREZA DE MARIA,COLEGIO PUREZA DE MARIA,-74.02600000053644,4.722800001502037,WGS 84 / Pseudo-Mercator,"EPSG:4326 (st_set_crs, sin transformar)","lon [-74.3933, -74.0162] lat [3.8295, 4.8239] sobre 2219 de 2221 filas con coordenada finita",plausible,colegios06_2025.gpkg,2025-06-30
311848000499,311848000499,FUNDACION EDUCACIONAL ANA RESTREPO DEL CORRAL,FUNDACION EDUCACIONAL ANA RESTREPO DEL CORRAL,-74.0223999992013,4.703600000590086,WGS 84 / Pseudo-Mercator,"EPSG:4326 (st_set_crs, sin transformar)","lon [-74.3933, -74.0162] lat [3.8295, 4.8239] sobre 2219 de 2221 filas con coordenada finita",plausible,colegios06_2025.gpkg,2025-06-30
311848000588,311848000588,COLEGIO DEL SANTO ANGEL,COLEGIO DEL SANTO ANGEL,-74.02299999818206,4.741099998354912,WGS 84 / Pseudo-Mercator,"EPSG:4326 (st_set_crs, sin transformar)","lon [-74.3933, -74.0162] lat [3.8295, 4.8239] sobre 2219 de 2221 filas con coordenada finita",plausible,colegios06_2025.gpkg,2025-06-30
311848000618,311848000618,COLEGIO SANTO TOMAS DE AQUINO,COLEGIO SANTO TOMAS DE AQUINO,-74.0498000010848,4.717000000178814,WGS 84 / Pseudo-Mercator,"EPSG:4326 (st_set_crs, sin transformar)","lon [-74.3933, -74.0162] lat [3.8295, 4.8239] sobre 2219 de 2221 filas con coordenada finita",plausible,colegios06_2025.gpkg,2025-06-30
311848000626,311848000626,GIMNASIO CULTURAL LIBERTAD,GIMNASIO CULTURAL LIBERTAD,-74.02560000121593,4.728700000792742,WGS 84 / Pseudo-Mercator,"EPSG:4326 (st_set_crs, sin transformar)","lon [-74.3933, -74.0162] lat [3.8295, 4.8239] sobre 2219 de 2221 filas con coordenada finita",plausible,colegios06_2025.gpkg,2025-06-30
311848000634,311848000634,COLEGIO TERESIANO,COLEGIO TERESIANO,-74.04650000110269,4.7342000007629395,WGS 84 / Pseudo-Mercator,"EPSG:4326 (st_set_crs, sin transformar)","lon [-74.3933, -74.0162] lat [3.8295, 4.8239] sobre 2219 de 2221 filas con coordenada finita",plausible,colegios06_2025.gpkg,2025-06-30
311848000693,311848000693,COLEGIO DE INGLATERRA (THE ENGLISH SCHOOL),COLEGIO DE INGLATERRA (THE ENGLISH SCHOOL),-74.03849999979138,4.749600000679493,WGS 84 / Pseudo-Mercator,"EPSG:4326 (st_set_crs, sin transformar)","lon [-74.3933, -74.0162] lat [3.8295, 4.8239] sobre 2219 de 2221 filas con coordenada finita",plausible,colegios06_2025.gpkg,2025-06-30
311848000782,311848000782,GIMNASIO LOS PINOS,GIMNASIO LOS PINOS,-74.0304000005126,4.7699000015854836,WGS 84 / Pseudo-Mercator,"EPSG:4326 (st_set_crs, sin transformar)","lon [-74.3933, -74.0162] lat [3.8295, 4.8239] sobre 2219 de 2221 filas con coordenada finita",plausible,colegios06_2025.gpkg,2025-06-30
311848000791,311848000791,COLEGIO DE NUESTRA SEÑORA DEL BUEN CONSEJO,COLEGIO DE NUESTRA SEÑORA DEL BUEN CONSEJO,-74.0489999987185,4.6900000013411045,WGS 84 / Pseudo-Mercator,"EPSG:4326 (st_set_crs, sin transformar)","lon [-74.3933, -74.0162] lat [3.8295, 4.8239] sobre 2219 de 2221 filas con coordenada finita",plausible,colegios06_2025.gpkg,2025-06-30
311848000812,311848000812,GIMNASIO FEMENINO,GIMNASIO FEMENINO,-74.0287000015378,4.707499999552965,WGS 84 / Pseudo-Mercator,"EPSG:4326 (st_set_crs, sin transformar)","lon [-74.3933, -74.0162] lat [3.8295, 4.8239] sobre 2219 de 2221 filas con coordenada finita",plausible,colegios06_2025.gpkg,2025-06-30
311848000821,311848000821,COLEGIO PROVINMA BILINGÜE,COLEGIO PROVINMA BILINGÜE,-74.03500000014901,4.723799999803305,WGS 84 / Pseudo-Mercator,"EPSG:4326 (st_set_crs, sin transformar)","lon [-74.3933, -74.0162] lat [3.8295, 4.8239] sobre 2219 de 2221 filas con coordenada finita",plausible,colegios06_2025.gpkg,2025-06-30
311848000847,311848000847,COLEGIO MIGUEL ANTONIO CARO,COLEGIO MIGUEL ANTONIO CARO,-74.03130000084639,4.820199999958277,WGS 84 / Pseudo-Mercator,"EPSG:4326 (st_set_crs, sin transformar)","lon [-74.3933, -74.0162] lat [3.8295, 4.8239] sobre 2219 de 2221 filas con coordenada finita",plausible,colegios06_2025.gpkg,2025-06-30
311848000936,311848000936,COLEGIO SANTA MARIA,COLEGIO SANTA MARIA,-74.03280000016093,4.7626999989151955,WGS 84 / Pseudo-Mercator,"EPSG:4326 (st_set_crs, sin transformar)","lon [-74.3933, -74.0162] lat [3.8295, 4.8239] sobre 2219 de 2221 filas con coordenada finita",plausible,colegios06_2025.gpkg,2025-06-30
311848000995,311848000995,COLEGIO CARDENAL SANCHA,COLEGIO CARDENAL SANCHA,-74.05090000107884,4.709800001233816,WGS 84 / Pseudo-Mercator,"EPSG:4326 (st_set_crs, sin transformar)","lon [-74.3933, -74.0162] lat [3.8295, 4.8239] sobre 2219 de 2221 filas con coordenada finita",plausible,colegios06_2025.gpkg,2025-06-30
311848001011,311848001011,COLEGIO ANGLO COLOMBIANO,COLEGIO ANGLO COLOMBIANO,-74.0439000017941,4.7351000010967255,WGS 84 / Pseudo-Mercator,"EPSG:4326 (st_set_crs, sin transformar)","lon [-74.3933, -74.0162] lat [3.8295, 4.8239] sobre 2219 de 2221 filas con coordenada finita",plausible,colegios06_2025.gpkg,2025-06-30
311848002084,311848002084,COLEGIO CALIFORNIA,COLEGIO CALIFORNIA,-74.02679999917746,4.737500000745058,WGS 84 / Pseudo-Mercator,"EPSG:4326 (st_set_crs, sin transformar)","lon [-74.3933, -74.0162] lat [3.8295, 4.8239] sobre 2219 de 2221 filas con coordenada finita",plausible,colegios06_2025.gpkg,2025-06-30
311848002262,311848002262,COLEGIO ITALIANO LEONARDO DA VINCI,COLEGIO ITALIANO LEONARDO DA VINCI,-74.0515000000596,4.707299999892712,WGS 84 / Pseudo-Mercator,"EPSG:4326 (st_set_crs, sin transformar)","lon [-74.3933, -74.0162] lat [3.8295, 4.8239] sobre 2219 de 2221 filas con coordenada finita",plausible,colegios06_2025.gpkg,2025-06-30
311848002271,311848002271,COLEGIO DE LA SALLE,COLEGIO DE LA SALLE,-74.03370000049472,4.7487999983131886,WGS 84 / Pseudo-Mercator,"EPSG:4326 (st_set_crs, sin transformar)","lon [-74.3933, -74.0162] lat [3.8295, 4.8239] sobre 2219 de 2221 filas con coordenada finita",plausible,colegios06_2025.gpkg,2025-06-30
311848002351,311848002351,REDCOL - COLEGIO SANTA FRANCISCA ROMANA,REDCOL - COLEGIO SANTA FRANCISCA ROMANA,-74.0417999997735,4.732400000095367,WGS 84 / Pseudo-Mercator,"EPSG:4326 (st_set_crs, sin transformar)","lon [-74.3933, -74.0162] lat [3.8295, 4.8239] sobre 2219 de 2221 filas con coordenada finita",plausible,colegios06_2025.gpkg,2025-06-30
311848002416,311848002416,COLEGIO MARIA INMACULADA,COLEGIO MARIA INMACULADA,-74.02250000089407,4.744600001722574,WGS 84 / Pseudo-Mercator,"EPSG:4326 (st_set_crs, sin transformar)","lon [-74.3933, -74.0162] lat [3.8295, 4.8239] sobre 2219 de 2221 filas con coordenada finita",plausible,colegios06_2025.gpkg,2025-06-30
311848002424,311848002424,COLEGIO SAN CARLOS,COLEGIO SAN CARLOS,-74.03669999912381,4.770500000566244,WGS 84 / Pseudo-Mercator,"EPSG:4326 (st_set_crs, sin transformar)","lon [-74.3933, -74.0162] lat [3.8295, 4.8239] sobre 2219 de 2221 filas con coordenada finita",plausible,colegios06_2025.gpkg,2025-06-30
311848002432,311848002432,COLEGIO DE LA PRESENTACION SANS FACON,COLEGIO DE LA PRESENTACION SANS FACON,-74.04109999909997,4.7498000003397465,WGS 84 / Pseudo-Mercator,"EPSG:4326 (st_set_crs, sin transformar)","lon [-74.3933, -74.0162] lat [3.8295, 4.8239] sobre 2219 de 2221 filas con coordenada finita",plausible,colegios06_2025.gpkg,2025-06-30
311848002459,311848002459,COLEGIO CLAUSTRO MODERNO,COLEGIO CLAUSTRO MODERNO,-74.02419999986887,4.7534000016748905,WGS 84 / Pseudo-Mercator,"EPSG:4326 (st_set_crs, sin transformar)","lon [-74.3933, -74.0162] lat [3.8295, 4.8239] sobre 2219 de 2221 filas con coordenada finita",plausible,colegios06_2025.gpkg,2025-06-30
311848002513,311848002513,GIMNASIO JOSE JOAQUIN CASAS - BILINGÜE NACIONAL,GIMNASIO JOSE JOAQUIN CASAS - BILINGÜE NACIONAL,-74.02389999851584,4.751800000667572,WGS 84 / Pseudo-Mercator,"EPSG:4326 (st_set_crs, sin transformar)","lon [-74.3933, -74.0162] lat [3.8295, 4.8239] sobre 2219 de 2221 filas con coordenada finita",plausible,colegios06_2025.gpkg,2025-06-30
311848002611,311848002611,LICEO DE CERVANTES,LICEO DE CERVANTES,-74.04439999908209,4.7364999987185,WGS 84 / Pseudo-Mercator,"EPSG:4326 (st_set_crs, sin transformar)","lon [-74.3933, -74.0162] lat [3.8295, 4.8239] sobre 2219 de 2221 filas con coordenada finita",plausible,colegios06_2025.gpkg,2025-06-30
311848002866,311848002866,COLEGIO MAYOR JOSE CELESTINO MUTIS,COLEGIO MAYOR JOSE CELESTINO MUTIS,-74.03260000050068,4.7630999982357025,WGS 84 / Pseudo-Mercator,"EPSG:4326 (st_set_crs, sin transformar)","lon [-74.3933, -74.0162] lat [3.8295, 4.8239] sobre 2219 de 2221 filas con coordenada finita",plausible,colegios06_2025.gpkg,2025-06-30
311848002874,311848002874,COLEGIO CANAPRO,COLEGIO CANAPRO,-74.04109999909997,4.753199998289347,WGS 84 / Pseudo-Mercator,"EPSG:4326 (st_set_crs, sin transformar)","lon [-74.3933, -74.0162] lat [3.8295, 4.8239] sobre 2219 de 2221 filas con coordenada finita",plausible,colegios06_2025.gpkg,2025-06-30
311848003102,311848003102,JARDIN INFANTIL PERIQUITO,JARDIN INFANTIL PERIQUITO,-74.03069999814034,4.688900001347065,WGS 84 / Pseudo-Mercator,"EPSG:4326 (st_set_crs, sin transformar)","lon [-74.3933, -74.0162] lat [3.8295, 4.8239] sobre 2219 de 2221 filas con coordenada finita",plausible,colegios06_2025.gpkg,2025-06-30
311848003439,311848003439,COLEGIO DE LA REINA,COLEGIO DE LA REINA,-74.03559999912977,4.760299999266863,WGS 84 / Pseudo-Mercator,"EPSG:4326 (st_set_crs, sin transformar)","lon [-74.3933, -74.0162] lat [3.8295, 4.8239] sobre 2219 de 2221 filas con coordenada finita",plausible,colegios06_2025.gpkg,2025-06-30
311848003463,311848003463,COLEGIO DE LAS RR ESCLAVAS DEL SAGRADO CORAZON DE JESUS,COLEGIO DE LAS RR ESCLAVAS DEL SAGRADO CORAZON DE JESUS,-74.0430999994278,4.755699999630451,WGS 84 / Pseudo-Mercator,"EPSG:4326 (st_set_crs, sin transformar)","lon [-74.3933, -74.0162] lat [3.8295, 4.8239] sobre 2219 de 2221 filas con coordenada finita",plausible,colegios06_2025.gpkg,2025-06-30
311848003633,311848003633,COLEGIO COMUNAL LAS ORQUIDEAS,COLEGIO COMUNAL LAS ORQUIDEAS,-74.03959999978542,4.739799998700619,WGS 84 / Pseudo-Mercator,"EPSG:4326 (st_set_crs, sin transformar)","lon [-74.3933, -74.0162] lat [3.8295, 4.8239] sobre 2219 de 2221 filas con coordenada finita",plausible,colegios06_2025.gpkg,2025-06-30
311848003714,311848003714,JARDIN INFANTIL LAS PEQUEÑAS SEMILLAS,JARDIN INFANTIL LAS PEQUEÑAS SEMILLAS,-74.04439999908209,4.727600000798702,WGS 84 / Pseudo-Mercator,"EPSG:4326 (st_set_crs, sin transformar)","lon [-74.3933, -74.0162] lat [3.8295, 4.8239] sobre 2219 de 2221 filas con coordenada finita",plausible,colegios06_2025.gpkg,2025-06-30
311848004206,311848004206,JARDIN INFANTIL AMERICANO,JARDIN INFANTIL AMERICANO,-74.0498000010848,4.709499999880791,WGS 84 / Pseudo-Mercator,"EPSG:4326 (st_set_crs, sin transformar)","lon [-74.3933, -74.0162] lat [3.8295, 4.8239] sobre 2219 de 2221 filas con coordenada finita",plausible,colegios06_2025.gpkg,2025-06-30
311848004311,311848004311,COLEGIO GIOVANNI PASCOLI,COLEGIO GIOVANNI PASCOLI,-74.03810000047088,4.765500001609325,WGS 84 / Pseudo-Mercator,"EPSG:4326 (st_set_crs, sin transformar)","lon [-74.3933, -74.0162] lat [3.8295, 4.8239] sobre 2219 de 2221 filas con coordenada finita",plausible,colegios06_2025.gpkg,2025-06-30
311848004672,311848004672,LICEO ANDRES DIAZ VENERO DE LEIVA,LICEO ANDRES DIAZ VENERO DE LEIVA,-74.02670000120997,4.732599999755621,WGS 84 / Pseudo-Mercator,"EPSG:4326 (st_set_crs, sin transformar)","lon [-74.3933, -74.0162] lat [3.8295, 4.8239] sobre 2219 de 2221 filas con coordenada finita",plausible,colegios06_2025.gpkg,2025-06-30
411001108271,411001108271,COLEGIO MARIA AUXILIADORA NORTE,COLEGIO MARIA AUXILIADORA NORTE,-74.0295999981463,4.744600001722574,WGS 84 / Pseudo-Mercator,"EPSG:4326 (st_set_crs, sin transformar)","lon [-74.3933, -74.0162] lat [3.8295, 4.8239] sobre 2219 de 2221 filas con coordenada finita",plausible,colegios06_2025.gpkg,2025-06-30
411001800752,411001800752,COLEGIO MONTERROSALES BILINGÜE,COLEGIO MONTERROSALES BILINGÜE,-74.01969999819994,4.674100000411272,WGS 84 / Pseudo-Mercator,"EPSG:4326 (st_set_crs, sin transformar)","lon [-74.3933, -74.0162] lat [3.8295, 4.8239] sobre 2219 de 2221 filas con coordenada finita",plausible,colegios06_2025.gpkg,2025-06-30
111001016314,111001016314,COLEGIO SIMON RODRIGUEZ (IED),SIMON RODRIGUEZ,-74.06129999831319,4.654399998486042,WGS 84 / Pseudo-Mercator,"EPSG:4326 (st_set_crs, sin transformar)","lon [-74.3933, -74.0162] lat [3.8295, 4.8239] sobre 2219 de 2221 filas con coordenada finita",plausible,colegios06_2025.gpkg,2025-06-30
111001015261,111001016314,COLEGIO SIMON RODRIGUEZ (IED),NUEVA GRANADA,-74.05669999867678,4.648400001227856,WGS 84 / Pseudo-Mercator,"EPSG:4326 (st_set_crs, sin transformar)","lon [-74.3933, -74.0162] lat [3.8295, 4.8239] sobre 2219 de 2221 filas con coordenada finita",plausible,colegios06_2025.gpkg,2025-06-30
111001020249,111001016314,COLEGIO SIMON RODRIGUEZ (IED),BOSQUE CALDERON TEJADA,-74.05400000140071,4.640999998897314,WGS 84 / Pseudo-Mercator,"EPSG:4326 (st_set_crs, sin transformar)","lon [-74.3933, -74.0162] lat [3.8295, 4.8239] sobre 2219 de 2221 filas con coordenada finita",plausible,colegios06_2025.gpkg,2025-06-30
111001033901,111001033901,COLEGIO CAMPESTRE MONTE VERDE (IED),PLAN PADRINOS SAN LUIS,-74.02140000090003,4.670899998396635,WGS 84 / Pseudo-Mercator,"EPSG:4326 (st_set_crs, sin transformar)","lon [-74.3933, -74.0162] lat [3.8295, 4.8239] sobre 2219 de 2221 filas con coordenada finita",plausible,colegios06_2025.gpkg,2025-06-30
211001014545,111001033901,COLEGIO CAMPESTRE MONTE VERDE (IED),JULIO ANTONIO GAITAN,-74.03009999915957,4.675200000405312,WGS 84 / Pseudo-Mercator,"EPSG:4326 (st_set_crs, sin transformar)","lon [-74.3933, -74.0162] lat [3.8295, 4.8239] sobre 2219 de 2221 filas con coordenada finita",plausible,colegios06_2025.gpkg,2025-06-30
111001034665,111001034665,COLEGIO SAN MARTIN DE PORRES (IED),SAN MARTIN DE PORRES,-74.05909999832511,4.630100000649691,WGS 84 / Pseudo-Mercator,"EPSG:4326 (st_set_crs, sin transformar)","lon [-74.3933, -74.0162] lat [3.8295, 4.8239] sobre 2219 de 2221 filas con coordenada finita",plausible,colegios06_2025.gpkg,2025-06-30
111001014559,111001034665,COLEGIO SAN MARTIN DE PORRES (IED),ANTONIO JOSE DE SUCRE,-74.06129999831319,4.63060000166297,WGS 84 / Pseudo-Mercator,"EPSG:4326 (st_set_crs, sin transformar)","lon [-74.3933, -74.0162] lat [3.8295, 4.8239] sobre 2219 de 2221 filas con coordenada finita",plausible,colegios06_2025.gpkg,2025-06-30
311001000832,311001000832,GIMNASIO MODERNO,GIMNASIO MODERNO,-74.05539999902248,4.658500000834465,WGS 84 / Pseudo-Mercator,"EPSG:4326 (st_set_crs, sin transformar)","lon [-74.3933, -74.0162] lat [3.8295, 4.8239] sobre 2219 de 2221 filas con coordenada finita",plausible,colegios06_2025.gpkg,2025-06-30
311001001022,311001001022,COLEGIO DEL ROSARIO DE SANTO DOMINGO,COLEGIO DEL ROSARIO DE SANTO DOMINGO,-74.05229999870062,4.647599998861551,WGS 84 / Pseudo-Mercator,"EPSG:4326 (st_set_crs, sin transformar)","lon [-74.3933, -74.0162] lat [3.8295, 4.8239] sobre 2219 de 2221 filas con coordenada finita",plausible,colegios06_2025.gpkg,2025-06-30
311001002070,311001002070,COLEGIO JORDAN DE SAJONIA,COLEGIO JORDAN DE SAJONIA,-74.05270000174642,4.64979999884963,WGS 84 / Pseudo-Mercator,"EPSG:4326 (st_set_crs, sin transformar)","lon [-74.3933, -74.0162] lat [3.8295, 4.8239] sobre 2219 de 2221 filas con coordenada finita",plausible,colegios06_2025.gpkg,2025-06-30
311001002428,311001002428,COLEGIO NUEVO GIMNASIO,COLEGIO NUEVO GIMNASIO,-74.05429999902844,4.665500000119209,WGS 84 / Pseudo-Mercator,"EPSG:4326 (st_set_crs, sin transformar)","lon [-74.3933, -74.0162] lat [3.8295, 4.8239] sobre 2219 de 2221 filas con coordenada finita",plausible,colegios06_2025.gpkg,2025-06-30
311001004528,311001004528,LICEO DE CERVANTES EL RETIRO,LICEO DE CERVANTES EL RETIRO,-74.0494000017643,4.664599999785423,WGS 84 / Pseudo-Mercator,"EPSG:4326 (st_set_crs, sin transformar)","lon [-74.3933, -74.0162] lat [3.8295, 4.8239] sobre 2219 de 2221 filas con coordenada finita",plausible,colegios06_2025.gpkg,2025-06-30
311001004706,311001004706,COLEGIO DEL SAGRADO CORAZON DE JESUS BETHLEMITAS,COLEGIO DEL SAGRADO CORAZON DE JESUS BETHLEMITAS,-74.05880000069737,4.649599999189377,WGS 84 / Pseudo-Mercator,"EPSG:4326 (st_set_crs, sin transformar)","lon [-74.3933, -74.0162] lat [3.8295, 4.8239] sobre 2219 de 2221 filas con coordenada finita",plausible,colegios06_2025.gpkg,2025-06-30
311001006784,311001006784,GIMNASIO LOS CIPRESES,GIMNASIO LOS CIPRESES,-74.05930000171065,4.6537000015378,WGS 84 / Pseudo-Mercator,"EPSG:4326 (st_set_crs, sin transformar)","lon [-74.3933, -74.0162] lat [3.8295, 4.8239] sobre 2219 de 2221 filas con coordenada finita",plausible,colegios06_2025.gpkg,2025-06-30
311001017492,311001017492,CENTRO DE ESTUDIOS PSICOPEDAGOGICOS,CENTRO DE ESTUDIOS PSICOPEDAGOGICOS,-74.05930000171065,4.6537000015378,WGS 84 / Pseudo-Mercator,"EPSG:4326 (st_set_crs, sin transformar)","lon [-74.3933, -74.0162] lat [3.8295, 4.8239] sobre 2219 de 2221 filas con coordenada finita",plausible,colegios06_2025.gpkg,2025-06-30
311001019568,311001019568,LICEO FRANCES LOUIS PASTEUR,LICEO FRANCES LOUIS PASTEUR,-74.04670000076294,4.668000001460314,WGS 84 / Pseudo-Mercator,"EPSG:4326 (st_set_crs, sin transformar)","lon [-74.3933, -74.0162] lat [3.8295, 4.8239] sobre 2219 de 2221 filas con coordenada finita",plausible,colegios06_2025.gpkg,2025-06-30
311001019941,311001019941,COLEGIO NUEVA GRANADA,COLEGIO NUEVA GRANADA,-74.05020000040531,4.646999999880791,WGS 84 / Pseudo-Mercator,"EPSG:4326 (st_set_crs, sin transformar)","lon [-74.3933, -74.0162] lat [3.8295, 4.8239] sobre 2219 de 2221 filas con coordenada finita",plausible,colegios06_2025.gpkg,2025-06-30
311001031134,311001031134,JARDIN INFANTIL CARRUSEL,JARDIN INFANTIL CARRUSEL,-74.06140000000596,4.6427000015974045,WGS 84 / Pseudo-Mercator,"EPSG:4326 (st_set_crs, sin transformar)","lon [-74.3933, -74.0162] lat [3.8295, 4.8239] sobre 2219 de 2221 filas con coordenada finita",plausible,colegios06_2025.gpkg,2025-06-30
311001087440,311001087440,COLEGIO FILADELFIA,COLEGIO FILADELFIA,-74.06089999899268,4.647399999201298,WGS 84 / Pseudo-Mercator,"EPSG:4326 (st_set_crs, sin transformar)","lon [-74.3933, -74.0162] lat [3.8295, 4.8239] sobre 2219 de 2221 filas con coordenada finita",plausible,colegios06_2025.gpkg,2025-06-30
311001088403,311001088403,COLEGIO INTEGRAL,COLEGIO INTEGRAL,-74.06140000000596,4.657600000500679,WGS 84 / Pseudo-Mercator,"EPSG:4326 (st_set_crs, sin transformar)","lon [-74.3933, -74.0162] lat [3.8295, 4.8239] sobre 2219 de 2221 filas con coordenada finita",plausible,colegios06_2025.gpkg,2025-06-30
311001104492,311001104492,JARDIN INFANTIL TALLER DE ARTE ARCO IRIS,JARDIN INFANTIL TALLER DE ARTE ARCO IRIS,-74.04809999838471,4.668999999761581,WGS 84 / Pseudo-Mercator,"EPSG:4326 (st_set_crs, sin transformar)","lon [-74.3933, -74.0162] lat [3.8295, 4.8239] sobre 2219 de 2221 filas con coordenada finita",plausible,colegios06_2025.gpkg,2025-06-30
311001104549,311001104549,POLITECNICO UNIVERSAL DE CAPACITACION UNICAP,POLITECNICO UNIVERSAL DE CAPACITACION UNICAP,-74.06019999831915,4.655299998819828,WGS 84 / Pseudo-Mercator,"EPSG:4326 (st_set_crs, sin transformar)","lon [-74.3933, -74.0162] lat [3.8295, 4.8239] sobre 2219 de 2221 filas con coordenada finita",plausible,colegios06_2025.gpkg,2025-06-30
311001108137,311001108137,COLEGIO FUNDACION NUEVA GRANADA,COLEGIO FUNDACION NUEVA GRANADA,-74.05139999836683,4.64809999987483,WGS 84 / Pseudo-Mercator,"EPSG:4326 (st_set_crs, sin transformar)","lon [-74.3933, -74.0162] lat [3.8295, 4.8239] sobre 2219 de 2221 filas con coordenada finita",plausible,colegios06_2025.gpkg,2025-06-30
311001110034,311001110034,COLEGIO UNILATINA,COLEGIO UNILATINA,-74.06230000033975,4.631999999284744,WGS 84 / Pseudo-Mercator,"EPSG:4326 (st_set_crs, sin transformar)","lon [-74.3933, -74.0162] lat [3.8295, 4.8239] sobre 2219 de 2221 filas con coordenada finita",plausible,colegios06_2025.gpkg,2025-06-30
311001800308,311001800308,COLEGIO KUEPA,COLEGIO KUEPA,-74.06060000136495,4.6587000004947186,WGS 84 / Pseudo-Mercator,"EPSG:4326 (st_set_crs, sin transformar)","lon [-74.3933, -74.0162] lat [3.8295, 4.8239] sobre 2219 de 2221 filas con coordenada finita",plausible,colegios06_2025.gpkg,2025-06-30
311001800847,311001800847,ARETE,ARETE,-74.05559999868274,4.648899998515844,WGS 84 / Pseudo-Mercator,"EPSG:4326 (st_set_crs, sin transformar)","lon [-74.3933, -74.0162] lat [3.8295, 4.8239] sobre 2219 de 2221 filas con coordenada finita",plausible,colegios06_2025.gpkg,2025-06-30
111001009831,111001009831,COLEGIO POLICARPA SALAVARRIETA (IED),POLICARPA SALAVARRIETA,-74.06780000030994,4.614599999040365,WGS 84 / Pseudo-Mercator,"EPSG:4326 (st_set_crs, sin transformar)","lon [-74.3933, -74.0162] lat [3.8295, 4.8239] sobre 2219 de 2221 filas con coordenada finita",plausible,colegios06_2025.gpkg,2025-06-30
111001015326,111001009831,COLEGIO POLICARPA SALAVARRIETA (IED),REPUBLICA DE ARGENTINA,-74.06920000165701,4.604899998754263,WGS 84 / Pseudo-Mercator,"EPSG:4326 (st_set_crs, sin transformar)","lon [-74.3933, -74.0162] lat [3.8295, 4.8239] sobre 2219 de 2221 filas con coordenada finita",plausible,colegios06_2025.gpkg,2025-06-30
111001010839,111001010839,COLEGIO EXTERNADO NACIONAL CAMILO TORRES (IED),CAMILO TORRES,-74.06740000098944,4.620400000363588,WGS 84 / Pseudo-Mercator,"EPSG:4326 (st_set_crs, sin transformar)","lon [-74.3933, -74.0162] lat [3.8295, 4.8239] sobre 2219 de 2221 filas con coordenada finita",plausible,colegios06_2025.gpkg,2025-06-30
111001013242,111001013242,COLEGIO AULAS COLOMBIANAS SAN LUIS (IED),AULAS COLOMBIANAS EL CONSUELO,-74.07110000029206,4.580800000578165,WGS 84 / Pseudo-Mercator,"EPSG:4326 (st_set_crs, sin transformar)","lon [-74.3933, -74.0162] lat [3.8295, 4.8239] sobre 2219 de 2221 filas con coordenada finita",plausible,colegios06_2025.gpkg,2025-06-30
111001086371,111001013242,COLEGIO AULAS COLOMBIANAS SAN LUIS (IED),SAN LUIS EL DORADO,-74.07299999892712,4.5802000015974045,WGS 84 / Pseudo-Mercator,"EPSG:4326 (st_set_crs, sin transformar)","lon [-74.3933, -74.0162] lat [3.8295, 4.8239] sobre 2219 de 2221 filas con coordenada finita",plausible,colegios06_2025.gpkg,2025-06-30
111001801390,111001013242,COLEGIO AULAS COLOMBIANAS SAN LUIS (IED),VITELMA,-74.07129999995232,4.5775000005960464,WGS 84 / Pseudo-Mercator,"EPSG:4326 (st_set_crs, sin transformar)","lon [-74.3933, -74.0162] lat [3.8295, 4.8239] sobre 2219 de 2221 filas con coordenada finita",plausible,colegios06_2025.gpkg,2025-06-30
111001032409,111001032409,COLEGIO JORGE SOTO DEL CORRAL (IED),JORGE SOTO DEL CORRAL,-74.07339999824762,4.587699998170137,WGS 84 / Pseudo-Mercator,"EPSG:4326 (st_set_crs, sin transformar)","lon [-74.3933, -74.0162] lat [3.8295, 4.8239] sobre 2219 de 2221 filas con coordenada finita",plausible,colegios06_2025.gpkg,2025-06-30
111001015563,111001032409,COLEGIO JORGE SOTO DEL CORRAL (IED),ATANASIO GIRARDOT,-74.07339999824762,4.584699999541044,WGS 84 / Pseudo-Mercator,"EPSG:4326 (st_set_crs, sin transformar)","lon [-74.3933, -74.0162] lat [3.8295, 4.8239] sobre 2219 de 2221 filas con coordenada finita",plausible,colegios06_2025.gpkg,2025-06-30
111001015512,111001032409,COLEGIO JORGE SOTO DEL CORRAL (IED),EL GUAVIO,-74.07030000165105,4.588599998503923,WGS 84 / Pseudo-Mercator,"EPSG:4326 (st_set_crs, sin transformar)","lon [-74.3933, -74.0162] lat [3.8295, 4.8239] sobre 2219 de 2221 filas con coordenada finita",plausible,colegios06_2025.gpkg,2025-06-30
111001036544,111001036544,COLEGIO ANTONIO JOSE URIBE (IED),ANTONIO JOSE URIBE,-74.08229999989271,4.5921999998390675,WGS 84 / Pseudo-Mercator,"EPSG:4326 (st_set_crs, sin transformar)","lon [-74.3933, -74.0162] lat [3.8295, 4.8239] sobre 2219 de 2221 filas con coordenada finita",plausible,colegios06_2025.gpkg,2025-06-30
111001015491,111001036544,COLEGIO ANTONIO JOSE URIBE (IED),LOS ANGELES,-74.08460000157356,4.5934999994933605,WGS 84 / Pseudo-Mercator,"EPSG:4326 (st_set_crs, sin transformar)","lon [-74.3933, -74.0162] lat [3.8295, 4.8239] sobre 2219 de 2221 filas con coordenada finita",plausible,colegios06_2025.gpkg,2025-06-30
111001094901,111001094901,COLEGIO MANUEL ELKIN PATARROYO (IED),MANUEL ELKIN PATARROYO,-74.06459999829531,4.61769999936223,WGS 84 / Pseudo-Mercator,"EPSG:4326 (st_set_crs, sin transformar)","lon [-74.3933, -74.0162] lat [3.8295, 4.8239] sobre 2219 de 2221 filas con coordenada finita",plausible,colegios06_2025.gpkg,2025-06-30
111001100030,111001100030,COLEGIO LA GIRALDA (IED),COLEGIO LA GIRALDA (IED) - SEDE PRINCIPAL,-74.07919999957085,4.583099998533726,WGS 84 / Pseudo-Mercator,"EPSG:4326 (st_set_crs, sin transformar)","lon [-74.3933, -74.0162] lat [3.8295, 4.8239] sobre 2219 de 2221 filas con coordenada finita",plausible,colegios06_2025.gpkg,2025-06-30
211001027485,211001027485,COLEGIO EL VERJON (IED),EL VERJON ALTO,-74.02400000020862,4.583000000566244,WGS 84 / Pseudo-Mercator,"EPSG:4326 (st_set_crs, sin transformar)","lon [-74.3933, -74.0162] lat [3.8295, 4.8239] sobre 2219 de 2221 filas con coordenada finita",plausible,colegios06_2025.gpkg,2025-06-30
311001000328,311001000328,COLEGIO DE MARIA AUXILIADORA,COLEGIO DE MARIA AUXILIADORA,-74.06890000030398,4.617800001055002,WGS 84 / Pseudo-Mercator,"EPSG:4326 (st_set_crs, sin transformar)","lon [-74.3933, -74.0162] lat [3.8295, 4.8239] sobre 2219 de 2221 filas con coordenada finita",plausible,colegios06_2025.gpkg,2025-06-30
311001007021,311001007021,COLEGIO RAMON B JIMENO,COLEGIO RAMON B JIMENO,-74.06560000032187,4.610199999064207,WGS 84 / Pseudo-Mercator,"EPSG:4326 (st_set_crs, sin transformar)","lon [-74.3933, -74.0162] lat [3.8295, 4.8239] sobre 2219 de 2221 filas con coordenada finita",plausible,colegios06_2025.gpkg,2025-06-30
311001008540,311001008540,COLEGIO SIGLO XXI,COLEGIO SIGLO XXI,-74.07119999825954,4.604800000786781,WGS 84 / Pseudo-Mercator,"EPSG:4326 (st_set_crs, sin transformar)","lon [-74.3933, -74.0162] lat [3.8295, 4.8239] sobre 2219 de 2221 filas con coordenada finita",plausible,colegios06_2025.gpkg,2025-06-30
311001008949,311001008949,INSTITUTO SAN BERNARDO DE LA SALLE,INSTITUTO SAN BERNARDO DE LA SALLE,-74.08599999919534,4.592799998819828,WGS 84 / Pseudo-Mercator,"EPSG:4326 (st_set_crs, sin transformar)","lon [-74.3933, -74.0162] lat [3.8295, 4.8239] sobre 2219 de 2221 filas con coordenada finita",plausible,colegios06_2025.gpkg,2025-06-30
311001010820,311001010820,COLEGIO SAN BARTOLOME LA MERCED,COLEGIO SAN BARTOLOME LA MERCED,-74.06489999964833,4.62049999833107,WGS 84 / Pseudo-Mercator,"EPSG:4326 (st_set_crs, sin transformar)","lon [-74.3933, -74.0162] lat [3.8295, 4.8239] sobre 2219 de 2221 filas con coordenada finita",plausible,colegios06_2025.gpkg,2025-06-30
311001017727,311001017727,COLEGIO DE LAS MERCEDES,COLEGIO DE LAS MERCEDES,-74.07440000027418,4.6114000007510185,WGS 84 / Pseudo-Mercator,"EPSG:4326 (st_set_crs, sin transformar)","lon [-74.3933, -74.0162] lat [3.8295, 4.8239] sobre 2219 de 2221 filas con coordenada finita",plausible,colegios06_2025.gpkg,2025-06-30
311001024383,311001024383,LICEO MATER DEI,LICEO MATER DEI,-74.06459999829531,4.588599998503923,WGS 84 / Pseudo-Mercator,"EPSG:4326 (st_set_crs, sin transformar)","lon [-74.3933, -74.0162] lat [3.8295, 4.8239] sobre 2219 de 2221 filas con coordenada finita",plausible,colegios06_2025.gpkg,2025-06-30
311001026441,311001026441,COLEGIO LOS PINOS (IED),LOS PINOS,-74.06810000166297,4.587699998170137,WGS 84 / Pseudo-Mercator,"EPSG:4326 (st_set_crs, sin transformar)","lon [-74.3933, -74.0162] lat [3.8295, 4.8239] sobre 2219 de 2221 filas con coordenada finita",plausible,colegios06_2025.gpkg,2025-06-30
111001013463,311001026441,COLEGIO LOS PINOS (IED),EFRAIN CAÑAVERA,-74.0667000003159,4.587499998509884,WGS 84 / Pseudo-Mercator,"EPSG:4326 (st_set_crs, sin transformar)","lon [-74.3933, -74.0162] lat [3.8295, 4.8239] sobre 2219 de 2221 filas con coordenada finita",plausible,colegios06_2025.gpkg,2025-06-30
111001013412,311001026441,COLEGIO LOS PINOS (IED),EL PAREJO,-74.06659999862313,4.591400001198053,WGS 84 / Pseudo-Mercator,"EPSG:4326 (st_set_crs, sin transformar)","lon [-74.3933, -74.0162] lat [3.8295, 4.8239] sobre 2219 de 2221 filas con coordenada finita",plausible,colegios06_2025.gpkg,2025-06-30
311001035857,311001035857,COLEGIO DE SALERNO,COLEGIO DE SALERNO,-74.07840000092983,4.589499998837709,WGS 84 / Pseudo-Mercator,"EPSG:4326 (st_set_crs, sin transformar)","lon [-74.3933, -74.0162] lat [3.8295, 4.8239] sobre 2219 de 2221 filas con coordenada finita",plausible,colegios06_2025.gpkg,2025-06-30
311001089345,311001089345,CENTRO EDUCATIVO DE LA A.C.F. JULIA RONCANCIO,CENTRO EDUCATIVO DE LA A.C.F. JULIA RONCANCIO,-74.06850000098348,4.587099999189377,WGS 84 / Pseudo-Mercator,"EPSG:4326 (st_set_crs, sin transformar)","lon [-74.3933, -74.0162] lat [3.8295, 4.8239] sobre 2219 de 2221 filas con coordenada finita",plausible,colegios06_2025.gpkg,2025-06-30
311001092532,311001092532,CENTRO DE CAPACITACION BOLIVAR - CENCABO,CENTRO DE CAPACITACION BOLIVAR - CENCABO,-74.06899999827147,4.624400001019239,WGS 84 / Pseudo-Mercator,"EPSG:4326 (st_set_crs, sin transformar)","lon [-74.3933, -74.0162] lat [3.8295, 4.8239] sobre 2219 de 2221 filas con coordenada finita",plausible,colegios06_2025.gpkg,2025-06-30
311001109532,311001109532,COLEGIO CORPORACION IBEROAMERICANA,COLEGIO CORPORACION IBEROAMERICANA,-74.07039999961853,4.605599999427795,WGS 84 / Pseudo-Mercator,"EPSG:4326 (st_set_crs, sin transformar)","lon [-74.3933, -74.0162] lat [3.8295, 4.8239] sobre 2219 de 2221 filas con coordenada finita",plausible,colegios06_2025.gpkg,2025-06-30
311001800332,311001800332,COLEGIO UNIVERSITARIA DE COLOMBIA,COLEGIO UNIVERSITARIA DE COLOMBIA,-74.0663000009954,4.6229999996721745,WGS 84 / Pseudo-Mercator,"EPSG:4326 (st_set_crs, sin transformar)","lon [-74.3933, -74.0162] lat [3.8295, 4.8239] sobre 2219 de 2221 filas con coordenada finita",plausible,colegios06_2025.gpkg,2025-06-30
311769001757,311769001757,COLEGIO BENPOSTA NACION DE MUCHACHOS,COLEGIO BENPOSTA NACION DE MUCHACHOS,-74.06430000066757,4.590199999511242,WGS 84 / Pseudo-Mercator,"EPSG:4326 (st_set_crs, sin transformar)","lon [-74.3933, -74.0162] lat [3.8295, 4.8239] sobre 2219 de 2221 filas con coordenada finita",plausible,colegios06_2025.gpkg,2025-06-30
111001000353,111001000353,COLEGIO SALESIANO JUAN DEL RIZZO,COLEGIO SALESIANO JUAN DEL RIZZO,-74.094999998807907,4.569200001657009,WGS 84 / Pseudo-Mercator,"EPSG:4326 (st_set_crs, sin transformar)","lon [-74.3933, -74.0162] lat [3.8295, 4.8239] sobre 2219 de 2221 filas con coordenada finita",plausible,colegios06_2025.gpkg,2025-06-30
111001011975,111001011975,COLEGIO GRAN COLOMBIA (CED),GRAN COLOMBIA,-74.0700999982655,4.56810000166297,WGS 84 / Pseudo-Mercator,"EPSG:4326 (st_set_crs, sin transformar)","lon [-74.3933, -74.0162] lat [3.8295, 4.8239] sobre 2219 de 2221 filas con coordenada finita",plausible,colegios06_2025.gpkg,2025-06-30
111001012033,111001012033,COLEGIO VEINTE DE JULIO (IED),SEDE A - VEINTE DE JULIO,-74.09479999914765,4.571299999952316,WGS 84 / Pseudo-Mercator,"EPSG:4326 (st_set_crs, sin transformar)","lon [-74.3933, -74.0162] lat [3.8295, 4.8239] sobre 2219 de 2221 filas con coordenada finita",plausible,colegios06_2025.gpkg,2025-06-30
111001012246,111001012246,COLEGIO PANTALEON GAITAN PEREZ (CED),PANTALEON GAITAN PEREZ,-74.07479999959469,4.569200001657009,WGS 84 / Pseudo-Mercator,"EPSG:4326 (st_set_crs, sin transformar)","lon [-74.3933, -74.0162] lat [3.8295, 4.8239] sobre 2219 de 2221 filas con coordenada finita",plausible,colegios06_2025.gpkg,2025-06-30
111001012301,111001012301,COLEGIO SAN JOSE SUR ORIENTAL (IED),SAN JOSE SUR ORIENTAL,-74.08419999852777,4.546300001442432,WGS 84 / Pseudo-Mercator,"EPSG:4326 (st_set_crs, sin transformar)","lon [-74.3933, -74.0162] lat [3.8295, 4.8239] sobre 2219 de 2221 filas con coordenada finita",plausible,colegios06_2025.gpkg,2025-06-30
111001012335,111001012335,COLEGIO JUANA ESCOBAR (IED),JUANA ESCOBAR,-74.08559999987483,4.530900001525879,WGS 84 / Pseudo-Mercator,"EPSG:4326 (st_set_crs, sin transformar)","lon [-74.3933, -74.0162] lat [3.8295, 4.8239] sobre 2219 de 2221 filas con coordenada finita",plausible,colegios06_2025.gpkg,2025-06-30
111001086576,111001012335,COLEGIO JUANA ESCOBAR (IED),SAN LUIS SURORIENTAL,-74.0890999995172,4.532000001519918,WGS 84 / Pseudo-Mercator,"EPSG:4326 (st_set_crs, sin transformar)","lon [-74.3933, -74.0162] lat [3.8295, 4.8239] sobre 2219 de 2221 filas con coordenada finita",plausible,colegios06_2025.gpkg,2025-06-30
111001014184,111001012335,COLEGIO JUANA ESCOBAR (IED),REPUBLICA DE CANADA II,-74.08889999985695,4.532200001180172,WGS 84 / Pseudo-Mercator,"EPSG:4326 (st_set_crs, sin transformar)","lon [-74.3933, -74.0162] lat [3.8295, 4.8239] sobre 2219 de 2221 filas con coordenada finita",plausible,colegios06_2025.gpkg,2025-06-30
111001012475,111001012475,COLEGIO AGUAS CLARAS (CED),AGUAS CLARAS,-74.06740000098944,4.561900001019239,WGS 84 / Pseudo-Mercator,"EPSG:4326 (st_set_crs, sin transformar)","lon [-74.3933, -74.0162] lat [3.8295, 4.8239] sobre 2219 de 2221 filas con coordenada finita",plausible,colegios06_2025.gpkg,2025-06-30
111001014168,111001014168,COLEGIO ALTAMIRA SUR ORIENTAL (IED),ALTAMIRA SUR ORIENTAL,-74.08500000089407,4.545499999076128,WGS 84 / Pseudo-Mercator,"EPSG:4326 (st_set_crs, sin transformar)","lon [-74.3933, -74.0162] lat [3.8295, 4.8239] sobre 2219 de 2221 filas con coordenada finita",plausible,colegios06_2025.gpkg,2025-06-30
111001014192,111001014168,COLEGIO ALTAMIRA SUR ORIENTAL (IED),NUEVA GLORIA,-74.08630000054836,4.539500001817942,WGS 84 / Pseudo-Mercator,"EPSG:4326 (st_set_crs, sin transformar)","lon [-74.3933, -74.0162] lat [3.8295, 4.8239] sobre 2219 de 2221 filas con coordenada finita",plausible,colegios06_2025.gpkg,2025-06-30
111001012378,111001014168,COLEGIO ALTAMIRA SUR ORIENTAL (IED),REPUBLICA DE ISRAEL,-74.08960000053048,4.543999999761581,WGS 84 / Pseudo-Mercator,"EPSG:4326 (st_set_crs, sin transformar)","lon [-74.3933, -74.0162] lat [3.8295, 4.8239] sobre 2219 de 2221 filas con coordenada finita",plausible,colegios06_2025.gpkg,2025-06-30
111001014176,111001014176,COLEGIO TECNICO SAN CRISTOBAL SUR (IED),SAN CRISTOBAL SUR,-74.0793999992311,4.569699998944998,WGS 84 / Pseudo-Mercator,"EPSG:4326 (st_set_crs, sin transformar)","lon [-74.3933, -74.0162] lat [3.8295, 4.8239] sobre 2219 de 2221 filas con coordenada finita",plausible,colegios06_2025.gpkg,2025-06-30
111001012220,111001014176,COLEGIO TECNICO SAN CRISTOBAL SUR (IED),JOSE A MORALES,-74.08089999854565,4.569200001657009,WGS 84 / Pseudo-Mercator,"EPSG:4326 (st_set_crs, sin transformar)","lon [-74.3933, -74.0162] lat [3.8295, 4.8239] sobre 2219 de 2221 filas con coordenada finita",plausible,colegios06_2025.gpkg,2025-06-30
111001000213,111001014176,COLEGIO TECNICO SAN CRISTOBAL SUR (IED),JARDIN INFANTIL NACIONAL POPULAR No 2,-74.08240000158548,4.571800000965595,WGS 84 / Pseudo-Mercator,"EPSG:4326 (st_set_crs, sin transformar)","lon [-74.3933, -74.0162] lat [3.8295, 4.8239] sobre 2219 de 2221 filas con coordenada finita",plausible,colegios06_2025.gpkg,2025-06-30
111001014451,111001014451,COLEGIO JOSE ACEVEDO Y GOMEZ (IED),JOSE ACEVEDO Y GOMEZ,-74.08370000123978,4.562399998307228,WGS 84 / Pseudo-Mercator,"EPSG:4326 (st_set_crs, sin transformar)","lon [-74.3933, -74.0162] lat [3.8295, 4.8239] sobre 2219 de 2221 filas con coordenada finita",plausible,colegios06_2025.gpkg,2025-06-30
111001012211,111001014451,COLEGIO JOSE ACEVEDO Y GOMEZ (IED),RAMAJAL,-74.08289999887347,4.559500001370907,WGS 84 / Pseudo-Mercator,"EPSG:4326 (st_set_crs, sin transformar)","lon [-74.3933, -74.0162] lat [3.8295, 4.8239] sobre 2219 de 2221 filas con coordenada finita",plausible,colegios06_2025.gpkg,2025-06-30
111001015903,111001015903,COLEGIO MONTEBELLO (IED),MONTEBELLO,-74.08799999952316,4.566799998283386,WGS 84 / Pseudo-Mercator,"EPSG:4326 (st_set_crs, sin transformar)","lon [-74.3933, -74.0162] lat [3.8295, 4.8239] sobre 2219 de 2221 filas con coordenada finita",plausible,colegios06_2025.gpkg,2025-06-30
111001015938,111001015903,COLEGIO MONTEBELLO (IED),JOSE MARIA CORDOBA,-74.08960000053048,4.563799999654293,WGS 84 / Pseudo-Mercator,"EPSG:4326 (st_set_crs, sin transformar)","lon [-74.3933, -74.0162] lat [3.8295, 4.8239] sobre 2219 de 2221 filas con coordenada finita",plausible,colegios06_2025.gpkg,2025-06-30
111001015911,111001015911,COLEGIO LOS ALPES (IED),SEDE A - LOS ALPES,-74.08480000123382,4.552799999713898,WGS 84 / Pseudo-Mercator,"EPSG:4326 (st_set_crs, sin transformar)","lon [-74.3933, -74.0162] lat [3.8295, 4.8239] sobre 2219 de 2221 filas con coordenada finita",plausible,colegios06_2025.gpkg,2025-06-30
111001015920,111001015911,COLEGIO LOS ALPES (IED),SEDE B - LOS ALPES,-74.08790000155568,4.5507000014185905,WGS 84 / Pseudo-Mercator,"EPSG:4326 (st_set_crs, sin transformar)","lon [-74.3933, -74.0162] lat [3.8295, 4.8239] sobre 2219 de 2221 filas con coordenada finita",plausible,colegios06_2025.gpkg,2025-06-30
111001016004,111001016004,COLEGIO LA BELLEZA LOS LIBERTADORES (IED),LA BELLEZA,-74.09219999983907,4.5304000005126,WGS 84 / Pseudo-Mercator,"EPSG:4326 (st_set_crs, sin transformar)","lon [-74.3933, -74.0162] lat [3.8295, 4.8239] sobre 2219 de 2221 filas con coordenada finita",plausible,colegios06_2025.gpkg,2025-06-30
111001016012,111001016004,COLEGIO LA BELLEZA LOS LIBERTADORES (IED),LOS LIBERTADORES,-74.08980000019073,4.5329000018537045,WGS 84 / Pseudo-Mercator,"EPSG:4326 (st_set_crs, sin transformar)","lon [-74.3933, -74.0162] lat [3.8295, 4.8239] sobre 2219 de 2221 filas con coordenada finita",plausible,colegios06_2025.gpkg,2025-06-30
111001018252,111001018252,COLEGIO JOSE MARIA CARBONELL (IED),JOSE MARIA CARBONELL,-74.1009000018239,4.559300001710653,WGS 84 / Pseudo-Mercator,"EPSG:4326 (st_set_crs, sin transformar)","lon [-74.3933, -74.0162] lat [3.8295, 4.8239] sobre 2219 de 2221 filas con coordenada finita",plausible,colegios06_2025.gpkg,2025-06-30
111001018309,111001018309,COLEGIO ATENAS (IED),ATENAS,-74.09369999915361,4.556800000369549,WGS 84 / Pseudo-Mercator,"EPSG:4326 (st_set_crs, sin transformar)","lon [-74.3933, -74.0162] lat [3.8295, 4.8239] sobre 2219 de 2221 filas con coordenada finita",plausible,colegios06_2025.gpkg,2025-06-30
111001018325,111001018325,COLEGIO JOSE JOAQUIN CASTRO MARTINEZ (IED),JOSE JOAQUIN CASTRO MARTINEZ,-74.0929000005126,4.559799998998642,WGS 84 / Pseudo-Mercator,"EPSG:4326 (st_set_crs, sin transformar)","lon [-74.3933, -74.0162] lat [3.8295, 4.8239] sobre 2219 de 2221 filas con coordenada finita",plausible,colegios06_2025.gpkg,2025-06-30
111001020451,111001018325,COLEGIO JOSE JOAQUIN CASTRO MARTINEZ (IED),SAN VICENTE SURORIENTAL,-74.08839999884367,4.555599998682737,WGS 84 / Pseudo-Mercator,"EPSG:4326 (st_set_crs, sin transformar)","lon [-74.3933, -74.0162] lat [3.8295, 4.8239] sobre 2219 de 2221 filas con coordenada finita",plausible,colegios06_2025.gpkg,2025-06-30
111001018333,111001018333,COLEGIO EL RODEO (IED),EL RODEO,-74.09519999846816,4.551300000399351,WGS 84 / Pseudo-Mercator,"EPSG:4326 (st_set_crs, sin transformar)","lon [-74.3933, -74.0162] lat [3.8295, 4.8239] sobre 2219 de 2221 filas con coordenada finita",plausible,colegios06_2025.gpkg,2025-06-30
111001016284,111001018333,COLEGIO EL RODEO (IED),LA GLORIA,-74.09259999915957,4.546000000089407,WGS 84 / Pseudo-Mercator,"EPSG:4326 (st_set_crs, sin transformar)","lon [-74.3933, -74.0162] lat [3.8295, 4.8239] sobre 2219 de 2221 filas con coordenada finita",plausible,colegios06_2025.gpkg,2025-06-30
111001018341,111001018341,COLEGIO FRANCISCO JAVIER MATIZ (IED),FRANCISCO JAVIER MATIZ,-74.09340000152588,4.565200001001358,WGS 84 / Pseudo-Mercator,"EPSG:4326 (st_set_crs, sin transformar)","lon [-74.3933, -74.0162] lat [3.8295, 4.8239] sobre 2219 de 2221 filas con coordenada finita",plausible,colegios06_2025.gpkg,2025-06-30
111001018414,111001018341,COLEGIO FRANCISCO JAVIER MATIZ (IED),SURAMERICA,-74.09490000084043,4.565999999642372,WGS 84 / Pseudo-Mercator,"EPSG:4326 (st_set_crs, sin transformar)","lon [-74.3933, -74.0162] lat [3.8295, 4.8239] sobre 2219 de 2221 filas con coordenada finita",plausible,colegios06_2025.gpkg,2025-06-30
111001018368,111001018368,COLEGIO LA VICTORIA (IED),LA VICTORIA,-74.09340000152588,4.552299998700619,WGS 84 / Pseudo-Mercator,"EPSG:4326 (st_set_crs, sin transformar)","lon [-74.3933, -74.0162] lat [3.8295, 4.8239] sobre 2219 de 2221 filas con coordenada finita",plausible,colegios06_2025.gpkg,2025-06-30
111001018406,111001018368,COLEGIO LA VICTORIA (IED),SANTAFEREÑA I,-74.09369999915361,4.554200001060963,WGS 84 / Pseudo-Mercator,"EPSG:4326 (st_set_crs, sin transformar)","lon [-74.3933, -74.0162] lat [3.8295, 4.8239] sobre 2219 de 2221 filas con coordenada finita",plausible,colegios06_2025.gpkg,2025-06-30
111001018384,111001018384,COLEGIO SAN ISIDRO SUR ORIENTAL (IED),SAN ISIDRO SUR ORIENTAL,-74.10110000148416,4.565600000321865,WGS 84 / Pseudo-Mercator,"EPSG:4326 (st_set_crs, sin transformar)","lon [-74.3933, -74.0162] lat [3.8295, 4.8239] sobre 2219 de 2221 filas con coordenada finita",plausible,colegios06_2025.gpkg,2025-06-30
111001035548,111001018384,COLEGIO SAN ISIDRO SUR ORIENTAL (IED),OMAR TORRIJOS,-74.10200000181794,4.563999999314547,WGS 84 / Pseudo-Mercator,"EPSG:4326 (st_set_crs, sin transformar)","lon [-74.3933, -74.0162] lat [3.8295, 4.8239] sobre 2219 de 2221 filas con coordenada finita",plausible,colegios06_2025.gpkg,2025-06-30
111001020338,111001020338,COLEGIO AVE MARIA,COLEGIO AVE MARIA,-74.08540000021458,4.576699998229742,WGS 84 / Pseudo-Mercator,"EPSG:4326 (st_set_crs, sin transformar)","lon [-74.3933, -74.0162] lat [3.8295, 4.8239] sobre 2219 de 2221 filas con coordenada finita",plausible,colegios06_2025.gpkg,2025-06-30
111001020443,111001020443,COLEGIO ENTRE NUBES SUR ORIENTAL (IED),ANIBAL FERNANDEZ DE SOTO,-74.09750000014901,4.5480000004172325,WGS 84 / Pseudo-Mercator,"EPSG:4326 (st_set_crs, sin transformar)","lon [-74.3933, -74.0162] lat [3.8295, 4.8239] sobre 2219 de 2221 filas con coordenada finita",plausible,colegios06_2025.gpkg,2025-06-30
111001029106,111001020443,COLEGIO ENTRE NUBES SUR ORIENTAL (IED),LA PENINSULA,-74.1009000018239,4.546300001442432,WGS 84 / Pseudo-Mercator,"EPSG:4326 (st_set_crs, sin transformar)","lon [-74.3933, -74.0162] lat [3.8295, 4.8239] sobre 2219 de 2221 filas con coordenada finita",plausible,colegios06_2025.gpkg,2025-06-30
111001032468,111001020443,COLEGIO ENTRE NUBES SUR ORIENTAL (IED),CANADA GÜIRA,-74.09870000183582,4.544300001114607,WGS 84 / Pseudo-Mercator,"EPSG:4326 (st_set_crs, sin transformar)","lon [-74.3933, -74.0162] lat [3.8295, 4.8239] sobre 2219 de 2221 filas con coordenada finita",plausible,colegios06_2025.gpkg,2025-06-30
111001041548,111001020443,COLEGIO ENTRE NUBES SUR ORIENTAL (IED),SANTA RITA SUR ORIENTAL,-74.09369999915361,4.541200000792742,WGS 84 / Pseudo-Mercator,"EPSG:4326 (st_set_crs, sin transformar)","lon [-74.3933, -74.0162] lat [3.8295, 4.8239] sobre 2219 de 2221 filas con coordenada finita",plausible,colegios06_2025.gpkg,2025-06-30
111001024686,111001024686,COLEGIO MORALBA SURORIENTAL (IED),MORALBA SURORIENTAL,-74.08060000091791,4.541499998420477,WGS 84 / Pseudo-Mercator,"EPSG:4326 (st_set_crs, sin transformar)","lon [-74.3933, -74.0162] lat [3.8295, 4.8239] sobre 2219 de 2221 filas con coordenada finita",plausible,colegios06_2025.gpkg,2025-06-30
111001012289,111001024686,COLEGIO MORALBA SURORIENTAL (IED),EL QUINDIO,-74.08280000090599,4.537599999457598,WGS 84 / Pseudo-Mercator,"EPSG:4326 (st_set_crs, sin transformar)","lon [-74.3933, -74.0162] lat [3.8295, 4.8239] sobre 2219 de 2221 filas con coordenada finita",plausible,colegios06_2025.gpkg,2025-06-30
111001012319,111001024686,COLEGIO MORALBA SURORIENTAL (IED),FUNDACION EL CONSUELO,-74.08260000124574,4.540600001811981,WGS 84 / Pseudo-Mercator,"EPSG:4326 (st_set_crs, sin transformar)","lon [-74.3933, -74.0162] lat [3.8295, 4.8239] sobre 2219 de 2221 filas con coordenada finita",plausible,colegios06_2025.gpkg,2025-06-30
111001027324,111001027324,COLEGIO FLORENTINO GONZALEZ (IED),FLORENTINO GONZALEZ,-74.09640000015497,4.567200001329184,WGS 84 / Pseudo-Mercator,"EPSG:4326 (st_set_crs, sin transformar)","lon [-74.3933, -74.0162] lat [3.8295, 4.8239] sobre 2219 de 2221 filas con coordenada finita",plausible,colegios06_2025.gpkg,2025-06-30
111001030066,111001030066,COLEGIO MANUELITA SAENZ (IED),MANUELITA SAENZ,-74.08540000021458,4.571299999952316,WGS 84 / Pseudo-Mercator,"EPSG:4326 (st_set_crs, sin transformar)","lon [-74.3933, -74.0162] lat [3.8295, 4.8239] sobre 2219 de 2221 filas con coordenada finita",plausible,colegios06_2025.gpkg,2025-06-30
111001030864,111001030864,COLEGIO ALEMANIA UNIFICADA (IED),GUACAMAYAS,-74.09510000050068,4.555900000035763,WGS 84 / Pseudo-Mercator,"EPSG:4326 (st_set_crs, sin transformar)","lon [-74.3933, -74.0162] lat [3.8295, 4.8239] sobre 2219 de 2221 filas con coordenada finita",plausible,colegios06_2025.gpkg,2025-06-30
111001029629,111001030864,COLEGIO ALEMANIA UNIFICADA (IED),ALEMANIA UNIFICADA,-74.10020000115037,4.558299999684095,WGS 84 / Pseudo-Mercator,"EPSG:4326 (st_set_crs, sin transformar)","lon [-74.3933, -74.0162] lat [3.8295, 4.8239] sobre 2219 de 2221 filas con coordenada finita",plausible,colegios06_2025.gpkg,2025-06-30
111001032280,111001032280,COLEGIO TECNICO TOMAS RUEDA VARGAS (IED),TOMAS RUEDA VARGAS,-74.08709999918938,4.565200001001358,WGS 84 / Pseudo-Mercator,"EPSG:4326 (st_set_crs, sin transformar)","lon [-74.3933, -74.0162] lat [3.8295, 4.8239] sobre 2219 de 2221 filas con coordenada finita",plausible,colegios06_2025.gpkg,2025-06-30
111001014419,111001032280,COLEGIO TECNICO TOMAS RUEDA VARGAS (IED),SANTA INES SURORIENTAL,-74.08830000087619,4.561599999666214,WGS 84 / Pseudo-Mercator,"EPSG:4326 (st_set_crs, sin transformar)","lon [-74.3933, -74.0162] lat [3.8295, 4.8239] sobre 2219 de 2221 filas con coordenada finita",plausible,colegios06_2025.gpkg,2025-06-30
111001012416,111001032280,COLEGIO TECNICO TOMAS RUEDA VARGAS (IED),REPUBLICA DEL CANADA I,-74.08650000020862,4.561500001698732,WGS 84 / Pseudo-Mercator,"EPSG:4326 (st_set_crs, sin transformar)","lon [-74.3933, -74.0162] lat [3.8295, 4.8239] sobre 2219 de 2221 filas con coordenada finita",plausible,colegios06_2025.gpkg,2025-06-30
111001032433,111001032433,COLEGIO REPUBLICA DEL ECUADOR (IED),REPUBLICA DEL ECUADOR,-74.08029999956489,4.576900001615286,WGS 84 / Pseudo-Mercator,"EPSG:4326 (st_set_crs, sin transformar)","lon [-74.3933, -74.0162] lat [3.8295, 4.8239] sobre 2219 de 2221 filas con coordenada finita",plausible,colegios06_2025.gpkg,2025-06-30
111001014311,111001032433,COLEGIO REPUBLICA DEL ECUADOR (IED),VITELMA,-74.07710000127554,4.574999999254942,WGS 84 / Pseudo-Mercator,"EPSG:4326 (st_set_crs, sin transformar)","lon [-74.3933, -74.0162] lat [3.8295, 4.8239] sobre 2219 de 2221 filas con coordenada finita",plausible,colegios06_2025.gpkg,2025-06-30
111001034011,111001034011,COLEGIO JUAN REY (IED),JUAN REY,-74.08989999815822,4.522599998861551,WGS 84 / Pseudo-Mercator,"EPSG:4326 (st_set_crs, sin transformar)","lon [-74.3933, -74.0162] lat [3.8295, 4.8239] sobre 2219 de 2221 filas con coordenada finita",plausible,colegios06_2025.gpkg,2025-06-30
111001016276,111001034011,COLEGIO JUAN REY (IED),CIUDAD DE LONDRES,-74.08779999986291,4.519799999892712,WGS 84 / Pseudo-Mercator,"EPSG:4326 (st_set_crs, sin transformar)","lon [-74.3933, -74.0162] lat [3.8295, 4.8239] sobre 2219 de 2221 filas con coordenada finita",plausible,colegios06_2025.gpkg,2025-06-30
111001035530,111001035530,COLEGIO TECNICO JOSE FELIX RESTREPO (IED),JOSE FELIX RESTREPO,-74.08989999815822,4.574599999934435,WGS 84 / Pseudo-Mercator,"EPSG:4326 (st_set_crs, sin transformar)","lon [-74.3933, -74.0162] lat [3.8295, 4.8239] sobre 2219 de 2221 filas con coordenada finita",plausible,colegios06_2025.gpkg,2025-06-30
111001013226,111001035530,COLEGIO TECNICO JOSE FELIX RESTREPO (IED),SANTA ANA SUR,-74.08410000056028,4.577100001275539,WGS 84 / Pseudo-Mercator,"EPSG:4326 (st_set_crs, sin transformar)","lon [-74.3933, -74.0162] lat [3.8295, 4.8239] sobre 2219 de 2221 filas con coordenada finita",plausible,colegios06_2025.gpkg,2025-06-30
111001012025,111001035530,COLEGIO TECNICO JOSE FELIX RESTREPO (IED),JUAN XXIII,-74.07950000092387,4.572799999266863,WGS 84 / Pseudo-Mercator,"EPSG:4326 (st_set_crs, sin transformar)","lon [-74.3933, -74.0162] lat [3.8295, 4.8239] sobre 2219 de 2221 filas con coordenada finita",plausible,colegios06_2025.gpkg,2025-06-30
111001107841,111001035530,COLEGIO TECNICO JOSE FELIX RESTREPO (IED),CARLOS ALBAN HOLGUIN,-74.08760000020266,4.57490000128746,WGS 84 / Pseudo-Mercator,"EPSG:4326 (st_set_crs, sin transformar)","lon [-74.3933, -74.0162] lat [3.8295, 4.8239] sobre 2219 de 2221 filas con coordenada finita",plausible,colegios06_2025.gpkg,2025-06-30
111001035602,111001035602,COLEGIO JUAN EVANGELISTA GOMEZ (IED),JUAN EVANGELISTA GOMEZ,-74.09560000151396,4.552099999040365,WGS 84 / Pseudo-Mercator,"EPSG:4326 (st_set_crs, sin transformar)","lon [-74.3933, -74.0162] lat [3.8295, 4.8239] sobre 2219 de 2221 filas con coordenada finita",plausible,colegios06_2025.gpkg,2025-06-30
111001046621,111001046621,COLEGIO NUEVA DELHI (IED),NUEVA DELHI,-74.08610000088811,4.5282999984920025,WGS 84 / Pseudo-Mercator,"EPSG:4326 (st_set_crs, sin transformar)","lon [-74.3933, -74.0162] lat [3.8295, 4.8239] sobre 2219 de 2221 filas con coordenada finita",plausible,colegios06_2025.gpkg,2025-06-30
111001086789,111001086789,COLEGIO RAFAEL NUÑEZ (IED),RAFAEL NUÑEZ,-74.09319999814034,4.576299998909235,WGS 84 / Pseudo-Mercator,"EPSG:4326 (st_set_crs, sin transformar)","lon [-74.3933, -74.0162] lat [3.8295, 4.8239] sobre 2219 de 2221 filas con coordenada finita",plausible,colegios06_2025.gpkg,2025-06-30
111001015873,111001086789,COLEGIO RAFAEL NUÑEZ (IED),ANDRES ROSILLO Y MERUELO,-74.0954000018537,4.574000000953674,WGS 84 / Pseudo-Mercator,"EPSG:4326 (st_set_crs, sin transformar)","lon [-74.3933, -74.0162] lat [3.8295, 4.8239] sobre 2219 de 2221 filas con coordenada finita",plausible,colegios06_2025.gpkg,2025-06-30
111001098817,111001098817,COLEGIO NUEVA ROMA (IED),COLEGIO NUEVA ROMA (IED) - SEDE PRINCIPAL,-74.09580000117421,4.541499998420477,WGS 84 / Pseudo-Mercator,"EPSG:4326 (st_set_crs, sin transformar)","lon [-74.3933, -74.0162] lat [3.8295, 4.8239] sobre 2219 de 2221 filas con coordenada finita",plausible,colegios06_2025.gpkg,2025-06-30
111001098825,111001098825,COLEGIO SAN VICENTE (IED),COLEGIO SAN VICENTE (IED) - SEDE PRINCIPAL,-74.08830000087619,4.55519999936223,WGS 84 / Pseudo-Mercator,"EPSG:4326 (st_set_crs, sin transformar)","lon [-74.3933, -74.0162] lat [3.8295, 4.8239] sobre 2219 de 2221 filas con coordenada finita",plausible,colegios06_2025.gpkg,2025-06-30
111001102016,111001102016,COLEGIO TECNICO ALDEMAR ROJAS PLAZAS (IED),ALDEMAR ROJAS PLAZAS,-74.09090000018477,4.58049999922514,WGS 84 / Pseudo-Mercator,"EPSG:4326 (st_set_crs, sin transformar)","lon [-74.3933, -74.0162] lat [3.8295, 4.8239] sobre 2219 de 2221 filas con coordenada finita",plausible,colegios06_2025.gpkg,2025-06-30
111001801047,111001801047,COLEGIO GLORIA VALENCIA DE CASTAÑO (IED),COLEGIO GLORIA VALENCIA DE CASTAÑO (IED),-74.0870000012219,4.531800001859665,WGS 84 / Pseudo-Mercator,"EPSG:4326 (st_set_crs, sin transformar)","lon [-74.3933, -74.0162] lat [3.8295, 4.8239] sobre 2219 de 2221 filas con coordenada finita",plausible,colegios06_2025.gpkg,2025-06-30
311001000085,311001000085,JARDIN INFANTIL Y GUARDERIA BETANIA,JARDIN INFANTIL Y GUARDERIA BETANIA,-74.08760000020266,4.5793000012636185,WGS 84 / Pseudo-Mercator,"EPSG:4326 (st_set_crs, sin transformar)","lon [-74.3933, -74.0162] lat [3.8295, 4.8239] sobre 2219 de 2221 filas con coordenada finita",plausible,colegios06_2025.gpkg,2025-06-30
311001001642,311001001642,COLEGIO NUEVA GENERACION ALTAMIRA - CONGA,COLEGIO NUEVA GENERACION ALTAMIRA - CONGA,-74.08769999817014,4.543299999088049,WGS 84 / Pseudo-Mercator,"EPSG:4326 (st_set_crs, sin transformar)","lon [-74.3933, -74.0162] lat [3.8295, 4.8239] sobre 2219 de 2221 filas con coordenada finita",plausible,colegios06_2025.gpkg,2025-06-30
311001002461,311001002461,COLEGIO BILINGÜE SAN JUAN DE DIOS,COLEGIO BILINGÜE SAN JUAN DE DIOS,-74.08969999849796,4.576299998909235,WGS 84 / Pseudo-Mercator,"EPSG:4326 (st_set_crs, sin transformar)","lon [-74.3933, -74.0162] lat [3.8295, 4.8239] sobre 2219 de 2221 filas con coordenada finita",plausible,colegios06_2025.gpkg,2025-06-30
311001002681,311001002681,COLEGIO SOLIS,COLEGIO SOLIS,-74.08989999815822,4.572900000959635,WGS 84 / Pseudo-Mercator,"EPSG:4326 (st_set_crs, sin transformar)","lon [-74.3933, -74.0162] lat [3.8295, 4.8239] sobre 2219 de 2221 filas con coordenada finita",plausible,colegios06_2025.gpkg,2025-06-30
311001002843,311001002843,COLEGIO INTERAMERICANO,COLEGIO INTERAMERICANO,-74.09259999915957,4.574599999934435,WGS 84 / Pseudo-Mercator,"EPSG:4326 (st_set_crs, sin transformar)","lon [-74.3933, -74.0162] lat [3.8295, 4.8239] sobre 2219 de 2221 filas con coordenada finita",plausible,colegios06_2025.gpkg,2025-06-30
311001005508,311001005508,COLEGIO PARROQUIAL ADVENIAT,COLEGIO PARROQUIAL ADVENIAT,-74.09189999848604,4.551100000739098,WGS 84 / Pseudo-Mercator,"EPSG:4326 (st_set_crs, sin transformar)","lon [-74.3933, -74.0162] lat [3.8295, 4.8239] sobre 2219 de 2221 filas con coordenada finita",plausible,colegios06_2025.gpkg,2025-06-30
311001006601,311001006601,CENTRO COMERCIAL MADRE ELISA RONCALLO,CENTRO COMERCIAL MADRE ELISA RONCALLO,-74.09369999915361,4.549899999052286,WGS 84 / Pseudo-Mercator,"EPSG:4326 (st_set_crs, sin transformar)","lon [-74.3933, -74.0162] lat [3.8295, 4.8239] sobre 2219 de 2221 filas con coordenada finita",plausible,colegios06_2025.gpkg,2025-06-30
311001006610,311001006610,COLEGIO ISAAC NEWTON,COLEGIO ISAAC NEWTON,-74.08830000087619,4.5797000005841255,WGS 84 / Pseudo-Mercator,"EPSG:4326 (st_set_crs, sin transformar)","lon [-74.3933, -74.0162] lat [3.8295, 4.8239] sobre 2219 de 2221 filas con coordenada finita",plausible,colegios06_2025.gpkg,2025-06-30
311001009341,311001009341,COLEGIO DE NUESTRA SEÑORA DEL PILAR SUR,COLEGIO DE NUESTRA SEÑORA DEL PILAR SUR,-74.08929999917746,4.581900000572205,WGS 84 / Pseudo-Mercator,"EPSG:4326 (st_set_crs, sin transformar)","lon [-74.3933, -74.0162] lat [3.8295, 4.8239] sobre 2219 de 2221 filas con coordenada finita",plausible,colegios06_2025.gpkg,2025-06-30
311001011877,311001011877,INSTITUTO CARMENZA DE SANCHEZ,INSTITUTO CARMENZA DE SANCHEZ,-74.08779999986291,4.565699998289347,WGS 84 / Pseudo-Mercator,"EPSG:4326 (st_set_crs, sin transformar)","lon [-74.3933, -74.0162] lat [3.8295, 4.8239] sobre 2219 de 2221 filas con coordenada finita",plausible,colegios06_2025.gpkg,2025-06-30
311001017522,311001017522,COLEGIO SAN JUAN BOSCO,COLEGIO SAN JUAN BOSCO,-74.08610000088811,4.5777000002563,WGS 84 / Pseudo-Mercator,"EPSG:4326 (st_set_crs, sin transformar)","lon [-74.3933, -74.0162] lat [3.8295, 4.8239] sobre 2219 de 2221 filas con coordenada finita",plausible,colegios06_2025.gpkg,2025-06-30
311001020191,311001020191,COLEGIO SUR ORIENTAL PANAMERICANO,COLEGIO SUR ORIENTAL PANAMERICANO,-74.09279999881983,4.551399998366833,WGS 84 / Pseudo-Mercator,"EPSG:4326 (st_set_crs, sin transformar)","lon [-74.3933, -74.0162] lat [3.8295, 4.8239] sobre 2219 de 2221 filas con coordenada finita",plausible,colegios06_2025.gpkg,2025-06-30
311001024901,311001024901,COLEGIO SAN JUAN VIANETH,COLEGIO SAN JUAN VIANETH,-74.08029999956489,4.580699998885393,WGS 84 / Pseudo-Mercator,"EPSG:4326 (st_set_crs, sin transformar)","lon [-74.3933, -74.0162] lat [3.8295, 4.8239] sobre 2219 de 2221 filas con coordenada finita",plausible,colegios06_2025.gpkg,2025-06-30
311001029474,311001029474,COLEGIO NUEVA ALIANZA INTEGRAL,COLEGIO NUEVA ALIANZA INTEGRAL,-74.0857000015676,4.581700000911951,WGS 84 / Pseudo-Mercator,"EPSG:4326 (st_set_crs, sin transformar)","lon [-74.3933, -74.0162] lat [3.8295, 4.8239] sobre 2219 de 2221 filas con coordenada finita",plausible,colegios06_2025.gpkg,2025-06-30
311001029920,311001029920,COLEGIO SANTA CATALINA DEL SUR ORIENTE,COLEGIO SANTA CATALINA DEL SUR ORIENTE,-74.08680000156164,4.533100001513958,WGS 84 / Pseudo-Mercator,"EPSG:4326 (st_set_crs, sin transformar)","lon [-74.3933, -74.0162] lat [3.8295, 4.8239] sobre 2219 de 2221 filas con coordenada finita",plausible,colegios06_2025.gpkg,2025-06-30
311001033391,311001033391,COLEGIO MADRE PAULA MONTAL,COLEGIO MADRE PAULA MONTAL,-74.08480000123382,4.5318999998271465,WGS 84 / Pseudo-Mercator,"EPSG:4326 (st_set_crs, sin transformar)","lon [-74.3933, -74.0162] lat [3.8295, 4.8239] sobre 2219 de 2221 filas con coordenada finita",plausible,colegios06_2025.gpkg,2025-06-30
311001034117,311001034117,COLEGIO PRINCIPE DE PAZ,COLEGIO PRINCIPE DE PAZ,-74.0945999994874,4.550500001758337,WGS 84 / Pseudo-Mercator,"EPSG:4326 (st_set_crs, sin transformar)","lon [-74.3933, -74.0162] lat [3.8295, 4.8239] sobre 2219 de 2221 filas con coordenada finita",plausible,colegios06_2025.gpkg,2025-06-30
311001038732,311001038732,JARDIN INFANTIL PATTY,JARDIN INFANTIL PATTY,-74.09059999883175,4.571899998933077,WGS 84 / Pseudo-Mercator,"EPSG:4326 (st_set_crs, sin transformar)","lon [-74.3933, -74.0162] lat [3.8295, 4.8239] sobre 2219 de 2221 filas con coordenada finita",plausible,colegios06_2025.gpkg,2025-06-30
311001038783,311001038783,INSTITUTO ACADEMICO LA PAZ,INSTITUTO ACADEMICO LA PAZ,-74.08619999885559,4.532699998468161,WGS 84 / Pseudo-Mercator,"EPSG:4326 (st_set_crs, sin transformar)","lon [-74.3933, -74.0162] lat [3.8295, 4.8239] sobre 2219 de 2221 filas con coordenada finita",plausible,colegios06_2025.gpkg,2025-06-30
311001039569,311001039569,LICEO INFANTIL MIS PEQUEÑOS SALTARINES,LICEO INFANTIL MIS PEQUEÑOS SALTARINES,-74.0920999981463,4.560400001704693,WGS 84 / Pseudo-Mercator,"EPSG:4326 (st_set_crs, sin transformar)","lon [-74.3933, -74.0162] lat [3.8295, 4.8239] sobre 2219 de 2221 filas con coordenada finita",plausible,colegios06_2025.gpkg,2025-06-30
311001039836,311001039836,LICEO INTEGRAL SAN AGUSTIN,LICEO INTEGRAL SAN AGUSTIN,-74.08949999883771,4.566100001335144,WGS 84 / Pseudo-Mercator,"EPSG:4326 (st_set_crs, sin transformar)","lon [-74.3933, -74.0162] lat [3.8295, 4.8239] sobre 2219 de 2221 filas con coordenada finita",plausible,colegios06_2025.gpkg,2025-06-30
311001040168,311001040168,LICEO SENDERO DEL SABER,LICEO SENDERO DEL SABER,-74.0887000001967,4.564399998635054,WGS 84 / Pseudo-Mercator,"EPSG:4326 (st_set_crs, sin transformar)","lon [-74.3933, -74.0162] lat [3.8295, 4.8239] sobre 2219 de 2221 filas con coordenada finita",plausible,colegios06_2025.gpkg,2025-06-30
311001040362,311001040362,LICEO SAN JOSE ORIENTAL,LICEO SAN JOSE ORIENTAL,-74.08370000123978,4.5465999990701675,WGS 84 / Pseudo-Mercator,"EPSG:4326 (st_set_crs, sin transformar)","lon [-74.3933, -74.0162] lat [3.8295, 4.8239] sobre 2219 de 2221 filas con coordenada finita",plausible,colegios06_2025.gpkg,2025-06-30
311001042012,311001042012,COLEGIO CARLOS CASTRO SAAVEDRA,COLEGIO CARLOS CASTRO SAAVEDRA,-74.0865999981761,4.584399998188019,WGS 84 / Pseudo-Mercator,"EPSG:4326 (st_set_crs, sin transformar)","lon [-74.3933, -74.0162] lat [3.8295, 4.8239] sobre 2219 de 2221 filas con coordenada finita",plausible,colegios06_2025.gpkg,2025-06-30
311001043591,311001043591,LICEO LAS COLUMNAS,LICEO LAS COLUMNAS,-74.09090000018477,4.557900000363588,WGS 84 / Pseudo-Mercator,"EPSG:4326 (st_set_crs, sin transformar)","lon [-74.3933, -74.0162] lat [3.8295, 4.8239] sobre 2219 de 2221 filas con coordenada finita",plausible,colegios06_2025.gpkg,2025-06-30
311001043949,311001043949,COLEGIO EUGENIA RAVASCO,COLEGIO EUGENIA RAVASCO,-74.08859999850392,4.579799998551607,WGS 84 / Pseudo-Mercator,"EPSG:4326 (st_set_crs, sin transformar)","lon [-74.3933, -74.0162] lat [3.8295, 4.8239] sobre 2219 de 2221 filas con coordenada finita",plausible,colegios06_2025.gpkg,2025-06-30
311001044716,311001044716,INSTITUTO PSICOPEDAGOGICO FLANDES,INSTITUTO PSICOPEDAGOGICO FLANDES,-74.08469999954104,4.566700000315905,WGS 84 / Pseudo-Mercator,"EPSG:4326 (st_set_crs, sin transformar)","lon [-74.3933, -74.0162] lat [3.8295, 4.8239] sobre 2219 de 2221 filas con coordenada finita",plausible,colegios06_2025.gpkg,2025-06-30
311001045437,311001045437,COLEGIO INTEGRAL AVANCEMOS,COLEGIO INTEGRAL AVANCEMOS,-74.08080000057817,4.571299999952316,WGS 84 / Pseudo-Mercator,"EPSG:4326 (st_set_crs, sin transformar)","lon [-74.3933, -74.0162] lat [3.8295, 4.8239] sobre 2219 de 2221 filas con coordenada finita",plausible,colegios06_2025.gpkg,2025-06-30
311001045551,311001045551,COLEGIO URAPANES,COLEGIO URAPANES,-74.08390000090003,4.5788000002503395,WGS 84 / Pseudo-Mercator,"EPSG:4326 (st_set_crs, sin transformar)","lon [-74.3933, -74.0162] lat [3.8295, 4.8239] sobre 2219 de 2221 filas con coordenada finita",plausible,colegios06_2025.gpkg,2025-06-30
311001046492,311001046492,COLEGIO VILLA DE LA GAITANA,COLEGIO VILLA DE LA GAITANA,-74.08830000087619,4.5318999998271465,WGS 84 / Pseudo-Mercator,"EPSG:4326 (st_set_crs, sin transformar)","lon [-74.3933, -74.0162] lat [3.8295, 4.8239] sobre 2219 de 2221 filas con coordenada finita",plausible,colegios06_2025.gpkg,2025-06-30
311001047553,311001047553,LICEO MI VIVIR MAGICO,LICEO MI VIVIR MAGICO,-74.09070000052452,4.552799999713898,WGS 84 / Pseudo-Mercator,"EPSG:4326 (st_set_crs, sin transformar)","lon [-74.3933, -74.0162] lat [3.8295, 4.8239] sobre 2219 de 2221 filas con coordenada finita",plausible,colegios06_2025.gpkg,2025-06-30
311001075018,311001075018,LICEO PSICOPEDAGOGICO MIS PRIMEROS AÑOS,LICEO PSICOPEDAGOGICO MIS PRIMEROS AÑOS,-74.090799998492,4.57209999859333,WGS 84 / Pseudo-Mercator,"EPSG:4326 (st_set_crs, sin transformar)","lon [-74.3933, -74.0162] lat [3.8295, 4.8239] sobre 2219 de 2221 filas con coordenada finita",plausible,colegios06_2025.gpkg,2025-06-30
311001075689,311001075689,INSTITUTO COMERCIAL EDUARDO TORRES QUINTERO,INSTITUTO COMERCIAL EDUARDO TORRES QUINTERO,-74.08509999886155,4.537799999117851,WGS 84 / Pseudo-Mercator,"EPSG:4326 (st_set_crs, sin transformar)","lon [-74.3933, -74.0162] lat [3.8295, 4.8239] sobre 2219 de 2221 filas con coordenada finita",plausible,colegios06_2025.gpkg,2025-06-30
311001075999,311001075999,JARDIN INFANTIL PAOLA ISABEL,JARDIN INFANTIL PAOLA ISABEL,-74.08309999853373,4.576200000941753,WGS 84 / Pseudo-Mercator,"EPSG:4326 (st_set_crs, sin transformar)","lon [-74.3933, -74.0162] lat [3.8295, 4.8239] sobre 2219 de 2221 filas con coordenada finita",plausible,colegios06_2025.gpkg,2025-06-30
311001076472,311001076472,JARDIN INFANTIL EL CASTILLO MAGICO,JARDIN INFANTIL EL CASTILLO MAGICO,-74.09099999815226,4.566700000315905,WGS 84 / Pseudo-Mercator,"EPSG:4326 (st_set_crs, sin transformar)","lon [-74.3933, -74.0162] lat [3.8295, 4.8239] sobre 2219 de 2221 filas con coordenada finita",plausible,colegios06_2025.gpkg,2025-06-30
311001076731,311001076731,GIMNASIO SOSIEGO,GIMNASIO SOSIEGO,-74.09149999916553,4.5773999989032745,WGS 84 / Pseudo-Mercator,"EPSG:4326 (st_set_crs, sin transformar)","lon [-74.3933, -74.0162] lat [3.8295, 4.8239] sobre 2219 de 2221 filas con coordenada finita",plausible,colegios06_2025.gpkg,2025-06-30
311001079862,311001079862,LICEO EL ENCANTO,LICEO EL ENCANTO,-74.08920000120997,4.5480000004172325,WGS 84 / Pseudo-Mercator,"EPSG:4326 (st_set_crs, sin transformar)","lon [-74.3933, -74.0162] lat [3.8295, 4.8239] sobre 2219 de 2221 filas con coordenada finita",plausible,colegios06_2025.gpkg,2025-06-30
311001079901,311001079901,COLEGIO LORENZO DE ALCANTUZ,COLEGIO LORENZO DE ALCANTUZ,-74.0929000005126,4.5476000010967255,WGS 84 / Pseudo-Mercator,"EPSG:4326 (st_set_crs, sin transformar)","lon [-74.3933, -74.0162] lat [3.8295, 4.8239] sobre 2219 de 2221 filas con coordenada finita",plausible,colegios06_2025.gpkg,2025-06-30
311001087644,311001087644,COLEGIO JOSE PRUDENCIO PADILLA,COLEGIO JOSE PRUDENCIO PADILLA,-74.09490000084043,4.5498000010848045,WGS 84 / Pseudo-Mercator,"EPSG:4326 (st_set_crs, sin transformar)","lon [-74.3933, -74.0162] lat [3.8295, 4.8239] sobre 2219 de 2221 filas con coordenada finita",plausible,colegios06_2025.gpkg,2025-06-30
311001092141,311001092141,JARDIN INFANTIL SOL SOLECITO SUR ORIENTAL,JARDIN INFANTIL SOL SOLECITO SUR ORIENTAL,-74.0920999981463,4.555300001055002,WGS 84 / Pseudo-Mercator,"EPSG:4326 (st_set_crs, sin transformar)","lon [-74.3933, -74.0162] lat [3.8295, 4.8239] sobre 2219 de 2221 filas con coordenada finita",plausible,colegios06_2025.gpkg,2025-06-30
311001092184,311001092184,LICEO SANTILLANA,LICEO SANTILLANA,-74.09769999980927,4.545499999076128,WGS 84 / Pseudo-Mercator,"EPSG:4326 (st_set_crs, sin transformar)","lon [-74.3933, -74.0162] lat [3.8295, 4.8239] sobre 2219 de 2221 filas con coordenada finita",plausible,colegios06_2025.gpkg,2025-06-30
311001092281,311001092281,GIMNASIO NUESTRA SEÑORA DE LA ESPERANZA,GIMNASIO NUESTRA SEÑORA DE LA ESPERANZA,-74.0903999991715,4.543600000441074,WGS 84 / Pseudo-Mercator,"EPSG:4326 (st_set_crs, sin transformar)","lon [-74.3933, -74.0162] lat [3.8295, 4.8239] sobre 2219 de 2221 filas con coordenada finita",plausible,colegios06_2025.gpkg,2025-06-30
311001092371,311001092371,LICEO INFANTIL NUEVOS FUNDADORES,LICEO INFANTIL NUEVOS FUNDADORES,-74.09090000018477,4.551500000059605,WGS 84 / Pseudo-Mercator,"EPSG:4326 (st_set_crs, sin transformar)","lon [-74.3933, -74.0162] lat [3.8295, 4.8239] sobre 2219 de 2221 filas con coordenada finita",plausible,colegios06_2025.gpkg,2025-06-30
311001096732,311001096732,GIMNASIO CAMPUS PAMPURI,GIMNASIO CAMPUS PAMPURI,-74.08309999853373,4.5300999991595745,WGS 84 / Pseudo-Mercator,"EPSG:4326 (st_set_crs, sin transformar)","lon [-74.3933, -74.0162] lat [3.8295, 4.8239] sobre 2219 de 2221 filas con coordenada finita",plausible,colegios06_2025.gpkg,2025-06-30
311001097496,311001097496,LICEO INTEGRAL VALENTINA,LICEO INTEGRAL VALENTINA,-74.09739999845624,4.551699999719858,WGS 84 / Pseudo-Mercator,"EPSG:4326 (st_set_crs, sin transformar)","lon [-74.3933, -74.0162] lat [3.8295, 4.8239] sobre 2219 de 2221 filas con coordenada finita",plausible,colegios06_2025.gpkg,2025-06-30
311001098107,311001098107,JARDIN INFANTIL PEQUEÑAS MARAVILLAS,JARDIN INFANTIL PEQUEÑAS MARAVILLAS,-74.08630000054836,4.581399999558926,WGS 84 / Pseudo-Mercator,"EPSG:4326 (st_set_crs, sin transformar)","lon [-74.3933, -74.0162] lat [3.8295, 4.8239] sobre 2219 de 2221 filas con coordenada finita",plausible,colegios06_2025.gpkg,2025-06-30
311001099065,311001099065,LICEO INFANTIL MIS PRIMEROS LOGROS,LICEO INFANTIL MIS PRIMEROS LOGROS,-74.09169999882579,4.5439000017941,WGS 84 / Pseudo-Mercator,"EPSG:4326 (st_set_crs, sin transformar)","lon [-74.3933, -74.0162] lat [3.8295, 4.8239] sobre 2219 de 2221 filas con coordenada finita",plausible,colegios06_2025.gpkg,2025-06-30
311001101639,311001101639,COLEGIO SAN MATEO SUR ORIENTAL,COLEGIO SAN MATEO SUR ORIENTAL,-74.09090000018477,4.539099998772144,WGS 84 / Pseudo-Mercator,"EPSG:4326 (st_set_crs, sin transformar)","lon [-74.3933, -74.0162] lat [3.8295, 4.8239] sobre 2219 de 2221 filas con coordenada finita",plausible,colegios06_2025.gpkg,2025-06-30
311001102406,311001102406,LICEO LUDICO NUEVA COLOMBIA,LICEO LUDICO NUEVA COLOMBIA,-74.08830000087619,4.553100001066923,WGS 84 / Pseudo-Mercator,"EPSG:4326 (st_set_crs, sin transformar)","lon [-74.3933, -74.0162] lat [3.8295, 4.8239] sobre 2219 de 2221 filas con coordenada finita",plausible,colegios06_2025.gpkg,2025-06-30
311001102520,311001102520,LICEO MODERNO PINARES,LICEO MODERNO PINARES,-74.08559999987483,4.536100000143051,WGS 84 / Pseudo-Mercator,"EPSG:4326 (st_set_crs, sin transformar)","lon [-74.3933, -74.0162] lat [3.8295, 4.8239] sobre 2219 de 2221 filas con coordenada finita",plausible,colegios06_2025.gpkg,2025-06-30
311001104735,311001104735,LICEO CAROLINA MONSALVE,LICEO CAROLINA MONSALVE,-74.08830000087619,4.559900000691414,WGS 84 / Pseudo-Mercator,"EPSG:4326 (st_set_crs, sin transformar)","lon [-74.3933, -74.0162] lat [3.8295, 4.8239] sobre 2219 de 2221 filas con coordenada finita",plausible,colegios06_2025.gpkg,2025-06-30
311001108773,311001108773,MARIA BELEN DE SAN JOSE,MARIA BELEN DE SAN JOSE,-74.09270000085235,4.540399998426437,WGS 84 / Pseudo-Mercator,"EPSG:4326 (st_set_crs, sin transformar)","lon [-74.3933, -74.0162] lat [3.8295, 4.8239] sobre 2219 de 2221 filas con coordenada finita",plausible,colegios06_2025.gpkg,2025-06-30
311001109419,311001109419,INSTITUTO DE EDUCACION FORMAL DE ADULTOS EL PENSAMIENTO DE PITAGORAS,INSTITUTO DE EDUCACION FORMAL DE ADULTOS EL PENSAMIENTO DE PITAGORAS,-74.08500000089407,4.578499998897314,WGS 84 / Pseudo-Mercator,"EPSG:4326 (st_set_crs, sin transformar)","lon [-74.3933, -74.0162] lat [3.8295, 4.8239] sobre 2219 de 2221 filas con coordenada finita",plausible,colegios06_2025.gpkg,2025-06-30
311001109427,311001109427,FUNDACION DE EDUCACION PARA LA VIDA FUNDESCO,FUNDACION DE EDUCACION PARA LA VIDA FUNDESCO,-74.09659999981523,4.572999998927116,WGS 84 / Pseudo-Mercator,"EPSG:4326 (st_set_crs, sin transformar)","lon [-74.3933, -74.0162] lat [3.8295, 4.8239] sobre 2219 de 2221 filas con coordenada finita",plausible,colegios06_2025.gpkg,2025-06-30
311001110000,311001110000,GIMNASIO PEDAGOGICO PIAGET,GIMNASIO PEDAGOGICO PIAGET,-74.08410000056028,4.5452999994158745,WGS 84 / Pseudo-Mercator,"EPSG:4326 (st_set_crs, sin transformar)","lon [-74.3933, -74.0162] lat [3.8295, 4.8239] sobre 2219 de 2221 filas con coordenada finita",plausible,colegios06_2025.gpkg,2025-06-30
311001110131,311001110131,LICEO SANTA ANA SUR,LICEO SANTA ANA SUR,-74.08419999852777,4.576200000941753,WGS 84 / Pseudo-Mercator,"EPSG:4326 (st_set_crs, sin transformar)","lon [-74.3933, -74.0162] lat [3.8295, 4.8239] sobre 2219 de 2221 filas con coordenada finita",plausible,colegios06_2025.gpkg,2025-06-30
311001110565,311001110565,COLEGIO MARIO LUIS RODRIGUEZ COBOS,COLEGIO MARIO LUIS RODRIGUEZ COBOS,-74.09200000017881,4.555700000375509,WGS 84 / Pseudo-Mercator,"EPSG:4326 (st_set_crs, sin transformar)","lon [-74.3933, -74.0162] lat [3.8295, 4.8239] sobre 2219 de 2221 filas con coordenada finita",plausible,colegios06_2025.gpkg,2025-06-30
311001110590,311001110590,COLEGIO SUPERIOR DE SAN CRISTOBAL,COLEGIO SUPERIOR DE SAN CRISTOBAL,-74.09059999883175,4.551199998706579,WGS 84 / Pseudo-Mercator,"EPSG:4326 (st_set_crs, sin transformar)","lon [-74.3933, -74.0162] lat [3.8295, 4.8239] sobre 2219 de 2221 filas con coordenada finita",plausible,colegios06_2025.gpkg,2025-06-30
311001800367,311001800367,JARDIN INFANTIL EL REINO DE LOS NIÑOS,JARDIN INFANTIL EL REINO DE LOS NIÑOS,-74.09750000014901,4.570199999958277,WGS 84 / Pseudo-Mercator,"EPSG:4326 (st_set_crs, sin transformar)","lon [-74.3933, -74.0162] lat [3.8295, 4.8239] sobre 2219 de 2221 filas con coordenada finita",plausible,colegios06_2025.gpkg,2025-06-30
311001800472,311001800472,GIMNASIO PSICOPEDAGOGICO EL CLUB DE LOS NIÑOS,GIMNASIO PSICOPEDAGOGICO EL CLUB DE LOS NIÑOS,-74.09870000183582,4.55290000140667,WGS 84 / Pseudo-Mercator,"EPSG:4326 (st_set_crs, sin transformar)","lon [-74.3933, -74.0162] lat [3.8295, 4.8239] sobre 2219 de 2221 filas con coordenada finita",plausible,colegios06_2025.gpkg,2025-06-30
311848004176,311848004176,LICEO DE LOS ALPES,LICEO DE LOS ALPES,-74.09860000014305,4.55970000103116,WGS 84 / Pseudo-Mercator,"EPSG:4326 (st_set_crs, sin transformar)","lon [-74.3933, -74.0162] lat [3.8295, 4.8239] sobre 2219 de 2221 filas con coordenada finita",plausible,colegios06_2025.gpkg,2025-06-30
311850000111,311850000111,COLEGIO MONSEÑOR BERNARDO SANCHEZ HERMANAS DE NUESTRA SEÑORA DE LA PAZ,COLEGIO MONSEÑOR BERNARDO SANCHEZ HERMANAS DE NUESTRA SEÑORA DE LA PAZ,-74.08940000087023,4.524399999529123,WGS 84 / Pseudo-Mercator,"EPSG:4326 (st_set_crs, sin transformar)","lon [-74.3933, -74.0162] lat [3.8295, 4.8239] sobre 2219 de 2221 filas con coordenada finita",plausible,colegios06_2025.gpkg,2025-06-30
111001013820,111001013820,COLEGIO SANTA LIBRADA (IED),SANTA LIBRADA,-74.11349999904633,4.514299999922514,WGS 84 / Pseudo-Mercator,"EPSG:4326 (st_set_crs, sin transformar)","lon [-74.3933, -74.0162] lat [3.8295, 4.8239] sobre 2219 de 2221 filas con coordenada finita",plausible,colegios06_2025.gpkg,2025-06-30
111001013935,111001013935,COLEGIO SANTA MARTHA (IED),SANTA MARTHA,-74.11560000106692,4.525299999862909,WGS 84 / Pseudo-Mercator,"EPSG:4326 (st_set_crs, sin transformar)","lon [-74.3933, -74.0162] lat [3.8295, 4.8239] sobre 2219 de 2221 filas con coordenada finita",plausible,colegios06_2025.gpkg,2025-06-30
111001016039,111001016039,COLEGIO ORLANDO FALS BORDA (IED),ORLANDO FALS BORDA,-74.12110000103712,4.518899999558926,WGS 84 / Pseudo-Mercator,"EPSG:4326 (st_set_crs, sin transformar)","lon [-74.3933, -74.0162] lat [3.8295, 4.8239] sobre 2219 de 2221 filas con coordenada finita",plausible,colegios06_2025.gpkg,2025-06-30
111001024643,111001024643,COLEGIO NUEVA ESPERANZA (IED),NUEVA ESPERANZA,-74.09099999815226,4.513399999588728,WGS 84 / Pseudo-Mercator,"EPSG:4326 (st_set_crs, sin transformar)","lon [-74.3933, -74.0162] lat [3.8295, 4.8239] sobre 2219 de 2221 filas con coordenada finita",plausible,colegios06_2025.gpkg,2025-06-30
111001110442,111001024643,COLEGIO NUEVA ESPERANZA (IED),SEDE B,-74.09019999951124,4.5135999992489815,WGS 84 / Pseudo-Mercator,"EPSG:4326 (st_set_crs, sin transformar)","lon [-74.3933, -74.0162] lat [3.8295, 4.8239] sobre 2219 de 2221 filas con coordenada finita",plausible,colegios06_2025.gpkg,2025-06-30
111001030872,111001030872,COLEGIO ESTANISLAO ZULETA (IED),ESTANISLAO ZULETA,-74.1004999987781,4.498500000685453,WGS 84 / Pseudo-Mercator,"EPSG:4326 (st_set_crs, sin transformar)","lon [-74.3933, -74.0162] lat [3.8295, 4.8239] sobre 2219 de 2221 filas con coordenada finita",plausible,colegios06_2025.gpkg,2025-06-30
111001075591,111001030872,COLEGIO ESTANISLAO ZULETA (IED),LA ALBORADA,-74.10440000146627,4.49720000103116,WGS 84 / Pseudo-Mercator,"EPSG:4326 (st_set_crs, sin transformar)","lon [-74.3933, -74.0162] lat [3.8295, 4.8239] sobre 2219 de 2221 filas con coordenada finita",plausible,colegios06_2025.gpkg,2025-06-30
111001041556,111001041556,COLEGIO PROVINCIA DE QUEBEC (IED),PROVINCIA DE QUEBEC,-74.09099999815226,4.515999998897314,WGS 84 / Pseudo-Mercator,"EPSG:4326 (st_set_crs, sin transformar)","lon [-74.3933, -74.0162] lat [3.8295, 4.8239] sobre 2219 de 2221 filas con coordenada finita",plausible,colegios06_2025.gpkg,2025-06-30
111001044270,111001044270,COLEGIO LOS COMUNEROS - OSWALDO GUAYASAMIN (IED),LOS COMUNEROS,-74.10869999974966,4.498500000685453,WGS 84 / Pseudo-Mercator,"EPSG:4326 (st_set_crs, sin transformar)","lon [-74.3933, -74.0162] lat [3.8295, 4.8239] sobre 2219 de 2221 filas con coordenada finita",plausible,colegios06_2025.gpkg,2025-06-30
111001096580,111001044270,COLEGIO LOS COMUNEROS - OSWALDO GUAYASAMIN (IED),EL VIRREY ULTIMA ETAPA,-74.11080000177026,4.498500000685453,WGS 84 / Pseudo-Mercator,"EPSG:4326 (st_set_crs, sin transformar)","lon [-74.3933, -74.0162] lat [3.8295, 4.8239] sobre 2219 de 2221 filas con coordenada finita",plausible,colegios06_2025.gpkg,2025-06-30
111001045705,111001045705,COLEGIO LA AURORA (IED),LA AURORA,-74.12229999899864,4.523299999535084,WGS 84 / Pseudo-Mercator,"EPSG:4326 (st_set_crs, sin transformar)","lon [-74.3933, -74.0162] lat [3.8295, 4.8239] sobre 2219 de 2221 filas con coordenada finita",plausible,colegios06_2025.gpkg,2025-06-30
111001046485,111001046485,COLEGIO NUEVO SAN ANDRES DE LOS ALTOS (IED),NUEVO SAN ANDRES DE LOS ALTOS,-74.12000000104308,4.525299999862909,WGS 84 / Pseudo-Mercator,"EPSG:4326 (st_set_crs, sin transformar)","lon [-74.3933, -74.0162] lat [3.8295, 4.8239] sobre 2219 de 2221 filas con coordenada finita",plausible,colegios06_2025.gpkg,2025-06-30
111001046931,111001046931,COLEGIO ATABANZHA (IED),ATABANZHA,-74.11679999902844,4.506799999624491,WGS 84 / Pseudo-Mercator,"EPSG:4326 (st_set_crs, sin transformar)","lon [-74.3933, -74.0162] lat [3.8295, 4.8239] sobre 2219 de 2221 filas con coordenada finita",plausible,colegios06_2025.gpkg,2025-06-30
111001065234,111001065234,COLEGIO USMINIA (IED),USMINIA,-74.11719999834895,4.495000001043081,WGS 84 / Pseudo-Mercator,"EPSG:4326 (st_set_crs, sin transformar)","lon [-74.3933, -74.0162] lat [3.8295, 4.8239] sobre 2219 de 2221 filas con coordenada finita",plausible,colegios06_2025.gpkg,2025-06-30
111001046914,111001065234,COLEGIO USMINIA (IED),LORENZO ALCANTUZ,-74.11459999904037,4.495299998670816,WGS 84 / Pseudo-Mercator,"EPSG:4326 (st_set_crs, sin transformar)","lon [-74.3933, -74.0162] lat [3.8295, 4.8239] sobre 2219 de 2221 filas con coordenada finita",plausible,colegios06_2025.gpkg,2025-06-30
111001047902,111001065234,COLEGIO USMINIA (IED),ANTONIO JOSE DE SUCRE,-74.11419999971986,4.493400000035763,WGS 84 / Pseudo-Mercator,"EPSG:4326 (st_set_crs, sin transformar)","lon [-74.3933, -74.0162] lat [3.8295, 4.8239] sobre 2219 de 2221 filas con coordenada finita",plausible,colegios06_2025.gpkg,2025-06-30
111001077895,111001077895,COLEGIO OFELIA URIBE DE ACOSTA (IED),OFELIA URIBE DE ACOSTA,-74.10370000079274,4.506999999284744,WGS 84 / Pseudo-Mercator,"EPSG:4326 (st_set_crs, sin transformar)","lon [-74.3933, -74.0162] lat [3.8295, 4.8239] sobre 2219 de 2221 filas con coordenada finita",plausible,colegios06_2025.gpkg,2025-06-30
111001106933,111001077895,COLEGIO OFELIA URIBE DE ACOSTA (IED),ANTIGUA,-74.10249999910593,4.504599999636412,WGS 84 / Pseudo-Mercator,"EPSG:4326 (st_set_crs, sin transformar)","lon [-74.3933, -74.0162] lat [3.8295, 4.8239] sobre 2219 de 2221 filas con coordenada finita",plausible,colegios06_2025.gpkg,2025-06-30
111001077917,111001077917,COLEGIO BRASILIA - USME (IED),BRASILIA - USME,-74.11479999870062,4.517900001257658,WGS 84 / Pseudo-Mercator,"EPSG:4326 (st_set_crs, sin transformar)","lon [-74.3933, -74.0162] lat [3.8295, 4.8239] sobre 2219 de 2221 filas con coordenada finita",plausible,colegios06_2025.gpkg,2025-06-30
111001078638,111001078638,COLEGIO EL VIRREY JOSE SOLIS (IED),EL VIRREY JOSE SOLIS,-74.11160000041127,4.50279999896884,WGS 84 / Pseudo-Mercator,"EPSG:4326 (st_set_crs, sin transformar)","lon [-74.3933, -74.0162] lat [3.8295, 4.8239] sobre 2219 de 2221 filas con coordenada finita",plausible,colegios06_2025.gpkg,2025-06-30
111001083011,111001083011,COLEGIO MIGUEL DE CERVANTES SAAVEDRA (IED),MIGUEL DE CERVANTES SAAVEDRA,-74.10579999908805,4.512299999594688,WGS 84 / Pseudo-Mercator,"EPSG:4326 (st_set_crs, sin transformar)","lon [-74.3933, -74.0162] lat [3.8295, 4.8239] sobre 2219 de 2221 filas con coordenada finita",plausible,colegios06_2025.gpkg,2025-06-30
111001104086,111001083011,COLEGIO MIGUEL DE CERVANTES SAAVEDRA (IED),MARICHUELA,-74.11419999971986,4.511900000274181,WGS 84 / Pseudo-Mercator,"EPSG:4326 (st_set_crs, sin transformar)","lon [-74.3933, -74.0162] lat [3.8295, 4.8239] sobre 2219 de 2221 filas con coordenada finita",plausible,colegios06_2025.gpkg,2025-06-30
111001086614,111001086614,COLEGIO CHUNIZA (IED),CHUNIZA,-74.11089999973774,4.506400000303984,WGS 84 / Pseudo-Mercator,"EPSG:4326 (st_set_crs, sin transformar)","lon [-74.3933, -74.0162] lat [3.8295, 4.8239] sobre 2219 de 2221 filas con coordenada finita",plausible,colegios06_2025.gpkg,2025-06-30
111001094439,111001094439,COLEGIO FERNANDO GONZALEZ OCHOA (IED),FERNANDO GONZALEZ OCHOA,-74.10700000077486,4.50279999896884,WGS 84 / Pseudo-Mercator,"EPSG:4326 (st_set_crs, sin transformar)","lon [-74.3933, -74.0162] lat [3.8295, 4.8239] sobre 2219 de 2221 filas con coordenada finita",plausible,colegios06_2025.gpkg,2025-06-30
111001098833,111001098833,COLEGIO SAN CAYETANO (IED),SAN CAYETANO,-74.08749999850988,4.517099998891354,WGS 84 / Pseudo-Mercator,"EPSG:4326 (st_set_crs, sin transformar)","lon [-74.3933, -74.0162] lat [3.8295, 4.8239] sobre 2219 de 2221 filas con coordenada finita",plausible,colegios06_2025.gpkg,2025-06-30
111001098841,111001098841,COLEGIO SAN JOSE DE USME (IED),COLEGIO SAN JOSE DE USME (IED) - SEDE PRINCIPAL,-74.11829999834299,4.5016999989748,WGS 84 / Pseudo-Mercator,"EPSG:4326 (st_set_crs, sin transformar)","lon [-74.3933, -74.0162] lat [3.8295, 4.8239] sobre 2219 de 2221 filas con coordenada finita",plausible,colegios06_2025.gpkg,2025-06-30
111001098850,111001098850,COLEGIO CHUNIZA FAMACO (IED),COLEGIO CHUNIZA FAMACO (IED) - SEDE PRINCIPAL,-74.10420000180602,4.497000001370907,WGS 84 / Pseudo-Mercator,"EPSG:4326 (st_set_crs, sin transformar)","lon [-74.3933, -74.0162] lat [3.8295, 4.8239] sobre 2219 de 2221 filas con coordenada finita",plausible,colegios06_2025.gpkg,2025-06-30
111001098868,111001098868,COLEGIO LUIS EDUARDO MORA OSEJO (IED),LUIS EDUARDO MORA OSEJO,-74.1123000010848,4.500500001013279,WGS 84 / Pseudo-Mercator,"EPSG:4326 (st_set_crs, sin transformar)","lon [-74.3933, -74.0162] lat [3.8295, 4.8239] sobre 2219 de 2221 filas con coordenada finita",plausible,colegios06_2025.gpkg,2025-06-30
111001100081,111001100081,COLEGIO MIRAVALLE (IED),COLEGIO MIRAVALLE (IED) - SEDE PRINCIPAL,-74.11960000172257,4.512800000607967,WGS 84 / Pseudo-Mercator,"EPSG:4326 (st_set_crs, sin transformar)","lon [-74.3933, -74.0162] lat [3.8295, 4.8239] sobre 2219 de 2221 filas con coordenada finita",plausible,colegios06_2025.gpkg,2025-06-30
111001102008,111001102008,COLEGIO JUAN LUIS LONDOÑO (IED),COLEGIO JUAN LUIS LONDOÑO (IED) - SEDE PRINCIPAL,-74.11510000005364,4.532200001180172,WGS 84 / Pseudo-Mercator,"EPSG:4326 (st_set_crs, sin transformar)","lon [-74.3933, -74.0162] lat [3.8295, 4.8239] sobre 2219 de 2221 filas con coordenada finita",plausible,colegios06_2025.gpkg,2025-06-30
111001104337,111001104337,COLEGIO EDUARDO UMAÑA MENDOZA (IED),EDUARDO UMAÑA MENDOZA,-74.11340000107884,4.490100000053644,WGS 84 / Pseudo-Mercator,"EPSG:4326 (st_set_crs, sin transformar)","lon [-74.3933, -74.0162] lat [3.8295, 4.8239] sobre 2219 de 2221 filas con coordenada finita",plausible,colegios06_2025.gpkg,2025-06-30
111001104345,111001104345,COLEGIO DIEGO MONTAÑA CUELLAR (IED),EL UVAL,-74.11510000005364,4.496800001710653,WGS 84 / Pseudo-Mercator,"EPSG:4326 (st_set_crs, sin transformar)","lon [-74.3933, -74.0162] lat [3.8295, 4.8239] sobre 2219 de 2221 filas con coordenada finita",plausible,colegios06_2025.gpkg,2025-06-30
111001076201,111001104345,COLEGIO DIEGO MONTAÑA CUELLAR (IED),DIEGO MONTAÑA CUELLAR,-74.11679999902844,4.501499999314547,WGS 84 / Pseudo-Mercator,"EPSG:4326 (st_set_crs, sin transformar)","lon [-74.3933, -74.0162] lat [3.8295, 4.8239] sobre 2219 de 2221 filas con coordenada finita",plausible,colegios06_2025.gpkg,2025-06-30
111001107751,111001104345,COLEGIO DIEGO MONTAÑA CUELLAR (IED),SERRANIAS,-74.11560000106692,4.5001999996602535,WGS 84 / Pseudo-Mercator,"EPSG:4326 (st_set_crs, sin transformar)","lon [-74.3933, -74.0162] lat [3.8295, 4.8239] sobre 2219 de 2221 filas con coordenada finita",plausible,colegios06_2025.gpkg,2025-06-30
111001104353,111001104353,COLEGIO CIUDAD DE VILLAVICENCIO (IED),CIUDAD DE VILLAVICENCIO,-74.10440000146627,4.4855000004172325,WGS 84 / Pseudo-Mercator,"EPSG:4326 (st_set_crs, sin transformar)","lon [-74.3933, -74.0162] lat [3.8295, 4.8239] sobre 2219 de 2221 filas con coordenada finita",plausible,colegios06_2025.gpkg,2025-06-30
211001094832,111001104353,COLEGIO CIUDAD DE VILLAVICENCIO (IED),PUERTA AL LLANO,-74.10080000013113,4.487199999392033,WGS 84 / Pseudo-Mercator,"EPSG:4326 (st_set_crs, sin transformar)","lon [-74.3933, -74.0162] lat [3.8295, 4.8239] sobre 2219 de 2221 filas con coordenada finita",plausible,colegios06_2025.gpkg,2025-06-30
211001094875,111001104353,COLEGIO CIUDAD DE VILLAVICENCIO (IED),VILLA HERMOSA,-74.10229999944568,4.493999999016523,WGS 84 / Pseudo-Mercator,"EPSG:4326 (st_set_crs, sin transformar)","lon [-74.3933, -74.0162] lat [3.8295, 4.8239] sobre 2219 de 2221 filas con coordenada finita",plausible,colegios06_2025.gpkg,2025-06-30
111001107760,111001107760,COLEGIO PAULO FREIRE (IED),PAULO FREIRE,-74.11609999835491,4.532600000500679,WGS 84 / Pseudo-Mercator,"EPSG:4326 (st_set_crs, sin transformar)","lon [-74.3933, -74.0162] lat [3.8295, 4.8239] sobre 2219 de 2221 filas con coordenada finita",plausible,colegios06_2025.gpkg,2025-06-30
111001800562,111001800562,COLEGIO JOSE EUSTASIO RIVERA (IED),COLEGIO JOSE EUSTASIO RIVERA (IED) - SEDE PRINCIPAL,-74.12310000136495,4.475000001490116,WGS 84 / Pseudo-Mercator,"EPSG:4326 (st_set_crs, sin transformar)","lon [-74.3933, -74.0162] lat [3.8295, 4.8239] sobre 2219 de 2221 filas con coordenada finita",plausible,colegios06_2025.gpkg,2025-06-30
111001800660,111001800660,COLEGIO CIUDAD CHENGDU (IED),COLEGIO CIUDAD CHENGDU (IED) - SEDE PRINCIPAL,-74.09939999878407,4.511199999600649,WGS 84 / Pseudo-Mercator,"EPSG:4326 (st_set_crs, sin transformar)","lon [-74.3933, -74.0162] lat [3.8295, 4.8239] sobre 2219 de 2221 filas con coordenada finita",plausible,colegios06_2025.gpkg,2025-06-30
111850000740,111850000740,COLEGIO FRANCISCO ANTONIO ZEA DE USME (IED),USME,-74.12110000103712,4.474399998784065,WGS 84 / Pseudo-Mercator,"EPSG:4326 (st_set_crs, sin transformar)","lon [-74.3933, -74.0162] lat [3.8295, 4.8239] sobre 2219 de 2221 filas con coordenada finita",plausible,colegios06_2025.gpkg,2025-06-30
111850000065,111850000740,COLEGIO FRANCISCO ANTONIO ZEA DE USME (IED),FRANCISCO ANTONIO ZEA,-74.12519999966025,4.4695999994874,WGS 84 / Pseudo-Mercator,"EPSG:4326 (st_set_crs, sin transformar)","lon [-74.3933, -74.0162] lat [3.8295, 4.8239] sobre 2219 de 2221 filas con coordenada finita",plausible,colegios06_2025.gpkg,2025-06-30
111850000081,111850000740,COLEGIO FRANCISCO ANTONIO ZEA DE USME (IED),MARIA AUXILIADORA,-74.12590000033379,4.471000000834465,WGS 84 / Pseudo-Mercator,"EPSG:4326 (st_set_crs, sin transformar)","lon [-74.3933, -74.0162] lat [3.8295, 4.8239] sobre 2219 de 2221 filas con coordenada finita",plausible,colegios06_2025.gpkg,2025-06-30
111001110027,111850000740,COLEGIO FRANCISCO ANTONIO ZEA DE USME (IED),SEDE D,-74.12310000136495,4.475000001490116,WGS 84 / Pseudo-Mercator,"EPSG:4326 (st_set_crs, sin transformar)","lon [-74.3933, -74.0162] lat [3.8295, 4.8239] sobre 2219 de 2221 filas con coordenada finita",plausible,colegios06_2025.gpkg,2025-06-30
111850001380,111850001380,COLEGIO EL CORTIJO - VIANEY (IED),EL CORTIJO,-74.10669999942183,4.517400000244379,WGS 84 / Pseudo-Mercator,"EPSG:4326 (st_set_crs, sin transformar)","lon [-74.3933, -74.0162] lat [3.8295, 4.8239] sobre 2219 de 2221 filas con coordenada finita",plausible,colegios06_2025.gpkg,2025-06-30
111001034762,111850001380,COLEGIO EL CORTIJO - VIANEY (IED),VIANEY,-74.11890000104904,4.517799999564886,WGS 84 / Pseudo-Mercator,"EPSG:4326 (st_set_crs, sin transformar)","lon [-74.3933, -74.0162] lat [3.8295, 4.8239] sobre 2219 de 2221 filas con coordenada finita",plausible,colegios06_2025.gpkg,2025-06-30
111850001428,111850001428,COLEGIO ALMIRANTE PADILLA (IED),ALMIRANTE PADILLA,-74.1119000017643,4.512299999594688,WGS 84 / Pseudo-Mercator,"EPSG:4326 (st_set_crs, sin transformar)","lon [-74.3933, -74.0162] lat [3.8295, 4.8239] sobre 2219 de 2221 filas con coordenada finita",plausible,colegios06_2025.gpkg,2025-06-30
111001106798,111850001428,COLEGIO ALMIRANTE PADILLA (IED),VILLA NELLY,-74.11320000141859,4.512600000947714,WGS 84 / Pseudo-Mercator,"EPSG:4326 (st_set_crs, sin transformar)","lon [-74.3933, -74.0162] lat [3.8295, 4.8239] sobre 2219 de 2221 filas con coordenada finita",plausible,colegios06_2025.gpkg,2025-06-30
111001106801,111850001428,COLEGIO ALMIRANTE PADILLA (IED),ALMIRANTE PADILLA PRIMARIA,-74.11349999904633,4.511700000613928,WGS 84 / Pseudo-Mercator,"EPSG:4326 (st_set_crs, sin transformar)","lon [-74.3933, -74.0162] lat [3.8295, 4.8239] sobre 2219 de 2221 filas con coordenada finita",plausible,colegios06_2025.gpkg,2025-06-30
111850001461,111850001461,COLEGIO LOS TEJARES (IED),LOS TEJARES,-74.10330000147223,4.510800000280142,WGS 84 / Pseudo-Mercator,"EPSG:4326 (st_set_crs, sin transformar)","lon [-74.3933, -74.0162] lat [3.8295, 4.8239] sobre 2219 de 2221 filas con coordenada finita",plausible,colegios06_2025.gpkg,2025-06-30
111001096601,111850001461,COLEGIO LOS TEJARES (IED),EL CURUBO,-74.10330000147223,4.5108999982476234,WGS 84 / Pseudo-Mercator,"EPSG:4326 (st_set_crs, sin transformar)","lon [-74.3933, -74.0162] lat [3.8295, 4.8239] sobre 2219 de 2221 filas con coordenada finita",plausible,colegios06_2025.gpkg,2025-06-30
111850001576,111850001576,COLEGIO FEDERICO GARCIA LORCA (IED),FEDERICO GARCIA LORCA,-74.10709999874234,4.507199998944998,WGS 84 / Pseudo-Mercator,"EPSG:4326 (st_set_crs, sin transformar)","lon [-74.3933, -74.0162] lat [3.8295, 4.8239] sobre 2219 de 2221 filas con coordenada finita",plausible,colegios06_2025.gpkg,2025-06-30
211850000159,111850001576,COLEGIO FEDERICO GARCIA LORCA (IED),BETANIA,-74.10799999907613,4.509300000965595,WGS 84 / Pseudo-Mercator,"EPSG:4326 (st_set_crs, sin transformar)","lon [-74.3933, -74.0162] lat [3.8295, 4.8239] sobre 2219 de 2221 filas con coordenada finita",plausible,colegios06_2025.gpkg,2025-06-30
211001032501,211001032501,COLEGIO GABRIEL GARCIA MARQUEZ (IED),GABRIEL GARCIA MARQUEZ,-74.09099999815226,4.504999998956919,WGS 84 / Pseudo-Mercator,"EPSG:4326 (st_set_crs, sin transformar)","lon [-74.3933, -74.0162] lat [3.8295, 4.8239] sobre 2219 de 2221 filas con coordenada finita",plausible,colegios06_2025.gpkg,2025-06-30
211850000043,211850000043,COLEGIO RURAL LA UNION USME (CED),RURAL LA UNION USME,-74.18360000103712,4.343400001525879,WGS 84 / Pseudo-Mercator,"EPSG:4326 (st_set_crs, sin transformar)","lon [-74.3933, -74.0162] lat [3.8295, 4.8239] sobre 2219 de 2221 filas con coordenada finita",plausible,colegios06_2025.gpkg,2025-06-30
211850000051,211850000051,COLEGIO GRAN YOMASA (IED),GRAN YOMASA,-74.10960000008345,4.508200000971556,WGS 84 / Pseudo-Mercator,"EPSG:4326 (st_set_crs, sin transformar)","lon [-74.3933, -74.0162] lat [3.8295, 4.8239] sobre 2219 de 2221 filas con coordenada finita",plausible,colegios06_2025.gpkg,2025-06-30
211850000108,211850000108,COLEGIO RURAL OLARTE (CED),RURAL OLARTE,-74.1347000002861,4.441199999302626,WGS 84 / Pseudo-Mercator,"EPSG:4326 (st_set_crs, sin transformar)","lon [-74.3933, -74.0162] lat [3.8295, 4.8239] sobre 2219 de 2221 filas con coordenada finita",plausible,colegios06_2025.gpkg,2025-06-30
211850000698,211850000698,COLEGIO RURAL LOS ANDES (CED),RURAL LOS ANDES,-74.16560000181198,4.353700000792742,WGS 84 / Pseudo-Mercator,"EPSG:4326 (st_set_crs, sin transformar)","lon [-74.3933, -74.0162] lat [3.8295, 4.8239] sobre 2219 de 2221 filas con coordenada finita",plausible,colegios06_2025.gpkg,2025-06-30
211850000710,211850000710,COLEGIO RURAL LOS ARRAYANES (CED),RURAL LOS ARRAYANES,-74.14039999991655,4.363099999725819,WGS 84 / Pseudo-Mercator,"EPSG:4326 (st_set_crs, sin transformar)","lon [-74.3933, -74.0162] lat [3.8295, 4.8239] sobre 2219 de 2221 filas con coordenada finita",plausible,colegios06_2025.gpkg,2025-06-30
211850000736,211850000736,COLEGIO RURAL LA ARGENTINA (CED),RURAL LA ARGENTINA,-74.14840000122786,4.385999999940395,WGS 84 / Pseudo-Mercator,"EPSG:4326 (st_set_crs, sin transformar)","lon [-74.3933, -74.0162] lat [3.8295, 4.8239] sobre 2219 de 2221 filas con coordenada finita",plausible,colegios06_2025.gpkg,2025-06-30
211850000787,211850000787,COLEGIO TENERIFE - GRANADA SUR (IED),TENERIFE,-74.10779999941587,4.498599998652935,WGS 84 / Pseudo-Mercator,"EPSG:4326 (st_set_crs, sin transformar)","lon [-74.3933, -74.0162] lat [3.8295, 4.8239] sobre 2219 de 2221 filas con coordenada finita",plausible,colegios06_2025.gpkg,2025-06-30
111001096571,211850000787,COLEGIO TENERIFE - GRANADA SUR (IED),GRANADA SUR,-74.12269999831915,4.516699999570847,WGS 84 / Pseudo-Mercator,"EPSG:4326 (st_set_crs, sin transformar)","lon [-74.3933, -74.0162] lat [3.8295, 4.8239] sobre 2219 de 2221 filas con coordenada finita",plausible,colegios06_2025.gpkg,2025-06-30
211850000841,211850000841,COLEGIO RURAL CHIZACA (CED),RURAL CHIZACA,-74.20320000126958,4.339499998837709,WGS 84 / Pseudo-Mercator,"EPSG:4326 (st_set_crs, sin transformar)","lon [-74.3933, -74.0162] lat [3.8295, 4.8239] sobre 2219 de 2221 filas con coordenada finita",plausible,colegios06_2025.gpkg,2025-06-30
211850000868,211850000868,COLEGIO RURAL EL CURUBITAL (CED),RURAL EL CURUBITAL,-74.13659999892116,4.349399998784065,WGS 84 / Pseudo-Mercator,"EPSG:4326 (st_set_crs, sin transformar)","lon [-74.3933, -74.0162] lat [3.8295, 4.8239] sobre 2219 de 2221 filas con coordenada finita",plausible,colegios06_2025.gpkg,2025-06-30
211850000876,211850000876,COLEGIO EL DESTINO (IED),RURAL EL DESTINO,-74.13839999958873,4.408100001513958,WGS 84 / Pseudo-Mercator,"EPSG:4326 (st_set_crs, sin transformar)","lon [-74.3933, -74.0162] lat [3.8295, 4.8239] sobre 2219 de 2221 filas con coordenada finita",plausible,colegios06_2025.gpkg,2025-06-30
211850000884,211850000884,COLEGIO RURAL EL HATO (CED),RURAL EL HATO,-74.16400000080466,4.386399999260902,WGS 84 / Pseudo-Mercator,"EPSG:4326 (st_set_crs, sin transformar)","lon [-74.3933, -74.0162] lat [3.8295, 4.8239] sobre 2219 de 2221 filas con coordenada finita",plausible,colegios06_2025.gpkg,2025-06-30
211850000931,211850000931,COLEGIO BRAZUELOS (IED),BRAZUELOS,-74.11989999935031,4.494899999350309,WGS 84 / Pseudo-Mercator,"EPSG:4326 (st_set_crs, sin transformar)","lon [-74.3933, -74.0162] lat [3.8295, 4.8239] sobre 2219 de 2221 filas con coordenada finita",plausible,colegios06_2025.gpkg,2025-06-30
211850000981,211850000981,COLEGIO EL UVAL (IED),RURAL EL UVAL,-74.10520000010729,4.477600000798702,WGS 84 / Pseudo-Mercator,"EPSG:4326 (st_set_crs, sin transformar)","lon [-74.3933, -74.0162] lat [3.8295, 4.8239] sobre 2219 de 2221 filas con coordenada finita",plausible,colegios06_2025.gpkg,2025-06-30
211850001007,211850001007,COLEGIO RURAL LA MAYORIA (CED),RURAL LA MAYORIA,-74.18780000135303,4.370600000023842,WGS 84 / Pseudo-Mercator,"EPSG:4326 (st_set_crs, sin transformar)","lon [-74.3933, -74.0162] lat [3.8295, 4.8239] sobre 2219 de 2221 filas con coordenada finita",plausible,colegios06_2025.gpkg,2025-06-30
211850001074,211850001074,COLEGIO RURAL LAS MERCEDES (CED),RURAL LAS MERCEDES,-74.17619999870658,4.3922000005841255,WGS 84 / Pseudo-Mercator,"EPSG:4326 (st_set_crs, sin transformar)","lon [-74.3933, -74.0162] lat [3.8295, 4.8239] sobre 2219 de 2221 filas con coordenada finita",plausible,colegios06_2025.gpkg,2025-06-30
211850001481,211850001481,COLEGIO FABIO LOZANO SIMONELLI (IED),FABIO LOZANO SIMONELLI,-74.10929999873042,4.533100001513958,WGS 84 / Pseudo-Mercator,"EPSG:4326 (st_set_crs, sin transformar)","lon [-74.3933, -74.0162] lat [3.8295, 4.8239] sobre 2219 de 2221 filas con coordenada finita",plausible,colegios06_2025.gpkg,2025-06-30
111001008168,211850001481,COLEGIO FABIO LOZANO SIMONELLI (IED),DANUBIO AZUL,-74.11510000005364,4.537900000810623,WGS 84 / Pseudo-Mercator,"EPSG:4326 (st_set_crs, sin transformar)","lon [-74.3933, -74.0162] lat [3.8295, 4.8239] sobre 2219 de 2221 filas con coordenada finita",plausible,colegios06_2025.gpkg,2025-06-30
211850001431,211850001481,COLEGIO FABIO LOZANO SIMONELLI (IED),FISCALA ALTA,-74.10399999842048,4.53319999948144,WGS 84 / Pseudo-Mercator,"EPSG:4326 (st_set_crs, sin transformar)","lon [-74.3933, -74.0162] lat [3.8295, 4.8239] sobre 2219 de 2221 filas con coordenada finita",plausible,colegios06_2025.gpkg,2025-06-30
311001000131,311001000131,LICEO NUEVA COLOMBIA,LICEO NUEVA COLOMBIA,-74.10170000046492,4.498700000345707,WGS 84 / Pseudo-Mercator,"EPSG:4326 (st_set_crs, sin transformar)","lon [-74.3933, -74.0162] lat [3.8295, 4.8239] sobre 2219 de 2221 filas con coordenada finita",plausible,colegios06_2025.gpkg,2025-06-30
311001025983,311001025983,COLEGIO SANTA LIBRADA,COLEGIO SANTA LIBRADA,-74.11419999971986,4.512800000607967,WGS 84 / Pseudo-Mercator,"EPSG:4326 (st_set_crs, sin transformar)","lon [-74.3933, -74.0162] lat [3.8295, 4.8239] sobre 2219 de 2221 filas con coordenada finita",plausible,colegios06_2025.gpkg,2025-06-30
311001026891,311001026891,LICEO SANTA ANA DEL SUR,LICEO SANTA ANA DEL SUR,-74.11439999938011,4.5150000005960464,WGS 84 / Pseudo-Mercator,"EPSG:4326 (st_set_crs, sin transformar)","lon [-74.3933, -74.0162] lat [3.8295, 4.8239] sobre 2219 de 2221 filas con coordenada finita",plausible,colegios06_2025.gpkg,2025-06-30
311001032271,311001032271,COLEGIO CENTRO CULTURAL,COLEGIO CENTRO CULTURAL,-74.12000000104308,4.51969999819994,WGS 84 / Pseudo-Mercator,"EPSG:4326 (st_set_crs, sin transformar)","lon [-74.3933, -74.0162] lat [3.8295, 4.8239] sobre 2219 de 2221 filas con coordenada finita",plausible,colegios06_2025.gpkg,2025-06-30
311001036659,311001036659,COLEGIO CIUDAD BOLIVAR,COLEGIO CIUDAD BOLIVAR,-74.11809999868274,4.515700001269579,WGS 84 / Pseudo-Mercator,"EPSG:4326 (st_set_crs, sin transformar)","lon [-74.3933, -74.0162] lat [3.8295, 4.8239] sobre 2219 de 2221 filas con coordenada finita",plausible,colegios06_2025.gpkg,2025-06-30
311001037051,311001037051,COLEGIO SAN ISIDRO,COLEGIO SAN ISIDRO,-74.11160000041127,4.509899999946356,WGS 84 / Pseudo-Mercator,"EPSG:4326 (st_set_crs, sin transformar)","lon [-74.3933, -74.0162] lat [3.8295, 4.8239] sobre 2219 de 2221 filas con coordenada finita",plausible,colegios06_2025.gpkg,2025-06-30
311001040338,311001040338,LICEO ADOLFO LEON GOMEZ,LICEO ADOLFO LEON GOMEZ,-74.11410000175238,4.495700001716614,WGS 84 / Pseudo-Mercator,"EPSG:4326 (st_set_crs, sin transformar)","lon [-74.3933, -74.0162] lat [3.8295, 4.8239] sobre 2219 de 2221 filas con coordenada finita",plausible,colegios06_2025.gpkg,2025-06-30
311001041342,311001041342,COLEGIO SAN GREGORIO HERNANDEZ,COLEGIO SAN GREGORIO HERNANDEZ,-74.11470000073314,4.5126999989151955,WGS 84 / Pseudo-Mercator,"EPSG:4326 (st_set_crs, sin transformar)","lon [-74.3933, -74.0162] lat [3.8295, 4.8239] sobre 2219 de 2221 filas con coordenada finita",plausible,colegios06_2025.gpkg,2025-06-30
311001042721,311001042721,COLEGIO ISIDRO MOLINA,COLEGIO ISIDRO MOLINA,-74.111099999398,4.51069999858737,WGS 84 / Pseudo-Mercator,"EPSG:4326 (st_set_crs, sin transformar)","lon [-74.3933, -74.0162] lat [3.8295, 4.8239] sobre 2219 de 2221 filas con coordenada finita",plausible,colegios06_2025.gpkg,2025-06-30
311001044902,311001044902,COLEGIO JUAN RULFO,COLEGIO JUAN RULFO,-74.11439999938011,4.514299999922514,WGS 84 / Pseudo-Mercator,"EPSG:4326 (st_set_crs, sin transformar)","lon [-74.3933, -74.0162] lat [3.8295, 4.8239] sobre 2219 de 2221 filas con coordenada finita",plausible,colegios06_2025.gpkg,2025-06-30
311001045313,311001045313,LICEO JUAN VERDEJO,LICEO JUAN VERDEJO,-74.11540000140667,4.511100001633167,WGS 84 / Pseudo-Mercator,"EPSG:4326 (st_set_crs, sin transformar)","lon [-74.3933, -74.0162] lat [3.8295, 4.8239] sobre 2219 de 2221 filas con coordenada finita",plausible,colegios06_2025.gpkg,2025-06-30
311001045623,311001045623,COLEGIO SAN JUAN DE LOS PASTOS,COLEGIO SAN JUAN DE LOS PASTOS,-74.11349999904633,4.511300001293421,WGS 84 / Pseudo-Mercator,"EPSG:4326 (st_set_crs, sin transformar)","lon [-74.3933, -74.0162] lat [3.8295, 4.8239] sobre 2219 de 2221 filas con coordenada finita",plausible,colegios06_2025.gpkg,2025-06-30
311001046689,311001046689,LICEO MAX PLANCK,LICEO MAX PLANCK,-74.11259999871254,4.508200000971556,WGS 84 / Pseudo-Mercator,"EPSG:4326 (st_set_crs, sin transformar)","lon [-74.3933, -74.0162] lat [3.8295, 4.8239] sobre 2219 de 2221 filas con coordenada finita",plausible,colegios06_2025.gpkg,2025-06-30
311001065012,311001065012,INSTITUTO SUSANA WESLEY,INSTITUTO SUSANA WESLEY,-74.1156999990344,4.506799999624491,WGS 84 / Pseudo-Mercator,"EPSG:4326 (st_set_crs, sin transformar)","lon [-74.3933, -74.0162] lat [3.8295, 4.8239] sobre 2219 de 2221 filas con coordenada finita",plausible,colegios06_2025.gpkg,2025-06-30
311001065357,311001065357,COLEGIO ANDRES ESCOBAR,COLEGIO ANDRES ESCOBAR,-74.11439999938011,4.538400001823902,WGS 84 / Pseudo-Mercator,"EPSG:4326 (st_set_crs, sin transformar)","lon [-74.3933, -74.0162] lat [3.8295, 4.8239] sobre 2219 de 2221 filas con coordenada finita",plausible,colegios06_2025.gpkg,2025-06-30
311001075531,311001075531,INSTITUTO EL INGENIOSO HIDALGO,INSTITUTO EL INGENIOSO HIDALGO,-74.10839999839664,4.503899998962879,WGS 84 / Pseudo-Mercator,"EPSG:4326 (st_set_crs, sin transformar)","lon [-74.3933, -74.0162] lat [3.8295, 4.8239] sobre 2219 de 2221 filas con coordenada finita",plausible,colegios06_2025.gpkg,2025-06-30
311001078203,311001078203,COLEGIO SAN MARINO,COLEGIO SAN MARINO,-74.10750000178814,4.496700000017881,WGS 84 / Pseudo-Mercator,"EPSG:4326 (st_set_crs, sin transformar)","lon [-74.3933, -74.0162] lat [3.8295, 4.8239] sobre 2219 de 2221 filas con coordenada finita",plausible,colegios06_2025.gpkg,2025-06-30
311001086991,311001086991,COLEGIO SANTA MARIA DE LA PAZ,COLEGIO SANTA MARIA DE LA PAZ,-74.11919999867678,4.517499998211861,WGS 84 / Pseudo-Mercator,"EPSG:4326 (st_set_crs, sin transformar)","lon [-74.3933, -74.0162] lat [3.8295, 4.8239] sobre 2219 de 2221 filas con coordenada finita",plausible,colegios06_2025.gpkg,2025-06-30
311001090611,311001090611,LICEO INFANTIL POUSSEPIN,LICEO INFANTIL POUSSEPIN,-74.1068000011146,4.505399998277426,WGS 84 / Pseudo-Mercator,"EPSG:4326 (st_set_crs, sin transformar)","lon [-74.3933, -74.0162] lat [3.8295, 4.8239] sobre 2219 de 2221 filas con coordenada finita",plausible,colegios06_2025.gpkg,2025-06-30
311001090807,311001090807,COLEGIO PSICOPEDAGOGICO VILLAVERDE,COLEGIO PSICOPEDAGOGICO VILLAVERDE,-74.11340000107884,4.504700001329184,WGS 84 / Pseudo-Mercator,"EPSG:4326 (st_set_crs, sin transformar)","lon [-74.3933, -74.0162] lat [3.8295, 4.8239] sobre 2219 de 2221 filas con coordenada finita",plausible,colegios06_2025.gpkg,2025-06-30
311001091234,311001091234,LICEO COMERCIAL NUEVO ALEJANDRINO,LICEO COMERCIAL NUEVO ALEJANDRINO,-74.1169999986887,4.539599999785423,WGS 84 / Pseudo-Mercator,"EPSG:4326 (st_set_crs, sin transformar)","lon [-74.3933, -74.0162] lat [3.8295, 4.8239] sobre 2219 de 2221 filas con coordenada finita",plausible,colegios06_2025.gpkg,2025-06-30
311001094659,311001094659,COLEGIO EL TRIUNFO,COLEGIO EL TRIUNFO,-74.12379999831319,4.52250000089407,WGS 84 / Pseudo-Mercator,"EPSG:4326 (st_set_crs, sin transformar)","lon [-74.3933, -74.0162] lat [3.8295, 4.8239] sobre 2219 de 2221 filas con coordenada finita",plausible,colegios06_2025.gpkg,2025-06-30
311001096309,311001096309,LICEO MARIA NELL,LICEO MARIA NELL,-74.10909999907017,4.509300000965595,WGS 84 / Pseudo-Mercator,"EPSG:4326 (st_set_crs, sin transformar)","lon [-74.3933, -74.0162] lat [3.8295, 4.8239] sobre 2219 de 2221 filas con coordenada finita",plausible,colegios06_2025.gpkg,2025-06-30
311001096953,311001096953,COLEGIO ALFONSO LOPEZ PUMAREJO,COLEGIO ALFONSO LOPEZ PUMAREJO,-74.10139999911189,4.496500000357628,WGS 84 / Pseudo-Mercator,"EPSG:4326 (st_set_crs, sin transformar)","lon [-74.3933, -74.0162] lat [3.8295, 4.8239] sobre 2219 de 2221 filas con coordenada finita",plausible,colegios06_2025.gpkg,2025-06-30
311001097038,311001097038,COLEGIO ARIEL DAVID,COLEGIO ARIEL DAVID,-74.10399999842048,4.503499999642372,WGS 84 / Pseudo-Mercator,"EPSG:4326 (st_set_crs, sin transformar)","lon [-74.3933, -74.0162] lat [3.8295, 4.8239] sobre 2219 de 2221 filas con coordenada finita",plausible,colegios06_2025.gpkg,2025-06-30
311001097101,311001097101,COLEGIO CRISTIANO ELOHIM,COLEGIO CRISTIANO ELOHIM,-74.1174000017345,4.518800001591444,WGS 84 / Pseudo-Mercator,"EPSG:4326 (st_set_crs, sin transformar)","lon [-74.3933, -74.0162] lat [3.8295, 4.8239] sobre 2219 de 2221 filas con coordenada finita",plausible,colegios06_2025.gpkg,2025-06-30
311001097569,311001097569,LICEO LATINOAMERICANO DEL SUR,LICEO LATINOAMERICANO DEL SUR,-74.10590000078082,4.509300000965595,WGS 84 / Pseudo-Mercator,"EPSG:4326 (st_set_crs, sin transformar)","lon [-74.3933, -74.0162] lat [3.8295, 4.8239] sobre 2219 de 2221 filas con coordenada finita",plausible,colegios06_2025.gpkg,2025-06-30
311001097691,311001097691,LICEO PSICOPEDAGOGICO EL PARAISO INFANTIL,LICEO PSICOPEDAGOGICO EL PARAISO INFANTIL,-74.10669999942183,4.487500000745058,WGS 84 / Pseudo-Mercator,"EPSG:4326 (st_set_crs, sin transformar)","lon [-74.3933, -74.0162] lat [3.8295, 4.8239] sobre 2219 de 2221 filas con coordenada finita",plausible,colegios06_2025.gpkg,2025-06-30
311001099081,311001099081,COLEGIO SANTA ISABEL DEL VIRREY,COLEGIO SANTA ISABEL DEL VIRREY,-74.11309999972582,4.5007000006735325,WGS 84 / Pseudo-Mercator,"EPSG:4326 (st_set_crs, sin transformar)","lon [-74.3933, -74.0162] lat [3.8295, 4.8239] sobre 2219 de 2221 filas con coordenada finita",plausible,colegios06_2025.gpkg,2025-06-30
311001099103,311001099103,COLEGIO PSICOPEDAGOGICO PILARES DE LA PAZ,COLEGIO PSICOPEDAGOGICO PILARES DE LA PAZ,-74.10570000112057,4.500100001692772,WGS 84 / Pseudo-Mercator,"EPSG:4326 (st_set_crs, sin transformar)","lon [-74.3933, -74.0162] lat [3.8295, 4.8239] sobre 2219 de 2221 filas con coordenada finita",plausible,colegios06_2025.gpkg,2025-06-30
311001099154,311001099154,COLEGIO SOLEDAD SAMPER,COLEGIO SOLEDAD SAMPER,-74.11879999935627,4.542399998754263,WGS 84 / Pseudo-Mercator,"EPSG:4326 (st_set_crs, sin transformar)","lon [-74.3933, -74.0162] lat [3.8295, 4.8239] sobre 2219 de 2221 filas con coordenada finita",plausible,colegios06_2025.gpkg,2025-06-30
311001107262,311001107262,COLEGIO PSICOPEDAGOGICO MONSEÑOR JAIME ALBERTO BONILLA NIETO,COLEGIO PSICOPEDAGOGICO MONSEÑOR JAIME ALBERTO BONILLA NIETO,-74.12029999867082,4.526399999856949,WGS 84 / Pseudo-Mercator,"EPSG:4326 (st_set_crs, sin transformar)","lon [-74.3933, -74.0162] lat [3.8295, 4.8239] sobre 2219 de 2221 filas con coordenada finita",plausible,colegios06_2025.gpkg,2025-06-30
311001107335,311001107335,INSTITUTO PEDAGOGICO LA REAL SOCIEDAD,INSTITUTO PEDAGOGICO LA REAL SOCIEDAD,-74.11450000107288,4.511999998241663,WGS 84 / Pseudo-Mercator,"EPSG:4326 (st_set_crs, sin transformar)","lon [-74.3933, -74.0162] lat [3.8295, 4.8239] sobre 2219 de 2221 filas con coordenada finita",plausible,colegios06_2025.gpkg,2025-06-30
311001108404,311001108404,JARDIN INFANTIL CASITA DEL SOL,JARDIN INFANTIL CASITA DEL SOL,-74.11890000104904,4.517599999904633,WGS 84 / Pseudo-Mercator,"EPSG:4326 (st_set_crs, sin transformar)","lon [-74.3933, -74.0162] lat [3.8295, 4.8239] sobre 2219 de 2221 filas con coordenada finita",plausible,colegios06_2025.gpkg,2025-06-30
311848003471,311848003471,GIMNASIO DE TOLEDO,GIMNASIO DE TOLEDO,-74.1068000011146,4.499200001358986,WGS 84 / Pseudo-Mercator,"EPSG:4326 (st_set_crs, sin transformar)","lon [-74.3933, -74.0162] lat [3.8295, 4.8239] sobre 2219 de 2221 filas con coordenada finita",plausible,colegios06_2025.gpkg,2025-06-30
411001086561,411001086561,LICEO MARANATA,LICEO MARANATA,-74.10379999876022,4.492600001394749,WGS 84 / Pseudo-Mercator,"EPSG:4326 (st_set_crs, sin transformar)","lon [-74.3933, -74.0162] lat [3.8295, 4.8239] sobre 2219 de 2221 filas con coordenada finita",plausible,colegios06_2025.gpkg,2025-06-30
111001009652,111001009652,COLEGIO CENTRO INTEGRAL JOSE MARIA CORDOBA (IED),JOSE MARIA CORDOBA,-74.13129999861121,4.578600000590086,WGS 84 / Pseudo-Mercator,"EPSG:4326 (st_set_crs, sin transformar)","lon [-74.3933, -74.0162] lat [3.8295, 4.8239] sobre 2219 de 2221 filas con coordenada finita",plausible,colegios06_2025.gpkg,2025-06-30
111001045675,111001009652,COLEGIO CENTRO INTEGRAL JOSE MARIA CORDOBA (IED),SANTA FE DE BOGOTA,-74.1325999982655,4.5782999992370605,WGS 84 / Pseudo-Mercator,"EPSG:4326 (st_set_crs, sin transformar)","lon [-74.3933, -74.0162] lat [3.8295, 4.8239] sobre 2219 de 2221 filas con coordenada finita",plausible,colegios06_2025.gpkg,2025-06-30
111001010251,111001010251,COLEGIO VENECIA (IED),VENECIA,-74.1435999982059,4.592000000178814,WGS 84 / Pseudo-Mercator,"EPSG:4326 (st_set_crs, sin transformar)","lon [-74.3933, -74.0162] lat [3.8295, 4.8239] sobre 2219 de 2221 filas con coordenada finita",plausible,colegios06_2025.gpkg,2025-06-30
111001034631,111001010251,COLEGIO VENECIA (IED),NUEVO MUZU,-74.14790000021458,4.586500000208616,WGS 84 / Pseudo-Mercator,"EPSG:4326 (st_set_crs, sin transformar)","lon [-74.3933, -74.0162] lat [3.8295, 4.8239] sobre 2219 de 2221 filas con coordenada finita",plausible,colegios06_2025.gpkg,2025-06-30
111001011011,111001011011,COLEGIO INSTITUTO TECNICO INDUSTRIAL PILOTO (IED),PILOTO,-74.13800000026822,4.585499998182058,WGS 84 / Pseudo-Mercator,"EPSG:4326 (st_set_crs, sin transformar)","lon [-74.3933, -74.0162] lat [3.8295, 4.8239] sobre 2219 de 2221 filas con coordenada finita",plausible,colegios06_2025.gpkg,2025-06-30
111001017949,111001011011,COLEGIO INSTITUTO TECNICO INDUSTRIAL PILOTO (IED),NUESTRA SEÑORA DE FATIMA,-74.1385000012815,4.584800001233816,WGS 84 / Pseudo-Mercator,"EPSG:4326 (st_set_crs, sin transformar)","lon [-74.3933, -74.0162] lat [3.8295, 4.8239] sobre 2219 de 2221 filas con coordenada finita",plausible,colegios06_2025.gpkg,2025-06-30
111001018295,111001011011,COLEGIO INSTITUTO TECNICO INDUSTRIAL PILOTO (IED),FATIMA COLMOTORES,-74.14220000058413,4.586800001561642,WGS 84 / Pseudo-Mercator,"EPSG:4326 (st_set_crs, sin transformar)","lon [-74.3933, -74.0162] lat [3.8295, 4.8239] sobre 2219 de 2221 filas con coordenada finita",plausible,colegios06_2025.gpkg,2025-06-30
111001017965,111001011011,COLEGIO INSTITUTO TECNICO INDUSTRIAL PILOTO (IED),NUESTRA SEÑORA DEL ROSARIO,-74.1376999989152,4.587600000202656,WGS 84 / Pseudo-Mercator,"EPSG:4326 (st_set_crs, sin transformar)","lon [-74.3933, -74.0162] lat [3.8295, 4.8239] sobre 2219 de 2221 filas con coordenada finita",plausible,colegios06_2025.gpkg,2025-06-30
111001012271,111001012271,COLEGIO RAFAEL URIBE URIBE (IED),RAFAEL URIBE URIBE,-74.12889999896288,4.579999998211861,WGS 84 / Pseudo-Mercator,"EPSG:4326 (st_set_crs, sin transformar)","lon [-74.3933, -74.0162] lat [3.8295, 4.8239] sobre 2219 de 2221 filas con coordenada finita",plausible,colegios06_2025.gpkg,2025-06-30
111001018261,111001012271,COLEGIO RAFAEL URIBE URIBE (IED),NUESTRA SEÑORA DEL CARMEN,-74.13210000097752,4.583299998193979,WGS 84 / Pseudo-Mercator,"EPSG:4326 (st_set_crs, sin transformar)","lon [-74.3933, -74.0162] lat [3.8295, 4.8239] sobre 2219 de 2221 filas con coordenada finita",plausible,colegios06_2025.gpkg,2025-06-30
111001014206,111001014206,COLEGIO MARCO FIDEL SUAREZ (IED),MARCO FIDEL SUAREZ,-74.13320000097156,4.5793999992311,WGS 84 / Pseudo-Mercator,"EPSG:4326 (st_set_crs, sin transformar)","lon [-74.3933, -74.0162] lat [3.8295, 4.8239] sobre 2219 de 2221 filas con coordenada finita",plausible,colegios06_2025.gpkg,2025-06-30
111001014214,111001014214,COLEGIO CIUDAD DE BOGOTA (IED),CIUDAD DE BOGOTA,-74.13839999958873,4.5775000005960464,WGS 84 / Pseudo-Mercator,"EPSG:4326 (st_set_crs, sin transformar)","lon [-74.3933, -74.0162] lat [3.8295, 4.8239] sobre 2219 de 2221 filas con coordenada finita",plausible,colegios06_2025.gpkg,2025-06-30
111001018279,111001014214,COLEGIO CIUDAD DE BOGOTA (IED),ROCKEFELLER,-74.1402000002563,4.5775000005960464,WGS 84 / Pseudo-Mercator,"EPSG:4326 (st_set_crs, sin transformar)","lon [-74.3933, -74.0162] lat [3.8295, 4.8239] sobre 2219 de 2221 filas con coordenada finita",plausible,colegios06_2025.gpkg,2025-06-30
111001018201,111001018201,COLEGIO RUFINO JOSE CUERVO (IED),RUFINO JOSE CUERVO,-74.12480000033975,4.560100000351667,WGS 84 / Pseudo-Mercator,"EPSG:4326 (st_set_crs, sin transformar)","lon [-74.3933, -74.0162] lat [3.8295, 4.8239] sobre 2219 de 2221 filas con coordenada finita",plausible,colegios06_2025.gpkg,2025-06-30
111001015318,111001018201,COLEGIO RUFINO JOSE CUERVO (IED),CECILIA DE LA FUENTE DE LLERAS,-74.12390000000596,4.555500000715256,WGS 84 / Pseudo-Mercator,"EPSG:4326 (st_set_crs, sin transformar)","lon [-74.3933, -74.0162] lat [3.8295, 4.8239] sobre 2219 de 2221 filas con coordenada finita",plausible,colegios06_2025.gpkg,2025-06-30
111001029084,111001018201,COLEGIO RUFINO JOSE CUERVO (IED),NUEVO TUNJUELITO,-74.12929999828339,4.5590999983251095,WGS 84 / Pseudo-Mercator,"EPSG:4326 (st_set_crs, sin transformar)","lon [-74.3933, -74.0162] lat [3.8295, 4.8239] sobre 2219 de 2221 filas con coordenada finita",plausible,colegios06_2025.gpkg,2025-06-30
111001110264,111001018201,COLEGIO RUFINO JOSE CUERVO (IED),SEDE D,-74.12929999828339,4.5590999983251095,WGS 84 / Pseudo-Mercator,"EPSG:4326 (st_set_crs, sin transformar)","lon [-74.3933, -74.0162] lat [3.8295, 4.8239] sobre 2219 de 2221 filas con coordenada finita",plausible,colegios06_2025.gpkg,2025-06-30
111001019411,111001019411,COLEGIO INEM SANTIAGO PEREZ (IED),INEM SANTIAGO PEREZ,-74.13199999928474,4.5760999992489815,WGS 84 / Pseudo-Mercator,"EPSG:4326 (st_set_crs, sin transformar)","lon [-74.3933, -74.0162] lat [3.8295, 4.8239] sobre 2219 de 2221 filas con coordenada finita",plausible,colegios06_2025.gpkg,2025-06-30
111001038253,111001019411,COLEGIO INEM SANTIAGO PEREZ (IED),AGUSTIN CODAZZI,-74.13199999928474,4.583000000566244,WGS 84 / Pseudo-Mercator,"EPSG:4326 (st_set_crs, sin transformar)","lon [-74.3933, -74.0162] lat [3.8295, 4.8239] sobre 2219 de 2221 filas con coordenada finita",plausible,colegios06_2025.gpkg,2025-06-30
111001032450,111001032450,COLEGIO BERNARDO JARAMILLO (IED),BERNARDO JARAMILLO,-74.12649999931455,4.571299999952316,WGS 84 / Pseudo-Mercator,"EPSG:4326 (st_set_crs, sin transformar)","lon [-74.3933, -74.0162] lat [3.8295, 4.8239] sobre 2219 de 2221 filas con coordenada finita",plausible,colegios06_2025.gpkg,2025-06-30
111001075736,111001075736,COLEGIO ISLA DEL SOL (IED),ISLA DEL SOL,-74.15249999985099,4.589400000870228,WGS 84 / Pseudo-Mercator,"EPSG:4326 (st_set_crs, sin transformar)","lon [-74.3933, -74.0162] lat [3.8295, 4.8239] sobre 2219 de 2221 filas con coordenada finita",plausible,colegios06_2025.gpkg,2025-06-30
111001075957,111001075957,COLEGIO SAN CARLOS (IED),JOSE ANTONIO RICAURTE,-74.13239999860525,4.564399998635054,WGS 84 / Pseudo-Mercator,"EPSG:4326 (st_set_crs, sin transformar)","lon [-74.3933, -74.0162] lat [3.8295, 4.8239] sobre 2219 de 2221 filas con coordenada finita",plausible,colegios06_2025.gpkg,2025-06-30
111001018066,111001075957,COLEGIO SAN CARLOS (IED),SAN CARLOS,-74.12810000032187,4.569499999284744,WGS 84 / Pseudo-Mercator,"EPSG:4326 (st_set_crs, sin transformar)","lon [-74.3933, -74.0162] lat [3.8295, 4.8239] sobre 2219 de 2221 filas con coordenada finita",plausible,colegios06_2025.gpkg,2025-06-30
111001086631,111001086631,COLEGIO SAN BENITO ABAD (IED),DIANA TURBAY,-74.13709999993443,4.566599998623133,WGS 84 / Pseudo-Mercator,"EPSG:4326 (st_set_crs, sin transformar)","lon [-74.3933, -74.0162] lat [3.8295, 4.8239] sobre 2219 de 2221 filas con coordenada finita",plausible,colegios06_2025.gpkg,2025-06-30
111001025623,111001086631,COLEGIO SAN BENITO ABAD (IED),SAN BENITO,-74.13439999893308,4.566199999302626,WGS 84 / Pseudo-Mercator,"EPSG:4326 (st_set_crs, sin transformar)","lon [-74.3933, -74.0162] lat [3.8295, 4.8239] sobre 2219 de 2221 filas con coordenada finita",plausible,colegios06_2025.gpkg,2025-06-30
111850001037,111850001037,LICEO DEL EJERCITO PATRIA SECTOR SUR C (SANTA BARBARA),LICEO DEL EJERCITO PATRIA SECTOR SUR C (SANTA BARBARA),-74.12240000069141,4.549499999731779,WGS 84 / Pseudo-Mercator,"EPSG:4326 (st_set_crs, sin transformar)","lon [-74.3933, -74.0162] lat [3.8295, 4.8239] sobre 2219 de 2221 filas con coordenada finita",plausible,colegios06_2025.gpkg,2025-06-30
311001000379,311001000379,COLEGIO NUESTRA SEÑORA DE LAS VICTORIAS,COLEGIO NUESTRA SEÑORA DE LAS VICTORIAS,-74.12999999895692,4.560699999332428,WGS 84 / Pseudo-Mercator,"EPSG:4326 (st_set_crs, sin transformar)","lon [-74.3933, -74.0162] lat [3.8295, 4.8239] sobre 2219 de 2221 filas con coordenada finita",plausible,colegios06_2025.gpkg,2025-06-30
311001002118,311001002118,COLEGIO DIEGO COLON,COLEGIO DIEGO COLON,-74.13459999859333,4.581799998879433,WGS 84 / Pseudo-Mercator,"EPSG:4326 (st_set_crs, sin transformar)","lon [-74.3933, -74.0162] lat [3.8295, 4.8239] sobre 2219 de 2221 filas con coordenada finita",plausible,colegios06_2025.gpkg,2025-06-30
311001003378,311001003378,GIMNASIO PEDAGOGICO NUESTRA SEÑORA DE FATIMA,GIMNASIO PEDAGOGICO NUESTRA SEÑORA DE FATIMA,-74.14160000160336,4.589999999850988,WGS 84 / Pseudo-Mercator,"EPSG:4326 (st_set_crs, sin transformar)","lon [-74.3933, -74.0162] lat [3.8295, 4.8239] sobre 2219 de 2221 filas con coordenada finita",plausible,colegios06_2025.gpkg,2025-06-30
311001003971,311001003971,COLEGIO PARROQUIAL SAN CARLOS,COLEGIO PARROQUIAL SAN CARLOS,-74.13010000064969,4.566500000655651,WGS 84 / Pseudo-Mercator,"EPSG:4326 (st_set_crs, sin transformar)","lon [-74.3933, -74.0162] lat [3.8295, 4.8239] sobre 2219 de 2221 filas con coordenada finita",plausible,colegios06_2025.gpkg,2025-06-30
311001004820,311001004820,FUNDACION INSTITUTO TECNOLOGICO DEL SUR,FUNDACION INSTITUTO TECNOLOGICO DEL SUR,-74.13459999859333,4.582899998873472,WGS 84 / Pseudo-Mercator,"EPSG:4326 (st_set_crs, sin transformar)","lon [-74.3933, -74.0162] lat [3.8295, 4.8239] sobre 2219 de 2221 filas con coordenada finita",plausible,colegios06_2025.gpkg,2025-06-30
311001004897,311001004897,COLEGIO NUESTRA SEÑORA DE FATIMA POLINAL,COLEGIO NUESTRA SEÑORA DE FATIMA POLINAL,-74.13679999858141,4.5912999995052814,WGS 84 / Pseudo-Mercator,"EPSG:4326 (st_set_crs, sin transformar)","lon [-74.3933, -74.0162] lat [3.8295, 4.8239] sobre 2219 de 2221 filas con coordenada finita",plausible,colegios06_2025.gpkg,2025-06-30
311001005311,311001005311,COLEGIO PEDRO DE HEREDIA,COLEGIO PEDRO DE HEREDIA,-74.13250000029802,4.5659000016748905,WGS 84 / Pseudo-Mercator,"EPSG:4326 (st_set_crs, sin transformar)","lon [-74.3933, -74.0162] lat [3.8295, 4.8239] sobre 2219 de 2221 filas con coordenada finita",plausible,colegios06_2025.gpkg,2025-06-30
311001006032,311001006032,EXTERNADO PORFIRIO BARBA JACOB,EXTERNADO PORFIRIO BARBA JACOB,-74.12999999895692,4.5659000016748905,WGS 84 / Pseudo-Mercator,"EPSG:4326 (st_set_crs, sin transformar)","lon [-74.3933, -74.0162] lat [3.8295, 4.8239] sobre 2219 de 2221 filas con coordenada finita",plausible,colegios06_2025.gpkg,2025-06-30
311001008159,311001008159,COLEGIO SANTA CECILIA DE TUNJUELITO,COLEGIO SANTA CECILIA DE TUNJUELITO,-74.12420000135899,4.558600001037121,WGS 84 / Pseudo-Mercator,"EPSG:4326 (st_set_crs, sin transformar)","lon [-74.3933, -74.0162] lat [3.8295, 4.8239] sobre 2219 de 2221 filas con coordenada finita",plausible,colegios06_2025.gpkg,2025-06-30
311001008213,311001008213,COLEGIO COOPERATIVO VENECIA,COLEGIO COOPERATIVO VENECIA,-74.1405999995768,4.5929000005126,WGS 84 / Pseudo-Mercator,"EPSG:4326 (st_set_crs, sin transformar)","lon [-74.3933, -74.0162] lat [3.8295, 4.8239] sobre 2219 de 2221 filas con coordenada finita",plausible,colegios06_2025.gpkg,2025-06-30
311001010404,311001010404,COLEGIO MENDEZ,COLEGIO MENDEZ,-74.12400000169873,4.557199999690056,WGS 84 / Pseudo-Mercator,"EPSG:4326 (st_set_crs, sin transformar)","lon [-74.3933, -74.0162] lat [3.8295, 4.8239] sobre 2219 de 2221 filas con coordenada finita",plausible,colegios06_2025.gpkg,2025-06-30
311001020213,311001020213,LICEO CAMPESTRE CAFAM,LICEO CAMPESTRE CAFAM,-74.14339999854565,4.578000001609325,WGS 84 / Pseudo-Mercator,"EPSG:4326 (st_set_crs, sin transformar)","lon [-74.3933, -74.0162] lat [3.8295, 4.8239] sobre 2219 de 2221 filas con coordenada finita",plausible,colegios06_2025.gpkg,2025-06-30
311001025894,311001025894,COLEGIO COOPERATIVO NUEVO MUZU,COLEGIO COOPERATIVO NUEVO MUZU,-74.14840000122786,4.587900001555681,WGS 84 / Pseudo-Mercator,"EPSG:4326 (st_set_crs, sin transformar)","lon [-74.3933, -74.0162] lat [3.8295, 4.8239] sobre 2219 de 2221 filas con coordenada finita",plausible,colegios06_2025.gpkg,2025-06-30
311001026491,311001026491,COLEGIO PRO COLOMBIANO,COLEGIO PRO COLOMBIANO,-74.13419999927282,4.566500000655651,WGS 84 / Pseudo-Mercator,"EPSG:4326 (st_set_crs, sin transformar)","lon [-74.3933, -74.0162] lat [3.8295, 4.8239] sobre 2219 de 2221 filas con coordenada finita",plausible,colegios06_2025.gpkg,2025-06-30
311001028427,311001028427,GIMNASIO COMERCIAL LOS ANDES,GIMNASIO COMERCIAL LOS ANDES,-74.13949999958277,4.586899999529123,WGS 84 / Pseudo-Mercator,"EPSG:4326 (st_set_crs, sin transformar)","lon [-74.3933, -74.0162] lat [3.8295, 4.8239] sobre 2219 de 2221 filas con coordenada finita",plausible,colegios06_2025.gpkg,2025-06-30
311001036250,311001036250,LICEO DAMFUS,LICEO DAMFUS,-74.12759999930859,4.569400001317263,WGS 84 / Pseudo-Mercator,"EPSG:4326 (st_set_crs, sin transformar)","lon [-74.3933, -74.0162] lat [3.8295, 4.8239] sobre 2219 de 2221 filas con coordenada finita",plausible,colegios06_2025.gpkg,2025-06-30
311001036641,311001036641,JARDIN INFANTIL MIS PRIMEROS PASOS,JARDIN INFANTIL MIS PRIMEROS PASOS,-74.12990000098944,4.576400000602007,WGS 84 / Pseudo-Mercator,"EPSG:4326 (st_set_crs, sin transformar)","lon [-74.3933, -74.0162] lat [3.8295, 4.8239] sobre 2219 de 2221 filas con coordenada finita",plausible,colegios06_2025.gpkg,2025-06-30
311001042292,311001042292,JARDIN INFANTIL SOLDADITOS,JARDIN INFANTIL SOLDADITOS,-74.13699999824166,4.584199998527765,WGS 84 / Pseudo-Mercator,"EPSG:4326 (st_set_crs, sin transformar)","lon [-74.3933, -74.0162] lat [3.8295, 4.8239] sobre 2219 de 2221 filas con coordenada finita",plausible,colegios06_2025.gpkg,2025-06-30
311001044091,311001044091,JARDIN INFANTIL LA ISLA DEL SOL,JARDIN INFANTIL LA ISLA DEL SOL,-74.15529999881983,4.590500000864267,WGS 84 / Pseudo-Mercator,"EPSG:4326 (st_set_crs, sin transformar)","lon [-74.3933, -74.0162] lat [3.8295, 4.8239] sobre 2219 de 2221 filas con coordenada finita",plausible,colegios06_2025.gpkg,2025-06-30
311001046077,311001046077,COLEGIO INTERNACIONAL CAMINO A LA CIMA,COLEGIO INTERNACIONAL CAMINO A LA CIMA,-74.1279999986291,4.575800001621246,WGS 84 / Pseudo-Mercator,"EPSG:4326 (st_set_crs, sin transformar)","lon [-74.3933, -74.0162] lat [3.8295, 4.8239] sobre 2219 de 2221 filas con coordenada finita",plausible,colegios06_2025.gpkg,2025-06-30
311001065489,311001065489,LICEO CAMPO DAVID,LICEO CAMPO DAVID,-74.12609999999404,4.573600001633167,WGS 84 / Pseudo-Mercator,"EPSG:4326 (st_set_crs, sin transformar)","lon [-74.3933, -74.0162] lat [3.8295, 4.8239] sobre 2219 de 2221 filas con coordenada finita",plausible,colegios06_2025.gpkg,2025-06-30
311001075191,311001075191,COLEGIO SAN JOSE DE CAFASSO,COLEGIO SAN JOSE DE CAFASSO,-74.13540000095963,4.585900001227856,WGS 84 / Pseudo-Mercator,"EPSG:4326 (st_set_crs, sin transformar)","lon [-74.3933, -74.0162] lat [3.8295, 4.8239] sobre 2219 de 2221 filas con coordenada finita",plausible,colegios06_2025.gpkg,2025-06-30
311001075387,311001075387,COLEGIO PEDAGOGICO JUAN JOSE NEIRA,COLEGIO PEDAGOGICO JUAN JOSE NEIRA,-74.13039999827743,4.568399999290705,WGS 84 / Pseudo-Mercator,"EPSG:4326 (st_set_crs, sin transformar)","lon [-74.3933, -74.0162] lat [3.8295, 4.8239] sobre 2219 de 2221 filas con coordenada finita",plausible,colegios06_2025.gpkg,2025-06-30
311001076588,311001076588,COLEGIO PSICOPEDAGOGICO PROCESOS CREATIVOS,COLEGIO PSICOPEDAGOGICO PROCESOS CREATIVOS,-74.13549999892712,4.579199999570847,WGS 84 / Pseudo-Mercator,"EPSG:4326 (st_set_crs, sin transformar)","lon [-74.3933, -74.0162] lat [3.8295, 4.8239] sobre 2219 de 2221 filas con coordenada finita",plausible,colegios06_2025.gpkg,2025-06-30
311001088608,311001088608,LICEO SANTA BERNARDITA,LICEO SANTA BERNARDITA,-74.1418999992311,4.588799998164177,WGS 84 / Pseudo-Mercator,"EPSG:4326 (st_set_crs, sin transformar)","lon [-74.3933, -74.0162] lat [3.8295, 4.8239] sobre 2219 de 2221 filas con coordenada finita",plausible,colegios06_2025.gpkg,2025-06-30
311001089442,311001089442,CENTRO EDUCATIVO EL ELYON,CENTRO EDUCATIVO EL ELYON,-74.14719999954104,4.588599998503923,WGS 84 / Pseudo-Mercator,"EPSG:4326 (st_set_crs, sin transformar)","lon [-74.3933, -74.0162] lat [3.8295, 4.8239] sobre 2219 de 2221 filas con coordenada finita",plausible,colegios06_2025.gpkg,2025-06-30
311001091374,311001091374,COLEGIO PSICOPEDAGOGICO ARNOLD GESELL,COLEGIO PSICOPEDAGOGICO ARNOLD GESELL,-74.13619999960065,4.585799999535084,WGS 84 / Pseudo-Mercator,"EPSG:4326 (st_set_crs, sin transformar)","lon [-74.3933, -74.0162] lat [3.8295, 4.8239] sobre 2219 de 2221 filas con coordenada finita",plausible,colegios06_2025.gpkg,2025-06-30
311001092788,311001092788,LICEO PSICOPEDAGOGICO EL TEOREMA DE APRENDER,LICEO PSICOPEDAGOGICO EL TEOREMA DE APRENDER,-74.12929999828339,4.564399998635054,WGS 84 / Pseudo-Mercator,"EPSG:4326 (st_set_crs, sin transformar)","lon [-74.3933, -74.0162] lat [3.8295, 4.8239] sobre 2219 de 2221 filas con coordenada finita",plausible,colegios06_2025.gpkg,2025-06-30
311001097178,311001097178,COLEGIO PASTORCITOS DE FATIMA,COLEGIO PASTORCITOS DE FATIMA,-74.13630000129342,4.586599998176098,WGS 84 / Pseudo-Mercator,"EPSG:4326 (st_set_crs, sin transformar)","lon [-74.3933, -74.0162] lat [3.8295, 4.8239] sobre 2219 de 2221 filas con coordenada finita",plausible,colegios06_2025.gpkg,2025-06-30
311001099162,311001099162,LICEO INFANTIL MI NUEVO MUNDO ENCANTADO,LICEO INFANTIL MI NUEVO MUNDO ENCANTADO,-74.14499999955297,4.589699998497963,WGS 84 / Pseudo-Mercator,"EPSG:4326 (st_set_crs, sin transformar)","lon [-74.3933, -74.0162] lat [3.8295, 4.8239] sobre 2219 de 2221 filas con coordenada finita",plausible,colegios06_2025.gpkg,2025-06-30
311001099197,311001099197,JARDIN INFANTIL MIS PEQUEÑOS TIMPANITOS,JARDIN INFANTIL MIS PEQUEÑOS TIMPANITOS,-74.146099999547,4.592399999499321,WGS 84 / Pseudo-Mercator,"EPSG:4326 (st_set_crs, sin transformar)","lon [-74.3933, -74.0162] lat [3.8295, 4.8239] sobre 2219 de 2221 filas con coordenada finita",plausible,colegios06_2025.gpkg,2025-06-30
311001099227,311001099227,LICEO INTEGRAL SAN CARLOS,LICEO INTEGRAL SAN CARLOS,-74.12840000167489,4.565799999982119,WGS 84 / Pseudo-Mercator,"EPSG:4326 (st_set_crs, sin transformar)","lon [-74.3933, -74.0162] lat [3.8295, 4.8239] sobre 2219 de 2221 filas con coordenada finita",plausible,colegios06_2025.gpkg,2025-06-30
311001101825,311001101825,INSTITUTO BILINGÜE DEL SUR,INSTITUTO BILINGÜE DEL SUR,-74.13940000161529,4.578200001269579,WGS 84 / Pseudo-Mercator,"EPSG:4326 (st_set_crs, sin transformar)","lon [-74.3933, -74.0162] lat [3.8295, 4.8239] sobre 2219 de 2221 filas con coordenada finita",plausible,colegios06_2025.gpkg,2025-06-30
311001101833,311001101833,JARDIN INFANTIL CARRUSEL DE COLORES,JARDIN INFANTIL CARRUSEL DE COLORES,-74.13030000030994,4.568399999290705,WGS 84 / Pseudo-Mercator,"EPSG:4326 (st_set_crs, sin transformar)","lon [-74.3933, -74.0162] lat [3.8295, 4.8239] sobre 2219 de 2221 filas con coordenada finita",plausible,colegios06_2025.gpkg,2025-06-30
311001104778,311001104778,COLEGIO INCADE,COLEGIO INCADE,-74.13589999824762,4.594200000166893,WGS 84 / Pseudo-Mercator,"EPSG:4326 (st_set_crs, sin transformar)","lon [-74.3933, -74.0162] lat [3.8295, 4.8239] sobre 2219 de 2221 filas con coordenada finita",plausible,colegios06_2025.gpkg,2025-06-30
311001104786,311001104786,COLEGIO BRITANICO,COLEGIO BRITANICO,-74.13699999824166,4.594300001859665,WGS 84 / Pseudo-Mercator,"EPSG:4326 (st_set_crs, sin transformar)","lon [-74.3933, -74.0162] lat [3.8295, 4.8239] sobre 2219 de 2221 filas con coordenada finita",plausible,colegios06_2025.gpkg,2025-06-30
311001108510,311001108510,JARDIN INFANTIL CONSTRUYENDO CON GEPETTO,JARDIN INFANTIL CONSTRUYENDO CON GEPETTO,-74.14229999855161,4.583500001579523,WGS 84 / Pseudo-Mercator,"EPSG:4326 (st_set_crs, sin transformar)","lon [-74.3933, -74.0162] lat [3.8295, 4.8239] sobre 2219 de 2221 filas con coordenada finita",plausible,colegios06_2025.gpkg,2025-06-30
311001108706,311001108706,CENTRO EDUCATIVO SURAMERICANO,CENTRO EDUCATIVO SURAMERICANO,-74.14510000124574,4.5921999998390675,WGS 84 / Pseudo-Mercator,"EPSG:4326 (st_set_crs, sin transformar)","lon [-74.3933, -74.0162] lat [3.8295, 4.8239] sobre 2219 de 2221 filas con coordenada finita",plausible,colegios06_2025.gpkg,2025-06-30
311001109931,311001109931,COLEGIO TECNISISTEMAS,COLEGIO TECNISISTEMAS,-74.13699999824166,4.594500001519918,WGS 84 / Pseudo-Mercator,"EPSG:4326 (st_set_crs, sin transformar)","lon [-74.3933, -74.0162] lat [3.8295, 4.8239] sobre 2219 de 2221 filas con coordenada finita",plausible,colegios06_2025.gpkg,2025-06-30
311001800707,311001800707,CENTRO EDUCATIVO INTEGRAL LATINOAMERICANO - CEIL,CENTRO EDUCATIVO INTEGRAL LATINOAMERICANO - CEIL,-74.1405999995768,4.5929000005126,WGS 84 / Pseudo-Mercator,"EPSG:4326 (st_set_crs, sin transformar)","lon [-74.3933, -74.0162] lat [3.8295, 4.8239] sobre 2219 de 2221 filas con coordenada finita",plausible,colegios06_2025.gpkg,2025-06-30
311001800901,311001800901,POLITECNICA COLOMBIANA,POLITECNICA COLOMBIANA,-74.13960000127554,4.5945999994874,WGS 84 / Pseudo-Mercator,"EPSG:4326 (st_set_crs, sin transformar)","lon [-74.3933, -74.0162] lat [3.8295, 4.8239] sobre 2219 de 2221 filas con coordenada finita",plausible,colegios06_2025.gpkg,2025-06-30
311102000531,311102000531,COLEGIO DE LA PRESENTACION DE FATIMA,COLEGIO DE LA PRESENTACION DE FATIMA,-74.138799998909235,4.58559999987483,WGS 84 / Pseudo-Mercator,"EPSG:4326 (st_set_crs, sin transformar)","lon [-74.3933, -74.0162] lat [3.8295, 4.8239] sobre 2219 de 2221 filas con coordenada finita",plausible,colegios06_2025.gpkg,2025-06-30
111001002909,111001002909,COLEGIO CARLOS ALBAN HOLGUIN (IED),CARLOS ALBAN HOLGUIN,-74.19689999893308,4.605200000107288,WGS 84 / Pseudo-Mercator,"EPSG:4326 (st_set_crs, sin transformar)","lon [-74.3933, -74.0162] lat [3.8295, 4.8239] sobre 2219 de 2221 filas con coordenada finita",plausible,colegios06_2025.gpkg,2025-06-30
111102000788,111001002909,COLEGIO CARLOS ALBAN HOLGUIN (IED),JOSE MARIA CARBONELL,-74.19750000163913,4.599599998444319,WGS 84 / Pseudo-Mercator,"EPSG:4326 (st_set_crs, sin transformar)","lon [-74.3933, -74.0162] lat [3.8295, 4.8239] sobre 2219 de 2221 filas con coordenada finita",plausible,colegios06_2025.gpkg,2025-06-30
211102000642,111001002909,COLEGIO CARLOS ALBAN HOLGUIN (IED),SAN JOSE,-74.2098999992013,4.613600000739098,WGS 84 / Pseudo-Mercator,"EPSG:4326 (st_set_crs, sin transformar)","lon [-74.3933, -74.0162] lat [3.8295, 4.8239] sobre 2219 de 2221 filas con coordenada finita",plausible,colegios06_2025.gpkg,2025-06-30
111001010031,111001010031,COLEGIO CEDID SAN PABLO (IED),SAN PABLO BOSA,-74.18739999830723,4.599599998444319,WGS 84 / Pseudo-Mercator,"EPSG:4326 (st_set_crs, sin transformar)","lon [-74.3933, -74.0162] lat [3.8295, 4.8239] sobre 2219 de 2221 filas con coordenada finita",plausible,colegios06_2025.gpkg,2025-06-30
111102000699,111001010031,COLEGIO CEDID SAN PABLO (IED),LA AMISTAD,-74.1849999986589,4.606199998408556,WGS 84 / Pseudo-Mercator,"EPSG:4326 (st_set_crs, sin transformar)","lon [-74.3933, -74.0162] lat [3.8295, 4.8239] sobre 2219 de 2221 filas con coordenada finita",plausible,colegios06_2025.gpkg,2025-06-30
111102000567,111001010031,COLEGIO CEDID SAN PABLO (IED),NUEVA GRANADA,-74.19200000166893,4.600999999791384,WGS 84 / Pseudo-Mercator,"EPSG:4326 (st_set_crs, sin transformar)","lon [-74.3933, -74.0162] lat [3.8295, 4.8239] sobre 2219 de 2221 filas con coordenada finita",plausible,colegios06_2025.gpkg,2025-06-30
111001013676,111001013676,COLEGIO NUEVO CHILE (IED),NUEVO CHILE,-74.16620000079274,4.603300001472235,WGS 84 / Pseudo-Mercator,"EPSG:4326 (st_set_crs, sin transformar)","lon [-74.3933, -74.0162] lat [3.8295, 4.8239] sobre 2219 de 2221 filas con coordenada finita",plausible,colegios06_2025.gpkg,2025-06-30
111102000923,111001013676,COLEGIO NUEVO CHILE (IED),RODRIGO DE BASTIDAS,-74.16479999944568,4.601700000464916,WGS 84 / Pseudo-Mercator,"EPSG:4326 (st_set_crs, sin transformar)","lon [-74.3933, -74.0162] lat [3.8295, 4.8239] sobre 2219 de 2221 filas con coordenada finita",plausible,colegios06_2025.gpkg,2025-06-30
111001800261,111001013676,COLEGIO NUEVO CHILE (IED),SEDE C,-74.15760000050068,4.601300001144409,WGS 84 / Pseudo-Mercator,"EPSG:4326 (st_set_crs, sin transformar)","lon [-74.3933, -74.0162] lat [3.8295, 4.8239] sobre 2219 de 2221 filas con coordenada finita",plausible,colegios06_2025.gpkg,2025-06-30
111001014109,111001014109,COLEGIO BRASILIA - BOSA (IED),BRASILIA - BOSA,-74.18129999935627,4.628100000321865,WGS 84 / Pseudo-Mercator,"EPSG:4326 (st_set_crs, sin transformar)","lon [-74.3933, -74.0162] lat [3.8295, 4.8239] sobre 2219 de 2221 filas con coordenada finita",plausible,colegios06_2025.gpkg,2025-06-30
211102000219,111001014109,COLEGIO BRASILIA - BOSA (IED),LUIS HERNANDO PEREA,-74.18600000068545,4.626899998635054,WGS 84 / Pseudo-Mercator,"EPSG:4326 (st_set_crs, sin transformar)","lon [-74.3933, -74.0162] lat [3.8295, 4.8239] sobre 2219 de 2221 filas con coordenada finita",plausible,colegios06_2025.gpkg,2025-06-30
111001094480,111001014109,COLEGIO BRASILIA - BOSA (IED),BRASILIA - BOSA,-74.18120000138879,4.628100000321865,WGS 84 / Pseudo-Mercator,"EPSG:4326 (st_set_crs, sin transformar)","lon [-74.3933, -74.0162] lat [3.8295, 4.8239] sobre 2219 de 2221 filas con coordenada finita",plausible,colegios06_2025.gpkg,2025-06-30
111001041599,111001041599,COLEGIO MOTORISTA (CED),MOTORISTA,-74.17559999972582,4.597899999469519,WGS 84 / Pseudo-Mercator,"EPSG:4326 (st_set_crs, sin transformar)","lon [-74.3933, -74.0162] lat [3.8295, 4.8239] sobre 2219 de 2221 filas con coordenada finita",plausible,colegios06_2025.gpkg,2025-06-30
111001046477,111001046477,COLEGIO GRANCOLOMBIANO (IED),GRANCOLOMBIANO,-74.1997000016272,4.610199999064207,WGS 84 / Pseudo-Mercator,"EPSG:4326 (st_set_crs, sin transformar)","lon [-74.3933, -74.0162] lat [3.8295, 4.8239] sobre 2219 de 2221 filas con coordenada finita",plausible,colegios06_2025.gpkg,2025-06-30
111102000591,111001046477,COLEGIO GRANCOLOMBIANO (IED),LOS LAURELES,-74.2001999989152,4.609000001102686,WGS 84 / Pseudo-Mercator,"EPSG:4326 (st_set_crs, sin transformar)","lon [-74.3933, -74.0162] lat [3.8295, 4.8239] sobre 2219 de 2221 filas con coordenada finita",plausible,colegios06_2025.gpkg,2025-06-30
111102000672,111001046477,COLEGIO GRANCOLOMBIANO (IED),CHARLES DE GAULLE,-74.1997000016272,4.610199999064207,WGS 84 / Pseudo-Mercator,"EPSG:4326 (st_set_crs, sin transformar)","lon [-74.3933, -74.0162] lat [3.8295, 4.8239] sobre 2219 de 2221 filas con coordenada finita",plausible,colegios06_2025.gpkg,2025-06-30
111102000893,111001046477,COLEGIO GRANCOLOMBIANO (IED),LOS NARANJOS,-74.19689999893308,4.607099998742342,WGS 84 / Pseudo-Mercator,"EPSG:4326 (st_set_crs, sin transformar)","lon [-74.3933, -74.0162] lat [3.8295, 4.8239] sobre 2219 de 2221 filas con coordenada finita",plausible,colegios06_2025.gpkg,2025-06-30
111001046591,111001046591,COLEGIO JOSE ANTONIO GALAN (IED),JOSE ANTONIO GALAN,-74.17909999936819,4.606100000441074,WGS 84 / Pseudo-Mercator,"EPSG:4326 (st_set_crs, sin transformar)","lon [-74.3933, -74.0162] lat [3.8295, 4.8239] sobre 2219 de 2221 filas con coordenada finita",plausible,colegios06_2025.gpkg,2025-06-30
111001086606,111001086606,COLEGIO LLANO ORIENTAL (IED),LLANO ORIENTAL,-74.19979999959469,4.603399999439716,WGS 84 / Pseudo-Mercator,"EPSG:4326 (st_set_crs, sin transformar)","lon [-74.3933, -74.0162] lat [3.8295, 4.8239] sobre 2219 de 2221 filas con coordenada finita",plausible,colegios06_2025.gpkg,2025-06-30
111001086754,111001086754,COLEGIO LA CONCEPCION (IED),LA CONCEPCION,-74.19489999860525,4.622400000691414,WGS 84 / Pseudo-Mercator,"EPSG:4326 (st_set_crs, sin transformar)","lon [-74.3933, -74.0162] lat [3.8295, 4.8239] sobre 2219 de 2221 filas con coordenada finita",plausible,colegios06_2025.gpkg,2025-06-30
111001104132,111001086754,COLEGIO LA CONCEPCION (IED),NUESTRA SEÑORA DE LOURDES,-74.18230000138283,4.605200000107288,WGS 84 / Pseudo-Mercator,"EPSG:4326 (st_set_crs, sin transformar)","lon [-74.3933, -74.0162] lat [3.8295, 4.8239] sobre 2219 de 2221 filas con coordenada finita",plausible,colegios06_2025.gpkg,2025-06-30
111001098876,111001098876,COLEGIO LA ESPERANZA (IED),COLEGIO LA ESPERANZA (IED) - SEDE PRINCIPAL,-74.20490000024438,4.6097999997437,WGS 84 / Pseudo-Mercator,"EPSG:4326 (st_set_crs, sin transformar)","lon [-74.3933, -74.0162] lat [3.8295, 4.8239] sobre 2219 de 2221 filas con coordenada finita",plausible,colegios06_2025.gpkg,2025-06-30
111001098884,111001098884,COLEGIO LOS NARANJOS (IED),COLEGIO LOS NARANJOS (IED) - SEDE PRINCIPAL,-74.20210000127554,4.609900001436472,WGS 84 / Pseudo-Mercator,"EPSG:4326 (st_set_crs, sin transformar)","lon [-74.3933, -74.0162] lat [3.8295, 4.8239] sobre 2219 de 2221 filas con coordenada finita",plausible,colegios06_2025.gpkg,2025-06-30
111001100064,111001100064,COLEGIO ARGELIA (IED),COLEGIO ARGELIA (IED) - SEDE PRINCIPAL,-74.18640000000596,4.6119000017642975,WGS 84 / Pseudo-Mercator,"EPSG:4326 (st_set_crs, sin transformar)","lon [-74.3933, -74.0162] lat [3.8295, 4.8239] sobre 2219 de 2221 filas con coordenada finita",plausible,colegios06_2025.gpkg,2025-06-30
111001100072,111001100072,COLEGIO SANTIAGO DE LAS ATALAYAS (IED),COLEGIO SANTIAGO DE LAS ATALAYAS (IED) - SEDE PRINCIPAL,-74.19280000030994,4.629399999976158,WGS 84 / Pseudo-Mercator,"EPSG:4326 (st_set_crs, sin transformar)","lon [-74.3933, -74.0162] lat [3.8295, 4.8239] sobre 2219 de 2221 filas con coordenada finita",plausible,colegios06_2025.gpkg,2025-06-30
111001104051,111001104051,COLEGIO SAN IGNACIO (IED),COLEGIO SAN IGNACIO (IED) - SEDE PRINCIPAL,-74.18989999964833,4.633000001311302,WGS 84 / Pseudo-Mercator,"EPSG:4326 (st_set_crs, sin transformar)","lon [-74.3933, -74.0162] lat [3.8295, 4.8239] sobre 2219 de 2221 filas con coordenada finita",plausible,colegios06_2025.gpkg,2025-06-30
111001104183,111001104183,COLEGIO LEONARDO POSADA PEDRAZA (IED),LEONARDO POSADA PEDRAZA,-74.20149999856949,4.62779999896884,WGS 84 / Pseudo-Mercator,"EPSG:4326 (st_set_crs, sin transformar)","lon [-74.3933, -74.0162] lat [3.8295, 4.8239] sobre 2219 de 2221 filas con coordenada finita",plausible,colegios06_2025.gpkg,2025-06-30
111001104299,111001104299,COLEGIO ALFONSO REYES ECHANDIA (IED),ALFONSO REYES ECHANDIA,-74.19990000128746,4.616399999707937,WGS 84 / Pseudo-Mercator,"EPSG:4326 (st_set_crs, sin transformar)","lon [-74.3933, -74.0162] lat [3.8295, 4.8239] sobre 2219 de 2221 filas con coordenada finita",plausible,colegios06_2025.gpkg,2025-06-30
111001104302,111001104302,COLEGIO ORLANDO HIGUITA ROJAS (IED),ORLANDO HIGUITA ROJAS,-74.18930000066757,4.628699999302626,WGS 84 / Pseudo-Mercator,"EPSG:4326 (st_set_crs, sin transformar)","lon [-74.3933, -74.0162] lat [3.8295, 4.8239] sobre 2219 de 2221 filas con coordenada finita",plausible,colegios06_2025.gpkg,2025-06-30
211102000251,111001104302,COLEGIO ORLANDO HIGUITA ROJAS (IED),JUAN MAXIMILIANO AMBROSIO,-74.18479999899864,4.622800000011921,WGS 84 / Pseudo-Mercator,"EPSG:4326 (st_set_crs, sin transformar)","lon [-74.3933, -74.0162] lat [3.8295, 4.8239] sobre 2219 de 2221 filas con coordenada finita",plausible,colegios06_2025.gpkg,2025-06-30
111001104329,111001104329,COLEGIO CARLOS PIZARRO LEON GOMEZ (IED),CARLOS PIZARRO LEON GOMEZ,-74.20479999855161,4.635600000619888,WGS 84 / Pseudo-Mercator,"EPSG:4326 (st_set_crs, sin transformar)","lon [-74.3933, -74.0162] lat [3.8295, 4.8239] sobre 2219 de 2221 filas con coordenada finita",plausible,colegios06_2025.gpkg,2025-06-30
111001106950,111001106950,COLEGIO ALFONSO LOPEZ MICHELSEN (IED),ALFONSO LOPEZ MICHELSEN,-74.20659999921918,4.631700001657009,WGS 84 / Pseudo-Mercator,"EPSG:4326 (st_set_crs, sin transformar)","lon [-74.3933, -74.0162] lat [3.8295, 4.8239] sobre 2219 de 2221 filas con coordenada finita",plausible,colegios06_2025.gpkg,2025-06-30
111001106968,111001106968,COLEGIO JOSE FRANCISCO SOCARRAS (IED),JOSE FRANCISCO SOCARRAS,-74.19440000131726,4.624899998307228,WGS 84 / Pseudo-Mercator,"EPSG:4326 (st_set_crs, sin transformar)","lon [-74.3933, -74.0162] lat [3.8295, 4.8239] sobre 2219 de 2221 filas con coordenada finita",plausible,colegios06_2025.gpkg,2025-06-30
111001107832,111001107832,COLEGIO GERMAN ARCINIEGAS (IED),GERMAN ARCINIEGAS,-74.18530000001192,4.630499999970198,WGS 84 / Pseudo-Mercator,"EPSG:4326 (st_set_crs, sin transformar)","lon [-74.3933, -74.0162] lat [3.8295, 4.8239] sobre 2219 de 2221 filas con coordenada finita",plausible,colegios06_2025.gpkg,2025-06-30
111001107867,111001107867,COLEGIO KIMI PERNIA DOMICO (IED),KIMI PERNIA DOMICO,-74.20729999989271,4.62220000103116,WGS 84 / Pseudo-Mercator,"EPSG:4326 (st_set_crs, sin transformar)","lon [-74.3933, -74.0162] lat [3.8295, 4.8239] sobre 2219 de 2221 filas con coordenada finita",plausible,colegios06_2025.gpkg,2025-06-30
111001107875,111001107875,COLEGIO CIUDADELA EDUCATIVA DE BOSA (IED),CIUDADELA EDUCATIVA DE BOSA,-74.18719999864697,4.6409000009298325,WGS 84 / Pseudo-Mercator,"EPSG:4326 (st_set_crs, sin transformar)","lon [-74.3933, -74.0162] lat [3.8295, 4.8239] sobre 2219 de 2221 filas con coordenada finita",plausible,colegios06_2025.gpkg,2025-06-30
111001107883,111001107883,COLEGIO DEBORA ARANGO PEREZ (IED),DEBORA ARANGO PEREZ,-74.18349999934435,4.61879999935627,WGS 84 / Pseudo-Mercator,"EPSG:4326 (st_set_crs, sin transformar)","lon [-74.3933, -74.0162] lat [3.8295, 4.8239] sobre 2219 de 2221 filas con coordenada finita",plausible,colegios06_2025.gpkg,2025-06-30
111001800384,111001800384,COLEGIO JORGE ISAACS (IED),COLEGIO JORGE ISAACS (IED) - SEDE PRINCIPAL,-74.20250000059605,4.6270000003278255,WGS 84 / Pseudo-Mercator,"EPSG:4326 (st_set_crs, sin transformar)","lon [-74.3933, -74.0162] lat [3.8295, 4.8239] sobre 2219 de 2221 filas con coordenada finita",plausible,colegios06_2025.gpkg,2025-06-30
111001800392,111001800392,COLEGIO SOLEDAD ACOSTA DE SAMPER (IED),COLEGIO SOLEDAD ACOSTA DE SAMPER (IED) - SEDE PRINCIPAL,-74.18589999899268,4.642799999564886,WGS 84 / Pseudo-Mercator,"EPSG:4326 (st_set_crs, sin transformar)","lon [-74.3933, -74.0162] lat [3.8295, 4.8239] sobre 2219 de 2221 filas con coordenada finita",plausible,colegios06_2025.gpkg,2025-06-30
111001800457,111001800457,COLEGIO BICENTENARIO DE LA INDEPENDENCIA (IED),COLEGIO BICENTENARIO DE LA INDEPENDENCIA (IED) - SEDE PRINCIPAL,-74.20380000025034,4.614999998360872,WGS 84 / Pseudo-Mercator,"EPSG:4326 (st_set_crs, sin transformar)","lon [-74.3933, -74.0162] lat [3.8295, 4.8239] sobre 2219 de 2221 filas con coordenada finita",plausible,colegios06_2025.gpkg,2025-06-30
111001800643,111001800643,COLEGIO DE LA BICI (IED),DE LA BICI,-74.18239999935031,4.613699998706579,WGS 84 / Pseudo-Mercator,"EPSG:4326 (st_set_crs, sin transformar)","lon [-74.3933, -74.0162] lat [3.8295, 4.8239] sobre 2219 de 2221 filas con coordenada finita",plausible,colegios06_2025.gpkg,2025-06-30
111001800678,111001800678,COLEGIO PARQUES DE BOGOTA (IED),COLEGIO PARQUES DE BOGOTA (IED) - SEDE PRINCIPAL,-74.19229999929667,4.6251999996602535,WGS 84 / Pseudo-Mercator,"EPSG:4326 (st_set_crs, sin transformar)","lon [-74.3933, -74.0162] lat [3.8295, 4.8239] sobre 2219 de 2221 filas con coordenada finita",plausible,colegios06_2025.gpkg,2025-06-30
111001800694,111001800694,COLEGIO LAUREL DE CERA (IED),COLEGIO LAUREL DE CERA (IED) - SEDE PRINCIPAL,-74.2120000012219,4.6266000010073185,WGS 84 / Pseudo-Mercator,"EPSG:4326 (st_set_crs, sin transformar)","lon [-74.3933, -74.0162] lat [3.8295, 4.8239] sobre 2219 de 2221 filas con coordenada finita",plausible,colegios06_2025.gpkg,2025-06-30
111001801080,111001801080,COLEGIO ESMERALDA ARBOLEDA CADAVID (IED),COLEGIO ESMERALDA ARBOLEDA CADAVID (IED),-74.19449999928474,4.615600001066923,WGS 84 / Pseudo-Mercator,"EPSG:4326 (st_set_crs, sin transformar)","lon [-74.3933, -74.0162] lat [3.8295, 4.8239] sobre 2219 de 2221 filas con coordenada finita",plausible,colegios06_2025.gpkg,2025-06-30
111001801098,111001801098,COLEGIO CIUDADELA EL RECREO SONIA OSORIO DE SAINT-MALO (IED),COLEGIO CIUDADELA EL RECREO SONIA OSORIO DE SAINT-MALO (IED),-74.19920000061393,4.63399999961257,WGS 84 / Pseudo-Mercator,"EPSG:4326 (st_set_crs, sin transformar)","lon [-74.3933, -74.0162] lat [3.8295, 4.8239] sobre 2219 de 2221 filas con coordenada finita",plausible,colegios06_2025.gpkg,2025-06-30
111001801101,111001801101,COLEGIO LAURA HERRERA DE VARELA (IED),COLEGIO LAURA HERRERA DE VARELA (IED),-74.18650000169873,4.630100000649691,WGS 84 / Pseudo-Mercator,"EPSG:4326 (st_set_crs, sin transformar)","lon [-74.3933, -74.0162] lat [3.8295, 4.8239] sobre 2219 de 2221 filas con coordenada finita",plausible,colegios06_2025.gpkg,2025-06-30
111102000265,111102000265,COLEGIO LUIS LOPEZ DE MESA (IED),LUIS LOPEZ DE MESA,-74.1858000010252,4.600600000470877,WGS 84 / Pseudo-Mercator,"EPSG:4326 (st_set_crs, sin transformar)","lon [-74.3933, -74.0162] lat [3.8295, 4.8239] sobre 2219 de 2221 filas con coordenada finita",plausible,colegios06_2025.gpkg,2025-06-30
111102000281,111102000281,COLEGIO PABLO DE TARSO (IED),PABLO DE TARSO,-74.18739999830723,4.603799998760223,WGS 84 / Pseudo-Mercator,"EPSG:4326 (st_set_crs, sin transformar)","lon [-74.3933, -74.0162] lat [3.8295, 4.8239] sobre 2219 de 2221 filas con coordenada finita",plausible,colegios06_2025.gpkg,2025-06-30
111102000907,111102000281,COLEGIO PABLO DE TARSO (IED),PAULO VI,-74.19440000131726,4.599500000476837,WGS 84 / Pseudo-Mercator,"EPSG:4326 (st_set_crs, sin transformar)","lon [-74.3933, -74.0162] lat [3.8295, 4.8239] sobre 2219 de 2221 filas con coordenada finita",plausible,colegios06_2025.gpkg,2025-06-30
111102000621,111102000621,COLEGIO FRANCISCO DE PAULA SANTANDER (IED),FRANCISCO DE PAULA SANTANDER,-74.18479999899864,4.610800001770258,WGS 84 / Pseudo-Mercator,"EPSG:4326 (st_set_crs, sin transformar)","lon [-74.3933, -74.0162] lat [3.8295, 4.8239] sobre 2219 de 2221 filas con coordenada finita",plausible,colegios06_2025.gpkg,2025-06-30
111102000753,111102000753,COLEGIO FERNANDO MAZUERA VILLEGAS (IED),FERNANDO MAZUERA VILLEGAS,-74.19069999828935,4.6068999990820885,WGS 84 / Pseudo-Mercator,"EPSG:4326 (st_set_crs, sin transformar)","lon [-74.3933, -74.0162] lat [3.8295, 4.8239] sobre 2219 de 2221 filas con coordenada finita",plausible,colegios06_2025.gpkg,2025-06-30
111102000559,111102000753,COLEGIO FERNANDO MAZUERA VILLEGAS (IED),GONZALO JIMENEZ DE QUESADA,-74.18849999830127,4.606199998408556,WGS 84 / Pseudo-Mercator,"EPSG:4326 (st_set_crs, sin transformar)","lon [-74.3933, -74.0162] lat [3.8295, 4.8239] sobre 2219 de 2221 filas con coordenada finita",plausible,colegios06_2025.gpkg,2025-06-30
111102000583,111102000753,COLEGIO FERNANDO MAZUERA VILLEGAS (IED),HUMBERTO VALENCIA,-74.19590000063181,4.610700000077486,WGS 84 / Pseudo-Mercator,"EPSG:4326 (st_set_crs, sin transformar)","lon [-74.3933, -74.0162] lat [3.8295, 4.8239] sobre 2219 de 2221 filas con coordenada finita",plausible,colegios06_2025.gpkg,2025-06-30
111001094862,111102000753,COLEGIO FERNANDO MAZUERA VILLEGAS (IED),NUEVA ISLANDIA,-74.19640000164509,4.614999998360872,WGS 84 / Pseudo-Mercator,"EPSG:4326 (st_set_crs, sin transformar)","lon [-74.3933, -74.0162] lat [3.8295, 4.8239] sobre 2219 de 2221 filas con coordenada finita",plausible,colegios06_2025.gpkg,2025-06-30
111001110329,111102000753,COLEGIO FERNANDO MAZUERA VILLEGAS (IED),SEDE E,-74.18730000033975,4.606499999761581,WGS 84 / Pseudo-Mercator,"EPSG:4326 (st_set_crs, sin transformar)","lon [-74.3933, -74.0162] lat [3.8295, 4.8239] sobre 2219 de 2221 filas con coordenada finita",plausible,colegios06_2025.gpkg,2025-06-30
111102000958,111102000958,COLEGIO PORFIRIO BARBA JACOB (IED),PORFIRIO BARBA JACOB,-74.1933999992907,4.611800000071526,WGS 84 / Pseudo-Mercator,"EPSG:4326 (st_set_crs, sin transformar)","lon [-74.3933, -74.0162] lat [3.8295, 4.8239] sobre 2219 de 2221 filas con coordenada finita",plausible,colegios06_2025.gpkg,2025-06-30
111001110060,111102000958,COLEGIO PORFIRIO BARBA JACOB (IED),SEDE B,-74.19559999927878,4.613499999046326,WGS 84 / Pseudo-Mercator,"EPSG:4326 (st_set_crs, sin transformar)","lon [-74.3933, -74.0162] lat [3.8295, 4.8239] sobre 2219 de 2221 filas con coordenada finita",plausible,colegios06_2025.gpkg,2025-06-30
211001076958,211001076958,COLEGIO VILLAS DEL PROGRESO (IED),VILLAS DEL PROGRESO,-74.20069999992847,4.625500001013279,WGS 84 / Pseudo-Mercator,"EPSG:4326 (st_set_crs, sin transformar)","lon [-74.3933, -74.0162] lat [3.8295, 4.8239] sobre 2219 de 2221 filas con coordenada finita",plausible,colegios06_2025.gpkg,2025-06-30
111001110078,211001076958,COLEGIO VILLAS DEL PROGRESO (IED),SEDE C,-74.1950999982655,4.640999998897314,WGS 84 / Pseudo-Mercator,"EPSG:4326 (st_set_crs, sin transformar)","lon [-74.3933, -74.0162] lat [3.8295, 4.8239] sobre 2219 de 2221 filas con coordenada finita",plausible,colegios06_2025.gpkg,2025-06-30
111001801187,211001076958,COLEGIO VILLAS DEL PROGRESO (IED),PRIMERA INFANCIA PORVENIR VII,-74.19399999827147,4.643699999898672,WGS 84 / Pseudo-Mercator,"EPSG:4326 (st_set_crs, sin transformar)","lon [-74.3933, -74.0162] lat [3.8295, 4.8239] sobre 2219 de 2221 filas con coordenada finita",plausible,colegios06_2025.gpkg,2025-06-30
211102000201,211102000201,COLEGIO SAN BERNARDINO (IED),SAN BERNARDINO,-74.2039999999106,4.618000000715256,WGS 84 / Pseudo-Mercator,"EPSG:4326 (st_set_crs, sin transformar)","lon [-74.3933, -74.0162] lat [3.8295, 4.8239] sobre 2219 de 2221 filas con coordenada finita",plausible,colegios06_2025.gpkg,2025-06-30
211102000243,211102000243,COLEGIO EL PORVENIR (IED),EL PORVENIR,-74.18360000103712,4.6358999982476234,WGS 84 / Pseudo-Mercator,"EPSG:4326 (st_set_crs, sin transformar)","lon [-74.3933, -74.0162] lat [3.8295, 4.8239] sobre 2219 de 2221 filas con coordenada finita",plausible,colegios06_2025.gpkg,2025-06-30
111001104361,211102000243,COLEGIO EL PORVENIR (IED),EL RECUERDO,-74.19779999926686,4.641699999570847,WGS 84 / Pseudo-Mercator,"EPSG:4326 (st_set_crs, sin transformar)","lon [-74.3933, -74.0162] lat [3.8295, 4.8239] sobre 2219 de 2221 filas con coordenada finita",plausible,colegios06_2025.gpkg,2025-06-30
211102000995,211102000995,COLEGIO BOSANOVA (IED),BOSANOVA,-74.18849999830127,4.6224999986588955,WGS 84 / Pseudo-Mercator,"EPSG:4326 (st_set_crs, sin transformar)","lon [-74.3933, -74.0162] lat [3.8295, 4.8239] sobre 2219 de 2221 filas con coordenada finita",plausible,colegios06_2025.gpkg,2025-06-30
111001110647,211102000995,COLEGIO BOSANOVA (IED),SEDE B,-74.1849999986589,4.609499998390675,WGS 84 / Pseudo-Mercator,"EPSG:4326 (st_set_crs, sin transformar)","lon [-74.3933, -74.0162] lat [3.8295, 4.8239] sobre 2219 de 2221 filas con coordenada finita",plausible,colegios06_2025.gpkg,2025-06-30
311001000361,311001000361,LICEO ANTONIO BOLAÑOS,LICEO ANTONIO BOLAÑOS,-74.16380000114441,4.600299999117851,WGS 84 / Pseudo-Mercator,"EPSG:4326 (st_set_crs, sin transformar)","lon [-74.3933, -74.0162] lat [3.8295, 4.8239] sobre 2219 de 2221 filas con coordenada finita",plausible,colegios06_2025.gpkg,2025-06-30
311001000387,311001000387,COLEGIO MIXTO VILLA CAROLINA EU,COLEGIO MIXTO VILLA CAROLINA EU,-74.1950999982655,4.621100001037121,WGS 84 / Pseudo-Mercator,"EPSG:4326 (st_set_crs, sin transformar)","lon [-74.3933, -74.0162] lat [3.8295, 4.8239] sobre 2219 de 2221 filas con coordenada finita",plausible,colegios06_2025.gpkg,2025-06-30
311001000921,311001000921,LICEO CULTURAL LUIS ENRIQUE OSORIO,LICEO CULTURAL LUIS ENRIQUE OSORIO,-74.19440000131726,4.624000001698732,WGS 84 / Pseudo-Mercator,"EPSG:4326 (st_set_crs, sin transformar)","lon [-74.3933, -74.0162] lat [3.8295, 4.8239] sobre 2219 de 2221 filas con coordenada finita",plausible,colegios06_2025.gpkg,2025-06-30
311001000972,311001000972,COLEGIO COMUNITARIO NOCTURNO DE BACHILLERATO LA LIBERTAD,COLEGIO COMUNITARIO NOCTURNO DE BACHILLERATO LA LIBERTAD,-74.19229999929667,4.6251999996602535,WGS 84 / Pseudo-Mercator,"EPSG:4326 (st_set_crs, sin transformar)","lon [-74.3933, -74.0162] lat [3.8295, 4.8239] sobre 2219 de 2221 filas con coordenada finita",plausible,colegios06_2025.gpkg,2025-06-30
311001001014,311001001014,INSTITUTO GERARDO VALENCIA CANO,INSTITUTO GERARDO VALENCIA CANO,-74.1862000003457,4.598099999129772,WGS 84 / Pseudo-Mercator,"EPSG:4326 (st_set_crs, sin transformar)","lon [-74.3933, -74.0162] lat [3.8295, 4.8239] sobre 2219 de 2221 filas con coordenada finita",plausible,colegios06_2025.gpkg,2025-06-30
311001032637,311001032637,LICEO CIUDAD CAPITAL,LICEO CIUDAD CAPITAL,-74.20109999924898,4.637499999254942,WGS 84 / Pseudo-Mercator,"EPSG:4326 (st_set_crs, sin transformar)","lon [-74.3933, -74.0162] lat [3.8295, 4.8239] sobre 2219 de 2221 filas con coordenada finita",plausible,colegios06_2025.gpkg,2025-06-30
311001035300,311001035300,COLEGIO BILINGÜE REINO UNIDO,COLEGIO BILINGÜE REINO UNIDO,-74.1612999998033,4.601100001484156,WGS 84 / Pseudo-Mercator,"EPSG:4326 (st_set_crs, sin transformar)","lon [-74.3933, -74.0162] lat [3.8295, 4.8239] sobre 2219 de 2221 filas con coordenada finita",plausible,colegios06_2025.gpkg,2025-06-30
311001035318,311001035318,GIMNASIO SANTA ROCIO,GIMNASIO SANTA ROCIO,-74.15989999845624,4.602400001138449,WGS 84 / Pseudo-Mercator,"EPSG:4326 (st_set_crs, sin transformar)","lon [-74.3933, -74.0162] lat [3.8295, 4.8239] sobre 2219 de 2221 filas con coordenada finita",plausible,colegios06_2025.gpkg,2025-06-30
311001036292,311001036292,COLEGIO ANDRES ROSILLO,COLEGIO ANDRES ROSILLO,-74.18400000035763,4.600999999791384,WGS 84 / Pseudo-Mercator,"EPSG:4326 (st_set_crs, sin transformar)","lon [-74.3933, -74.0162] lat [3.8295, 4.8239] sobre 2219 de 2221 filas con coordenada finita",plausible,colegios06_2025.gpkg,2025-06-30
311001039623,311001039623,GIMNASIO INFANTIL YAYITA,GIMNASIO INFANTIL YAYITA,-74.16149999946356,4.601199999451637,WGS 84 / Pseudo-Mercator,"EPSG:4326 (st_set_crs, sin transformar)","lon [-74.3933, -74.0162] lat [3.8295, 4.8239] sobre 2219 de 2221 filas con coordenada finita",plausible,colegios06_2025.gpkg,2025-06-30
311001041067,311001041067,LICEO DE OXFORD,LICEO DE OXFORD,-74.16459999978542,4.600999999791384,WGS 84 / Pseudo-Mercator,"EPSG:4326 (st_set_crs, sin transformar)","lon [-74.3933, -74.0162] lat [3.8295, 4.8239] sobre 2219 de 2221 filas con coordenada finita",plausible,colegios06_2025.gpkg,2025-06-30
311001042829,311001042829,INSTITUTO ALVARO MUTIS,INSTITUTO ALVARO MUTIS,-74.17929999902844,4.609299998730421,WGS 84 / Pseudo-Mercator,"EPSG:4326 (st_set_crs, sin transformar)","lon [-74.3933, -74.0162] lat [3.8295, 4.8239] sobre 2219 de 2221 filas con coordenada finita",plausible,colegios06_2025.gpkg,2025-06-30
311001045011,311001045011,COLEGIO MIXTO CIUDADANOS DEL FUTURO SAS,COLEGIO MIXTO CIUDADANOS DEL FUTURO SAS,-74.19220000132918,4.626299999654293,WGS 84 / Pseudo-Mercator,"EPSG:4326 (st_set_crs, sin transformar)","lon [-74.3933, -74.0162] lat [3.8295, 4.8239] sobre 2219 de 2221 filas con coordenada finita",plausible,colegios06_2025.gpkg,2025-06-30
311001046239,311001046239,COLEGIO MIGUEL ANGEL ASTURIAS,COLEGIO MIGUEL ANGEL ASTURIAS,-74.180300001055,4.60359999909997,WGS 84 / Pseudo-Mercator,"EPSG:4326 (st_set_crs, sin transformar)","lon [-74.3933, -74.0162] lat [3.8295, 4.8239] sobre 2219 de 2221 filas con coordenada finita",plausible,colegios06_2025.gpkg,2025-06-30
311001047014,311001047014,COLEGIO ESTANCIA DE BOSA,COLEGIO ESTANCIA DE BOSA,-74.18989999964833,4.620099999010563,WGS 84 / Pseudo-Mercator,"EPSG:4326 (st_set_crs, sin transformar)","lon [-74.3933, -74.0162] lat [3.8295, 4.8239] sobre 2219 de 2221 filas con coordenada finita",plausible,colegios06_2025.gpkg,2025-06-30
311001065098,311001065098,COLEGIO JOSE ORTEGA Y GASSET,COLEGIO JOSE ORTEGA Y GASSET,-74.18659999966621,4.61089999973774,WGS 84 / Pseudo-Mercator,"EPSG:4326 (st_set_crs, sin transformar)","lon [-74.3933, -74.0162] lat [3.8295, 4.8239] sobre 2219 de 2221 filas con coordenada finita",plausible,colegios06_2025.gpkg,2025-06-30
311001077525,311001077525,LICEO Y JARDIN INFANTIL FANTASIAS DE PIOLIN,LICEO Y JARDIN INFANTIL FANTASIAS DE PIOLIN,-74.19200000166893,4.603999998420477,WGS 84 / Pseudo-Mercator,"EPSG:4326 (st_set_crs, sin transformar)","lon [-74.3933, -74.0162] lat [3.8295, 4.8239] sobre 2219 de 2221 filas con coordenada finita",plausible,colegios06_2025.gpkg,2025-06-30
311001078220,311001078220,LICEO SOMA,LICEO SOMA,-74.15630000084639,4.598700001835823,WGS 84 / Pseudo-Mercator,"EPSG:4326 (st_set_crs, sin transformar)","lon [-74.3933, -74.0162] lat [3.8295, 4.8239] sobre 2219 de 2221 filas con coordenada finita",plausible,colegios06_2025.gpkg,2025-06-30
311001087555,311001087555,COLEGIO PSICOPEDAGOGICO EL FUTURO DE VILLA DEL RIO,COLEGIO PSICOPEDAGOGICO EL FUTURO DE VILLA DEL RIO,-74.15489999949932,4.600000001490116,WGS 84 / Pseudo-Mercator,"EPSG:4326 (st_set_crs, sin transformar)","lon [-74.3933, -74.0162] lat [3.8295, 4.8239] sobre 2219 de 2221 filas con coordenada finita",plausible,colegios06_2025.gpkg,2025-06-30
311001087636,311001087636,INSTITUTO ACADEMICO LA PORTADA,INSTITUTO ACADEMICO LA PORTADA,-74.18870000168681,4.629599999636412,WGS 84 / Pseudo-Mercator,"EPSG:4326 (st_set_crs, sin transformar)","lon [-74.3933, -74.0162] lat [3.8295, 4.8239] sobre 2219 de 2221 filas con coordenada finita",plausible,colegios06_2025.gpkg,2025-06-30
311001088314,311001088314,GIMNASIO CACERES,GIMNASIO CACERES,-74.19819999858737,4.607599999755621,WGS 84 / Pseudo-Mercator,"EPSG:4326 (st_set_crs, sin transformar)","lon [-74.3933, -74.0162] lat [3.8295, 4.8239] sobre 2219 de 2221 filas con coordenada finita",plausible,colegios06_2025.gpkg,2025-06-30
311001089191,311001089191,INSTITUTO TECNICO COMERCIAL MARMATOS,INSTITUTO TECNICO COMERCIAL MARMATOS,-74.20010000094771,4.604200001806021,WGS 84 / Pseudo-Mercator,"EPSG:4326 (st_set_crs, sin transformar)","lon [-74.3933, -74.0162] lat [3.8295, 4.8239] sobre 2219 de 2221 filas con coordenada finita",plausible,colegios06_2025.gpkg,2025-06-30
311001089876,311001089876,LICEO MODERNO SALVADOR ALLENDE,LICEO MODERNO SALVADOR ALLENDE,-74.1917000003159,4.621500000357628,WGS 84 / Pseudo-Mercator,"EPSG:4326 (st_set_crs, sin transformar)","lon [-74.3933, -74.0162] lat [3.8295, 4.8239] sobre 2219 de 2221 filas con coordenada finita",plausible,colegios06_2025.gpkg,2025-06-30
311001090637,311001090637,LICEO MIXTO LOS CENTAUROS,LICEO MIXTO LOS CENTAUROS,-74.19269999861717,4.624099999666214,WGS 84 / Pseudo-Mercator,"EPSG:4326 (st_set_crs, sin transformar)","lon [-74.3933, -74.0162] lat [3.8295, 4.8239] sobre 2219 de 2221 filas con coordenada finita",plausible,colegios06_2025.gpkg,2025-06-30
311001090645,311001090645,LICEO FALAN,LICEO FALAN,-74.17850000038743,4.603500001132488,WGS 84 / Pseudo-Mercator,"EPSG:4326 (st_set_crs, sin transformar)","lon [-74.3933, -74.0162] lat [3.8295, 4.8239] sobre 2219 de 2221 filas con coordenada finita",plausible,colegios06_2025.gpkg,2025-06-30
311001090718,311001090718,INSTITUTO LABERINTO DE LA CULTURA,INSTITUTO LABERINTO DE LA CULTURA,-74.2001999989152,4.621899999678135,WGS 84 / Pseudo-Mercator,"EPSG:4326 (st_set_crs, sin transformar)","lon [-74.3933, -74.0162] lat [3.8295, 4.8239] sobre 2219 de 2221 filas con coordenada finita",plausible,colegios06_2025.gpkg,2025-06-30
311001091846,311001091846,CENTRO EDUCATIVO EXTERNADO SIMON BOLIVAR,CENTRO EDUCATIVO EXTERNADO SIMON BOLIVAR,-74.1794999986887,4.603000000119209,WGS 84 / Pseudo-Mercator,"EPSG:4326 (st_set_crs, sin transformar)","lon [-74.3933, -74.0162] lat [3.8295, 4.8239] sobre 2219 de 2221 filas con coordenada finita",plausible,colegios06_2025.gpkg,2025-06-30
311001093768,311001093768,LICEO MODERNO GRINBEHY,LICEO MODERNO GRINBEHY,-74.18829999864101,4.603700000792742,WGS 84 / Pseudo-Mercator,"EPSG:4326 (st_set_crs, sin transformar)","lon [-74.3933, -74.0162] lat [3.8295, 4.8239] sobre 2219 de 2221 filas con coordenada finita",plausible,colegios06_2025.gpkg,2025-06-30
311001095175,311001095175,COLEGIO SURAMERICANO MARBETH,COLEGIO SURAMERICANO MARBETH,-74.18140000104904,4.629000000655651,WGS 84 / Pseudo-Mercator,"EPSG:4326 (st_set_crs, sin transformar)","lon [-74.3933, -74.0162] lat [3.8295, 4.8239] sobre 2219 de 2221 filas con coordenada finita",plausible,colegios06_2025.gpkg,2025-06-30
311001095337,311001095337,GIMNASIO GARABATOS DE COLORES,GIMNASIO GARABATOS DE COLORES,-74.18640000000596,4.605799999088049,WGS 84 / Pseudo-Mercator,"EPSG:4326 (st_set_crs, sin transformar)","lon [-74.3933, -74.0162] lat [3.8295, 4.8239] sobre 2219 de 2221 filas con coordenada finita",plausible,colegios06_2025.gpkg,2025-06-30
311001095680,311001095680,COLEGIO NUEVA COLOMBIA GRANDE,COLEGIO NUEVA COLOMBIA GRANDE,-74.19990000128746,4.6110000014305115,WGS 84 / Pseudo-Mercator,"EPSG:4326 (st_set_crs, sin transformar)","lon [-74.3933, -74.0162] lat [3.8295, 4.8239] sobre 2219 de 2221 filas con coordenada finita",plausible,colegios06_2025.gpkg,2025-06-30
311001095850,311001095850,LICEO INFANTIL GOOFY,LICEO INFANTIL GOOFY,-74.1849999986589,4.601599998772144,WGS 84 / Pseudo-Mercator,"EPSG:4326 (st_set_crs, sin transformar)","lon [-74.3933, -74.0162] lat [3.8295, 4.8239] sobre 2219 de 2221 filas con coordenada finita",plausible,colegios06_2025.gpkg,2025-06-30
311001095868,311001095868,JARDIN INFANTIL MIS PRIMEROS TRAZOS,JARDIN INFANTIL MIS PRIMEROS TRAZOS,-74.19839999824762,4.602099999785423,WGS 84 / Pseudo-Mercator,"EPSG:4326 (st_set_crs, sin transformar)","lon [-74.3933, -74.0162] lat [3.8295, 4.8239] sobre 2219 de 2221 filas con coordenada finita",plausible,colegios06_2025.gpkg,2025-06-30
311001096171,311001096171,LICEO PSICOPEDAGOGICO EL CARMELO,LICEO PSICOPEDAGOGICO EL CARMELO,-74.17729999870062,4.627399999648333,WGS 84 / Pseudo-Mercator,"EPSG:4326 (st_set_crs, sin transformar)","lon [-74.3933, -74.0162] lat [3.8295, 4.8239] sobre 2219 de 2221 filas con coordenada finita",plausible,colegios06_2025.gpkg,2025-06-30
311001096414,311001096414,LICEO CULTURAL LOPEZ OSORIO,LICEO CULTURAL LOPEZ OSORIO,-74.19810000061989,4.622299998998642,WGS 84 / Pseudo-Mercator,"EPSG:4326 (st_set_crs, sin transformar)","lon [-74.3933, -74.0162] lat [3.8295, 4.8239] sobre 2219 de 2221 filas con coordenada finita",plausible,colegios06_2025.gpkg,2025-06-30
311001096759,311001096759,COLEGIO MIXTO ALEGRIA Y SABER,COLEGIO MIXTO ALEGRIA Y SABER,-74.19610000029206,4.624699998646975,WGS 84 / Pseudo-Mercator,"EPSG:4326 (st_set_crs, sin transformar)","lon [-74.3933, -74.0162] lat [3.8295, 4.8239] sobre 2219 de 2221 filas con coordenada finita",plausible,colegios06_2025.gpkg,2025-06-30
311001097615,311001097615,LICEO ERNESTO CARDENAL,LICEO ERNESTO CARDENAL,-74.20289999991655,4.61089999973774,WGS 84 / Pseudo-Mercator,"EPSG:4326 (st_set_crs, sin transformar)","lon [-74.3933, -74.0162] lat [3.8295, 4.8239] sobre 2219 de 2221 filas con coordenada finita",plausible,colegios06_2025.gpkg,2025-06-30
311001097623,311001097623,LICEO Y PREESCOLAR ABEJA MAYA,LICEO Y PREESCOLAR ABEJA MAYA,-74.15949999913573,4.602299999445677,WGS 84 / Pseudo-Mercator,"EPSG:4326 (st_set_crs, sin transformar)","lon [-74.3933, -74.0162] lat [3.8295, 4.8239] sobre 2219 de 2221 filas con coordenada finita",plausible,colegios06_2025.gpkg,2025-06-30
311001097640,311001097640,LICEO NUEVOS HORIZONTES,LICEO NUEVOS HORIZONTES,-74.1871000006795,4.628899998962879,WGS 84 / Pseudo-Mercator,"EPSG:4326 (st_set_crs, sin transformar)","lon [-74.3933, -74.0162] lat [3.8295, 4.8239] sobre 2219 de 2221 filas con coordenada finita",plausible,colegios06_2025.gpkg,2025-06-30
311001097658,311001097658,LICEO MANUEL ELKIN PATARROYO,LICEO MANUEL ELKIN PATARROYO,-74.20600000023842,4.6132000014185905,WGS 84 / Pseudo-Mercator,"EPSG:4326 (st_set_crs, sin transformar)","lon [-74.3933, -74.0162] lat [3.8295, 4.8239] sobre 2219 de 2221 filas con coordenada finita",plausible,colegios06_2025.gpkg,2025-06-30
311001097674,311001097674,LICEO OCTAVIO PAZ,LICEO OCTAVIO PAZ,-74.19079999998212,4.628299999982119,WGS 84 / Pseudo-Mercator,"EPSG:4326 (st_set_crs, sin transformar)","lon [-74.3933, -74.0162] lat [3.8295, 4.8239] sobre 2219 de 2221 filas con coordenada finita",plausible,colegios06_2025.gpkg,2025-06-30
311001102317,311001102317,LICEO MI INFANCIA CREATIVA,LICEO MI INFANCIA CREATIVA,-74.19020000100136,4.604400001466274,WGS 84 / Pseudo-Mercator,"EPSG:4326 (st_set_crs, sin transformar)","lon [-74.3933, -74.0162] lat [3.8295, 4.8239] sobre 2219 de 2221 filas con coordenada finita",plausible,colegios06_2025.gpkg,2025-06-30
311001102783,311001102783,COLEGIO COLSUBSIDIO CHICALA,COLEGIO COLSUBSIDIO CHICALA,-74.18100000172853,4.6251999996602535,WGS 84 / Pseudo-Mercator,"EPSG:4326 (st_set_crs, sin transformar)","lon [-74.3933, -74.0162] lat [3.8295, 4.8239] sobre 2219 de 2221 filas con coordenada finita",plausible,colegios06_2025.gpkg,2025-06-30
311001104832,311001104832,INSTITUCION EDUCATIVA FRANCISCO PRIMERO LTDA,INSTITUCION EDUCATIVA FRANCISCO PRIMERO LTDA,-74.17799999937415,4.628499999642372,WGS 84 / Pseudo-Mercator,"EPSG:4326 (st_set_crs, sin transformar)","lon [-74.3933, -74.0162] lat [3.8295, 4.8239] sobre 2219 de 2221 filas con coordenada finita",plausible,colegios06_2025.gpkg,2025-06-30
311001104841,311001104841,COLEGIO INETEC,COLEGIO INETEC,-74.19409999996424,4.612799998372793,WGS 84 / Pseudo-Mercator,"EPSG:4326 (st_set_crs, sin transformar)","lon [-74.3933, -74.0162] lat [3.8295, 4.8239] sobre 2219 de 2221 filas con coordenada finita",plausible,colegios06_2025.gpkg,2025-06-30
311001107165,311001107165,LICEO MODERNO BETANIA,LICEO MODERNO BETANIA,-74.17980000004172,4.6262000016868114,WGS 84 / Pseudo-Mercator,"EPSG:4326 (st_set_crs, sin transformar)","lon [-74.3933, -74.0162] lat [3.8295, 4.8239] sobre 2219 de 2221 filas con coordenada finita",plausible,colegios06_2025.gpkg,2025-06-30
311001107467,311001107467,GIMNASIO NUEVA ANDALUCIA,GIMNASIO NUEVA ANDALUCIA,-74.18010000139475,4.627199999988079,WGS 84 / Pseudo-Mercator,"EPSG:4326 (st_set_crs, sin transformar)","lon [-74.3933, -74.0162] lat [3.8295, 4.8239] sobre 2219 de 2221 filas con coordenada finita",plausible,colegios06_2025.gpkg,2025-06-30
311001108340,311001108340,GIMNASIO REAL AMERICANO,GIMNASIO REAL AMERICANO,-74.19530000165105,4.630100000649691,WGS 84 / Pseudo-Mercator,"EPSG:4326 (st_set_crs, sin transformar)","lon [-74.3933, -74.0162] lat [3.8295, 4.8239] sobre 2219 de 2221 filas con coordenada finita",plausible,colegios06_2025.gpkg,2025-06-30
311001109443,311001109443,LICEO PEDAGOGICO FORJADORES DEL FUTURO,LICEO PEDAGOGICO FORJADORES DEL FUTURO,-74.1972000002861,4.629299998283386,WGS 84 / Pseudo-Mercator,"EPSG:4326 (st_set_crs, sin transformar)","lon [-74.3933, -74.0162] lat [3.8295, 4.8239] sobre 2219 de 2221 filas con coordenada finita",plausible,colegios06_2025.gpkg,2025-06-30
311001109575,311001109575,LICEO PEDAGOGICO EL RECREO,LICEO PEDAGOGICO EL RECREO,-74.20389999821782,4.631000000983477,WGS 84 / Pseudo-Mercator,"EPSG:4326 (st_set_crs, sin transformar)","lon [-74.3933, -74.0162] lat [3.8295, 4.8239] sobre 2219 de 2221 filas con coordenada finita",plausible,colegios06_2025.gpkg,2025-06-30
311001109681,311001109681,CENTRO EDUCATIVO FORMAL PARA ADULTOS LOS SAUCES,CENTRO EDUCATIVO FORMAL PARA ADULTOS LOS SAUCES,-74.18250000104308,4.630800001323223,WGS 84 / Pseudo-Mercator,"EPSG:4326 (st_set_crs, sin transformar)","lon [-74.3933, -74.0162] lat [3.8295, 4.8239] sobre 2219 de 2221 filas con coordenada finita",plausible,colegios06_2025.gpkg,2025-06-30
311001109702,311001109702,FUNDACION SANTO TOMAS DE AQUINO - FUSANTEC,FUNDACION SANTO TOMAS DE AQUINO - FUSANTEC,-74.16569999977946,4.599700000137091,WGS 84 / Pseudo-Mercator,"EPSG:4326 (st_set_crs, sin transformar)","lon [-74.3933, -74.0162] lat [3.8295, 4.8239] sobre 2219 de 2221 filas con coordenada finita",plausible,colegios06_2025.gpkg,2025-06-30
311001109761,311001109761,FUNDACION HUMANISTA ERASMO DE ROTTERDAM,FUNDACION HUMANISTA ERASMO DE ROTTERDAM,-74.20389999821782,4.631000000983477,WGS 84 / Pseudo-Mercator,"EPSG:4326 (st_set_crs, sin transformar)","lon [-74.3933, -74.0162] lat [3.8295, 4.8239] sobre 2219 de 2221 filas con coordenada finita",plausible,colegios06_2025.gpkg,2025-06-30
311001109877,311001109877,COLEGIO HUMANISTA JALIL GIBRAN,COLEGIO HUMANISTA JALIL GIBRAN,-74.18800000101328,4.629799999296665,WGS 84 / Pseudo-Mercator,"EPSG:4326 (st_set_crs, sin transformar)","lon [-74.3933, -74.0162] lat [3.8295, 4.8239] sobre 2219 de 2221 filas con coordenada finita",plausible,colegios06_2025.gpkg,2025-06-30
311001109893,311001109893,COLEGIO SABIDURIA DEL FUTURO,COLEGIO SABIDURIA DEL FUTURO,-74.18800000101328,4.629799999296665,WGS 84 / Pseudo-Mercator,"EPSG:4326 (st_set_crs, sin transformar)","lon [-74.3933, -74.0162] lat [3.8295, 4.8239] sobre 2219 de 2221 filas con coordenada finita",plausible,colegios06_2025.gpkg,2025-06-30
311001109923,311001109923,COLEGIO TECNISISTEMAS SEDE BOSA,COLEGIO TECNISISTEMAS SEDE BOSA,-74.18769999966025,4.605200000107288,WGS 84 / Pseudo-Mercator,"EPSG:4326 (st_set_crs, sin transformar)","lon [-74.3933, -74.0162] lat [3.8295, 4.8239] sobre 2219 de 2221 filas con coordenada finita",plausible,colegios06_2025.gpkg,2025-06-30
311001109991,311001109991,COLEGIO GIMNASIO SABIDURIA DEL FUTURO,COLEGIO GIMNASIO SABIDURIA DEL FUTURO,-74.20450000092387,4.631400000303984,WGS 84 / Pseudo-Mercator,"EPSG:4326 (st_set_crs, sin transformar)","lon [-74.3933, -74.0162] lat [3.8295, 4.8239] sobre 2219 de 2221 filas con coordenada finita",plausible,colegios06_2025.gpkg,2025-06-30
311001110255,311001110255,GIMNASIO PSICOPEDAGOGICO SIGLO XXI,GIMNASIO PSICOPEDAGOGICO SIGLO XXI,-74.17810000106692,4.606499999761581,WGS 84 / Pseudo-Mercator,"EPSG:4326 (st_set_crs, sin transformar)","lon [-74.3933, -74.0162] lat [3.8295, 4.8239] sobre 2219 de 2221 filas con coordenada finita",plausible,colegios06_2025.gpkg,2025-06-30
311001110662,311001110662,LICEO CENTRAL AMERICAS,LICEO CENTRAL AMERICAS,-74.17839999869466,4.630499999970198,WGS 84 / Pseudo-Mercator,"EPSG:4326 (st_set_crs, sin transformar)","lon [-74.3933, -74.0162] lat [3.8295, 4.8239] sobre 2219 de 2221 filas con coordenada finita",plausible,colegios06_2025.gpkg,2025-06-30
311001800006,311001800006,LICEO PSICOPEDAGOGICO EBENEZER,LICEO PSICOPEDAGOGICO EBENEZER,-74.18250000104308,4.62220000103116,WGS 84 / Pseudo-Mercator,"EPSG:4326 (st_set_crs, sin transformar)","lon [-74.3933, -74.0162] lat [3.8295, 4.8239] sobre 2219 de 2221 filas con coordenada finita",plausible,colegios06_2025.gpkg,2025-06-30
311001800103,311001800103,COLEGIO SUPERIOR PALERMO,COLEGIO SUPERIOR PALERMO,-74.19449999928474,4.6059999987483025,WGS 84 / Pseudo-Mercator,"EPSG:4326 (st_set_crs, sin transformar)","lon [-74.3933, -74.0162] lat [3.8295, 4.8239] sobre 2219 de 2221 filas con coordenada finita",plausible,colegios06_2025.gpkg,2025-06-30
311001800537,311001800537,COLEGIO INNOVAR,COLEGIO INNOVAR,-74.1871000006795,4.604100000113249,WGS 84 / Pseudo-Mercator,"EPSG:4326 (st_set_crs, sin transformar)","lon [-74.3933, -74.0162] lat [3.8295, 4.8239] sobre 2219 de 2221 filas con coordenada finita",plausible,colegios06_2025.gpkg,2025-06-30
311001800740,311001800740,LICEO BILINGÜE ROMULO GALLEGOS,LICEO BILINGÜE ROMULO GALLEGOS,-74.15650000050664,4.602000001817942,WGS 84 / Pseudo-Mercator,"EPSG:4326 (st_set_crs, sin transformar)","lon [-74.3933, -74.0162] lat [3.8295, 4.8239] sobre 2219 de 2221 filas con coordenada finita",plausible,colegios06_2025.gpkg,2025-06-30
311001801020,311001801020,COLEGIO EN-CONEXION CHICALA,COLEGIO EN-CONEXION CHICALA,-74.18100000172853,4.6251999996602535,WGS 84 / Pseudo-Mercator,"EPSG:4326 (st_set_crs, sin transformar)","lon [-74.3933, -74.0162] lat [3.8295, 4.8239] sobre 2219 de 2221 filas con coordenada finita",plausible,colegios06_2025.gpkg,2025-06-30
311001801208,311001801208,LICEO MODERNO SAN CAYETANO,LICEO MODERNO SAN CAYETANO,-74.2010000012815,4.620400000363588,WGS 84 / Pseudo-Mercator,"EPSG:4326 (st_set_crs, sin transformar)","lon [-74.3933, -74.0162] lat [3.8295, 4.8239] sobre 2219 de 2221 filas con coordenada finita",plausible,colegios06_2025.gpkg,2025-06-30
311102000086,311102000086,COLEGIO CLARETIANO EL LIBERTADOR,COLEGIO CLARETIANO EL LIBERTADOR,-74.18430000171065,4.6101000010967255,WGS 84 / Pseudo-Mercator,"EPSG:4326 (st_set_crs, sin transformar)","lon [-74.3933, -74.0162] lat [3.8295, 4.8239] sobre 2219 de 2221 filas con coordenada finita",plausible,colegios06_2025.gpkg,2025-06-30
311102000124,311102000124,COLEGIO NUESTRA SEÑORA DE NAZARETH,COLEGIO NUESTRA SEÑORA DE NAZARETH,-74.18670000135899,4.607900001108646,WGS 84 / Pseudo-Mercator,"EPSG:4326 (st_set_crs, sin transformar)","lon [-74.3933, -74.0162] lat [3.8295, 4.8239] sobre 2219 de 2221 filas con coordenada finita",plausible,colegios06_2025.gpkg,2025-06-30
311102000132,311102000132,COLEGIO INMACULADO CORAZON DE MARIA,COLEGIO INMACULADO CORAZON DE MARIA,-74.18640000000596,4.6099999994039536,WGS 84 / Pseudo-Mercator,"EPSG:4326 (st_set_crs, sin transformar)","lon [-74.3933, -74.0162] lat [3.8295, 4.8239] sobre 2219 de 2221 filas con coordenada finita",plausible,colegios06_2025.gpkg,2025-06-30
311102000141,311102000141,COLEGIO CLARETIANO,COLEGIO CLARETIANO,-74.18470000103116,4.611800000071526,WGS 84 / Pseudo-Mercator,"EPSG:4326 (st_set_crs, sin transformar)","lon [-74.3933, -74.0162] lat [3.8295, 4.8239] sobre 2219 de 2221 filas con coordenada finita",plausible,colegios06_2025.gpkg,2025-06-30
311102000779,311102000779,LICEO DIVINO NIÑO JESUS,LICEO DIVINO NIÑO JESUS,-74.18780000135303,4.6059999987483025,WGS 84 / Pseudo-Mercator,"EPSG:4326 (st_set_crs, sin transformar)","lon [-74.3933, -74.0162] lat [3.8295, 4.8239] sobre 2219 de 2221 filas con coordenada finita",plausible,colegios06_2025.gpkg,2025-06-30
311102001007,311102001007,LICEO ANTONIO DE TOLEDO,LICEO ANTONIO DE TOLEDO,-74.19150000065565,4.600400000810623,WGS 84 / Pseudo-Mercator,"EPSG:4326 (st_set_crs, sin transformar)","lon [-74.3933, -74.0162] lat [3.8295, 4.8239] sobre 2219 de 2221 filas con coordenada finita",plausible,colegios06_2025.gpkg,2025-06-30
311102001015,311102001015,INSTITUTO GUIMARC,INSTITUTO GUIMARC,-74.19579999893904,4.602299999445677,WGS 84 / Pseudo-Mercator,"EPSG:4326 (st_set_crs, sin transformar)","lon [-74.3933, -74.0162] lat [3.8295, 4.8239] sobre 2219 de 2221 filas con coordenada finita",plausible,colegios06_2025.gpkg,2025-06-30
311102001066,311102001066,LICEO SAN PABLO,LICEO SAN PABLO,-74.1871000006795,4.604499999433756,WGS 84 / Pseudo-Mercator,"EPSG:4326 (st_set_crs, sin transformar)","lon [-74.3933, -74.0162] lat [3.8295, 4.8239] sobre 2219 de 2221 filas con coordenada finita",plausible,colegios06_2025.gpkg,2025-06-30
311102001074,311102001074,COLEGIO GIOVANNI ANTONIO FARINA,COLEGIO GIOVANNI ANTONIO FARINA,-74.18569999933243,4.628299999982119,WGS 84 / Pseudo-Mercator,"EPSG:4326 (st_set_crs, sin transformar)","lon [-74.3933, -74.0162] lat [3.8295, 4.8239] sobre 2219 de 2221 filas con coordenada finita",plausible,colegios06_2025.gpkg,2025-06-30
311102001082,311102001082,INSTITUTO JUAN PABLO II,INSTITUTO JUAN PABLO II,-74.19660000130534,4.60080000013113,WGS 84 / Pseudo-Mercator,"EPSG:4326 (st_set_crs, sin transformar)","lon [-74.3933, -74.0162] lat [3.8295, 4.8239] sobre 2219 de 2221 filas con coordenada finita",plausible,colegios06_2025.gpkg,2025-06-30
311102001139,311102001139,GIMNASIO MARTIN GALEANO,GIMNASIO MARTIN GALEANO,-74.19979999959469,4.608600001782179,WGS 84 / Pseudo-Mercator,"EPSG:4326 (st_set_crs, sin transformar)","lon [-74.3933, -74.0162] lat [3.8295, 4.8239] sobre 2219 de 2221 filas con coordenada finita",plausible,colegios06_2025.gpkg,2025-06-30
311102001155,311102001155,COLEGIO ROSA AGAZZI,COLEGIO ROSA AGAZZI,-74.17889999970794,4.6072999984025955,WGS 84 / Pseudo-Mercator,"EPSG:4326 (st_set_crs, sin transformar)","lon [-74.3933, -74.0162] lat [3.8295, 4.8239] sobre 2219 de 2221 filas con coordenada finita",plausible,colegios06_2025.gpkg,2025-06-30
311102001236,311102001236,LICEO MODERNO GRAN PARIS,LICEO MODERNO GRAN PARIS,-74.19449999928474,4.6059999987483025,WGS 84 / Pseudo-Mercator,"EPSG:4326 (st_set_crs, sin transformar)","lon [-74.3933, -74.0162] lat [3.8295, 4.8239] sobre 2219 de 2221 filas con coordenada finita",plausible,colegios06_2025.gpkg,2025-06-30
311102001244,311102001244,LICEO ALFREDO NOBEL,LICEO ALFREDO NOBEL,-74.18769999966025,4.606199998408556,WGS 84 / Pseudo-Mercator,"EPSG:4326 (st_set_crs, sin transformar)","lon [-74.3933, -74.0162] lat [3.8295, 4.8239] sobre 2219 de 2221 filas con coordenada finita",plausible,colegios06_2025.gpkg,2025-06-30
311102001287,311102001287,GIMNASIO LOS SAUCES,GIMNASIO LOS SAUCES,-74.18270000070333,4.631799999624491,WGS 84 / Pseudo-Mercator,"EPSG:4326 (st_set_crs, sin transformar)","lon [-74.3933, -74.0162] lat [3.8295, 4.8239] sobre 2219 de 2221 filas con coordenada finita",plausible,colegios06_2025.gpkg,2025-06-30
411001000314,411001000314,LICEO REAL ESPAÑA,LICEO REAL ESPAÑA,-74.201400000602,4.609900001436472,WGS 84 / Pseudo-Mercator,"EPSG:4326 (st_set_crs, sin transformar)","lon [-74.3933, -74.0162] lat [3.8295, 4.8239] sobre 2219 de 2221 filas con coordenada finita",plausible,colegios06_2025.gpkg,2025-06-30
411102000293,411102000293,INSTITUTO CLARA FEY,INSTITUTO CLARA FEY,-74.18510000035167,4.618099998682737,WGS 84 / Pseudo-Mercator,"EPSG:4326 (st_set_crs, sin transformar)","lon [-74.3933, -74.0162] lat [3.8295, 4.8239] sobre 2219 de 2221 filas con coordenada finita",plausible,colegios06_2025.gpkg,2025-06-30
111001000124,111001000124,COLEGIO CARLOS ARANGO VELEZ (IED),CARLOS ARANGO VELEZ,-74.1359999999404,4.616200000047684,WGS 84 / Pseudo-Mercator,"EPSG:4326 (st_set_crs, sin transformar)","lon [-74.3933, -74.0162] lat [3.8295, 4.8239] sobre 2219 de 2221 filas con coordenada finita",plausible,colegios06_2025.gpkg,2025-06-30
111001014303,111001000124,COLEGIO CARLOS ARANGO VELEZ (IED),CIUDAD FLORALIA,-74.1343000009656,4.605799999088049,WGS 84 / Pseudo-Mercator,"EPSG:4326 (st_set_crs, sin transformar)","lon [-74.3933, -74.0162] lat [3.8295, 4.8239] sobre 2219 de 2221 filas con coordenada finita",plausible,colegios06_2025.gpkg,2025-06-30
111001001279,111001001279,COLEGIO DARIO ECHANDIA (IED),DARIO ECHANDIA,-74.16209999844432,4.6418000012636185,WGS 84 / Pseudo-Mercator,"EPSG:4326 (st_set_crs, sin transformar)","lon [-74.3933, -74.0162] lat [3.8295, 4.8239] sobre 2219 de 2221 filas con coordenada finita",plausible,colegios06_2025.gpkg,2025-06-30
111001034771,111001001279,COLEGIO DARIO ECHANDIA (IED),LOS PATIOS,-74.16160000115633,4.643300000578165,WGS 84 / Pseudo-Mercator,"EPSG:4326 (st_set_crs, sin transformar)","lon [-74.3933, -74.0162] lat [3.8295, 4.8239] sobre 2219 de 2221 filas con coordenada finita",plausible,colegios06_2025.gpkg,2025-06-30
111001034649,111001001279,COLEGIO DARIO ECHANDIA (IED),TOCAREMA,-74.16110000014305,4.6440000012516975,WGS 84 / Pseudo-Mercator,"EPSG:4326 (st_set_crs, sin transformar)","lon [-74.3933, -74.0162] lat [3.8295, 4.8239] sobre 2219 de 2221 filas con coordenada finita",plausible,colegios06_2025.gpkg,2025-06-30
111001010910,111001010910,COLEGIO NACIONAL NICOLAS ESGUERRA (IED),NACIONAL NICOLAS ESGUERRA,-74.12440000101924,4.633799999952316,WGS 84 / Pseudo-Mercator,"EPSG:4326 (st_set_crs, sin transformar)","lon [-74.3933, -74.0162] lat [3.8295, 4.8239] sobre 2219 de 2221 filas con coordenada finita",plausible,colegios06_2025.gpkg,2025-06-30
111001011321,111001011321,COLEGIO CARLOS ARTURO TORRES (IED),CARLOS ARTURO TORRES,-74.14640000090003,4.599599998444319,WGS 84 / Pseudo-Mercator,"EPSG:4326 (st_set_crs, sin transformar)","lon [-74.3933, -74.0162] lat [3.8295, 4.8239] sobre 2219 de 2221 filas con coordenada finita",plausible,colegios06_2025.gpkg,2025-06-30
111001106259,111001011321,COLEGIO CARLOS ARTURO TORRES (IED),REPUBLICA DE FINLANDIA,-74.14629999920726,4.599500000476837,WGS 84 / Pseudo-Mercator,"EPSG:4326 (st_set_crs, sin transformar)","lon [-74.3933, -74.0162] lat [3.8295, 4.8239] sobre 2219 de 2221 filas con coordenada finita",plausible,colegios06_2025.gpkg,2025-06-30
111001011690,111001011690,COLEGIO LA AMISTAD (IED),LA AMISTAD,-74.1482000015676,4.6233999989926815,WGS 84 / Pseudo-Mercator,"EPSG:4326 (st_set_crs, sin transformar)","lon [-74.3933, -74.0162] lat [3.8295, 4.8239] sobre 2219 de 2221 filas con coordenada finita",plausible,colegios06_2025.gpkg,2025-06-30
111001033871,111001011690,COLEGIO LA AMISTAD (IED),LLANO GRANDE,-74.16290000081062,4.633099999278784,WGS 84 / Pseudo-Mercator,"EPSG:4326 (st_set_crs, sin transformar)","lon [-74.3933, -74.0162] lat [3.8295, 4.8239] sobre 2219 de 2221 filas con coordenada finita",plausible,colegios06_2025.gpkg,2025-06-30
111001096628,111001011690,COLEGIO LA AMISTAD (IED),PINAR DEL RIO,-74.16660000011325,4.629900000989437,WGS 84 / Pseudo-Mercator,"EPSG:4326 (st_set_crs, sin transformar)","lon [-74.3933, -74.0162] lat [3.8295, 4.8239] sobre 2219 de 2221 filas con coordenada finita",plausible,colegios06_2025.gpkg,2025-06-30
111001012343,111001012343,COLEGIO TOM ADAMS (IED),TOM ADAMS,-74.15569999814034,4.618099998682737,WGS 84 / Pseudo-Mercator,"EPSG:4326 (st_set_crs, sin transformar)","lon [-74.3933, -74.0162] lat [3.8295, 4.8239] sobre 2219 de 2221 filas con coordenada finita",plausible,colegios06_2025.gpkg,2025-06-30
111001013196,111001012343,COLEGIO TOM ADAMS (IED),SAN JORGE,-74.15900000184774,4.6242999993264675,WGS 84 / Pseudo-Mercator,"EPSG:4326 (st_set_crs, sin transformar)","lon [-74.3933, -74.0162] lat [3.8295, 4.8239] sobre 2219 de 2221 filas con coordenada finita",plausible,colegios06_2025.gpkg,2025-06-30
111001012360,111001012360,COLEGIO EL JAPON (IED),EL JAPON,-74.15349999815226,4.621500000357628,WGS 84 / Pseudo-Mercator,"EPSG:4326 (st_set_crs, sin transformar)","lon [-74.3933, -74.0162] lat [3.8295, 4.8239] sobre 2219 de 2221 filas con coordenada finita",plausible,colegios06_2025.gpkg,2025-06-30
111001013102,111001013102,COLEGIO SAN PEDRO CLAVER (IED),SAN PEDRO CLAVER,-74.1609000004828,4.621800001710653,WGS 84 / Pseudo-Mercator,"EPSG:4326 (st_set_crs, sin transformar)","lon [-74.3933, -74.0162] lat [3.8295, 4.8239] sobre 2219 de 2221 filas con coordenada finita",plausible,colegios06_2025.gpkg,2025-06-30
111001036579,111001013102,COLEGIO SAN PEDRO CLAVER (IED),GERMAN ZEA HERNANDEZ,-74.17139999940991,4.631499998271465,WGS 84 / Pseudo-Mercator,"EPSG:4326 (st_set_crs, sin transformar)","lon [-74.3933, -74.0162] lat [3.8295, 4.8239] sobre 2219 de 2221 filas con coordenada finita",plausible,colegios06_2025.gpkg,2025-06-30
111001013129,111001013129,COLEGIO CLASS (IED),CLASS,-74.17909999936819,4.6141000017523766,WGS 84 / Pseudo-Mercator,"EPSG:4326 (st_set_crs, sin transformar)","lon [-74.3933, -74.0162] lat [3.8295, 4.8239] sobre 2219 de 2221 filas con coordenada finita",plausible,colegios06_2025.gpkg,2025-06-30
111001050181,111001013129,COLEGIO CLASS (IED),CIUDAD ROMA,-74.17119999974966,4.608899999409914,WGS 84 / Pseudo-Mercator,"EPSG:4326 (st_set_crs, sin transformar)","lon [-74.3933, -74.0162] lat [3.8295, 4.8239] sobre 2219 de 2221 filas con coordenada finita",plausible,colegios06_2025.gpkg,2025-06-30
111001029653,111001013129,COLEGIO CLASS (IED),ROMULO GALLEGOS,-74.1739999987185,4.610399998724461,WGS 84 / Pseudo-Mercator,"EPSG:4326 (st_set_crs, sin transformar)","lon [-74.3933, -74.0162] lat [3.8295, 4.8239] sobre 2219 de 2221 filas con coordenada finita",plausible,colegios06_2025.gpkg,2025-06-30
111001013153,111001013153,COLEGIO PAULO VI (IED),PAULO VI,-74.1583999991417,4.6215999983251095,WGS 84 / Pseudo-Mercator,"EPSG:4326 (st_set_crs, sin transformar)","lon [-74.3933, -74.0162] lat [3.8295, 4.8239] sobre 2219 de 2221 filas con coordenada finita",plausible,colegios06_2025.gpkg,2025-06-30
111001013161,111001013161,COLEGIO SAN JOSE (IED),SAN JOSE,-74.16290000081062,4.621500000357628,WGS 84 / Pseudo-Mercator,"EPSG:4326 (st_set_crs, sin transformar)","lon [-74.3933, -74.0162] lat [3.8295, 4.8239] sobre 2219 de 2221 filas con coordenada finita",plausible,colegios06_2025.gpkg,2025-06-30
111001033961,111001013161,COLEGIO SAN JOSE (IED),EL DESCANSO,-74.16569999977946,4.616500001400709,WGS 84 / Pseudo-Mercator,"EPSG:4326 (st_set_crs, sin transformar)","lon [-74.3933, -74.0162] lat [3.8295, 4.8239] sobre 2219 de 2221 filas con coordenada finita",plausible,colegios06_2025.gpkg,2025-06-30
111001013170,111001013170,COLEGIO SAN RAFAEL (IED),SAN RAFAEL,-74.16140000149608,4.61710000038147,WGS 84 / Pseudo-Mercator,"EPSG:4326 (st_set_crs, sin transformar)","lon [-74.3933, -74.0162] lat [3.8295, 4.8239] sobre 2219 de 2221 filas con coordenada finita",plausible,colegios06_2025.gpkg,2025-06-30
111001035599,111001013170,COLEGIO SAN RAFAEL (IED),CATALINA,-74.16939999908209,4.611200001090765,WGS 84 / Pseudo-Mercator,"EPSG:4326 (st_set_crs, sin transformar)","lon [-74.3933, -74.0162] lat [3.8295, 4.8239] sobre 2219 de 2221 filas con coordenada finita",plausible,colegios06_2025.gpkg,2025-06-30
111001014290,111001014290,COLEGIO MARSELLA (IED),MARSELLA,-74.12739999964833,4.632100000977516,WGS 84 / Pseudo-Mercator,"EPSG:4326 (st_set_crs, sin transformar)","lon [-74.3933, -74.0162] lat [3.8295, 4.8239] sobre 2219 de 2221 filas con coordenada finita",plausible,colegios06_2025.gpkg,2025-06-30
111001014974,111001014974,COLEGIO FRANCISCO DE MIRANDA (IED),FRANCISCO DE MIRANDA,-74.15450000017881,4.612500000745058,WGS 84 / Pseudo-Mercator,"EPSG:4326 (st_set_crs, sin transformar)","lon [-74.3933, -74.0162] lat [3.8295, 4.8239] sobre 2219 de 2221 filas con coordenada finita",plausible,colegios06_2025.gpkg,2025-06-30
111001015598,111001015598,COLEGIO LAS AMERICAS (IED),LAS AMERICAS,-74.15049999952316,4.616799999028444,WGS 84 / Pseudo-Mercator,"EPSG:4326 (st_set_crs, sin transformar)","lon [-74.3933, -74.0162] lat [3.8295, 4.8239] sobre 2219 de 2221 filas con coordenada finita",plausible,colegios06_2025.gpkg,2025-06-30
111001015601,111001015601,COLEGIO O.E.A. (IED),O.E.A.,-74.14160000160336,4.617899999022484,WGS 84 / Pseudo-Mercator,"EPSG:4326 (st_set_crs, sin transformar)","lon [-74.3933, -74.0162] lat [3.8295, 4.8239] sobre 2219 de 2221 filas con coordenada finita",plausible,colegios06_2025.gpkg,2025-06-30
111001012254,111001015601,COLEGIO O.E.A. (IED),ANTONIA SANTOS I,-74.14090000092983,4.6096000000834465,WGS 84 / Pseudo-Mercator,"EPSG:4326 (st_set_crs, sin transformar)","lon [-74.3933, -74.0162] lat [3.8295, 4.8239] sobre 2219 de 2221 filas con coordenada finita",plausible,colegios06_2025.gpkg,2025-06-30
111001016071,111001016071,COLEGIO ISABEL II (IED),ISABEL II,-74.1528999991715,4.633600000292063,WGS 84 / Pseudo-Mercator,"EPSG:4326 (st_set_crs, sin transformar)","lon [-74.3933, -74.0162] lat [3.8295, 4.8239] sobre 2219 de 2221 filas con coordenada finita",plausible,colegios06_2025.gpkg,2025-06-30
111001016152,111001016071,COLEGIO ISABEL II (IED),PIO XII,-74.15150000154972,4.634899999946356,WGS 84 / Pseudo-Mercator,"EPSG:4326 (st_set_crs, sin transformar)","lon [-74.3933, -74.0162] lat [3.8295, 4.8239] sobre 2219 de 2221 filas con coordenada finita",plausible,colegios06_2025.gpkg,2025-06-30
111001016098,111001016098,COLEGIO ALQUERIA DE LA FRAGUA (IED),ALQUERIA DE LA FRAGUA,-74.13610000163317,4.605000000447035,WGS 84 / Pseudo-Mercator,"EPSG:4326 (st_set_crs, sin transformar)","lon [-74.3933, -74.0162] lat [3.8295, 4.8239] sobre 2219 de 2221 filas con coordenada finita",plausible,colegios06_2025.gpkg,2025-06-30
111001016101,111001016101,COLEGIO LOS PERIODISTAS (IED),LOS PERIODISTAS,-74.15819999948144,4.617499999701977,WGS 84 / Pseudo-Mercator,"EPSG:4326 (st_set_crs, sin transformar)","lon [-74.3933, -74.0162] lat [3.8295, 4.8239] sobre 2219 de 2221 filas con coordenada finita",plausible,colegios06_2025.gpkg,2025-06-30
111001016136,111001016136,COLEGIO LA CHUCUA (IED),LA CHUCUA,-74.14849999919534,4.603799998760223,WGS 84 / Pseudo-Mercator,"EPSG:4326 (st_set_crs, sin transformar)","lon [-74.3933, -74.0162] lat [3.8295, 4.8239] sobre 2219 de 2221 filas con coordenada finita",plausible,colegios06_2025.gpkg,2025-06-30
111001016292,111001016292,COLEGIO KENNEDY (IED),KENNEDY,-74.14079999923706,4.620299998670816,WGS 84 / Pseudo-Mercator,"EPSG:4326 (st_set_crs, sin transformar)","lon [-74.3933, -74.0162] lat [3.8295, 4.8239] sobre 2219 de 2221 filas con coordenada finita",plausible,colegios06_2025.gpkg,2025-06-30
111001018082,111001016292,COLEGIO KENNEDY (IED),ANTONIA SANTOS II,-74.13540000095963,4.61540000140667,WGS 84 / Pseudo-Mercator,"EPSG:4326 (st_set_crs, sin transformar)","lon [-74.3933, -74.0162] lat [3.8295, 4.8239] sobre 2219 de 2221 filas con coordenada finita",plausible,colegios06_2025.gpkg,2025-06-30
111001015628,111001016292,COLEGIO KENNEDY (IED),LOS HEROES,-74.14539999887347,4.619800001382828,WGS 84 / Pseudo-Mercator,"EPSG:4326 (st_set_crs, sin transformar)","lon [-74.3933, -74.0162] lat [3.8295, 4.8239] sobre 2219 de 2221 filas con coordenada finita",plausible,colegios06_2025.gpkg,2025-06-30
111001015610,111001016292,COLEGIO KENNEDY (IED),ROSA MARIA GORDILLO,-74.14660000056028,4.621899999678135,WGS 84 / Pseudo-Mercator,"EPSG:4326 (st_set_crs, sin transformar)","lon [-74.3933, -74.0162] lat [3.8295, 4.8239] sobre 2219 de 2221 filas con coordenada finita",plausible,colegios06_2025.gpkg,2025-06-30
111001024660,111001024660,COLEGIO FERNANDO SOTO APARICIO (IED),FERNANDO SOTO APARICIO,-74.14750000089407,4.618900001049042,WGS 84 / Pseudo-Mercator,"EPSG:4326 (st_set_crs, sin transformar)","lon [-74.3933, -74.0162] lat [3.8295, 4.8239] sobre 2219 de 2221 filas con coordenada finita",plausible,colegios06_2025.gpkg,2025-06-30
111001013111,111001024660,COLEGIO FERNANDO SOTO APARICIO (IED),PASTRANITA,-74.17260000109673,4.617199998348951,WGS 84 / Pseudo-Mercator,"EPSG:4326 (st_set_crs, sin transformar)","lon [-74.3933, -74.0162] lat [3.8295, 4.8239] sobre 2219 de 2221 filas con coordenada finita",plausible,colegios06_2025.gpkg,2025-06-30
111001024732,111001024732,COLEGIO INEM FRANCISCO DE PAULA SANTANDER (IED),INEM FRANCISCO DE PAULA SANTANDER,-74.15650000050664,4.624699998646975,WGS 84 / Pseudo-Mercator,"EPSG:4326 (st_set_crs, sin transformar)","lon [-74.3933, -74.0162] lat [3.8295, 4.8239] sobre 2219 de 2221 filas con coordenada finita",plausible,colegios06_2025.gpkg,2025-06-30
111001016080,111001024732,COLEGIO INEM FRANCISCO DE PAULA SANTANDER (IED),CASABLANCA,-74.15269999951124,4.626499999314547,WGS 84 / Pseudo-Mercator,"EPSG:4326 (st_set_crs, sin transformar)","lon [-74.3933, -74.0162] lat [3.8295, 4.8239] sobre 2219 de 2221 filas con coordenada finita",plausible,colegios06_2025.gpkg,2025-06-30
111001026964,111001026964,COLEGIO JOHN F. KENNEDY (IED),SEDE A - JOHN F. KENNEDY,-74.15170000120997,4.621899999678135,WGS 84 / Pseudo-Mercator,"EPSG:4326 (st_set_crs, sin transformar)","lon [-74.3933, -74.0162] lat [3.8295, 4.8239] sobre 2219 de 2221 filas con coordenada finita",plausible,colegios06_2025.gpkg,2025-06-30
111001027308,111001027308,COLEGIO PROSPERO PINZON (IED),PROSPERO PINZON,-74.15109999850392,4.6242999993264675,WGS 84 / Pseudo-Mercator,"EPSG:4326 (st_set_crs, sin transformar)","lon [-74.3933, -74.0162] lat [3.8295, 4.8239] sobre 2219 de 2221 filas con coordenada finita",plausible,colegios06_2025.gpkg,2025-06-30
111001027391,111001027391,COLEGIO MANUEL CEPEDA VARGAS (IED),MANUEL CEPEDA VARGAS,-74.17790000140667,4.616500001400709,WGS 84 / Pseudo-Mercator,"EPSG:4326 (st_set_crs, sin transformar)","lon [-74.3933, -74.0162] lat [3.8295, 4.8239] sobre 2219 de 2221 filas con coordenada finita",plausible,colegios06_2025.gpkg,2025-06-30
111001050172,111001027391,COLEGIO MANUEL CEPEDA VARGAS (IED),GRAN BRITALIA,-74.17300000041723,4.625300001353025,WGS 84 / Pseudo-Mercator,"EPSG:4326 (st_set_crs, sin transformar)","lon [-74.3933, -74.0162] lat [3.8295, 4.8239] sobre 2219 de 2221 filas con coordenada finita",plausible,colegios06_2025.gpkg,2025-06-30
111001034088,111001027391,COLEGIO MANUEL CEPEDA VARGAS (IED),CAMILO TORRES,-74.17300000041723,4.625599998980761,WGS 84 / Pseudo-Mercator,"EPSG:4326 (st_set_crs, sin transformar)","lon [-74.3933, -74.0162] lat [3.8295, 4.8239] sobre 2219 de 2221 filas con coordenada finita",plausible,colegios06_2025.gpkg,2025-06-30
111001027405,111001027405,COLEGIO JAIRO ANIBAL NIÑO (CED),JAIRO ANIBAL NIÑO,-74.16710000112653,4.636700000613928,WGS 84 / Pseudo-Mercator,"EPSG:4326 (st_set_crs, sin transformar)","lon [-74.3933, -74.0162] lat [3.8295, 4.8239] sobre 2219 de 2221 filas con coordenada finita",plausible,colegios06_2025.gpkg,2025-06-30
111001029114,111001029114,COLEGIO JACKELINE (IED),JACKELINE,-74.16279999911785,4.609000001102686,WGS 84 / Pseudo-Mercator,"EPSG:4326 (st_set_crs, sin transformar)","lon [-74.3933, -74.0162] lat [3.8295, 4.8239] sobre 2219 de 2221 filas con coordenada finita",plausible,colegios06_2025.gpkg,2025-06-30
111001800465,111001029114,COLEGIO JACKELINE (IED),SEDE B,-74.16440000012517,4.6083000004291534,WGS 84 / Pseudo-Mercator,"EPSG:4326 (st_set_crs, sin transformar)","lon [-74.3933, -74.0162] lat [3.8295, 4.8239] sobre 2219 de 2221 filas con coordenada finita",plausible,colegios06_2025.gpkg,2025-06-30
111001033898,111001033898,COLEGIO MANUEL ZAPATA OLIVELLA (IED),MANUEL ZAPATA OLIVELLA,-74.16030000150204,4.640500001609325,WGS 84 / Pseudo-Mercator,"EPSG:4326 (st_set_crs, sin transformar)","lon [-74.3933, -74.0162] lat [3.8295, 4.8239] sobre 2219 de 2221 filas con coordenada finita",plausible,colegios06_2025.gpkg,2025-06-30
111001034045,111001034045,COLEGIO LA FLORESTA SUR (IED),LA FLORESTA SUR,-74.12730000168085,4.620700001716614,WGS 84 / Pseudo-Mercator,"EPSG:4326 (st_set_crs, sin transformar)","lon [-74.3933, -74.0162] lat [3.8295, 4.8239] sobre 2219 de 2221 filas con coordenada finita",plausible,colegios06_2025.gpkg,2025-06-30
111102001164,111001034045,COLEGIO LA FLORESTA SUR (IED),JUAN PABLO II,-74.12770000100136,4.620400000363588,WGS 84 / Pseudo-Mercator,"EPSG:4326 (st_set_crs, sin transformar)","lon [-74.3933, -74.0162] lat [3.8295, 4.8239] sobre 2219 de 2221 filas con coordenada finita",plausible,colegios06_2025.gpkg,2025-06-30
111001041475,111001041475,COLEGIO SAN JOSE DE CASTILLA (IED),CASTILLA,-74.1440000012517,4.637899998575449,WGS 84 / Pseudo-Mercator,"EPSG:4326 (st_set_crs, sin transformar)","lon [-74.3933, -74.0162] lat [3.8295, 4.8239] sobre 2219 de 2221 filas con coordenada finita",plausible,colegios06_2025.gpkg,2025-06-30
111001047236,111001041475,COLEGIO SAN JOSE DE CASTILLA (IED),VISION DE COLOMBIA,-74.13529999926686,4.650699999183416,WGS 84 / Pseudo-Mercator,"EPSG:4326 (st_set_crs, sin transformar)","lon [-74.3933, -74.0162] lat [3.8295, 4.8239] sobre 2219 de 2221 filas con coordenada finita",plausible,colegios06_2025.gpkg,2025-06-30
111001076767,111001076767,COLEGIO CASTILLA (IED),NUEVA CASTILLA,-74.1418999992311,4.640500001609325,WGS 84 / Pseudo-Mercator,"EPSG:4326 (st_set_crs, sin transformar)","lon [-74.3933, -74.0162] lat [3.8295, 4.8239] sobre 2219 de 2221 filas con coordenada finita",plausible,colegios06_2025.gpkg,2025-06-30
111001079154,111001079154,COLEGIO VILLA RICA (IED),VILLA RICA,-74.16710000112653,4.605799999088049,WGS 84 / Pseudo-Mercator,"EPSG:4326 (st_set_crs, sin transformar)","lon [-74.3933, -74.0162] lat [3.8295, 4.8239] sobre 2219 de 2221 filas con coordenada finita",plausible,colegios06_2025.gpkg,2025-06-30
111001043141,111001079154,COLEGIO VILLA RICA (IED),PERPETUO SOCORRO,-74.16620000079274,4.611099999397993,WGS 84 / Pseudo-Mercator,"EPSG:4326 (st_set_crs, sin transformar)","lon [-74.3933, -74.0162] lat [3.8295, 4.8239] sobre 2219 de 2221 filas con coordenada finita",plausible,colegios06_2025.gpkg,2025-06-30
111001086649,111001086649,COLEGIO ALFONSO LOPEZ PUMAREJO (IED),ALFONSO LOPEZ PUMAREJO,-74.1435999982059,4.6077999994158745,WGS 84 / Pseudo-Mercator,"EPSG:4326 (st_set_crs, sin transformar)","lon [-74.3933, -74.0162] lat [3.8295, 4.8239] sobre 2219 de 2221 filas con coordenada finita",plausible,colegios06_2025.gpkg,2025-06-30
111001014681,111001086649,COLEGIO ALFONSO LOPEZ PUMAREJO (IED),AGOBERTO MEJIA CIFUENTES,-74.14099999889731,4.603500001132488,WGS 84 / Pseudo-Mercator,"EPSG:4326 (st_set_crs, sin transformar)","lon [-74.3933, -74.0162] lat [3.8295, 4.8239] sobre 2219 de 2221 filas con coordenada finita",plausible,colegios06_2025.gpkg,2025-06-30
111001086771,111001086771,COLEGIO INSTITUTO TECNICO RODRIGO DE TRIANA (IED),RODRIGO DE TRIANA,-74.16750000044703,4.640299998223782,WGS 84 / Pseudo-Mercator,"EPSG:4326 (st_set_crs, sin transformar)","lon [-74.3933, -74.0162] lat [3.8295, 4.8239] sobre 2219 de 2221 filas con coordenada finita",plausible,colegios06_2025.gpkg,2025-06-30
111001086860,111001086771,COLEGIO INSTITUTO TECNICO RODRIGO DE TRIANA (IED),LAS PALMERAS,-74.16959999874234,4.640700001269579,WGS 84 / Pseudo-Mercator,"EPSG:4326 (st_set_crs, sin transformar)","lon [-74.3933, -74.0162] lat [3.8295, 4.8239] sobre 2219 de 2221 filas con coordenada finita",plausible,colegios06_2025.gpkg,2025-06-30
111001034215,111001086771,COLEGIO INSTITUTO TECNICO RODRIGO DE TRIANA (IED),CAMPO HERMOSO,-74.16539999842644,4.6400000005960464,WGS 84 / Pseudo-Mercator,"EPSG:4326 (st_set_crs, sin transformar)","lon [-74.3933, -74.0162] lat [3.8295, 4.8239] sobre 2219 de 2221 filas con coordenada finita",plausible,colegios06_2025.gpkg,2025-06-30
111001098892,111001098892,COLEGIO BELLAVISTA (IED),COLEGIO BELLAVISTA (IED) - SEDE PRINCIPAL,-74.17320000007749,4.645399998873472,WGS 84 / Pseudo-Mercator,"EPSG:4326 (st_set_crs, sin transformar)","lon [-74.3933, -74.0162] lat [3.8295, 4.8239] sobre 2219 de 2221 filas con coordenada finita",plausible,colegios06_2025.gpkg,2025-06-30
111001098906,111001098906,COLEGIO EDUARDO UMAÑA LUNA (IED),EDUARDO UMAÑA LUNA,-74.17489999905229,4.641699999570847,WGS 84 / Pseudo-Mercator,"EPSG:4326 (st_set_crs, sin transformar)","lon [-74.3933, -74.0162] lat [3.8295, 4.8239] sobre 2219 de 2221 filas con coordenada finita",plausible,colegios06_2025.gpkg,2025-06-30
111001100048,111001100048,COLEGIO HERNANDO DURAN DUSSAN (IED),HERNANDO DURAN DUSSAN,-74.1722999997437,4.634799998253584,WGS 84 / Pseudo-Mercator,"EPSG:4326 (st_set_crs, sin transformar)","lon [-74.3933, -74.0162] lat [3.8295, 4.8239] sobre 2219 de 2221 filas con coordenada finita",plausible,colegios06_2025.gpkg,2025-06-30
111001100056,111001100056,COLEGIO JAIME HERNANDO GARZON FORERO (IED),COLEGIO JAIME HERNANDO GARZON FORERO (IED) - SEDE PRINCIPAL,-74.18230000138283,4.638000000268221,WGS 84 / Pseudo-Mercator,"EPSG:4326 (st_set_crs, sin transformar)","lon [-74.3933, -74.0162] lat [3.8295, 4.8239] sobre 2219 de 2221 filas con coordenada finita",plausible,colegios06_2025.gpkg,2025-06-30
111001104281,111001104281,COLEGIO GABRIEL BETANCOURT MEJIA (IED),SEDE A - GABRIEL BETANCOURT MEJIA,-74.1557999998331,4.6449000015854836,WGS 84 / Pseudo-Mercator,"EPSG:4326 (st_set_crs, sin transformar)","lon [-74.3933, -74.0162] lat [3.8295, 4.8239] sobre 2219 de 2221 filas con coordenada finita",plausible,colegios06_2025.gpkg,2025-06-30
111001104558,111001104558,COLEGIO CODEMA (IED),CODEMA,-74.16569999977946,4.648200001567602,WGS 84 / Pseudo-Mercator,"EPSG:4326 (st_set_crs, sin transformar)","lon [-74.3933, -74.0162] lat [3.8295, 4.8239] sobre 2219 de 2221 filas con coordenada finita",plausible,colegios06_2025.gpkg,2025-06-30
111001106984,111001106984,COLEGIO GENERAL GUSTAVO ROJAS PINILLA (IED),GENERAL GUSTAVO ROJAS PINILLA,-74.13969999924302,4.648600000888109,WGS 84 / Pseudo-Mercator,"EPSG:4326 (st_set_crs, sin transformar)","lon [-74.3933, -74.0162] lat [3.8295, 4.8239] sobre 2219 de 2221 filas con coordenada finita",plausible,colegios06_2025.gpkg,2025-06-30
111001034169,111001106984,COLEGIO GENERAL GUSTAVO ROJAS PINILLA (IED),EL TINTAL,-74.13949999958277,4.65260000154376,WGS 84 / Pseudo-Mercator,"EPSG:4326 (st_set_crs, sin transformar)","lon [-74.3933, -74.0162] lat [3.8295, 4.8239] sobre 2219 de 2221 filas con coordenada finita",plausible,colegios06_2025.gpkg,2025-06-30
111001107778,111001107778,COLEGIO SALUDCOOP SUR (IED),SALUDCOOP SUR,-74.16380000114441,4.642299998551607,WGS 84 / Pseudo-Mercator,"EPSG:4326 (st_set_crs, sin transformar)","lon [-74.3933, -74.0162] lat [3.8295, 4.8239] sobre 2219 de 2221 filas con coordenada finita",plausible,colegios06_2025.gpkg,2025-06-30
111001110477,111001110477,COLEGIO NELSON MANDELA (IED),NELSON MANDELA,-74.17790000140667,4.636100001633167,WGS 84 / Pseudo-Mercator,"EPSG:4326 (st_set_crs, sin transformar)","lon [-74.3933, -74.0162] lat [3.8295, 4.8239] sobre 2219 de 2221 filas con coordenada finita",plausible,colegios06_2025.gpkg,2025-06-30
111001800431,111001800431,COLEGIO LAS MARGARITAS (IED),COLEGIO LAS MARGARITAS (IED) - SEDE PRINCIPAL,-74.17460000142455,4.633699998259544,WGS 84 / Pseudo-Mercator,"EPSG:4326 (st_set_crs, sin transformar)","lon [-74.3933, -74.0162] lat [3.8295, 4.8239] sobre 2219 de 2221 filas con coordenada finita",plausible,colegios06_2025.gpkg,2025-06-30
111001800554,111001800554,COLEGIO EMMA REYES (IED),COLEGIO EMMA REYES (IED) - SEDE PRINCIPAL,-74.14550000056624,4.634300000965595,WGS 84 / Pseudo-Mercator,"EPSG:4326 (st_set_crs, sin transformar)","lon [-74.3933, -74.0162] lat [3.8295, 4.8239] sobre 2219 de 2221 filas con coordenada finita",plausible,colegios06_2025.gpkg,2025-06-30
111001801241,111001801241,COLEGIO FELIZA BURSZTYN (IED),COLEGIO FELIZA BURSZTYN (IED),-74.12950000166893,4.621800001710653,WGS 84 / Pseudo-Mercator,"EPSG:4326 (st_set_crs, sin transformar)","lon [-74.3933, -74.0162] lat [3.8295, 4.8239] sobre 2219 de 2221 filas con coordenada finita",plausible,colegios06_2025.gpkg,2025-06-30
111001801268,111001801268,COLEGIO TERESA MARTINEZ DE VARELA (IED),COLEGIO TERESA MARTINEZ DE VARELA (IED),-74.15610000118613,4.657000001519918,WGS 84 / Pseudo-Mercator,"EPSG:4326 (st_set_crs, sin transformar)","lon [-74.3933, -74.0162] lat [3.8295, 4.8239] sobre 2219 de 2221 filas con coordenada finita",plausible,colegios06_2025.gpkg,2025-06-30
311001000034,311001000034,LICEO RODRIGO ARENAS BETANCOURT,LICEO RODRIGO ARENAS BETANCOURT,-74.17550000175834,4.617300000041723,WGS 84 / Pseudo-Mercator,"EPSG:4326 (st_set_crs, sin transformar)","lon [-74.3933, -74.0162] lat [3.8295, 4.8239] sobre 2219 de 2221 filas con coordenada finita",plausible,colegios06_2025.gpkg,2025-06-30
311001000158,311001000158,GIMNASIO COLOMBO ANDINO,GIMNASIO COLOMBO ANDINO,-74.15610000118613,4.606199998408556,WGS 84 / Pseudo-Mercator,"EPSG:4326 (st_set_crs, sin transformar)","lon [-74.3933, -74.0162] lat [3.8295, 4.8239] sobre 2219 de 2221 filas con coordenada finita",plausible,colegios06_2025.gpkg,2025-06-30
311001000352,311001000352,COLEGIO ERNESTO GUHL,COLEGIO ERNESTO GUHL,-74.17240000143647,4.633200000971556,WGS 84 / Pseudo-Mercator,"EPSG:4326 (st_set_crs, sin transformar)","lon [-74.3933, -74.0162] lat [3.8295, 4.8239] sobre 2219 de 2221 filas con coordenada finita",plausible,colegios06_2025.gpkg,2025-06-30
311001000841,311001000841,COLEGIO MONTFERRI,COLEGIO MONTFERRI,-74.13929999992251,4.641699999570847,WGS 84 / Pseudo-Mercator,"EPSG:4326 (st_set_crs, sin transformar)","lon [-74.3933, -74.0162] lat [3.8295, 4.8239] sobre 2219 de 2221 filas con coordenada finita",plausible,colegios06_2025.gpkg,2025-06-30
311001001537,311001001537,NUEVO LICEO PSICOPEDAGOGICO,NUEVO LICEO PSICOPEDAGOGICO,-74.14799999818206,4.621300000697374,WGS 84 / Pseudo-Mercator,"EPSG:4326 (st_set_crs, sin transformar)","lon [-74.3933, -74.0162] lat [3.8295, 4.8239] sobre 2219 de 2221 filas con coordenada finita",plausible,colegios06_2025.gpkg,2025-06-30
311001002282,311001002282,INSTITUTO FELIX RESTREPO,INSTITUTO FELIX RESTREPO,-74.14750000089407,4.633099999278784,WGS 84 / Pseudo-Mercator,"EPSG:4326 (st_set_crs, sin transformar)","lon [-74.3933, -74.0162] lat [3.8295, 4.8239] sobre 2219 de 2221 filas con coordenada finita",plausible,colegios06_2025.gpkg,2025-06-30
311001004064,311001004064,COLEGIO JAIME QUIJANO CABALLERO,COLEGIO JAIME QUIJANO CABALLERO,-74.15439999848604,4.619199998676777,WGS 84 / Pseudo-Mercator,"EPSG:4326 (st_set_crs, sin transformar)","lon [-74.3933, -74.0162] lat [3.8295, 4.8239] sobre 2219 de 2221 filas con coordenada finita",plausible,colegios06_2025.gpkg,2025-06-30
311001004374,311001004374,COLEGIO COOPERATIVO DE TIMIZA,COLEGIO COOPERATIVO DE TIMIZA,-74.15069999918342,4.6086999997496605,WGS 84 / Pseudo-Mercator,"EPSG:4326 (st_set_crs, sin transformar)","lon [-74.3933, -74.0162] lat [3.8295, 4.8239] sobre 2219 de 2221 filas con coordenada finita",plausible,colegios06_2025.gpkg,2025-06-30
311001005231,311001005231,INSTITUTO MARSELLA,INSTITUTO MARSELLA,-74.13060000166297,4.63230000063777,WGS 84 / Pseudo-Mercator,"EPSG:4326 (st_set_crs, sin transformar)","lon [-74.3933, -74.0162] lat [3.8295, 4.8239] sobre 2219 de 2221 filas con coordenada finita",plausible,colegios06_2025.gpkg,2025-06-30
311001005681,311001005681,COLEGIO ATENIENSE,COLEGIO ATENIENSE,-74.16000000014901,4.622000001370907,WGS 84 / Pseudo-Mercator,"EPSG:4326 (st_set_crs, sin transformar)","lon [-74.3933, -74.0162] lat [3.8295, 4.8239] sobre 2219 de 2221 filas con coordenada finita",plausible,colegios06_2025.gpkg,2025-06-30
311001006423,311001006423,COLEGIO SANTA LUISA,COLEGIO SANTA LUISA,-74.15680000185966,4.608600001782179,WGS 84 / Pseudo-Mercator,"EPSG:4326 (st_set_crs, sin transformar)","lon [-74.3933, -74.0162] lat [3.8295, 4.8239] sobre 2219 de 2221 filas con coordenada finita",plausible,colegios06_2025.gpkg,2025-06-30
311001008523,311001008523,GIMNASIO MILITAR FUERZA AEREA DE COLOMBIA,GIMNASIO MILITAR FUERZA AEREA DE COLOMBIA,-74.14970000088215,4.627300001680851,WGS 84 / Pseudo-Mercator,"EPSG:4326 (st_set_crs, sin transformar)","lon [-74.3933, -74.0162] lat [3.8295, 4.8239] sobre 2219 de 2221 filas con coordenada finita",plausible,colegios06_2025.gpkg,2025-06-30
311001008990,311001008990,COLEGIO SUPERIOR AMERICANO,COLEGIO SUPERIOR AMERICANO,-74.13580000028014,4.626299999654293,WGS 84 / Pseudo-Mercator,"EPSG:4326 (st_set_crs, sin transformar)","lon [-74.3933, -74.0162] lat [3.8295, 4.8239] sobre 2219 de 2221 filas con coordenada finita",plausible,colegios06_2025.gpkg,2025-06-30
311001010366,311001010366,COLEGIO MILITAR COOPERATIVO JUSTINIANO QUIÑONEZ ANGULO,COLEGIO MILITAR COOPERATIVO JUSTINIANO QUIÑONEZ ANGULO,-74.1545999981463,4.618000000715256,WGS 84 / Pseudo-Mercator,"EPSG:4326 (st_set_crs, sin transformar)","lon [-74.3933, -74.0162] lat [3.8295, 4.8239] sobre 2219 de 2221 filas con coordenada finita",plausible,colegios06_2025.gpkg,2025-06-30
311001010382,311001010382,COLEGIO PARROQUIAL SAN ANDRES APOSTOL,COLEGIO PARROQUIAL SAN ANDRES APOSTOL,-74.14380000159144,4.597800001502037,WGS 84 / Pseudo-Mercator,"EPSG:4326 (st_set_crs, sin transformar)","lon [-74.3933, -74.0162] lat [3.8295, 4.8239] sobre 2219 de 2221 filas con coordenada finita",plausible,colegios06_2025.gpkg,2025-06-30
311001010617,311001010617,COLEGIO INTEGRACION MODERNA,COLEGIO INTEGRACION MODERNA,-74.13479999825358,4.6266999989748,WGS 84 / Pseudo-Mercator,"EPSG:4326 (st_set_crs, sin transformar)","lon [-74.3933, -74.0162] lat [3.8295, 4.8239] sobre 2219 de 2221 filas con coordenada finita",plausible,colegios06_2025.gpkg,2025-06-30
311001016607,311001016607,COLEGIO MANDALAY,COLEGIO MANDALAY,-74.1444000005722,4.6270000003278255,WGS 84 / Pseudo-Mercator,"EPSG:4326 (st_set_crs, sin transformar)","lon [-74.3933, -74.0162] lat [3.8295, 4.8239] sobre 2219 de 2221 filas con coordenada finita",plausible,colegios06_2025.gpkg,2025-06-30
311001016933,311001016933,COLEGIO MI PATRIA,COLEGIO MI PATRIA,-74.13030000030994,4.611299999058247,WGS 84 / Pseudo-Mercator,"EPSG:4326 (st_set_crs, sin transformar)","lon [-74.3933, -74.0162] lat [3.8295, 4.8239] sobre 2219 de 2221 filas con coordenada finita",plausible,colegios06_2025.gpkg,2025-06-30
311001017671,311001017671,GIMNASIO NUEVA AMERICA,GIMNASIO NUEVA AMERICA,-74.1537000015378,4.612399999052286,WGS 84 / Pseudo-Mercator,"EPSG:4326 (st_set_crs, sin transformar)","lon [-74.3933, -74.0162] lat [3.8295, 4.8239] sobre 2219 de 2221 filas con coordenada finita",plausible,colegios06_2025.gpkg,2025-06-30
311001019312,311001019312,COLEGIO PARROQUIAL SAN JUAN DE LA CRUZ,COLEGIO PARROQUIAL SAN JUAN DE LA CRUZ,-74.16310000047088,4.619100000709295,WGS 84 / Pseudo-Mercator,"EPSG:4326 (st_set_crs, sin transformar)","lon [-74.3933, -74.0162] lat [3.8295, 4.8239] sobre 2219 de 2221 filas con coordenada finita",plausible,colegios06_2025.gpkg,2025-06-30
311001026327,311001026327,COLEGIO MI SEGUNDO HOGAR,COLEGIO MI SEGUNDO HOGAR,-74.1418999992311,4.611600000411272,WGS 84 / Pseudo-Mercator,"EPSG:4326 (st_set_crs, sin transformar)","lon [-74.3933, -74.0162] lat [3.8295, 4.8239] sobre 2219 de 2221 filas con coordenada finita",plausible,colegios06_2025.gpkg,2025-06-30
311001026513,311001026513,COLEGIO SANTO DOMINGO BILINGÜE,COLEGIO SANTO DOMINGO BILINGÜE,-74.14680000022054,4.614799998700619,WGS 84 / Pseudo-Mercator,"EPSG:4326 (st_set_crs, sin transformar)","lon [-74.3933, -74.0162] lat [3.8295, 4.8239] sobre 2219 de 2221 filas con coordenada finita",plausible,colegios06_2025.gpkg,2025-06-30
311001027803,311001027803,UNIDAD EDUCATIVA JEAN PIAGET,UNIDAD EDUCATIVA JEAN PIAGET,-74.13210000097752,4.624499998986721,WGS 84 / Pseudo-Mercator,"EPSG:4326 (st_set_crs, sin transformar)","lon [-74.3933, -74.0162] lat [3.8295, 4.8239] sobre 2219 de 2221 filas con coordenada finita",plausible,colegios06_2025.gpkg,2025-06-30
311001028184,311001028184,LICEO EUCARISTICO MIXTO,LICEO EUCARISTICO MIXTO,-74.15439999848604,4.627399999648333,WGS 84 / Pseudo-Mercator,"EPSG:4326 (st_set_crs, sin transformar)","lon [-74.3933, -74.0162] lat [3.8295, 4.8239] sobre 2219 de 2221 filas con coordenada finita",plausible,colegios06_2025.gpkg,2025-06-30
311001029288,311001029288,LICEO NORDAM,LICEO NORDAM,-74.14369999989867,4.629200000315905,WGS 84 / Pseudo-Mercator,"EPSG:4326 (st_set_crs, sin transformar)","lon [-74.3933, -74.0162] lat [3.8295, 4.8239] sobre 2219 de 2221 filas con coordenada finita",plausible,colegios06_2025.gpkg,2025-06-30
311001029521,311001029521,LICEO REYNEL,LICEO REYNEL,-74.13859999924898,4.602600000798702,WGS 84 / Pseudo-Mercator,"EPSG:4326 (st_set_crs, sin transformar)","lon [-74.3933, -74.0162] lat [3.8295, 4.8239] sobre 2219 de 2221 filas con coordenada finita",plausible,colegios06_2025.gpkg,2025-06-30
311001029971,311001029971,INSTITUTO DE EDUCACION MEDIA EMAUS,INSTITUTO DE EDUCACION MEDIA EMAUS,-74.1567000001669,4.623599998652935,WGS 84 / Pseudo-Mercator,"EPSG:4326 (st_set_crs, sin transformar)","lon [-74.3933, -74.0162] lat [3.8295, 4.8239] sobre 2219 de 2221 filas con coordenada finita",plausible,colegios06_2025.gpkg,2025-06-30
311001030359,311001030359,LICEO ROZFORD,LICEO ROZFORD,-74.14629999920726,4.6233000010252,WGS 84 / Pseudo-Mercator,"EPSG:4326 (st_set_crs, sin transformar)","lon [-74.3933, -74.0162] lat [3.8295, 4.8239] sobre 2219 de 2221 filas con coordenada finita",plausible,colegios06_2025.gpkg,2025-06-30
311001030391,311001030391,LICEO PIÑEROS CORTES,LICEO PIÑEROS CORTES,-74.14339999854565,4.624899998307228,WGS 84 / Pseudo-Mercator,"EPSG:4326 (st_set_crs, sin transformar)","lon [-74.3933, -74.0162] lat [3.8295, 4.8239] sobre 2219 de 2221 filas con coordenada finita",plausible,colegios06_2025.gpkg,2025-06-30
311001030499,311001030499,INSTITUTO EXPERIMENTAL DE ENSEÑANZA PRACTICA,INSTITUTO EXPERIMENTAL DE ENSEÑANZA PRACTICA,-74.16250000149012,4.620700001716614,WGS 84 / Pseudo-Mercator,"EPSG:4326 (st_set_crs, sin transformar)","lon [-74.3933, -74.0162] lat [3.8295, 4.8239] sobre 2219 de 2221 filas con coordenada finita",plausible,colegios06_2025.gpkg,2025-06-30
311001030766,311001030766,LICEO INFANTIL LOS FUNDADORES,LICEO INFANTIL LOS FUNDADORES,-74.1414999999106,4.618900001049042,WGS 84 / Pseudo-Mercator,"EPSG:4326 (st_set_crs, sin transformar)","lon [-74.3933, -74.0162] lat [3.8295, 4.8239] sobre 2219 de 2221 filas con coordenada finita",plausible,colegios06_2025.gpkg,2025-06-30
311001030928,311001030928,JARDIN INFANTIL NUESTRO HONGUITO,JARDIN INFANTIL NUESTRO HONGUITO,-74.12829999998212,4.627999998629093,WGS 84 / Pseudo-Mercator,"EPSG:4326 (st_set_crs, sin transformar)","lon [-74.3933, -74.0162] lat [3.8295, 4.8239] sobre 2219 de 2221 filas con coordenada finita",plausible,colegios06_2025.gpkg,2025-06-30
311001032131,311001032131,COLEGIO NUESTRA SEÑORA DE LORETO,COLEGIO NUESTRA SEÑORA DE LORETO,-74.17240000143647,4.608899999409914,WGS 84 / Pseudo-Mercator,"EPSG:4326 (st_set_crs, sin transformar)","lon [-74.3933, -74.0162] lat [3.8295, 4.8239] sobre 2219 de 2221 filas con coordenada finita",plausible,colegios06_2025.gpkg,2025-06-30
311001032572,311001032572,GIMNASIO IMPERIAL IGNACIA CAMACHO DE CIFUENTES,GIMNASIO IMPERIAL IGNACIA CAMACHO DE CIFUENTES,-74.173700001090765,4.612900000065565,WGS 84 / Pseudo-Mercator,"EPSG:4326 (st_set_crs, sin transformar)","lon [-74.3933, -74.0162] lat [3.8295, 4.8239] sobre 2219 de 2221 filas con coordenada finita",plausible,colegios06_2025.gpkg,2025-06-30
311001032823,311001032823,LICEO MARIA VICTORIA,LICEO MARIA VICTORIA,-74.16860000044107,4.614799998700619,WGS 84 / Pseudo-Mercator,"EPSG:4326 (st_set_crs, sin transformar)","lon [-74.3933, -74.0162] lat [3.8295, 4.8239] sobre 2219 de 2221 filas con coordenada finita",plausible,colegios06_2025.gpkg,2025-06-30
311001033277,311001033277,LICEO LUTHER KING,LICEO LUTHER KING,-74.16939999908209,4.614599999040365,WGS 84 / Pseudo-Mercator,"EPSG:4326 (st_set_crs, sin transformar)","lon [-74.3933, -74.0162] lat [3.8295, 4.8239] sobre 2219 de 2221 filas con coordenada finita",plausible,colegios06_2025.gpkg,2025-06-30
311001033374,311001033374,COLEGIO SUPERIOR DE OCCIDENTE,COLEGIO SUPERIOR DE OCCIDENTE,-74.1642999984324,4.635400000959635,WGS 84 / Pseudo-Mercator,"EPSG:4326 (st_set_crs, sin transformar)","lon [-74.3933, -74.0162] lat [3.8295, 4.8239] sobre 2219 de 2221 filas con coordenada finita",plausible,colegios06_2025.gpkg,2025-06-30
311001033439,311001033439,LICEO NUESTRA SEÑORA DE TORCOROMA,LICEO NUESTRA SEÑORA DE TORCOROMA,-74.13540000095963,4.607999999076128,WGS 84 / Pseudo-Mercator,"EPSG:4326 (st_set_crs, sin transformar)","lon [-74.3933, -74.0162] lat [3.8295, 4.8239] sobre 2219 de 2221 filas con coordenada finita",plausible,colegios06_2025.gpkg,2025-06-30
311001033480,311001033480,COLEGIO LAZARILLO DE TORMES,COLEGIO LAZARILLO DE TORMES,-74.1680999994278,4.611200001090765,WGS 84 / Pseudo-Mercator,"EPSG:4326 (st_set_crs, sin transformar)","lon [-74.3933, -74.0162] lat [3.8295, 4.8239] sobre 2219 de 2221 filas con coordenada finita",plausible,colegios06_2025.gpkg,2025-06-30
311001033510,311001033510,COLEGIO SAN BONIFACIO,COLEGIO SAN BONIFACIO,-74.16569999977946,4.636700000613928,WGS 84 / Pseudo-Mercator,"EPSG:4326 (st_set_crs, sin transformar)","lon [-74.3933, -74.0162] lat [3.8295, 4.8239] sobre 2219 de 2221 filas con coordenada finita",plausible,colegios06_2025.gpkg,2025-06-30
311001033579,311001033579,INSTITUTO TENERIFE,INSTITUTO TENERIFE,-74.17350000143051,4.611200001090765,WGS 84 / Pseudo-Mercator,"EPSG:4326 (st_set_crs, sin transformar)","lon [-74.3933, -74.0162] lat [3.8295, 4.8239] sobre 2219 de 2221 filas con coordenada finita",plausible,colegios06_2025.gpkg,2025-06-30
311001035253,311001035253,COLEGIO EL DUQUE DE RIVAS,COLEGIO EL DUQUE DE RIVAS,-74.17260000109673,4.619199998676777,WGS 84 / Pseudo-Mercator,"EPSG:4326 (st_set_crs, sin transformar)","lon [-74.3933, -74.0162] lat [3.8295, 4.8239] sobre 2219 de 2221 filas con coordenada finita",plausible,colegios06_2025.gpkg,2025-06-30
311001035806,311001035806,LICEO NUEVA BRITALIA,LICEO NUEVA BRITALIA,-74.17240000143647,4.6239000000059605,WGS 84 / Pseudo-Mercator,"EPSG:4326 (st_set_crs, sin transformar)","lon [-74.3933, -74.0162] lat [3.8295, 4.8239] sobre 2219 de 2221 filas con coordenada finita",plausible,colegios06_2025.gpkg,2025-06-30
311001036519,311001036519,LICEO LEANDRO CONCHA,LICEO LEANDRO CONCHA,-74.16959999874234,4.6141000017523766,WGS 84 / Pseudo-Mercator,"EPSG:4326 (st_set_crs, sin transformar)","lon [-74.3933, -74.0162] lat [3.8295, 4.8239] sobre 2219 de 2221 filas con coordenada finita",plausible,colegios06_2025.gpkg,2025-06-30
311001036811,311001036811,GIMNASIO MODERNO DEL PRADO,GIMNASIO MODERNO DEL PRADO,-74.16629999876022,4.6376999989151955,WGS 84 / Pseudo-Mercator,"EPSG:4326 (st_set_crs, sin transformar)","lon [-74.3933, -74.0162] lat [3.8295, 4.8239] sobre 2219 de 2221 filas con coordenada finita",plausible,colegios06_2025.gpkg,2025-06-30
311001036900,311001036900,COLEGIO CIUDAD PATIO BONITO,COLEGIO CIUDAD PATIO BONITO,-74.16389999911189,4.638199999928474,WGS 84 / Pseudo-Mercator,"EPSG:4326 (st_set_crs, sin transformar)","lon [-74.3933, -74.0162] lat [3.8295, 4.8239] sobre 2219 de 2221 filas con coordenada finita",plausible,colegios06_2025.gpkg,2025-06-30
311001038899,311001038899,JARDIN INFANTIL MI SEGUNDA ESTACION,JARDIN INFANTIL MI SEGUNDA ESTACION,-74.14939999952912,4.600600000470877,WGS 84 / Pseudo-Mercator,"EPSG:4326 (st_set_crs, sin transformar)","lon [-74.3933, -74.0162] lat [3.8295, 4.8239] sobre 2219 de 2221 filas con coordenada finita",plausible,colegios06_2025.gpkg,2025-06-30
311001039127,311001039127,GIMNASIO PRINCIPES DEL CONDADO,GIMNASIO PRINCIPES DEL CONDADO,-74.14279999956489,4.636700000613928,WGS 84 / Pseudo-Mercator,"EPSG:4326 (st_set_crs, sin transformar)","lon [-74.3933, -74.0162] lat [3.8295, 4.8239] sobre 2219 de 2221 filas con coordenada finita",plausible,colegios06_2025.gpkg,2025-06-30
311001039747,311001039747,COLEGIO ALEXANDER FLEMING,COLEGIO ALEXANDER FLEMING,-74.17520000040531,4.607999999076128,WGS 84 / Pseudo-Mercator,"EPSG:4326 (st_set_crs, sin transformar)","lon [-74.3933, -74.0162] lat [3.8295, 4.8239] sobre 2219 de 2221 filas con coordenada finita",plausible,colegios06_2025.gpkg,2025-06-30
311001039879,311001039879,COLEGIO TAYRONA,COLEGIO TAYRONA,-74.15830000117421,4.6403999999165535,WGS 84 / Pseudo-Mercator,"EPSG:4326 (st_set_crs, sin transformar)","lon [-74.3933, -74.0162] lat [3.8295, 4.8239] sobre 2219 de 2221 filas con coordenada finita",plausible,colegios06_2025.gpkg,2025-06-30
311001039941,311001039941,LICEO SANTA ENGRACIA,LICEO SANTA ENGRACIA,-74.13520000129938,4.604200001806021,WGS 84 / Pseudo-Mercator,"EPSG:4326 (st_set_crs, sin transformar)","lon [-74.3933, -74.0162] lat [3.8295, 4.8239] sobre 2219 de 2221 filas con coordenada finita",plausible,colegios06_2025.gpkg,2025-06-30
311001039984,311001039984,INSTITUTO CULTURAL CIUDAD KENNEDY,INSTITUTO CULTURAL CIUDAD KENNEDY,-74.14589999988675,4.61939999833703,WGS 84 / Pseudo-Mercator,"EPSG:4326 (st_set_crs, sin transformar)","lon [-74.3933, -74.0162] lat [3.8295, 4.8239] sobre 2219 de 2221 filas con coordenada finita",plausible,colegios06_2025.gpkg,2025-06-30
311001040028,311001040028,COLEGIO MANUEL MURILLO TORO,COLEGIO MANUEL MURILLO TORO,-74.13549999892712,4.628800000995398,WGS 84 / Pseudo-Mercator,"EPSG:4326 (st_set_crs, sin transformar)","lon [-74.3933, -74.0162] lat [3.8295, 4.8239] sobre 2219 de 2221 filas con coordenada finita",plausible,colegios06_2025.gpkg,2025-06-30
311001040346,311001040346,NUEVO LICEO ACADEMICO,NUEVO LICEO ACADEMICO,-74.1292000003159,4.617899999022484,WGS 84 / Pseudo-Mercator,"EPSG:4326 (st_set_crs, sin transformar)","lon [-74.3933, -74.0162] lat [3.8295, 4.8239] sobre 2219 de 2221 filas con coordenada finita",plausible,colegios06_2025.gpkg,2025-06-30
311001040401,311001040401,COLEGIO DE FORMACION INTEGRAL MUNDO NUEVO,COLEGIO DE FORMACION INTEGRAL MUNDO NUEVO,-74.15529999881983,4.61259999871254,WGS 84 / Pseudo-Mercator,"EPSG:4326 (st_set_crs, sin transformar)","lon [-74.3933, -74.0162] lat [3.8295, 4.8239] sobre 2219 de 2221 filas con coordenada finita",plausible,colegios06_2025.gpkg,2025-06-30
311001040923,311001040923,JARDIN INFANTIL RISITAS,JARDIN INFANTIL RISITAS,-74.1262999996543,4.63459999859333,WGS 84 / Pseudo-Mercator,"EPSG:4326 (st_set_crs, sin transformar)","lon [-74.3933, -74.0162] lat [3.8295, 4.8239] sobre 2219 de 2221 filas con coordenada finita",plausible,colegios06_2025.gpkg,2025-06-30
311001041041,311001041041,LICEO VISION DE COLOMBIA,LICEO VISION DE COLOMBIA,-74.13410000130534,4.651500001549721,WGS 84 / Pseudo-Mercator,"EPSG:4326 (st_set_crs, sin transformar)","lon [-74.3933, -74.0162] lat [3.8295, 4.8239] sobre 2219 de 2221 filas con coordenada finita",plausible,colegios06_2025.gpkg,2025-06-30
311001041407,311001041407,COLEGIO BILINGÜE MELANIE KLEIN,COLEGIO BILINGÜE MELANIE KLEIN,-74.13919999822974,4.633900001645088,WGS 84 / Pseudo-Mercator,"EPSG:4326 (st_set_crs, sin transformar)","lon [-74.3933, -74.0162] lat [3.8295, 4.8239] sobre 2219 de 2221 filas con coordenada finita",plausible,colegios06_2025.gpkg,2025-06-30
311001041806,311001041806,LICEO SAMARIO,LICEO SAMARIO,-74.15780000016093,4.610599998384714,WGS 84 / Pseudo-Mercator,"EPSG:4326 (st_set_crs, sin transformar)","lon [-74.3933, -74.0162] lat [3.8295, 4.8239] sobre 2219 de 2221 filas con coordenada finita",plausible,colegios06_2025.gpkg,2025-06-30
311001041873,311001041873,LICEO NUESTRA SEÑORA DE LAS NIEVES,LICEO NUESTRA SEÑORA DE LAS NIEVES,-74.16609999909997,4.637200001627207,WGS 84 / Pseudo-Mercator,"EPSG:4326 (st_set_crs, sin transformar)","lon [-74.3933, -74.0162] lat [3.8295, 4.8239] sobre 2219 de 2221 filas con coordenada finita",plausible,colegios06_2025.gpkg,2025-06-30
311001042276,311001042276,COLEGIO CELCO SAN LUCAS,COLEGIO CELCO SAN LUCAS,-74.1512000001967,4.6251999996602535,WGS 84 / Pseudo-Mercator,"EPSG:4326 (st_set_crs, sin transformar)","lon [-74.3933, -74.0162] lat [3.8295, 4.8239] sobre 2219 de 2221 filas con coordenada finita",plausible,colegios06_2025.gpkg,2025-06-30
311001042713,311001042713,LICEO INFANTIL SAN CLEMENTE,LICEO INFANTIL SAN CLEMENTE,-74.15929999947548,4.617300000041723,WGS 84 / Pseudo-Mercator,"EPSG:4326 (st_set_crs, sin transformar)","lon [-74.3933, -74.0162] lat [3.8295, 4.8239] sobre 2219 de 2221 filas con coordenada finita",plausible,colegios06_2025.gpkg,2025-06-30
311001042934,311001042934,COLEGIO ANTARES,COLEGIO ANTARES,-74.1402000002563,4.602200001478195,WGS 84 / Pseudo-Mercator,"EPSG:4326 (st_set_crs, sin transformar)","lon [-74.3933, -74.0162] lat [3.8295, 4.8239] sobre 2219 de 2221 filas con coordenada finita",plausible,colegios06_2025.gpkg,2025-06-30
311001043728,311001043728,INSTITUTO YOLKIN,INSTITUTO YOLKIN,-74.17579999938607,4.614500001072884,WGS 84 / Pseudo-Mercator,"EPSG:4326 (st_set_crs, sin transformar)","lon [-74.3933, -74.0162] lat [3.8295, 4.8239] sobre 2219 de 2221 filas con coordenada finita",plausible,colegios06_2025.gpkg,2025-06-30
311001043736,311001043736,INSTITUTO RENATO DESCARTES,INSTITUTO RENATO DESCARTES,-74.14750000089407,4.629099998623133,WGS 84 / Pseudo-Mercator,"EPSG:4326 (st_set_crs, sin transformar)","lon [-74.3933, -74.0162] lat [3.8295, 4.8239] sobre 2219 de 2221 filas con coordenada finita",plausible,colegios06_2025.gpkg,2025-06-30
311001043833,311001043833,INSTITUTO COMERCIAL LORETO SEDE B,INSTITUTO COMERCIAL LORETO SEDE B,-74.15280000120401,4.60530000180006,WGS 84 / Pseudo-Mercator,"EPSG:4326 (st_set_crs, sin transformar)","lon [-74.3933, -74.0162] lat [3.8295, 4.8239] sobre 2219 de 2221 filas con coordenada finita",plausible,colegios06_2025.gpkg,2025-06-30
311001044830,311001044830,JARDIN INFANTIL ESOPO,JARDIN INFANTIL ESOPO,-74.16369999945164,4.620000001043081,WGS 84 / Pseudo-Mercator,"EPSG:4326 (st_set_crs, sin transformar)","lon [-74.3933, -74.0162] lat [3.8295, 4.8239] sobre 2219 de 2221 filas con coordenada finita",plausible,colegios06_2025.gpkg,2025-06-30
311001045241,311001045241,LICEO CRISTOBAL DE OLID,LICEO CRISTOBAL DE OLID,-74.17390000075102,4.611699998378754,WGS 84 / Pseudo-Mercator,"EPSG:4326 (st_set_crs, sin transformar)","lon [-74.3933, -74.0162] lat [3.8295, 4.8239] sobre 2219 de 2221 filas con coordenada finita",plausible,colegios06_2025.gpkg,2025-06-30
311001045348,311001045348,COLEGIO CALIMA,COLEGIO CALIMA,-74.17559999972582,4.61879999935627,WGS 84 / Pseudo-Mercator,"EPSG:4326 (st_set_crs, sin transformar)","lon [-74.3933, -74.0162] lat [3.8295, 4.8239] sobre 2219 de 2221 filas con coordenada finita",plausible,colegios06_2025.gpkg,2025-06-30
311001046123,311001046123,JARDIN INFANTIL PSICOPEDAGOGICO EDUCACION PERSONALIZADA Y ESTIMULACION TEMPRANA,JARDIN INFANTIL PSICOPEDAGOGICO EDUCACION PERSONALIZADA Y ESTIMULACION TEMPRANA,-74.14139999821782,4.630399998277426,WGS 84 / Pseudo-Mercator,"EPSG:4326 (st_set_crs, sin transformar)","lon [-74.3933, -74.0162] lat [3.8295, 4.8239] sobre 2219 de 2221 filas con coordenada finita",plausible,colegios06_2025.gpkg,2025-06-30
311001046409,311001046409,LICEO MODERNO LEON BAEZ,LICEO MODERNO LEON BAEZ,-74.1612999998033,4.637800000607967,WGS 84 / Pseudo-Mercator,"EPSG:4326 (st_set_crs, sin transformar)","lon [-74.3933, -74.0162] lat [3.8295, 4.8239] sobre 2219 de 2221 filas con coordenada finita",plausible,colegios06_2025.gpkg,2025-06-30
311001047120,311001047120,JARDIN INFANTIL JARDINERITOS,JARDIN INFANTIL JARDINERITOS,-74.15139999985695,4.605000000447035,WGS 84 / Pseudo-Mercator,"EPSG:4326 (st_set_crs, sin transformar)","lon [-74.3933, -74.0162] lat [3.8295, 4.8239] sobre 2219 de 2221 filas con coordenada finita",plausible,colegios06_2025.gpkg,2025-06-30
311001047421,311001047421,COLEGIO LOS PEQUEÑOS INFANTES,COLEGIO LOS PEQUEÑOS INFANTES,-74.15520000085235,4.6284000016748905,WGS 84 / Pseudo-Mercator,"EPSG:4326 (st_set_crs, sin transformar)","lon [-74.3933, -74.0162] lat [3.8295, 4.8239] sobre 2219 de 2221 filas con coordenada finita",plausible,colegios06_2025.gpkg,2025-06-30
311001047880,311001047880,UNIDAD EDUCATIVA EL FUTURO DEL MAÑANA,UNIDAD EDUCATIVA EL FUTURO DEL MAÑANA,-74.16440000012517,4.625300001353025,WGS 84 / Pseudo-Mercator,"EPSG:4326 (st_set_crs, sin transformar)","lon [-74.3933, -74.0162] lat [3.8295, 4.8239] sobre 2219 de 2221 filas con coordenada finita",plausible,colegios06_2025.gpkg,2025-06-30
311001050252,311001050252,LICEO MAYOR ANDINO,LICEO MAYOR ANDINO,-74.1385000012815,4.6431000009179115,WGS 84 / Pseudo-Mercator,"EPSG:4326 (st_set_crs, sin transformar)","lon [-74.3933, -74.0162] lat [3.8295, 4.8239] sobre 2219 de 2221 filas con coordenada finita",plausible,colegios06_2025.gpkg,2025-06-30
311001050295,311001050295,LICEO VIDA INFANTIL,LICEO VIDA INFANTIL,-74.17309999838471,4.609299998730421,WGS 84 / Pseudo-Mercator,"EPSG:4326 (st_set_crs, sin transformar)","lon [-74.3933, -74.0162] lat [3.8295, 4.8239] sobre 2219 de 2221 filas con coordenada finita",plausible,colegios06_2025.gpkg,2025-06-30
311001075051,311001075051,LICEO SANTA TERESITA DE LISIEUX,LICEO SANTA TERESITA DE LISIEUX,-74.13670000061393,4.644099999219179,WGS 84 / Pseudo-Mercator,"EPSG:4326 (st_set_crs, sin transformar)","lon [-74.3933, -74.0162] lat [3.8295, 4.8239] sobre 2219 de 2221 filas con coordenada finita",plausible,colegios06_2025.gpkg,2025-06-30
311001075395,311001075395,COLEGIO CIUDAD DE CALI,COLEGIO CIUDAD DE CALI,-74.16899999976158,4.633200000971556,WGS 84 / Pseudo-Mercator,"EPSG:4326 (st_set_crs, sin transformar)","lon [-74.3933, -74.0162] lat [3.8295, 4.8239] sobre 2219 de 2221 filas con coordenada finita",plausible,colegios06_2025.gpkg,2025-06-30
311001075441,311001075441,COLEGIO JAZMIN OCCIDENTAL,COLEGIO JAZMIN OCCIDENTAL,-74.17839999869466,4.644600000232458,WGS 84 / Pseudo-Mercator,"EPSG:4326 (st_set_crs, sin transformar)","lon [-74.3933, -74.0162] lat [3.8295, 4.8239] sobre 2219 de 2221 filas con coordenada finita",plausible,colegios06_2025.gpkg,2025-06-30
311001075506,311001075506,LICEO PSICOPEDAGOGICO NUEVA CASTILLA,LICEO PSICOPEDAGOGICO NUEVA CASTILLA,-74.14099999889731,4.642000000923872,WGS 84 / Pseudo-Mercator,"EPSG:4326 (st_set_crs, sin transformar)","lon [-74.3933, -74.0162] lat [3.8295, 4.8239] sobre 2219 de 2221 filas con coordenada finita",plausible,colegios06_2025.gpkg,2025-06-30
311001075671,311001075671,JARDIN PSICOPEDAGOGICO DINNY LENNY,JARDIN PSICOPEDAGOGICO DINNY LENNY,-74.12970000132918,4.613099999725819,WGS 84 / Pseudo-Mercator,"EPSG:4326 (st_set_crs, sin transformar)","lon [-74.3933, -74.0162] lat [3.8295, 4.8239] sobre 2219 de 2221 filas con coordenada finita",plausible,colegios06_2025.gpkg,2025-06-30
311001075972,311001075972,JARDIN INFANTIL POMPIN Y TATARIN,JARDIN INFANTIL POMPIN Y TATARIN,-74.13019999861717,4.633499998599291,WGS 84 / Pseudo-Mercator,"EPSG:4326 (st_set_crs, sin transformar)","lon [-74.3933, -74.0162] lat [3.8295, 4.8239] sobre 2219 de 2221 filas con coordenada finita",plausible,colegios06_2025.gpkg,2025-06-30
311001076138,311001076138,JARDIN PSICOPEDAGOGICO BEBES DISNEY,JARDIN PSICOPEDAGOGICO BEBES DISNEY,-74.13560000061989,4.6266999989748,WGS 84 / Pseudo-Mercator,"EPSG:4326 (st_set_crs, sin transformar)","lon [-74.3933, -74.0162] lat [3.8295, 4.8239] sobre 2219 de 2221 filas con coordenada finita",plausible,colegios06_2025.gpkg,2025-06-30
311001076626,311001076626,GIMNASIO PRESENCIA DEL DIVINO NIÑO,GIMNASIO PRESENCIA DEL DIVINO NIÑO,-74.13699999824166,4.643300000578165,WGS 84 / Pseudo-Mercator,"EPSG:4326 (st_set_crs, sin transformar)","lon [-74.3933, -74.0162] lat [3.8295, 4.8239] sobre 2219 de 2221 filas con coordenada finita",plausible,colegios06_2025.gpkg,2025-06-30
311001076685,311001076685,INSTITUTO LEONARD EULER,INSTITUTO LEONARD EULER,-74.16919999942183,4.6077999994158745,WGS 84 / Pseudo-Mercator,"EPSG:4326 (st_set_crs, sin transformar)","lon [-74.3933, -74.0162] lat [3.8295, 4.8239] sobre 2219 de 2221 filas con coordenada finita",plausible,colegios06_2025.gpkg,2025-06-30
311001087024,311001087024,LICEO INFANTIL Y GUARDERIA LOS TATICOS,LICEO INFANTIL Y GUARDERIA LOS TATICOS,-74.1651000007987,4.613800000399351,WGS 84 / Pseudo-Mercator,"EPSG:4326 (st_set_crs, sin transformar)","lon [-74.3933, -74.0162] lat [3.8295, 4.8239] sobre 2219 de 2221 filas con coordenada finita",plausible,colegios06_2025.gpkg,2025-06-30
311001087059,311001087059,INSTITUTO MODERNO EL LIBANO,INSTITUTO MODERNO EL LIBANO,-74.16789999976754,4.613000001758337,WGS 84 / Pseudo-Mercator,"EPSG:4326 (st_set_crs, sin transformar)","lon [-74.3933, -74.0162] lat [3.8295, 4.8239] sobre 2219 de 2221 filas con coordenada finita",plausible,colegios06_2025.gpkg,2025-06-30
311001087121,311001087121,COLEGIO PARROQUIAL DE LOS SANTOS APOSTOLES,COLEGIO PARROQUIAL DE LOS SANTOS APOSTOLES,-74.17619999870658,4.611299999058247,WGS 84 / Pseudo-Mercator,"EPSG:4326 (st_set_crs, sin transformar)","lon [-74.3933, -74.0162] lat [3.8295, 4.8239] sobre 2219 de 2221 filas con coordenada finita",plausible,colegios06_2025.gpkg,2025-06-30
311001087601,311001087601,COLEGIO RAFAEL GOBERNA,COLEGIO RAFAEL GOBERNA,-74.1642999984324,4.63459999859333,WGS 84 / Pseudo-Mercator,"EPSG:4326 (st_set_crs, sin transformar)","lon [-74.3933, -74.0162] lat [3.8295, 4.8239] sobre 2219 de 2221 filas con coordenada finita",plausible,colegios06_2025.gpkg,2025-06-30
311001087741,311001087741,COLEGIO CHAMBERS,COLEGIO CHAMBERS,-74.13839999958873,4.619800001382828,WGS 84 / Pseudo-Mercator,"EPSG:4326 (st_set_crs, sin transformar)","lon [-74.3933, -74.0162] lat [3.8295, 4.8239] sobre 2219 de 2221 filas con coordenada finita",plausible,colegios06_2025.gpkg,2025-06-30
311001087911,311001087911,GIMNASIO PSICOPEDAGOGICO PERSONALIZADO E INTEGRAL,GIMNASIO PSICOPEDAGOGICO PERSONALIZADO E INTEGRAL,-74.13500000163913,4.6422000005841255,WGS 84 / Pseudo-Mercator,"EPSG:4326 (st_set_crs, sin transformar)","lon [-74.3933, -74.0162] lat [3.8295, 4.8239] sobre 2219 de 2221 filas con coordenada finita",plausible,colegios06_2025.gpkg,2025-06-30
311001088063,311001088063,INSTITUTO SAN RICARDO PAMPURI,INSTITUTO SAN RICARDO PAMPURI,-74.1719000004232,4.6242999993264675,WGS 84 / Pseudo-Mercator,"EPSG:4326 (st_set_crs, sin transformar)","lon [-74.3933, -74.0162] lat [3.8295, 4.8239] sobre 2219 de 2221 filas con coordenada finita",plausible,colegios06_2025.gpkg,2025-06-30
311001088187,311001088187,COLEGIO MUÑECOS Y FIGURAS,COLEGIO MUÑECOS Y FIGURAS,-74.14449999853969,4.612500000745058,WGS 84 / Pseudo-Mercator,"EPSG:4326 (st_set_crs, sin transformar)","lon [-74.3933, -74.0162] lat [3.8295, 4.8239] sobre 2219 de 2221 filas con coordenada finita",plausible,colegios06_2025.gpkg,2025-06-30
311001089001,311001089001,LICEO PEDAGOGICO LOS JILGUEROS,LICEO PEDAGOGICO LOS JILGUEROS,-74.14730000123382,4.632500000298023,WGS 84 / Pseudo-Mercator,"EPSG:4326 (st_set_crs, sin transformar)","lon [-74.3933, -74.0162] lat [3.8295, 4.8239] sobre 2219 de 2221 filas con coordenada finita",plausible,colegios06_2025.gpkg,2025-06-30
311001089043,311001089043,GIMNASIO RINCON DE LOS ANGELES,GIMNASIO RINCON DE LOS ANGELES,-74.1418999992311,4.634300000965595,WGS 84 / Pseudo-Mercator,"EPSG:4326 (st_set_crs, sin transformar)","lon [-74.3933, -74.0162] lat [3.8295, 4.8239] sobre 2219 de 2221 filas con coordenada finita",plausible,colegios06_2025.gpkg,2025-06-30
311001089108,311001089108,JARDIN INFANTIL DE APRESTAMIENTO ESCOLAR ABC DE LA ALEGRIA,JARDIN INFANTIL DE APRESTAMIENTO ESCOLAR ABC DE LA ALEGRIA,-74.14240000024438,4.623500000685453,WGS 84 / Pseudo-Mercator,"EPSG:4326 (st_set_crs, sin transformar)","lon [-74.3933, -74.0162] lat [3.8295, 4.8239] sobre 2219 de 2221 filas con coordenada finita",plausible,colegios06_2025.gpkg,2025-06-30
311001089230,311001089230,INSTITUTO PEDAGOGICO FEDERICO BALART,INSTITUTO PEDAGOGICO FEDERICO BALART,-74.15969999879599,4.639400001615286,WGS 84 / Pseudo-Mercator,"EPSG:4326 (st_set_crs, sin transformar)","lon [-74.3933, -74.0162] lat [3.8295, 4.8239] sobre 2219 de 2221 filas con coordenada finita",plausible,colegios06_2025.gpkg,2025-06-30
311001089299,311001089299,JARDIN INFANTIL MIS CARIÑOSITOS,JARDIN INFANTIL MIS CARIÑOSITOS,-74.14530000090599,4.6376999989151955,WGS 84 / Pseudo-Mercator,"EPSG:4326 (st_set_crs, sin transformar)","lon [-74.3933, -74.0162] lat [3.8295, 4.8239] sobre 2219 de 2221 filas con coordenada finita",plausible,colegios06_2025.gpkg,2025-06-30
311001089353,311001089353,INSTITUTO PSICOPEDAGOGICO EMMANUEL MOUNIER,INSTITUTO PSICOPEDAGOGICO EMMANUEL MOUNIER,-74.14229999855161,4.621800001710653,WGS 84 / Pseudo-Mercator,"EPSG:4326 (st_set_crs, sin transformar)","lon [-74.3933, -74.0162] lat [3.8295, 4.8239] sobre 2219 de 2221 filas con coordenada finita",plausible,colegios06_2025.gpkg,2025-06-30
311001089892,311001089892,LICEO PEDAGOGICO AUGUSTO COMTE,LICEO PEDAGOGICO AUGUSTO COMTE,-74.14350000023842,4.604699999094009,WGS 84 / Pseudo-Mercator,"EPSG:4326 (st_set_crs, sin transformar)","lon [-74.3933, -74.0162] lat [3.8295, 4.8239] sobre 2219 de 2221 filas con coordenada finita",plausible,colegios06_2025.gpkg,2025-06-30
311001090319,311001090319,INSTITUTO PSICOPEDAGOGICO COLOMBIA NUEVA,INSTITUTO PSICOPEDAGOGICO COLOMBIA NUEVA,-74.16140000149608,4.618000000715256,WGS 84 / Pseudo-Mercator,"EPSG:4326 (st_set_crs, sin transformar)","lon [-74.3933, -74.0162] lat [3.8295, 4.8239] sobre 2219 de 2221 filas con coordenada finita",plausible,colegios06_2025.gpkg,2025-06-30
311001090572,311001090572,LICEO CULTURAL MOSQUERA,LICEO CULTURAL MOSQUERA,-74.17260000109673,4.6400000005960464,WGS 84 / Pseudo-Mercator,"EPSG:4326 (st_set_crs, sin transformar)","lon [-74.3933, -74.0162] lat [3.8295, 4.8239] sobre 2219 de 2221 filas con coordenada finita",plausible,colegios06_2025.gpkg,2025-06-30
311001090742,311001090742,INSTITUTO SANTIAGO APOSTOL,INSTITUTO SANTIAGO APOSTOL,-74.13500000163913,4.651799999177456,WGS 84 / Pseudo-Mercator,"EPSG:4326 (st_set_crs, sin transformar)","lon [-74.3933, -74.0162] lat [3.8295, 4.8239] sobre 2219 de 2221 filas con coordenada finita",plausible,colegios06_2025.gpkg,2025-06-30
311001090866,311001090866,COLEGIO CIUDAD DE FOMEQUE,COLEGIO CIUDAD DE FOMEQUE,-74.17550000175834,4.640599999576807,WGS 84 / Pseudo-Mercator,"EPSG:4326 (st_set_crs, sin transformar)","lon [-74.3933, -74.0162] lat [3.8295, 4.8239] sobre 2219 de 2221 filas con coordenada finita",plausible,colegios06_2025.gpkg,2025-06-30
311001091552,311001091552,JARDIN INFANTIL TALLERIN,JARDIN INFANTIL TALLERIN,-74.15529999881983,4.616200000047684,WGS 84 / Pseudo-Mercator,"EPSG:4326 (st_set_crs, sin transformar)","lon [-74.3933, -74.0162] lat [3.8295, 4.8239] sobre 2219 de 2221 filas con coordenada finita",plausible,colegios06_2025.gpkg,2025-06-30
311001091595,311001091595,COLEGIO TRIANGULO KENNEDY,COLEGIO TRIANGULO KENNEDY,-74.15399999916553,4.623100001364946,WGS 84 / Pseudo-Mercator,"EPSG:4326 (st_set_crs, sin transformar)","lon [-74.3933, -74.0162] lat [3.8295, 4.8239] sobre 2219 de 2221 filas con coordenada finita",plausible,colegios06_2025.gpkg,2025-06-30
311001091803,311001091803,GIMNASIO MODERNO PASOS Y HUELLAS DEL MAESTRO,GIMNASIO MODERNO PASOS Y HUELLAS DEL MAESTRO,-74.14530000090599,4.633200000971556,WGS 84 / Pseudo-Mercator,"EPSG:4326 (st_set_crs, sin transformar)","lon [-74.3933, -74.0162] lat [3.8295, 4.8239] sobre 2219 de 2221 filas con coordenada finita",plausible,colegios06_2025.gpkg,2025-06-30
311001091838,311001091838,COLEGIO TRIANGULO PATIO BONITO,COLEGIO TRIANGULO PATIO BONITO,-74.16360000148416,4.635499998927116,WGS 84 / Pseudo-Mercator,"EPSG:4326 (st_set_crs, sin transformar)","lon [-74.3933, -74.0162] lat [3.8295, 4.8239] sobre 2219 de 2221 filas con coordenada finita",plausible,colegios06_2025.gpkg,2025-06-30
311001092397,311001092397,LICEO CARMELITA,LICEO CARMELITA,-74.17330000177026,4.606199998408556,WGS 84 / Pseudo-Mercator,"EPSG:4326 (st_set_crs, sin transformar)","lon [-74.3933, -74.0162] lat [3.8295, 4.8239] sobre 2219 de 2221 filas con coordenada finita",plausible,colegios06_2025.gpkg,2025-06-30
311001092800,311001092800,GIMNASIO LAS ALEGRIAS DE CRECER,GIMNASIO LAS ALEGRIAS DE CRECER,-74.14139999821782,4.625999998301268,WGS 84 / Pseudo-Mercator,"EPSG:4326 (st_set_crs, sin transformar)","lon [-74.3933, -74.0162] lat [3.8295, 4.8239] sobre 2219 de 2221 filas con coordenada finita",plausible,colegios06_2025.gpkg,2025-06-30
311001093474,311001093474,COLEGIO INFANTIL DE APRENDIZAJE Y DESARROLLO,COLEGIO INFANTIL DE APRENDIZAJE Y DESARROLLO,-74.1512000001967,4.627999998629093,WGS 84 / Pseudo-Mercator,"EPSG:4326 (st_set_crs, sin transformar)","lon [-74.3933, -74.0162] lat [3.8295, 4.8239] sobre 2219 de 2221 filas con coordenada finita",plausible,colegios06_2025.gpkg,2025-06-30
311001093504,311001093504,COLEGIO NUEVO PARAISO,COLEGIO NUEVO PARAISO,-74.1490999981761,4.634300000965595,WGS 84 / Pseudo-Mercator,"EPSG:4326 (st_set_crs, sin transformar)","lon [-74.3933, -74.0162] lat [3.8295, 4.8239] sobre 2219 de 2221 filas con coordenada finita",plausible,colegios06_2025.gpkg,2025-06-30
311001093822,311001093822,LICEO PARQUE DE MORAVIA,LICEO PARQUE DE MORAVIA,-74.15199999883771,4.6059999987483025,WGS 84 / Pseudo-Mercator,"EPSG:4326 (st_set_crs, sin transformar)","lon [-74.3933, -74.0162] lat [3.8295, 4.8239] sobre 2219 de 2221 filas con coordenada finita",plausible,colegios06_2025.gpkg,2025-06-30
311001094420,311001094420,GIMNASIO CRISTIANO LUZ Y VIDA,GIMNASIO CRISTIANO LUZ Y VIDA,-74.16270000115037,4.636500000953674,WGS 84 / Pseudo-Mercator,"EPSG:4326 (st_set_crs, sin transformar)","lon [-74.3933, -74.0162] lat [3.8295, 4.8239] sobre 2219 de 2221 filas con coordenada finita",plausible,colegios06_2025.gpkg,2025-06-30
311001094691,311001094691,GIMNASIO SABIDURIA DEL FUTURO,GIMNASIO SABIDURIA DEL FUTURO,-74.1647000014782,4.612100001424551,WGS 84 / Pseudo-Mercator,"EPSG:4326 (st_set_crs, sin transformar)","lon [-74.3933, -74.0162] lat [3.8295, 4.8239] sobre 2219 de 2221 filas con coordenada finita",plausible,colegios06_2025.gpkg,2025-06-30
311001095370,311001095370,GIMNASIO INFANTIL CRECIENDO Y APRENDIENDO,GIMNASIO INFANTIL CRECIENDO Y APRENDIENDO,-74.15769999846816,4.613800000399351,WGS 84 / Pseudo-Mercator,"EPSG:4326 (st_set_crs, sin transformar)","lon [-74.3933, -74.0162] lat [3.8295, 4.8239] sobre 2219 de 2221 filas con coordenada finita",plausible,colegios06_2025.gpkg,2025-06-30
311001095434,311001095434,GIMNASIO MARONY,GIMNASIO MARONY,-74.13039999827743,4.634100001305342,WGS 84 / Pseudo-Mercator,"EPSG:4326 (st_set_crs, sin transformar)","lon [-74.3933, -74.0162] lat [3.8295, 4.8239] sobre 2219 de 2221 filas con coordenada finita",plausible,colegios06_2025.gpkg,2025-06-30
311001095809,311001095809,JARDIN INFANTIL EL ROSAL DE MI INFANCIA,JARDIN INFANTIL EL ROSAL DE MI INFANCIA,-74.14429999887943,4.596900001168251,WGS 84 / Pseudo-Mercator,"EPSG:4326 (st_set_crs, sin transformar)","lon [-74.3933, -74.0162] lat [3.8295, 4.8239] sobre 2219 de 2221 filas con coordenada finita",plausible,colegios06_2025.gpkg,2025-06-30
311001096066,311001096066,LICEO CRISTIANO MI REFUGIO PERFECTO,LICEO CRISTIANO MI REFUGIO PERFECTO,-74.16290000081062,4.6400000005960464,WGS 84 / Pseudo-Mercator,"EPSG:4326 (st_set_crs, sin transformar)","lon [-74.3933, -74.0162] lat [3.8295, 4.8239] sobre 2219 de 2221 filas con coordenada finita",plausible,colegios06_2025.gpkg,2025-06-30
311001096112,311001096112,LICEO PSICOPEDAGOGICO JOSE CORDOBA,LICEO PSICOPEDAGOGICO JOSE CORDOBA,-74.16569999977946,4.635200001299381,WGS 84 / Pseudo-Mercator,"EPSG:4326 (st_set_crs, sin transformar)","lon [-74.3933, -74.0162] lat [3.8295, 4.8239] sobre 2219 de 2221 filas con coordenada finita",plausible,colegios06_2025.gpkg,2025-06-30
311001096287,311001096287,LICEO PSICOPEDAGOGICO SAN ANGELO,LICEO PSICOPEDAGOGICO SAN ANGELO,-74.14579999819398,4.602099999785423,WGS 84 / Pseudo-Mercator,"EPSG:4326 (st_set_crs, sin transformar)","lon [-74.3933, -74.0162] lat [3.8295, 4.8239] sobre 2219 de 2221 filas con coordenada finita",plausible,colegios06_2025.gpkg,2025-06-30
311001098476,311001098476,JARDIN INFANTIL BILINGÜE EL MUNDO DE MIS FANTASIAS,JARDIN INFANTIL BILINGÜE EL MUNDO DE MIS FANTASIAS,-74.13839999958873,4.62950000166893,WGS 84 / Pseudo-Mercator,"EPSG:4326 (st_set_crs, sin transformar)","lon [-74.3933, -74.0162] lat [3.8295, 4.8239] sobre 2219 de 2221 filas con coordenada finita",plausible,colegios06_2025.gpkg,2025-06-30
311001098603,311001098603,GIMNASIO PSICOPEDAGOGICO MARIA ISABEL,GIMNASIO PSICOPEDAGOGICO MARIA ISABEL,-74.13269999995828,4.627399999648333,WGS 84 / Pseudo-Mercator,"EPSG:4326 (st_set_crs, sin transformar)","lon [-74.3933, -74.0162] lat [3.8295, 4.8239] sobre 2219 de 2221 filas con coordenada finita",plausible,colegios06_2025.gpkg,2025-06-30
311001099308,311001099308,COLEGIO SAGRADO CORAZON BTA,COLEGIO SAGRADO CORAZON,-74.17830000072718,4.6224999986588955,WGS 84 / Pseudo-Mercator,"EPSG:4326 (st_set_crs, sin transformar)","lon [-74.3933, -74.0162] lat [3.8295, 4.8239] sobre 2219 de 2221 filas con coordenada finita",plausible,colegios06_2025.gpkg,2025-06-30
311001099383,311001099383,COLEGIO RAFAEL POMBO,COLEGIO RAFAEL POMBO,-74.16140000149608,4.642499998211861,WGS 84 / Pseudo-Mercator,"EPSG:4326 (st_set_crs, sin transformar)","lon [-74.3933, -74.0162] lat [3.8295, 4.8239] sobre 2219 de 2221 filas con coordenada finita",plausible,colegios06_2025.gpkg,2025-06-30
311001099391,311001099391,LICEO EL CASTILLO,LICEO EL CASTILLO,-74.1499000005424,4.643899999558926,WGS 84 / Pseudo-Mercator,"EPSG:4326 (st_set_crs, sin transformar)","lon [-74.3933, -74.0162] lat [3.8295, 4.8239] sobre 2219 de 2221 filas con coordenada finita",plausible,colegios06_2025.gpkg,2025-06-30
311001099413,311001099413,LICEO MODERNO SANTA CATALINA,LICEO MODERNO SANTA CATALINA,-74.1689000017941,4.605000000447035,WGS 84 / Pseudo-Mercator,"EPSG:4326 (st_set_crs, sin transformar)","lon [-74.3933, -74.0162] lat [3.8295, 4.8239] sobre 2219 de 2221 filas con coordenada finita",plausible,colegios06_2025.gpkg,2025-06-30
311001099472,311001099472,CENTRO EDUCATIVO INDIRA GANDHI,CENTRO EDUCATIVO INDIRA GANDHI,-74.16409999877214,4.63740000128746,WGS 84 / Pseudo-Mercator,"EPSG:4326 (st_set_crs, sin transformar)","lon [-74.3933, -74.0162] lat [3.8295, 4.8239] sobre 2219 de 2221 filas con coordenada finita",plausible,colegios06_2025.gpkg,2025-06-30
311001099511,311001099511,COLEGIO LATINOAMERICA,COLEGIO LATINOAMERICA,-74.17900000140071,4.632800001651049,WGS 84 / Pseudo-Mercator,"EPSG:4326 (st_set_crs, sin transformar)","lon [-74.3933, -74.0162] lat [3.8295, 4.8239] sobre 2219 de 2221 filas con coordenada finita",plausible,colegios06_2025.gpkg,2025-06-30
311001099570,311001099570,LICEO MODERNO MICHIGAN,LICEO MODERNO MICHIGAN,-74.13740000128746,4.6358999982476234,WGS 84 / Pseudo-Mercator,"EPSG:4326 (st_set_crs, sin transformar)","lon [-74.3933, -74.0162] lat [3.8295, 4.8239] sobre 2219 de 2221 filas con coordenada finita",plausible,colegios06_2025.gpkg,2025-06-30
311001099596,311001099596,INSTITUTO ACADEMICO MORELI,INSTITUTO ACADEMICO MORELI,-74.1579000018537,4.636999998241663,WGS 84 / Pseudo-Mercator,"EPSG:4326 (st_set_crs, sin transformar)","lon [-74.3933, -74.0162] lat [3.8295, 4.8239] sobre 2219 de 2221 filas con coordenada finita",plausible,colegios06_2025.gpkg,2025-06-30
311001099626,311001099626,GIMNASIO MODERNO CASTILLA,GIMNASIO MODERNO CASTILLA,-74.1427000015974,4.638799998909235,WGS 84 / Pseudo-Mercator,"EPSG:4326 (st_set_crs, sin transformar)","lon [-74.3933, -74.0162] lat [3.8295, 4.8239] sobre 2219 de 2221 filas con coordenada finita",plausible,colegios06_2025.gpkg,2025-06-30
311001100471,311001100471,JARDIN INFANTIL LA CASITA DE CHENANO,JARDIN INFANTIL LA CASITA DE CHENANO,-74.12959999963641,4.629200000315905,WGS 84 / Pseudo-Mercator,"EPSG:4326 (st_set_crs, sin transformar)","lon [-74.3933, -74.0162] lat [3.8295, 4.8239] sobre 2219 de 2221 filas con coordenada finita",plausible,colegios06_2025.gpkg,2025-06-30
311001100519,311001100519,LICEO SANTA MATILDE,LICEO SANTA MATILDE,-74.15830000117421,4.639600001275539,WGS 84 / Pseudo-Mercator,"EPSG:4326 (st_set_crs, sin transformar)","lon [-74.3933, -74.0162] lat [3.8295, 4.8239] sobre 2219 de 2221 filas con coordenada finita",plausible,colegios06_2025.gpkg,2025-06-30
311001100551,311001100551,CENTRO EDUCATIVO INTERNACIONAL OASIS,CENTRO EDUCATIVO INTERNACIONAL OASIS,-74.13450000062585,4.651999998837709,WGS 84 / Pseudo-Mercator,"EPSG:4326 (st_set_crs, sin transformar)","lon [-74.3933, -74.0162] lat [3.8295, 4.8239] sobre 2219 de 2221 filas con coordenada finita",plausible,colegios06_2025.gpkg,2025-06-30
311001101892,311001101892,LICEO SANTA CATALINA DE SIENA,LICEO SANTA CATALINA DE SIENA,-74.16800000146031,4.62220000103116,WGS 84 / Pseudo-Mercator,"EPSG:4326 (st_set_crs, sin transformar)","lon [-74.3933, -74.0162] lat [3.8295, 4.8239] sobre 2219 de 2221 filas con coordenada finita",plausible,colegios06_2025.gpkg,2025-06-30
311001102431,311001102431,LICEO INFANTIL SAN JUAN GABRIEL PERBOYRE,LICEO INFANTIL SAN JUAN GABRIEL PERBOYRE,-74.16499999910593,4.638199999928474,WGS 84 / Pseudo-Mercator,"EPSG:4326 (st_set_crs, sin transformar)","lon [-74.3933, -74.0162] lat [3.8295, 4.8239] sobre 2219 de 2221 filas con coordenada finita",plausible,colegios06_2025.gpkg,2025-06-30
311001102716,311001102716,LICEO EMMANUELE MARLUI,LICEO EMMANUELE MARLUI,-74.14119999855757,4.639400001615286,WGS 84 / Pseudo-Mercator,"EPSG:4326 (st_set_crs, sin transformar)","lon [-74.3933, -74.0162] lat [3.8295, 4.8239] sobre 2219 de 2221 filas con coordenada finita",plausible,colegios06_2025.gpkg,2025-06-30
311001102856,311001102856,JARDIN INFANTIL CHISPITAS DE LUZ,JARDIN INFANTIL CHISPITAS DE LUZ,-74.16609999909997,4.612199999392033,WGS 84 / Pseudo-Mercator,"EPSG:4326 (st_set_crs, sin transformar)","lon [-74.3933, -74.0162] lat [3.8295, 4.8239] sobre 2219 de 2221 filas con coordenada finita",plausible,colegios06_2025.gpkg,2025-06-30
311001104867,311001104867,COLEGIO INSCAP,COLEGIO INSCAP,-74.15900000184774,4.626299999654293,WGS 84 / Pseudo-Mercator,"EPSG:4326 (st_set_crs, sin transformar)","lon [-74.3933, -74.0162] lat [3.8295, 4.8239] sobre 2219 de 2221 filas con coordenada finita",plausible,colegios06_2025.gpkg,2025-06-30
311001104905,311001104905,COLEGIO CENTRO DE INSTRUCCION SISTEMATIZADA - CEIS,COLEGIO CENTRO DE INSTRUCCION SISTEMATIZADA - CEIS,-74.1752999983728,4.614199999719858,WGS 84 / Pseudo-Mercator,"EPSG:4326 (st_set_crs, sin transformar)","lon [-74.3933, -74.0162] lat [3.8295, 4.8239] sobre 2219 de 2221 filas con coordenada finita",plausible,colegios06_2025.gpkg,2025-06-30
311001106363,311001106363,KINDERGARDEN AMERICANO,KINDERGARDEN AMERICANO,-74.13679999858141,4.642000000923872,WGS 84 / Pseudo-Mercator,"EPSG:4326 (st_set_crs, sin transformar)","lon [-74.3933, -74.0162] lat [3.8295, 4.8239] sobre 2219 de 2221 filas con coordenada finita",plausible,colegios06_2025.gpkg,2025-06-30
311001106380,311001106380,LICEO EL MUNDO DEL MAÑANA,LICEO EL MUNDO DEL MAÑANA,-74.12660000100732,4.6220999993383884,WGS 84 / Pseudo-Mercator,"EPSG:4326 (st_set_crs, sin transformar)","lon [-74.3933, -74.0162] lat [3.8295, 4.8239] sobre 2219 de 2221 filas con coordenada finita",plausible,colegios06_2025.gpkg,2025-06-30
311001106398,311001106398,LICEO EL MUNDO DE LOS NIÑOS,LICEO EL MUNDO DE LOS NIÑOS,-74.17029999941587,4.618999999016523,WGS 84 / Pseudo-Mercator,"EPSG:4326 (st_set_crs, sin transformar)","lon [-74.3933, -74.0162] lat [3.8295, 4.8239] sobre 2219 de 2221 filas con coordenada finita",plausible,colegios06_2025.gpkg,2025-06-30
311001106401,311001106401,COLEGIO CHARLES BABBAGGE,COLEGIO CHARLES BABBAGGE,-74.15269999951124,4.619800001382828,WGS 84 / Pseudo-Mercator,"EPSG:4326 (st_set_crs, sin transformar)","lon [-74.3933, -74.0162] lat [3.8295, 4.8239] sobre 2219 de 2221 filas con coordenada finita",plausible,colegios06_2025.gpkg,2025-06-30
311001106410,311001106410,INSTITUTO POLITECNICO JOSE CELESTINO MUTIS,INSTITUTO POLITECNICO JOSE CELESTINO MUTIS,-74.1418999992311,4.6083000004291534,WGS 84 / Pseudo-Mercator,"EPSG:4326 (st_set_crs, sin transformar)","lon [-74.3933, -74.0162] lat [3.8295, 4.8239] sobre 2219 de 2221 filas con coordenada finita",plausible,colegios06_2025.gpkg,2025-06-30
311001106606,311001106606,COLEGIO BRITANICO,COLEGIO BRITANICO,-74.1545999981463,4.6224999986588955,WGS 84 / Pseudo-Mercator,"EPSG:4326 (st_set_crs, sin transformar)","lon [-74.3933, -74.0162] lat [3.8295, 4.8239] sobre 2219 de 2221 filas con coordenada finita",plausible,colegios06_2025.gpkg,2025-06-30
311001106622,311001106622,CENTRO DE EDUCACION ROBERT HOOKE,CENTRO DE EDUCACION ROBERT HOOKE,-74.1512000001967,4.620000001043081,WGS 84 / Pseudo-Mercator,"EPSG:4326 (st_set_crs, sin transformar)","lon [-74.3933, -74.0162] lat [3.8295, 4.8239] sobre 2219 de 2221 filas con coordenada finita",plausible,colegios06_2025.gpkg,2025-06-30
311001106886,311001106886,LICEO JEFFERSON,LICEO JEFFERSON,-74.16279999911785,4.6398999989032745,WGS 84 / Pseudo-Mercator,"EPSG:4326 (st_set_crs, sin transformar)","lon [-74.3933, -74.0162] lat [3.8295, 4.8239] sobre 2219 de 2221 filas con coordenada finita",plausible,colegios06_2025.gpkg,2025-06-30
311001107157,311001107157,COLEGIO LA AVENTURA DEL SABER,COLEGIO LA AVENTURA DEL SABER,-74.15280000120401,4.606800001114607,WGS 84 / Pseudo-Mercator,"EPSG:4326 (st_set_crs, sin transformar)","lon [-74.3933, -74.0162] lat [3.8295, 4.8239] sobre 2219 de 2221 filas con coordenada finita",plausible,colegios06_2025.gpkg,2025-06-30
311001107637,311001107637,INSTITUTO COMERCIAL LORETO,INSTITUTO COMERCIAL LORETO,-74.17000000178814,4.614199999719858,WGS 84 / Pseudo-Mercator,"EPSG:4326 (st_set_crs, sin transformar)","lon [-74.3933, -74.0162] lat [3.8295, 4.8239] sobre 2219 de 2221 filas con coordenada finita",plausible,colegios06_2025.gpkg,2025-06-30
311001108285,311001108285,GIMNASIO PEDAGOGICO VIDA Y SABER,GIMNASIO PEDAGOGICO VIDA Y SABER,-74.15780000016093,4.6403999999165535,WGS 84 / Pseudo-Mercator,"EPSG:4326 (st_set_crs, sin transformar)","lon [-74.3933, -74.0162] lat [3.8295, 4.8239] sobre 2219 de 2221 filas con coordenada finita",plausible,colegios06_2025.gpkg,2025-06-30
311001108544,311001108544,GIMNASIO NIÑOS FELICES,GIMNASIO NIÑOS FELICES,-74.15179999917746,4.633000001311302,WGS 84 / Pseudo-Mercator,"EPSG:4326 (st_set_crs, sin transformar)","lon [-74.3933, -74.0162] lat [3.8295, 4.8239] sobre 2219 de 2221 filas con coordenada finita",plausible,colegios06_2025.gpkg,2025-06-30
311001108617,311001108617,LICEO MODERNO GABRIELA MISTRAL,LICEO MODERNO GABRIELA MISTRAL,-74.17410000041127,4.611999999731779,WGS 84 / Pseudo-Mercator,"EPSG:4326 (st_set_crs, sin transformar)","lon [-74.3933, -74.0162] lat [3.8295, 4.8239] sobre 2219 de 2221 filas con coordenada finita",plausible,colegios06_2025.gpkg,2025-06-30
311001108714,311001108714,COLEGIO PSICOPEDAGOGICO MENTOR,COLEGIO PSICOPEDAGOGICO MENTOR,-74.17419999837875,4.612199999392033,WGS 84 / Pseudo-Mercator,"EPSG:4326 (st_set_crs, sin transformar)","lon [-74.3933, -74.0162] lat [3.8295, 4.8239] sobre 2219 de 2221 filas con coordenada finita",plausible,colegios06_2025.gpkg,2025-06-30
311001108781,311001108781,GIMNASIO MODERNO SAN FRANCISCO EL TINTAL,GIMNASIO MODERNO SAN FRANCISCO EL TINTAL,-74.16479999944568,4.645199999213219,WGS 84 / Pseudo-Mercator,"EPSG:4326 (st_set_crs, sin transformar)","lon [-74.3933, -74.0162] lat [3.8295, 4.8239] sobre 2219 de 2221 filas con coordenada finita",plausible,colegios06_2025.gpkg,2025-06-30
311001108862,311001108862,COLEGIO SAN ANGEL,COLEGIO SAN ANGEL,-74.14110000059009,4.619500000029802,WGS 84 / Pseudo-Mercator,"EPSG:4326 (st_set_crs, sin transformar)","lon [-74.3933, -74.0162] lat [3.8295, 4.8239] sobre 2219 de 2221 filas con coordenada finita",plausible,colegios06_2025.gpkg,2025-06-30
311001108927,311001108927,COLEGIO MILITAR ANTONIA SANTOS,COLEGIO MILITAR ANTONIA SANTOS,-74.16360000148416,4.619199998676777,WGS 84 / Pseudo-Mercator,"EPSG:4326 (st_set_crs, sin transformar)","lon [-74.3933, -74.0162] lat [3.8295, 4.8239] sobre 2219 de 2221 filas con coordenada finita",plausible,colegios06_2025.gpkg,2025-06-30
311001109010,311001109010,INSTITUTO COMERCIAL LORETO,INSTITUTO COMERCIAL LORETO,-74.1444000005722,4.6400000005960464,WGS 84 / Pseudo-Mercator,"EPSG:4326 (st_set_crs, sin transformar)","lon [-74.3933, -74.0162] lat [3.8295, 4.8239] sobre 2219 de 2221 filas con coordenada finita",plausible,colegios06_2025.gpkg,2025-06-30
311001109028,311001109028,GIMNASIO MODERNO SAN MARTIN,GIMNASIO MODERNO SAN MARTIN,-74.14490000158548,4.629200000315905,WGS 84 / Pseudo-Mercator,"EPSG:4326 (st_set_crs, sin transformar)","lon [-74.3933, -74.0162] lat [3.8295, 4.8239] sobre 2219 de 2221 filas con coordenada finita",plausible,colegios06_2025.gpkg,2025-06-30
311001109087,311001109087,LICEO CONQUISTADORES DE LAS AMERICAS,LICEO CONQUISTADORES DE LAS AMERICAS,-74.13369999825954,4.63060000166297,WGS 84 / Pseudo-Mercator,"EPSG:4326 (st_set_crs, sin transformar)","lon [-74.3933, -74.0162] lat [3.8295, 4.8239] sobre 2219 de 2221 filas con coordenada finita",plausible,colegios06_2025.gpkg,2025-06-30
311001109109,311001109109,COLEGIO EMMANUEL JIREH,COLEGIO EMMANUEL JIREH,-74.14660000056028,4.646099999547005,WGS 84 / Pseudo-Mercator,"EPSG:4326 (st_set_crs, sin transformar)","lon [-74.3933, -74.0162] lat [3.8295, 4.8239] sobre 2219 de 2221 filas con coordenada finita",plausible,colegios06_2025.gpkg,2025-06-30
311001109117,311001109117,LICEO INFANTIL MICHELIN,LICEO INFANTIL MICHELIN,-74.12819999828935,4.615600001066923,WGS 84 / Pseudo-Mercator,"EPSG:4326 (st_set_crs, sin transformar)","lon [-74.3933, -74.0162] lat [3.8295, 4.8239] sobre 2219 de 2221 filas con coordenada finita",plausible,colegios06_2025.gpkg,2025-06-30
311001109125,311001109125,JARDIN INFANTIL BURBUJITAS DE AMOR,JARDIN INFANTIL BURBUJITAS DE AMOR,-74.17500000074506,4.606699999421835,WGS 84 / Pseudo-Mercator,"EPSG:4326 (st_set_crs, sin transformar)","lon [-74.3933, -74.0162] lat [3.8295, 4.8239] sobre 2219 de 2221 filas con coordenada finita",plausible,colegios06_2025.gpkg,2025-06-30
311001109133,311001109133,LICEO MODERNO SAN MARCOS,LICEO MODERNO SAN MARCOS,-74.16110000014305,4.642599999904633,WGS 84 / Pseudo-Mercator,"EPSG:4326 (st_set_crs, sin transformar)","lon [-74.3933, -74.0162] lat [3.8295, 4.8239] sobre 2219 de 2221 filas con coordenada finita",plausible,colegios06_2025.gpkg,2025-06-30
311001109141,311001109141,JARDIN INFANTIL BURBUJAS DE ALEGRIA,JARDIN INFANTIL BURBUJAS DE ALEGRIA,-74.14660000056028,4.613299999386072,WGS 84 / Pseudo-Mercator,"EPSG:4326 (st_set_crs, sin transformar)","lon [-74.3933, -74.0162] lat [3.8295, 4.8239] sobre 2219 de 2221 filas con coordenada finita",plausible,colegios06_2025.gpkg,2025-06-30
311001109168,311001109168,GIMNASIO SUPERIOR NUEVOS ANDES BILINGÜE,GIMNASIO SUPERIOR NUEVOS ANDES BILINGÜE,-74.13870000094175,4.640700001269579,WGS 84 / Pseudo-Mercator,"EPSG:4326 (st_set_crs, sin transformar)","lon [-74.3933, -74.0162] lat [3.8295, 4.8239] sobre 2219 de 2221 filas con coordenada finita",plausible,colegios06_2025.gpkg,2025-06-30
311001109265,311001109265,COLEGIO AGUSTINIANO TAGASTE,COLEGIO AGUSTINIANO TAGASTE,-74.14699999988079,4.65430000051856,WGS 84 / Pseudo-Mercator,"EPSG:4326 (st_set_crs, sin transformar)","lon [-74.3933, -74.0162] lat [3.8295, 4.8239] sobre 2219 de 2221 filas con coordenada finita",plausible,colegios06_2025.gpkg,2025-06-30
311001109435,311001109435,GIMNASIO INFANTIL SERGIO BENAVIDES,GIMNASIO INFANTIL SERGIO BENAVIDES,-74.15509999915957,4.616099998354912,WGS 84 / Pseudo-Mercator,"EPSG:4326 (st_set_crs, sin transformar)","lon [-74.3933, -74.0162] lat [3.8295, 4.8239] sobre 2219 de 2221 filas con coordenada finita",plausible,colegios06_2025.gpkg,2025-06-30
311001109672,311001109672,LICEO INFANTIL FANTASIAS,LICEO INFANTIL FANTASIAS,-74.17590000107884,4.629200000315905,WGS 84 / Pseudo-Mercator,"EPSG:4326 (st_set_crs, sin transformar)","lon [-74.3933, -74.0162] lat [3.8295, 4.8239] sobre 2219 de 2221 filas con coordenada finita",plausible,colegios06_2025.gpkg,2025-06-30
311001109699,311001109699,ACADEMIA REAL PARA NIÑOS,ACADEMIA REAL PARA NIÑOS,-74.17049999907613,4.634799998253584,WGS 84 / Pseudo-Mercator,"EPSG:4326 (st_set_crs, sin transformar)","lon [-74.3933, -74.0162] lat [3.8295, 4.8239] sobre 2219 de 2221 filas con coordenada finita",plausible,colegios06_2025.gpkg,2025-06-30
311001109753,311001109753,COLEGIO TALENTOS,COLEGIO TALENTOS,-74.13650000095367,4.627900000661612,WGS 84 / Pseudo-Mercator,"EPSG:4326 (st_set_crs, sin transformar)","lon [-74.3933, -74.0162] lat [3.8295, 4.8239] sobre 2219 de 2221 filas con coordenada finita",plausible,colegios06_2025.gpkg,2025-06-30
311001109940,311001109940,COLEGIO TECNISISTEMAS,COLEGIO TECNISISTEMAS,-74.15129999816418,4.622299998998642,WGS 84 / Pseudo-Mercator,"EPSG:4326 (st_set_crs, sin transformar)","lon [-74.3933, -74.0162] lat [3.8295, 4.8239] sobre 2219 de 2221 filas con coordenada finita",plausible,colegios06_2025.gpkg,2025-06-30
311001110140,311001110140,LICEO BIRMINGHAM,LICEO BIRMINGHAM,-74.15089999884367,4.621300000697374,WGS 84 / Pseudo-Mercator,"EPSG:4326 (st_set_crs, sin transformar)","lon [-74.3933, -74.0162] lat [3.8295, 4.8239] sobre 2219 de 2221 filas con coordenada finita",plausible,colegios06_2025.gpkg,2025-06-30
311001110280,311001110280,COLEGIO NUESTRA SEÑORA DE LA FELICIDAD,COLEGIO NUESTRA SEÑORA DE LA FELICIDAD,-74.1490999981761,4.646699998527765,WGS 84 / Pseudo-Mercator,"EPSG:4326 (st_set_crs, sin transformar)","lon [-74.3933, -74.0162] lat [3.8295, 4.8239] sobre 2219 de 2221 filas con coordenada finita",plausible,colegios06_2025.gpkg,2025-06-30
311001110557,311001110557,COLEGIO MARIO LUIS RODRIGUEZ COBOS,COLEGIO MARIO LUIS RODRIGUEZ COBOS,-74.15780000016093,4.6403999999165535,WGS 84 / Pseudo-Mercator,"EPSG:4326 (st_set_crs, sin transformar)","lon [-74.3933, -74.0162] lat [3.8295, 4.8239] sobre 2219 de 2221 filas con coordenada finita",plausible,colegios06_2025.gpkg,2025-06-30
311001800618,311001800618,COLEGIO ALEJANDRO MAGNO,COLEGIO ALEJANDRO MAGNO,-74.17020000144839,4.6409000009298325,WGS 84 / Pseudo-Mercator,"EPSG:4326 (st_set_crs, sin transformar)","lon [-74.3933, -74.0162] lat [3.8295, 4.8239] sobre 2219 de 2221 filas con coordenada finita",plausible,colegios06_2025.gpkg,2025-06-30
311001800731,311001800731,BACHILLERATO INNOVAR KENNEDY,BACHILLERATO INNOVAR KENNEDY,-74.17550000175834,4.640599999576807,WGS 84 / Pseudo-Mercator,"EPSG:4326 (st_set_crs, sin transformar)","lon [-74.3933, -74.0162] lat [3.8295, 4.8239] sobre 2219 de 2221 filas con coordenada finita",plausible,colegios06_2025.gpkg,2025-06-30
311001800766,311001800766,LICEO CRISTIANO LA GRAN COMISION,LICEO CRISTIANO LA GRAN COMISION,-74.16820000112057,4.6394999995827675,WGS 84 / Pseudo-Mercator,"EPSG:4326 (st_set_crs, sin transformar)","lon [-74.3933, -74.0162] lat [3.8295, 4.8239] sobre 2219 de 2221 filas con coordenada finita",plausible,colegios06_2025.gpkg,2025-06-30
311001800774,311001800774,COLEGIO GIANNI RODARI,COLEGIO GIANNI RODARI,-74.13760000094771,4.602800000458956,WGS 84 / Pseudo-Mercator,"EPSG:4326 (st_set_crs, sin transformar)","lon [-74.3933, -74.0162] lat [3.8295, 4.8239] sobre 2219 de 2221 filas con coordenada finita",plausible,colegios06_2025.gpkg,2025-06-30
311001800880,311001800880,COLEGIO INCADE KENNEDY,COLEGIO INCADE KENNEDY,-74.15430000051856,4.622800000011921,WGS 84 / Pseudo-Mercator,"EPSG:4326 (st_set_crs, sin transformar)","lon [-74.3933, -74.0162] lat [3.8295, 4.8239] sobre 2219 de 2221 filas con coordenada finita",plausible,colegios06_2025.gpkg,2025-06-30
311001800988,311001800988,LICEO MODERNO IMCREA,LICEO MODERNO IMCREA,-74.16860000044107,4.613400001078844,WGS 84 / Pseudo-Mercator,"EPSG:4326 (st_set_crs, sin transformar)","lon [-74.3933, -74.0162] lat [3.8295, 4.8239] sobre 2219 de 2221 filas con coordenada finita",plausible,colegios06_2025.gpkg,2025-06-30
311001801062,311001801062,CENTRO EDUCATIVO PRO-EDUCAR,CENTRO EDUCATIVO PRO-EDUCAR,-74.17260000109673,4.615800000727177,WGS 84 / Pseudo-Mercator,"EPSG:4326 (st_set_crs, sin transformar)","lon [-74.3933, -74.0162] lat [3.8295, 4.8239] sobre 2219 de 2221 filas con coordenada finita",plausible,colegios06_2025.gpkg,2025-06-30
311001801151,311001801151,INSTITUTO GENESIS,INSTITUTO GENESIS,-74.15439999848604,4.619199998676777,WGS 84 / Pseudo-Mercator,"EPSG:4326 (st_set_crs, sin transformar)","lon [-74.3933, -74.0162] lat [3.8295, 4.8239] sobre 2219 de 2221 filas con coordenada finita",plausible,colegios06_2025.gpkg,2025-06-30
111001014346,111001014346,COLEGIO RODRIGO ARENAS BETANCOURT (IED),RODRIGO ARENAS BETANCOURT,-74.14449999853969,4.6702999994158745,WGS 84 / Pseudo-Mercator,"EPSG:4326 (st_set_crs, sin transformar)","lon [-74.3933, -74.0162] lat [3.8295, 4.8239] sobre 2219 de 2221 filas con coordenada finita",plausible,colegios06_2025.gpkg,2025-06-30
111001102199,111001102199,COLEGIO PABLO NERUDA (IED),PABLO NERUDA,-74.14939999952912,4.6721000000834465,WGS 84 / Pseudo-Mercator,"EPSG:4326 (st_set_crs, sin transformar)","lon [-74.3933, -74.0162] lat [3.8295, 4.8239] sobre 2219 de 2221 filas con coordenada finita",plausible,colegios06_2025.gpkg,2025-06-30
111279000214,111001102199,COLEGIO PABLO NERUDA (IED),ANTONIO NARIÑO,-74.14640000090003,4.672400001436472,WGS 84 / Pseudo-Mercator,"EPSG:4326 (st_set_crs, sin transformar)","lon [-74.3933, -74.0162] lat [3.8295, 4.8239] sobre 2219 de 2221 filas con coordenada finita",plausible,colegios06_2025.gpkg,2025-06-30
111001104272,111001104272,COLEGIO CARLO FEDERICI (IED),CARLO FEDERICI,-74.15969999879599,4.6717000007629395,WGS 84 / Pseudo-Mercator,"EPSG:4326 (st_set_crs, sin transformar)","lon [-74.3933, -74.0162] lat [3.8295, 4.8239] sobre 2219 de 2221 filas con coordenada finita",plausible,colegios06_2025.gpkg,2025-06-30
111001800091,111001800091,COLEGIO LA FELICIDAD (IED),LA FELICIDAD,-74.1304999999702,4.6565000005066395,WGS 84 / Pseudo-Mercator,"EPSG:4326 (st_set_crs, sin transformar)","lon [-74.3933, -74.0162] lat [3.8295, 4.8239] sobre 2219 de 2221 filas con coordenada finita",plausible,colegios06_2025.gpkg,2025-06-30
111001801322,111001801322,COLEGIO MARIA JOSEFA CANELONES (IED),COLEGIO MARIA JOSEFA CANELONES (IED),-74.13179999962449,4.651900000870228,WGS 84 / Pseudo-Mercator,"EPSG:4326 (st_set_crs, sin transformar)","lon [-74.3933, -74.0162] lat [3.8295, 4.8239] sobre 2219 de 2221 filas con coordenada finita",plausible,colegios06_2025.gpkg,2025-06-30
111279000061,111279000061,COLEGIO ANTONIO VAN UDEN (IED),ANTONIO VAN UDEN,-74.15859999880195,4.688900001347065,WGS 84 / Pseudo-Mercator,"EPSG:4326 (st_set_crs, sin transformar)","lon [-74.3933, -74.0162] lat [3.8295, 4.8239] sobre 2219 de 2221 filas con coordenada finita",plausible,colegios06_2025.gpkg,2025-06-30
111279001261,111279000061,COLEGIO ANTONIO VAN UDEN (IED),LA ESTACION,-74.16140000149608,4.692499998956919,WGS 84 / Pseudo-Mercator,"EPSG:4326 (st_set_crs, sin transformar)","lon [-74.3933, -74.0162] lat [3.8295, 4.8239] sobre 2219 de 2221 filas con coordenada finita",plausible,colegios06_2025.gpkg,2025-06-30
111279000079,111279000061,COLEGIO ANTONIO VAN UDEN (IED),SAN VICENTE,-74.16079999879003,4.6882000006735325,WGS 84 / Pseudo-Mercator,"EPSG:4326 (st_set_crs, sin transformar)","lon [-74.3933, -74.0162] lat [3.8295, 4.8239] sobre 2219 de 2221 filas con coordenada finita",plausible,colegios06_2025.gpkg,2025-06-30
111279000125,111279000125,COLEGIO VILLEMAR EL CARMEN (IED),VILLEMAR EL CARMEN,-74.13919999822974,4.672800000756979,WGS 84 / Pseudo-Mercator,"EPSG:4326 (st_set_crs, sin transformar)","lon [-74.3933, -74.0162] lat [3.8295, 4.8239] sobre 2219 de 2221 filas con coordenada finita",plausible,colegios06_2025.gpkg,2025-06-30
111279000761,111279000125,COLEGIO VILLEMAR EL CARMEN (IED),SANTA CECILIA,-74.12070000171661,4.671999998390675,WGS 84 / Pseudo-Mercator,"EPSG:4326 (st_set_crs, sin transformar)","lon [-74.3933, -74.0162] lat [3.8295, 4.8239] sobre 2219 de 2221 filas con coordenada finita",plausible,colegios06_2025.gpkg,2025-06-30
111001107018,111279000125,COLEGIO VILLEMAR EL CARMEN (IED),GIMNASIO ACADEMICO,-74.13830000162125,4.675999999046326,WGS 84 / Pseudo-Mercator,"EPSG:4326 (st_set_crs, sin transformar)","lon [-74.3933, -74.0162] lat [3.8295, 4.8239] sobre 2219 de 2221 filas con coordenada finita",plausible,colegios06_2025.gpkg,2025-06-30
111279000168,111279000168,COLEGIO INSTITUTO TECNICO INTERNACIONAL (IED),INTERNACIONAL,-74.14519999921322,4.686700001358986,WGS 84 / Pseudo-Mercator,"EPSG:4326 (st_set_crs, sin transformar)","lon [-74.3933, -74.0162] lat [3.8295, 4.8239] sobre 2219 de 2221 filas con coordenada finita",plausible,colegios06_2025.gpkg,2025-06-30
111279000184,111279000184,COLEGIO LUIS ANGEL ARANGO (IED),LUIS ANGEL ARANGO,-74.13800000026822,4.682100001722574,WGS 84 / Pseudo-Mercator,"EPSG:4326 (st_set_crs, sin transformar)","lon [-74.3933, -74.0162] lat [3.8295, 4.8239] sobre 2219 de 2221 filas con coordenada finita",plausible,colegios06_2025.gpkg,2025-06-30
111279000176,111279000184,COLEGIO LUIS ANGEL ARANGO (IED),LA CABAÑA,-74.13910000026226,4.683800000697374,WGS 84 / Pseudo-Mercator,"EPSG:4326 (st_set_crs, sin transformar)","lon [-74.3933, -74.0162] lat [3.8295, 4.8239] sobre 2219 de 2221 filas con coordenada finita",plausible,colegios06_2025.gpkg,2025-06-30
111279000362,111279000362,COLEGIO COSTA RICA (IED),REPUBLICA DE COSTA RICA,-74.13800000026822,4.679400000721216,WGS 84 / Pseudo-Mercator,"EPSG:4326 (st_set_crs, sin transformar)","lon [-74.3933, -74.0162] lat [3.8295, 4.8239] sobre 2219 de 2221 filas con coordenada finita",plausible,colegios06_2025.gpkg,2025-06-30
111279000231,111279000362,COLEGIO COSTA RICA (IED),PUERTA DE TEJA,-74.12649999931455,4.683699999004602,WGS 84 / Pseudo-Mercator,"EPSG:4326 (st_set_crs, sin transformar)","lon [-74.3933, -74.0162] lat [3.8295, 4.8239] sobre 2219 de 2221 filas con coordenada finita",plausible,colegios06_2025.gpkg,2025-06-30
111279000966,111279000966,COLEGIO INTEGRADO DE FONTIBON IBEP (IED),INTEGRADO DE FONTIBON,-74.1473999992013,4.678199999034405,WGS 84 / Pseudo-Mercator,"EPSG:4326 (st_set_crs, sin transformar)","lon [-74.3933, -74.0162] lat [3.8295, 4.8239] sobre 2219 de 2221 filas con coordenada finita",plausible,colegios06_2025.gpkg,2025-06-30
111279000087,111279000966,COLEGIO INTEGRADO DE FONTIBON IBEP (IED),EMMA VILLEGAS DE GAITAN,-74.14620000123978,4.683200001716614,WGS 84 / Pseudo-Mercator,"EPSG:4326 (st_set_crs, sin transformar)","lon [-74.3933, -74.0162] lat [3.8295, 4.8239] sobre 2219 de 2221 filas con coordenada finita",plausible,colegios06_2025.gpkg,2025-06-30
111001044938,111279000966,COLEGIO INTEGRADO DE FONTIBON IBEP (IED),BATAVIA,-74.1528999991715,4.682700000703335,WGS 84 / Pseudo-Mercator,"EPSG:4326 (st_set_crs, sin transformar)","lon [-74.3933, -74.0162] lat [3.8295, 4.8239] sobre 2219 de 2221 filas con coordenada finita",plausible,colegios06_2025.gpkg,2025-06-30
111279000991,111279000966,COLEGIO INTEGRADO DE FONTIBON IBEP (IED),PALESTINA,-74.14999999850988,4.683899998664856,WGS 84 / Pseudo-Mercator,"EPSG:4326 (st_set_crs, sin transformar)","lon [-74.3933, -74.0162] lat [3.8295, 4.8239] sobre 2219 de 2221 filas con coordenada finita",plausible,colegios06_2025.gpkg,2025-06-30
111279001296,111279001296,COLEGIO ATAHUALPA (IED),ATAHUALPA,-74.14840000122786,4.688299998641014,WGS 84 / Pseudo-Mercator,"EPSG:4326 (st_set_crs, sin transformar)","lon [-74.3933, -74.0162] lat [3.8295, 4.8239] sobre 2219 de 2221 filas con coordenada finita",plausible,colegios06_2025.gpkg,2025-06-30
311001001928,311001001928,COLEGIO NUEVO MONTESSORIANO,COLEGIO NUEVO MONTESSORIANO,-74.12510000169277,4.665199998766184,WGS 84 / Pseudo-Mercator,"EPSG:4326 (st_set_crs, sin transformar)","lon [-74.3933, -74.0162] lat [3.8295, 4.8239] sobre 2219 de 2221 filas con coordenada finita",plausible,colegios06_2025.gpkg,2025-06-30
311001005176,311001005176,LICEO NAVARRA,LICEO NAVARRA,-74.11730000004172,4.666000001132488,WGS 84 / Pseudo-Mercator,"EPSG:4326 (st_set_crs, sin transformar)","lon [-74.3933, -74.0162] lat [3.8295, 4.8239] sobre 2219 de 2221 filas con coordenada finita",plausible,colegios06_2025.gpkg,2025-06-30
311001006130,311001006130,INSTITUTO INFANTIL Y JUVENIL,INSTITUTO INFANTIL Y JUVENIL,-74.13839999958873,4.674699999392033,WGS 84 / Pseudo-Mercator,"EPSG:4326 (st_set_crs, sin transformar)","lon [-74.3933, -74.0162] lat [3.8295, 4.8239] sobre 2219 de 2221 filas con coordenada finita",plausible,colegios06_2025.gpkg,2025-06-30
311001027722,311001027722,GIMNASIO FIDEL CANO,GIMNASIO FIDEL CANO,-74.12579999864101,4.665899999439716,WGS 84 / Pseudo-Mercator,"EPSG:4326 (st_set_crs, sin transformar)","lon [-74.3933, -74.0162] lat [3.8295, 4.8239] sobre 2219 de 2221 filas con coordenada finita",plausible,colegios06_2025.gpkg,2025-06-30
311001031461,311001031461,INSTITUTO NAZARENO MODELIA,INSTITUTO NAZARENO MODELIA,-74.11870000138879,4.667300000786781,WGS 84 / Pseudo-Mercator,"EPSG:4326 (st_set_crs, sin transformar)","lon [-74.3933, -74.0162] lat [3.8295, 4.8239] sobre 2219 de 2221 filas con coordenada finita",plausible,colegios06_2025.gpkg,2025-06-30
311001033111,311001033111,COLEGIO MADRE MATILDE,COLEGIO MADRE MATILDE,-74.14229999855161,4.6862999983131886,WGS 84 / Pseudo-Mercator,"EPSG:4326 (st_set_crs, sin transformar)","lon [-74.3933, -74.0162] lat [3.8295, 4.8239] sobre 2219 de 2221 filas con coordenada finita",plausible,colegios06_2025.gpkg,2025-06-30
311001040966,311001040966,LICEO PSICOPEDAGOGICO ELLEN KEY,LICEO PSICOPEDAGOGICO ELLEN KEY,-74.12070000171661,4.6702999994158745,WGS 84 / Pseudo-Mercator,"EPSG:4326 (st_set_crs, sin transformar)","lon [-74.3933, -74.0162] lat [3.8295, 4.8239] sobre 2219 de 2221 filas con coordenada finita",plausible,colegios06_2025.gpkg,2025-06-30
311001044953,311001044953,LICEO NUESTRA SEÑORA DE ARANZAZU,LICEO NUESTRA SEÑORA DE ARANZAZU,-74.14620000123978,4.680100001394749,WGS 84 / Pseudo-Mercator,"EPSG:4326 (st_set_crs, sin transformar)","lon [-74.3933, -74.0162] lat [3.8295, 4.8239] sobre 2219 de 2221 filas con coordenada finita",plausible,colegios06_2025.gpkg,2025-06-30
311001044970,311001044970,COLEGIO JARDIN MI PEQUEÑO BOHIO,COLEGIO JARDIN MI PEQUEÑO BOHIO,-74.153299998492,4.6858000010252,WGS 84 / Pseudo-Mercator,"EPSG:4326 (st_set_crs, sin transformar)","lon [-74.3933, -74.0162] lat [3.8295, 4.8239] sobre 2219 de 2221 filas con coordenada finita",plausible,colegios06_2025.gpkg,2025-06-30
311001047596,311001047596,LICEO INFANTIL SALAMANCA,LICEO INFANTIL SALAMANCA,-74.1440000012517,4.667700000107288,WGS 84 / Pseudo-Mercator,"EPSG:4326 (st_set_crs, sin transformar)","lon [-74.3933, -74.0162] lat [3.8295, 4.8239] sobre 2219 de 2221 filas con coordenada finita",plausible,colegios06_2025.gpkg,2025-06-30
311001075492,311001075492,LICEO JUVENIL DE MORAVIA,LICEO JUVENIL DE MORAVIA,-74.1680999994278,4.697700001299381,WGS 84 / Pseudo-Mercator,"EPSG:4326 (st_set_crs, sin transformar)","lon [-74.3933, -74.0162] lat [3.8295, 4.8239] sobre 2219 de 2221 filas con coordenada finita",plausible,colegios06_2025.gpkg,2025-06-30
311001075557,311001075557,JARDIN INFANTIL ALADINO,JARDIN INFANTIL ALADINO,-74.14640000090003,4.672400001436472,WGS 84 / Pseudo-Mercator,"EPSG:4326 (st_set_crs, sin transformar)","lon [-74.3933, -74.0162] lat [3.8295, 4.8239] sobre 2219 de 2221 filas con coordenada finita",plausible,colegios06_2025.gpkg,2025-06-30
311001076642,311001076642,COLEGIO BILINGÜE NUEVA ALEJANDRIA,COLEGIO BILINGÜE NUEVA ALEJANDRIA,-74.117800001055,4.670200001448393,WGS 84 / Pseudo-Mercator,"EPSG:4326 (st_set_crs, sin transformar)","lon [-74.3933, -74.0162] lat [3.8295, 4.8239] sobre 2219 de 2221 filas con coordenada finita",plausible,colegios06_2025.gpkg,2025-06-30
311001076669,311001076669,COLEGIO PSICOPEDAGOGICO INFANTIL LA ALDEA,COLEGIO PSICOPEDAGOGICO INFANTIL LA ALDEA,-74.15060000121593,4.688299998641014,WGS 84 / Pseudo-Mercator,"EPSG:4326 (st_set_crs, sin transformar)","lon [-74.3933, -74.0162] lat [3.8295, 4.8239] sobre 2219 de 2221 filas con coordenada finita",plausible,colegios06_2025.gpkg,2025-06-30
311001086931,311001086931,LICEO MODERNO MIS COMPAÑERITOS,LICEO MODERNO MIS COMPAÑERITOS,-74.13989999890327,4.6739000007510185,WGS 84 / Pseudo-Mercator,"EPSG:4326 (st_set_crs, sin transformar)","lon [-74.3933, -74.0162] lat [3.8295, 4.8239] sobre 2219 de 2221 filas con coordenada finita",plausible,colegios06_2025.gpkg,2025-06-30
311001087300,311001087300,LICEO APRENDO CON MIS AMIGOS,LICEO APRENDO CON MIS AMIGOS,-74.1380999982357,4.6708000004291534,WGS 84 / Pseudo-Mercator,"EPSG:4326 (st_set_crs, sin transformar)","lon [-74.3933, -74.0162] lat [3.8295, 4.8239] sobre 2219 de 2221 filas con coordenada finita",plausible,colegios06_2025.gpkg,2025-06-30
311001087539,311001087539,JARDIN INFANTIL LOCAS CABECITAS,JARDIN INFANTIL LOCAS CABECITAS,-74.11980000138283,4.670899998396635,WGS 84 / Pseudo-Mercator,"EPSG:4326 (st_set_crs, sin transformar)","lon [-74.3933, -74.0162] lat [3.8295, 4.8239] sobre 2219 de 2221 filas con coordenada finita",plausible,colegios06_2025.gpkg,2025-06-30
311001087580,311001087580,COLEGIO AMANECER,COLEGIO AMANECER,-74.11470000073314,4.66609999909997,WGS 84 / Pseudo-Mercator,"EPSG:4326 (st_set_crs, sin transformar)","lon [-74.3933, -74.0162] lat [3.8295, 4.8239] sobre 2219 de 2221 filas con coordenada finita",plausible,colegios06_2025.gpkg,2025-06-30
311001087857,311001087857,COLEGIO JESUS MAESTRO,COLEGIO JESUS MAESTRO,-74.15249999985099,4.683299999684095,WGS 84 / Pseudo-Mercator,"EPSG:4326 (st_set_crs, sin transformar)","lon [-74.3933, -74.0162] lat [3.8295, 4.8239] sobre 2219 de 2221 filas con coordenada finita",plausible,colegios06_2025.gpkg,2025-06-30
311001088110,311001088110,LICEO CRISTIANO LA VID,LICEO CRISTIANO LA VID,-74.12110000103712,4.665800001472235,WGS 84 / Pseudo-Mercator,"EPSG:4326 (st_set_crs, sin transformar)","lon [-74.3933, -74.0162] lat [3.8295, 4.8239] sobre 2219 de 2221 filas con coordenada finita",plausible,colegios06_2025.gpkg,2025-06-30
311001088217,311001088217,UNIDAD EDUCATIVA BAHIA SOLANO,UNIDAD EDUCATIVA BAHIA SOLANO,-74.15379999950528,4.678899999707937,WGS 84 / Pseudo-Mercator,"EPSG:4326 (st_set_crs, sin transformar)","lon [-74.3933, -74.0162] lat [3.8295, 4.8239] sobre 2219 de 2221 filas con coordenada finita",plausible,colegios06_2025.gpkg,2025-06-30
311001088641,311001088641,PREESCOLAR TRIANGULO MAGICO DE LOS NIÑOS,PREESCOLAR TRIANGULO MAGICO DE LOS NIÑOS,-74.12290000170469,4.662799999117851,WGS 84 / Pseudo-Mercator,"EPSG:4326 (st_set_crs, sin transformar)","lon [-74.3933, -74.0162] lat [3.8295, 4.8239] sobre 2219 de 2221 filas con coordenada finita",plausible,colegios06_2025.gpkg,2025-06-30
311001089540,311001089540,GIMNASIO NUEVO MODELIA,GIMNASIO NUEVO MODELIA,-74.11639999970794,4.665500000119209,WGS 84 / Pseudo-Mercator,"EPSG:4326 (st_set_crs, sin transformar)","lon [-74.3933, -74.0162] lat [3.8295, 4.8239] sobre 2219 de 2221 filas con coordenada finita",plausible,colegios06_2025.gpkg,2025-06-30
311001090009,311001090009,INSTITUTO PSICOPEDAGOGICO EL CALPULLI,INSTITUTO PSICOPEDAGOGICO EL CALPULLI,-74.1557999998331,4.6882000006735325,WGS 84 / Pseudo-Mercator,"EPSG:4326 (st_set_crs, sin transformar)","lon [-74.3933, -74.0162] lat [3.8295, 4.8239] sobre 2219 de 2221 filas con coordenada finita",plausible,colegios06_2025.gpkg,2025-06-30
311001090653,311001090653,LICEO JEAN DE LA FONTAINE,LICEO JEAN DE LA FONTAINE,-74.11659999936819,4.668999999761581,WGS 84 / Pseudo-Mercator,"EPSG:4326 (st_set_crs, sin transformar)","lon [-74.3933, -74.0162] lat [3.8295, 4.8239] sobre 2219 de 2221 filas con coordenada finita",plausible,colegios06_2025.gpkg,2025-06-30
311001091820,311001091820,JARDIN INFANTIL ABC SAUZALITO,JARDIN INFANTIL ABC SAUZALITO,-74.11309999972582,4.657999999821186,WGS 84 / Pseudo-Mercator,"EPSG:4326 (st_set_crs, sin transformar)","lon [-74.3933, -74.0162] lat [3.8295, 4.8239] sobre 2219 de 2221 filas con coordenada finita",plausible,colegios06_2025.gpkg,2025-06-30
311001093270,311001093270,JARDIN PSICOPEDAGOGICO CARRUSEL DEL SABER JUGANDO,JARDIN PSICOPEDAGOGICO CARRUSEL DEL SABER JUGANDO,-74.15109999850392,4.675000000745058,WGS 84 / Pseudo-Mercator,"EPSG:4326 (st_set_crs, sin transformar)","lon [-74.3933, -74.0162] lat [3.8295, 4.8239] sobre 2219 de 2221 filas con coordenada finita",plausible,colegios06_2025.gpkg,2025-06-30
311001093652,311001093652,COLEGIO AGUSTINIANO CIUDAD SALITRE,COLEGIO AGUSTINIANO CIUDAD SALITRE,-74.11340000107884,4.6556000001728535,WGS 84 / Pseudo-Mercator,"EPSG:4326 (st_set_crs, sin transformar)","lon [-74.3933, -74.0162] lat [3.8295, 4.8239] sobre 2219 de 2221 filas con coordenada finita",plausible,colegios06_2025.gpkg,2025-06-30
311001094152,311001094152,LICEO GABRIELA MISTRAL,LICEO GABRIELA MISTRAL,-74.15150000154972,4.689399998635054,WGS 84 / Pseudo-Mercator,"EPSG:4326 (st_set_crs, sin transformar)","lon [-74.3933, -74.0162] lat [3.8295, 4.8239] sobre 2219 de 2221 filas con coordenada finita",plausible,colegios06_2025.gpkg,2025-06-30
311001096490,311001096490,GIMNASIO CULTURAL EL ARTE DEL FUTURO,GIMNASIO CULTURAL EL ARTE DEL FUTURO,-74.12719999998808,4.667899999767542,WGS 84 / Pseudo-Mercator,"EPSG:4326 (st_set_crs, sin transformar)","lon [-74.3933, -74.0162] lat [3.8295, 4.8239] sobre 2219 de 2221 filas con coordenada finita",plausible,colegios06_2025.gpkg,2025-06-30
311001098450,311001098450,COLEGIO SAN GABRIEL,COLEGIO SAN GABRIEL,-74.1275000013411,4.667199999094009,WGS 84 / Pseudo-Mercator,"EPSG:4326 (st_set_crs, sin transformar)","lon [-74.3933, -74.0162] lat [3.8295, 4.8239] sobre 2219 de 2221 filas con coordenada finita",plausible,colegios06_2025.gpkg,2025-06-30
311001099707,311001099707,LICEO INFANTIL EL MUNDO DEL NIÑO FELIZ,LICEO INFANTIL EL MUNDO DEL NIÑO FELIZ,-74.15049999952316,4.6891000010073185,WGS 84 / Pseudo-Mercator,"EPSG:4326 (st_set_crs, sin transformar)","lon [-74.3933, -74.0162] lat [3.8295, 4.8239] sobre 2219 de 2221 filas con coordenada finita",plausible,colegios06_2025.gpkg,2025-06-30
311001099723,311001099723,GIMNASIO NUEVO REINO,GIMNASIO NUEVO REINO,-74.11820000037551,4.66609999909997,WGS 84 / Pseudo-Mercator,"EPSG:4326 (st_set_crs, sin transformar)","lon [-74.3933, -74.0162] lat [3.8295, 4.8239] sobre 2219 de 2221 filas con coordenada finita",plausible,colegios06_2025.gpkg,2025-06-30
311001099758,311001099758,GIMNASIO NUEVO DESPERTAR,GIMNASIO NUEVO DESPERTAR,-74.14669999852777,4.6867999993264675,WGS 84 / Pseudo-Mercator,"EPSG:4326 (st_set_crs, sin transformar)","lon [-74.3933, -74.0162] lat [3.8295, 4.8239] sobre 2219 de 2221 filas con coordenada finita",plausible,colegios06_2025.gpkg,2025-06-30
311001099766,311001099766,GIMNASIO SAN BARTOLOME,GIMNASIO SAN BARTOLOME,-74.125,4.667199999094009,WGS 84 / Pseudo-Mercator,"EPSG:4326 (st_set_crs, sin transformar)","lon [-74.3933, -74.0162] lat [3.8295, 4.8239] sobre 2219 de 2221 filas con coordenada finita",plausible,colegios06_2025.gpkg,2025-06-30
311001099774,311001099774,UNIDAD INFANTIL DE DESARROLLO Y APRENDIZAJE IDEAR,UNIDAD INFANTIL DE DESARROLLO Y APRENDIZAJE IDEAR,-74.12310000136495,4.665800001472235,WGS 84 / Pseudo-Mercator,"EPSG:4326 (st_set_crs, sin transformar)","lon [-74.3933, -74.0162] lat [3.8295, 4.8239] sobre 2219 de 2221 filas con coordenada finita",plausible,colegios06_2025.gpkg,2025-06-30
311001099782,311001099782,COLEGIO EL CASTILLO MAGICO,COLEGIO EL CASTILLO MAGICO,-74.14009999856353,4.680500000715256,WGS 84 / Pseudo-Mercator,"EPSG:4326 (st_set_crs, sin transformar)","lon [-74.3933, -74.0162] lat [3.8295, 4.8239] sobre 2219 de 2221 filas con coordenada finita",plausible,colegios06_2025.gpkg,2025-06-30
311001099791,311001099791,LICEO MODERNO MUNDO NET,LICEO MODERNO MUNDO NET,-74.14680000022054,4.678599998354912,WGS 84 / Pseudo-Mercator,"EPSG:4326 (st_set_crs, sin transformar)","lon [-74.3933, -74.0162] lat [3.8295, 4.8239] sobre 2219 de 2221 filas con coordenada finita",plausible,colegios06_2025.gpkg,2025-06-30
311001099839,311001099839,TALLER INFANTIL MI MUNDO,TALLER INFANTIL MI MUNDO,-74.1279999986291,4.663800001144409,WGS 84 / Pseudo-Mercator,"EPSG:4326 (st_set_crs, sin transformar)","lon [-74.3933, -74.0162] lat [3.8295, 4.8239] sobre 2219 de 2221 filas con coordenada finita",plausible,colegios06_2025.gpkg,2025-06-30
311001102350,311001102350,UNIDAD EDUCATIVA PRADOS DE ALAMEDA,UNIDAD EDUCATIVA PRADOS DE ALAMEDA,-74.16699999943376,4.696899998933077,WGS 84 / Pseudo-Mercator,"EPSG:4326 (st_set_crs, sin transformar)","lon [-74.3933, -74.0162] lat [3.8295, 4.8239] sobre 2219 de 2221 filas con coordenada finita",plausible,colegios06_2025.gpkg,2025-06-30
311001105006,311001105006,GIMNASIO CAMELOT,GIMNASIO CAMELOT,-74.12790000066161,4.668299999088049,WGS 84 / Pseudo-Mercator,"EPSG:4326 (st_set_crs, sin transformar)","lon [-74.3933, -74.0162] lat [3.8295, 4.8239] sobre 2219 de 2221 filas con coordenada finita",plausible,colegios06_2025.gpkg,2025-06-30
311001105057,311001105057,POLITECNICO MAYOR ANDINO,POLITECNICO MAYOR ANDINO,-74.14589999988675,4.6739000007510185,WGS 84 / Pseudo-Mercator,"EPSG:4326 (st_set_crs, sin transformar)","lon [-74.3933, -74.0162] lat [3.8295, 4.8239] sobre 2219 de 2221 filas con coordenada finita",plausible,colegios06_2025.gpkg,2025-06-30
311001105081,311001105081,CENTRO DE ESTIMULACION TEMPRANA DESPERTAR,CENTRO DE ESTIMULACION TEMPRANA DESPERTAR,-74.11620000004768,4.666200000792742,WGS 84 / Pseudo-Mercator,"EPSG:4326 (st_set_crs, sin transformar)","lon [-74.3933, -74.0162] lat [3.8295, 4.8239] sobre 2219 de 2221 filas con coordenada finita",plausible,colegios06_2025.gpkg,2025-06-30
311001106428,311001106428,LICEO AMERICANO MI GRAN CASA AZUL,LICEO AMERICANO MI GRAN CASA AZUL,-74.11870000138879,4.665800001472235,WGS 84 / Pseudo-Mercator,"EPSG:4326 (st_set_crs, sin transformar)","lon [-74.3933, -74.0162] lat [3.8295, 4.8239] sobre 2219 de 2221 filas con coordenada finita",plausible,colegios06_2025.gpkg,2025-06-30
311001107505,311001107505,JARDIN INFANTIL OSITO DE MIEL,JARDIN INFANTIL OSITO DE MIEL,-74.12390000000596,4.663400001823902,WGS 84 / Pseudo-Mercator,"EPSG:4326 (st_set_crs, sin transformar)","lon [-74.3933, -74.0162] lat [3.8295, 4.8239] sobre 2219 de 2221 filas con coordenada finita",plausible,colegios06_2025.gpkg,2025-06-30
311001107581,311001107581,GIMNASIO MODELIA REAL,GIMNASIO MODELIA REAL,-74.12110000103712,4.670899998396635,WGS 84 / Pseudo-Mercator,"EPSG:4326 (st_set_crs, sin transformar)","lon [-74.3933, -74.0162] lat [3.8295, 4.8239] sobre 2219 de 2221 filas con coordenada finita",plausible,colegios06_2025.gpkg,2025-06-30
311001108153,311001108153,GIMNASIO SANTO ANGEL,GIMNASIO SANTO ANGEL,-74.12510000169277,4.666900001466274,WGS 84 / Pseudo-Mercator,"EPSG:4326 (st_set_crs, sin transformar)","lon [-74.3933, -74.0162] lat [3.8295, 4.8239] sobre 2219 de 2221 filas con coordenada finita",plausible,colegios06_2025.gpkg,2025-06-30
311001108382,311001108382,JARDIN INFANTIL NIÑOS MAGICOS,JARDIN INFANTIL NIÑOS MAGICOS,-74.13960000127554,4.678899999707937,WGS 84 / Pseudo-Mercator,"EPSG:4326 (st_set_crs, sin transformar)","lon [-74.3933, -74.0162] lat [3.8295, 4.8239] sobre 2219 de 2221 filas con coordenada finita",plausible,colegios06_2025.gpkg,2025-06-30
311001108528,311001108528,GIMNASIO CANTORIN,GIMNASIO CANTORIN,-74.12020000070333,4.671500001102686,WGS 84 / Pseudo-Mercator,"EPSG:4326 (st_set_crs, sin transformar)","lon [-74.3933, -74.0162] lat [3.8295, 4.8239] sobre 2219 de 2221 filas con coordenada finita",plausible,colegios06_2025.gpkg,2025-06-30
311001108561,311001108561,CENTRO DE ESTIMULACION TEMPRANA GRANDES PERSONITAS,CENTRO DE ESTIMULACION TEMPRANA GRANDES PERSONITAS,-74.12220000103116,4.666200000792742,WGS 84 / Pseudo-Mercator,"EPSG:4326 (st_set_crs, sin transformar)","lon [-74.3933, -74.0162] lat [3.8295, 4.8239] sobre 2219 de 2221 filas con coordenada finita",plausible,colegios06_2025.gpkg,2025-06-30
311001108838,311001108838,GIMNASIO BILINGÜE CASA CAMPESTRE DE LOS NIÑOS,GIMNASIO BILINGÜE CASA CAMPESTRE DE LOS NIÑOS,-74.12469999864697,4.667500000447035,WGS 84 / Pseudo-Mercator,"EPSG:4326 (st_set_crs, sin transformar)","lon [-74.3933, -74.0162] lat [3.8295, 4.8239] sobre 2219 de 2221 filas con coordenada finita",plausible,colegios06_2025.gpkg,2025-06-30
311001108986,311001108986,JARDIN NEOPEDAGOGICO FABULAS Y CUENTOS,JARDIN NEOPEDAGOGICO FABULAS Y CUENTOS,-74.14669999852777,4.6711999997496605,WGS 84 / Pseudo-Mercator,"EPSG:4326 (st_set_crs, sin transformar)","lon [-74.3933, -74.0162] lat [3.8295, 4.8239] sobre 2219 de 2221 filas con coordenada finita",plausible,colegios06_2025.gpkg,2025-06-30
311001108994,311001108994,COLEGIO PSICOPEDAGOGICO CENTENARIO,COLEGIO PSICOPEDAGOGICO CENTENARIO,-74.15129999816418,4.674899999052286,WGS 84 / Pseudo-Mercator,"EPSG:4326 (st_set_crs, sin transformar)","lon [-74.3933, -74.0162] lat [3.8295, 4.8239] sobre 2219 de 2221 filas con coordenada finita",plausible,colegios06_2025.gpkg,2025-06-30
311001109800,311001109800,JARDIN INFANTIL LA CASITA DE MICKEY,JARDIN INFANTIL LA CASITA DE MICKEY,-74.11859999969602,4.663199998438358,WGS 84 / Pseudo-Mercator,"EPSG:4326 (st_set_crs, sin transformar)","lon [-74.3933, -74.0162] lat [3.8295, 4.8239] sobre 2219 de 2221 filas con coordenada finita",plausible,colegios06_2025.gpkg,2025-06-30
311001109958,311001109958,COLEGIO TECNISISTEMAS,COLEGIO TECNISISTEMAS,-74.13899999856949,4.679099999368191,WGS 84 / Pseudo-Mercator,"EPSG:4326 (st_set_crs, sin transformar)","lon [-74.3933, -74.0162] lat [3.8295, 4.8239] sobre 2219 de 2221 filas con coordenada finita",plausible,colegios06_2025.gpkg,2025-06-30
311001800189,311001800189,NUEVO GIMNASIO INFANTIL MODERNO,NUEVO GIMNASIO INFANTIL MODERNO,-74.11840000003576,4.6693999990820885,WGS 84 / Pseudo-Mercator,"EPSG:4326 (st_set_crs, sin transformar)","lon [-74.3933, -74.0162] lat [3.8295, 4.8239] sobre 2219 de 2221 filas con coordenada finita",plausible,colegios06_2025.gpkg,2025-06-30
311001800970,311001800970,COLEGIO MARCO AURELIO,COLEGIO MARCO AURELIO,-74.13729999959469,4.671100001782179,WGS 84 / Pseudo-Mercator,"EPSG:4326 (st_set_crs, sin transformar)","lon [-74.3933, -74.0162] lat [3.8295, 4.8239] sobre 2219 de 2221 filas con coordenada finita",plausible,colegios06_2025.gpkg,2025-06-30
311001801402,311001801402,COLEGIO LIDERES DEL MAÑANA,COLEGIO LIDERES DEL MAÑANA,-74.15089999884367,4.671900000423193,WGS 84 / Pseudo-Mercator,"EPSG:4326 (st_set_crs, sin transformar)","lon [-74.3933, -74.0162] lat [3.8295, 4.8239] sobre 2219 de 2221 filas con coordenada finita",plausible,colegios06_2025.gpkg,2025-06-30
311279000027,311279000027,LICEO MARIA GORETTI,LICEO MARIA GORETTI,-74.14160000160336,4.680900000035763,WGS 84 / Pseudo-Mercator,"EPSG:4326 (st_set_crs, sin transformar)","lon [-74.3933, -74.0162] lat [3.8295, 4.8239] sobre 2219 de 2221 filas con coordenada finita",plausible,colegios06_2025.gpkg,2025-06-30
311279000035,311279000035,COLEGIO DEL DIVINO NIÑO,COLEGIO DEL DIVINO NIÑO,-74.138799998909235,4.674699999392033,WGS 84 / Pseudo-Mercator,"EPSG:4326 (st_set_crs, sin transformar)","lon [-74.3933, -74.0162] lat [3.8295, 4.8239] sobre 2219 de 2221 filas con coordenada finita",plausible,colegios06_2025.gpkg,2025-06-30
311279000043,311279000043,CENTRO DE ENSEÑANZA MEDIA COMERCIAL NUESTRA SEÑORA DEL CARMEN,CENTRO DE ENSEÑANZA MEDIA COMERCIAL NUESTRA SEÑORA DEL CARMEN,-74.14220000058413,4.67680000141263,WGS 84 / Pseudo-Mercator,"EPSG:4326 (st_set_crs, sin transformar)","lon [-74.3933, -74.0162] lat [3.8295, 4.8239] sobre 2219 de 2221 filas con coordenada finita",plausible,colegios06_2025.gpkg,2025-06-30
311279000094,311279000094,COLEGIO PARROQUIAL SAN PEDRO CLAVER,COLEGIO PARROQUIAL SAN PEDRO CLAVER,-74.14429999887943,4.672899998724461,WGS 84 / Pseudo-Mercator,"EPSG:4326 (st_set_crs, sin transformar)","lon [-74.3933, -74.0162] lat [3.8295, 4.8239] sobre 2219 de 2221 filas con coordenada finita",plausible,colegios06_2025.gpkg,2025-06-30
311279000281,311279000281,COLEGIO SANTA ANA,COLEGIO SANTA ANA,-74.14589999988675,4.676100000739098,WGS 84 / Pseudo-Mercator,"EPSG:4326 (st_set_crs, sin transformar)","lon [-74.3933, -74.0162] lat [3.8295, 4.8239] sobre 2219 de 2221 filas con coordenada finita",plausible,colegios06_2025.gpkg,2025-06-30
311279000311,311279000311,COLEGIO DE NUESTRA SEÑORA DEL PERPETUO SOCORRO,COLEGIO DE NUESTRA SEÑORA DEL PERPETUO SOCORRO,-74.14930000156164,4.676899999380112,WGS 84 / Pseudo-Mercator,"EPSG:4326 (st_set_crs, sin transformar)","lon [-74.3933, -74.0162] lat [3.8295, 4.8239] sobre 2219 de 2221 filas con coordenada finita",plausible,colegios06_2025.gpkg,2025-06-30
311279000353,311279000353,COLEGIO DE LOS ANDES,COLEGIO DE LOS ANDES,-74.14009999856353,4.678100001066923,WGS 84 / Pseudo-Mercator,"EPSG:4326 (st_set_crs, sin transformar)","lon [-74.3933, -74.0162] lat [3.8295, 4.8239] sobre 2219 de 2221 filas con coordenada finita",plausible,colegios06_2025.gpkg,2025-06-30
311279000370,311279000370,COLEGIO TERESITA DE LISIEUX,COLEGIO TERESITA DE LISIEUX,-74.13729999959469,4.671100001782179,WGS 84 / Pseudo-Mercator,"EPSG:4326 (st_set_crs, sin transformar)","lon [-74.3933, -74.0162] lat [3.8295, 4.8239] sobre 2219 de 2221 filas con coordenada finita",plausible,colegios06_2025.gpkg,2025-06-30
311279000396,311279000396,COLEGIO PARROQUIAL SAN JOSE,COLEGIO PARROQUIAL SAN JOSE,-74.13360000029206,4.681800000369549,WGS 84 / Pseudo-Mercator,"EPSG:4326 (st_set_crs, sin transformar)","lon [-74.3933, -74.0162] lat [3.8295, 4.8239] sobre 2219 de 2221 filas con coordenada finita",plausible,colegios06_2025.gpkg,2025-06-30
311279000426,311279000426,COLEGIO SANTA TERESA DE JESUS,COLEGIO SANTA TERESA DE JESUS,-74.1427000015974,4.674300000071526,WGS 84 / Pseudo-Mercator,"EPSG:4326 (st_set_crs, sin transformar)","lon [-74.3933, -74.0162] lat [3.8295, 4.8239] sobre 2219 de 2221 filas con coordenada finita",plausible,colegios06_2025.gpkg,2025-06-30
311279000451,311279000451,GIMNASIO LOS ANGELES,GIMNASIO LOS ANGELES,-74.13870000094175,4.675500001758337,WGS 84 / Pseudo-Mercator,"EPSG:4326 (st_set_crs, sin transformar)","lon [-74.3933, -74.0162] lat [3.8295, 4.8239] sobre 2219 de 2221 filas con coordenada finita",plausible,colegios06_2025.gpkg,2025-06-30
311279000779,311279000779,COLEGIO PARROQUIAL NUESTRA SEÑORA DEL ROSARIO,COLEGIO PARROQUIAL NUESTRA SEÑORA DEL ROSARIO,-74.14330000057817,4.688099998980761,WGS 84 / Pseudo-Mercator,"EPSG:4326 (st_set_crs, sin transformar)","lon [-74.3933, -74.0162] lat [3.8295, 4.8239] sobre 2219 de 2221 filas con coordenada finita",plausible,colegios06_2025.gpkg,2025-06-30
311279000876,311279000876,COLEGIO PSICOPEDAGOGICO DE FONTIBON,COLEGIO PSICOPEDAGOGICO DE FONTIBON,-74.14919999986887,4.677999999374151,WGS 84 / Pseudo-Mercator,"EPSG:4326 (st_set_crs, sin transformar)","lon [-74.3933, -74.0162] lat [3.8295, 4.8239] sobre 2219 de 2221 filas con coordenada finita",plausible,colegios06_2025.gpkg,2025-06-30
311279000906,311279000906,INSTITUTO LA ANUNCIACION,INSTITUTO LA ANUNCIACION,-74.14649999886751,4.6726000010967255,WGS 84 / Pseudo-Mercator,"EPSG:4326 (st_set_crs, sin transformar)","lon [-74.3933, -74.0162] lat [3.8295, 4.8239] sobre 2219 de 2221 filas con coordenada finita",plausible,colegios06_2025.gpkg,2025-06-30
311279001066,311279001066,LICEO MARIA LEONZA,LICEO MARIA LEONZA,-74.14880000054836,4.678700000047684,WGS 84 / Pseudo-Mercator,"EPSG:4326 (st_set_crs, sin transformar)","lon [-74.3933, -74.0162] lat [3.8295, 4.8239] sobre 2219 de 2221 filas con coordenada finita",plausible,colegios06_2025.gpkg,2025-06-30
311279001236,311279001236,COLEGIO MILITAR JOSE ANTONIO GALAN,COLEGIO MILITAR JOSE ANTONIO GALAN,-74.14719999954104,4.67509999871254,WGS 84 / Pseudo-Mercator,"EPSG:4326 (st_set_crs, sin transformar)","lon [-74.3933, -74.0162] lat [3.8295, 4.8239] sobre 2219 de 2221 filas con coordenada finita",plausible,colegios06_2025.gpkg,2025-06-30
311279001384,311279001384,INSTITUTO INFANTIL LA ESPERANZA,INSTITUTO INFANTIL LA ESPERANZA,-74.1482000015676,4.679299999028444,WGS 84 / Pseudo-Mercator,"EPSG:4326 (st_set_crs, sin transformar)","lon [-74.3933, -74.0162] lat [3.8295, 4.8239] sobre 2219 de 2221 filas con coordenada finita",plausible,colegios06_2025.gpkg,2025-06-30
311279001406,311279001406,GIMNASIO INTEGRAL MODERNO,GIMNASIO INTEGRAL MODERNO,-74.14169999957085,4.674600001424551,WGS 84 / Pseudo-Mercator,"EPSG:4326 (st_set_crs, sin transformar)","lon [-74.3933, -74.0162] lat [3.8295, 4.8239] sobre 2219 de 2221 filas con coordenada finita",plausible,colegios06_2025.gpkg,2025-06-30
111001000272,111001000272,COLEGIO INSTITUTO TECNICO LAUREANO GOMEZ (IED),LAUREANO GOMEZ,-74.10139999911189,4.717999998480082,WGS 84 / Pseudo-Mercator,"EPSG:4326 (st_set_crs, sin transformar)","lon [-74.3933, -74.0162] lat [3.8295, 4.8239] sobre 2219 de 2221 filas con coordenada finita",plausible,colegios06_2025.gpkg,2025-06-30
111001029122,111001000272,COLEGIO INSTITUTO TECNICO LAUREANO GOMEZ (IED),BACHUE,-74.10200000181794,4.718600001186132,WGS 84 / Pseudo-Mercator,"EPSG:4326 (st_set_crs, sin transformar)","lon [-74.3933, -74.0162] lat [3.8295, 4.8239] sobre 2219 de 2221 filas con coordenada finita",plausible,colegios06_2025.gpkg,2025-06-30
111001001121,111001001121,COLEGIO MARCO TULIO FERNANDEZ (IED),MARIANO OSPINA PEREZ,-74.10229999944568,4.674300000071526,WGS 84 / Pseudo-Mercator,"EPSG:4326 (st_set_crs, sin transformar)","lon [-74.3933, -74.0162] lat [3.8295, 4.8239] sobre 2219 de 2221 filas con coordenada finita",plausible,colegios06_2025.gpkg,2025-06-30
111001013544,111001001121,COLEGIO MARCO TULIO FERNANDEZ (IED),MERCEDES DE FERNANDEZ,-74.10159999877214,4.673700001090765,WGS 84 / Pseudo-Mercator,"EPSG:4326 (st_set_crs, sin transformar)","lon [-74.3933, -74.0162] lat [3.8295, 4.8239] sobre 2219 de 2221 filas con coordenada finita",plausible,colegios06_2025.gpkg,2025-06-30
111001013536,111001001121,COLEGIO MARCO TULIO FERNANDEZ (IED),SAN JOAQUIN,-74.10000000149012,4.675799999386072,WGS 84 / Pseudo-Mercator,"EPSG:4326 (st_set_crs, sin transformar)","lon [-74.3933, -74.0162] lat [3.8295, 4.8239] sobre 2219 de 2221 filas con coordenada finita",plausible,colegios06_2025.gpkg,2025-06-30
111001013480,111001001121,COLEGIO MARCO TULIO FERNANDEZ (IED),SAN IGNACIO,-74.11169999837875,4.674100000411272,WGS 84 / Pseudo-Mercator,"EPSG:4326 (st_set_crs, sin transformar)","lon [-74.3933, -74.0162] lat [3.8295, 4.8239] sobre 2219 de 2221 filas con coordenada finita",plausible,colegios06_2025.gpkg,2025-06-30
111001001538,111001001538,COLEGIO NUEVA CONSTITUCION (IED),NUEVA CONSTITUCION,-74.12180000171065,4.710900001227856,WGS 84 / Pseudo-Mercator,"EPSG:4326 (st_set_crs, sin transformar)","lon [-74.3933, -74.0162] lat [3.8295, 4.8239] sobre 2219 de 2221 filas con coordenada finita",plausible,colegios06_2025.gpkg,2025-06-30
111001006483,111001006483,COLEGIO ANTONIO NARIÑO (IED),ANTONIO NARIÑO,-74.10399999842048,4.6858000010252,WGS 84 / Pseudo-Mercator,"EPSG:4326 (st_set_crs, sin transformar)","lon [-74.3933, -74.0162] lat [3.8295, 4.8239] sobre 2219 de 2221 filas con coordenada finita",plausible,colegios06_2025.gpkg,2025-06-30
111001013528,111001006483,COLEGIO ANTONIO NARIÑO (IED),LA CONSOLACION,-74.10069999843836,4.68299999833107,WGS 84 / Pseudo-Mercator,"EPSG:4326 (st_set_crs, sin transformar)","lon [-74.3933, -74.0162] lat [3.8295, 4.8239] sobre 2219 de 2221 filas con coordenada finita",plausible,colegios06_2025.gpkg,2025-06-30
111001009521,111001009521,COLEGIO ROBERT F. KENNEDY (IED),ROBERT F. KENNEDY,-74.10130000114441,4.679000001400709,WGS 84 / Pseudo-Mercator,"EPSG:4326 (st_set_crs, sin transformar)","lon [-74.3933, -74.0162] lat [3.8295, 4.8239] sobre 2219 de 2221 filas con coordenada finita",plausible,colegios06_2025.gpkg,2025-06-30
111001013510,111001009521,COLEGIO ROBERT F. KENNEDY (IED),EL REAL,-74.1042999997735,4.683100000023842,WGS 84 / Pseudo-Mercator,"EPSG:4326 (st_set_crs, sin transformar)","lon [-74.3933, -74.0162] lat [3.8295, 4.8239] sobre 2219 de 2221 filas con coordenada finita",plausible,colegios06_2025.gpkg,2025-06-30
111001009580,111001009580,COLEGIO INSTITUTO TECNICO JUAN DEL CORRAL (IED),JUAN DEL CORRAL,-74.08249999955297,4.687199998646975,WGS 84 / Pseudo-Mercator,"EPSG:4326 (st_set_crs, sin transformar)","lon [-74.3933, -74.0162] lat [3.8295, 4.8239] sobre 2219 de 2221 filas con coordenada finita",plausible,colegios06_2025.gpkg,2025-06-30
111001015199,111001009580,COLEGIO INSTITUTO TECNICO JUAN DEL CORRAL (IED),SANTA FE DE BOGOTA,-74.08210000023246,4.684399999678135,WGS 84 / Pseudo-Mercator,"EPSG:4326 (st_set_crs, sin transformar)","lon [-74.3933, -74.0162] lat [3.8295, 4.8239] sobre 2219 de 2221 filas con coordenada finita",plausible,colegios06_2025.gpkg,2025-06-30
111001009971,111001009971,COLEGIO REPUBLICA DE COLOMBIA (IED),REPUBLICA DE COLOMBIA,-74.0916000008583,4.677400000393391,WGS 84 / Pseudo-Mercator,"EPSG:4326 (st_set_crs, sin transformar)","lon [-74.3933, -74.0162] lat [3.8295, 4.8239] sobre 2219 de 2221 filas con coordenada finita",plausible,colegios06_2025.gpkg,2025-06-30
111001015385,111001009971,COLEGIO REPUBLICA DE COLOMBIA (IED),REPUBLICA DE CHILE,-74.09149999916553,4.678899999707937,WGS 84 / Pseudo-Mercator,"EPSG:4326 (st_set_crs, sin transformar)","lon [-74.3933, -74.0162] lat [3.8295, 4.8239] sobre 2219 de 2221 filas con coordenada finita",plausible,colegios06_2025.gpkg,2025-06-30
111001015415,111001009971,COLEGIO REPUBLICA DE COLOMBIA (IED),NUEVA ESTRADA,-74.0890999995172,4.680399999022484,WGS 84 / Pseudo-Mercator,"EPSG:4326 (st_set_crs, sin transformar)","lon [-74.3933, -74.0162] lat [3.8295, 4.8239] sobre 2219 de 2221 filas con coordenada finita",plausible,colegios06_2025.gpkg,2025-06-30
111001010740,111001010740,COLEGIO INSTITUTO TECNICO INDUSTRIAL FRANCISCO JOSE DE CALDAS (IED),FRANCISCO JOSE DE CALDAS,-74.0954000018537,4.6689000017941,WGS 84 / Pseudo-Mercator,"EPSG:4326 (st_set_crs, sin transformar)","lon [-74.3933, -74.0162] lat [3.8295, 4.8239] sobre 2219 de 2221 filas con coordenada finita",plausible,colegios06_2025.gpkg,2025-06-30
111001015351,111001010740,COLEGIO INSTITUTO TECNICO INDUSTRIAL FRANCISCO JOSE DE CALDAS (IED),CIUDAD DE HONDA,-74.09360000118613,4.672899998724461,WGS 84 / Pseudo-Mercator,"EPSG:4326 (st_set_crs, sin transformar)","lon [-74.3933, -74.0162] lat [3.8295, 4.8239] sobre 2219 de 2221 filas con coordenada finita",plausible,colegios06_2025.gpkg,2025-06-30
111001015431,111001010740,COLEGIO INSTITUTO TECNICO INDUSTRIAL FRANCISCO JOSE DE CALDAS (IED),CLEMENCIA DE CAYCEDO,-74.08989999815822,4.6766000017523766,WGS 84 / Pseudo-Mercator,"EPSG:4326 (st_set_crs, sin transformar)","lon [-74.3933, -74.0162] lat [3.8295, 4.8239] sobre 2219 de 2221 filas con coordenada finita",plausible,colegios06_2025.gpkg,2025-06-30
111001015393,111001010740,COLEGIO INSTITUTO TECNICO INDUSTRIAL FRANCISCO JOSE DE CALDAS (IED),DAMASO ZAPATA,-74.08989999815822,4.6766000017523766,WGS 84 / Pseudo-Mercator,"EPSG:4326 (st_set_crs, sin transformar)","lon [-74.3933, -74.0162] lat [3.8295, 4.8239] sobre 2219 de 2221 filas con coordenada finita",plausible,colegios06_2025.gpkg,2025-06-30
111001011070,111001011070,COLEGIO MIGUEL ANTONIO CARO (IED),MIGUEL ANTONIO CARO,-74.10489999875426,4.708299998193979,WGS 84 / Pseudo-Mercator,"EPSG:4326 (st_set_crs, sin transformar)","lon [-74.3933, -74.0162] lat [3.8295, 4.8239] sobre 2219 de 2221 filas con coordenada finita",plausible,colegios06_2025.gpkg,2025-06-30
111001011771,111001011771,COLEGIO JOSE ASUNCION SILVA (IED),JOSE ASUNCION SILVA,-74.09849999845028,4.712699998170137,WGS 84 / Pseudo-Mercator,"EPSG:4326 (st_set_crs, sin transformar)","lon [-74.3933, -74.0162] lat [3.8295, 4.8239] sobre 2219 de 2221 filas con coordenada finita",plausible,colegios06_2025.gpkg,2025-06-30
111001024708,111001011771,COLEGIO JOSE ASUNCION SILVA (IED),SIDAUTO,-74.09600000083447,4.71339999884367,WGS 84 / Pseudo-Mercator,"EPSG:4326 (st_set_crs, sin transformar)","lon [-74.3933, -74.0162] lat [3.8295, 4.8239] sobre 2219 de 2221 filas con coordenada finita",plausible,colegios06_2025.gpkg,2025-06-30
111001012441,111001012441,COLEGIO MORISCO (IED),MORISCO,-74.09050000086427,4.7056000009179115,WGS 84 / Pseudo-Mercator,"EPSG:4326 (st_set_crs, sin transformar)","lon [-74.3933, -74.0162] lat [3.8295, 4.8239] sobre 2219 de 2221 filas con coordenada finita",plausible,colegios06_2025.gpkg,2025-06-30
111001012459,111001012459,COLEGIO SAN JOSE NORTE (IED),SAN JOSE NORTE,-74.10200000181794,4.6992999985814095,WGS 84 / Pseudo-Mercator,"EPSG:4326 (st_set_crs, sin transformar)","lon [-74.3933, -74.0162] lat [3.8295, 4.8239] sobre 2219 de 2221 filas con coordenada finita",plausible,colegios06_2025.gpkg,2025-06-30
111001033944,111001012459,COLEGIO SAN JOSE NORTE (IED),AGUAS CLARAS,-74.10280000045896,4.695900000631809,WGS 84 / Pseudo-Mercator,"EPSG:4326 (st_set_crs, sin transformar)","lon [-74.3933, -74.0162] lat [3.8295, 4.8239] sobre 2219 de 2221 filas con coordenada finita",plausible,colegios06_2025.gpkg,2025-06-30
111001012483,111001012483,COLEGIO TABORA (IED),TABORA,-74.09800000116229,4.693999998271465,WGS 84 / Pseudo-Mercator,"EPSG:4326 (st_set_crs, sin transformar)","lon [-74.3933, -74.0162] lat [3.8295, 4.8239] sobre 2219 de 2221 filas con coordenada finita",plausible,colegios06_2025.gpkg,2025-06-30
111001013099,111001012483,COLEGIO TABORA (IED),SANTA MARIA DEL LAGO,-74.09479999914765,4.691700000315905,WGS 84 / Pseudo-Mercator,"EPSG:4326 (st_set_crs, sin transformar)","lon [-74.3933, -74.0162] lat [3.8295, 4.8239] sobre 2219 de 2221 filas con coordenada finita",plausible,colegios06_2025.gpkg,2025-06-30
111001013293,111001013293,COLEGIO NACIONES UNIDAS (IED),NACIONES UNIDAS,-74.08709999918938,4.680799998342991,WGS 84 / Pseudo-Mercator,"EPSG:4326 (st_set_crs, sin transformar)","lon [-74.3933, -74.0162] lat [3.8295, 4.8239] sobre 2219 de 2221 filas con coordenada finita",plausible,colegios06_2025.gpkg,2025-06-30
111001015181,111001013293,COLEGIO NACIONES UNIDAS (IED),JAIRO ANIBAL NIÑO,-74.08859999850392,4.684399999678135,WGS 84 / Pseudo-Mercator,"EPSG:4326 (st_set_crs, sin transformar)","lon [-74.3933, -74.0162] lat [3.8295, 4.8239] sobre 2219 de 2221 filas con coordenada finita",plausible,colegios06_2025.gpkg,2025-06-30
111001015458,111001015458,COLEGIO FLORIDABLANCA (IED),FLORIDABLANCA,-74.11430000141263,4.697999998927116,WGS 84 / Pseudo-Mercator,"EPSG:4326 (st_set_crs, sin transformar)","lon [-74.3933, -74.0162] lat [3.8295, 4.8239] sobre 2219 de 2221 filas con coordenada finita",plausible,colegios06_2025.gpkg,2025-06-30
111001015342,111001015458,COLEGIO FLORIDABLANCA (IED),RAFAEL POMBO,-74.1114999987185,4.691500000655651,WGS 84 / Pseudo-Mercator,"EPSG:4326 (st_set_crs, sin transformar)","lon [-74.3933, -74.0162] lat [3.8295, 4.8239] sobre 2219 de 2221 filas con coordenada finita",plausible,colegios06_2025.gpkg,2025-06-30
111001033995,111001015458,COLEGIO FLORIDABLANCA (IED),FLORIDABLANCA II,-74.11039999872446,4.696800000965595,WGS 84 / Pseudo-Mercator,"EPSG:4326 (st_set_crs, sin transformar)","lon [-74.3933, -74.0162] lat [3.8295, 4.8239] sobre 2219 de 2221 filas con coordenada finita",plausible,colegios06_2025.gpkg,2025-06-30
111001015806,111001015806,COLEGIO JORGE GAITAN CORTES (IED),JORGE GAITAN CORTES,-74.09910000115633,4.708799999207258,WGS 84 / Pseudo-Mercator,"EPSG:4326 (st_set_crs, sin transformar)","lon [-74.3933, -74.0162] lat [3.8295, 4.8239] sobre 2219 de 2221 filas con coordenada finita",plausible,colegios06_2025.gpkg,2025-06-30
111001013561,111001015806,COLEGIO JORGE GAITAN CORTES (IED),LA ESPAÑOLA,-74.09789999946952,4.704799998551607,WGS 84 / Pseudo-Mercator,"EPSG:4326 (st_set_crs, sin transformar)","lon [-74.3933, -74.0162] lat [3.8295, 4.8239] sobre 2219 de 2221 filas con coordenada finita",plausible,colegios06_2025.gpkg,2025-06-30
111001013609,111001015806,COLEGIO JORGE GAITAN CORTES (IED),ANDALUCIA,-74.09650000184774,4.703099999576807,WGS 84 / Pseudo-Mercator,"EPSG:4326 (st_set_crs, sin transformar)","lon [-74.3933, -74.0162] lat [3.8295, 4.8239] sobre 2219 de 2221 filas con coordenada finita",plausible,colegios06_2025.gpkg,2025-06-30
111001015814,111001015814,COLEGIO REPUBLICA DE CHINA (IED),REPUBLICA DE CHINA,-74.10379999876022,4.707699999213219,WGS 84 / Pseudo-Mercator,"EPSG:4326 (st_set_crs, sin transformar)","lon [-74.3933, -74.0162] lat [3.8295, 4.8239] sobre 2219 de 2221 filas con coordenada finita",plausible,colegios06_2025.gpkg,2025-06-30
111001015784,111001015814,COLEGIO REPUBLICA DE CHINA (IED),PRIMAVERA NORTE,-74.1059999987483,4.706000000238419,WGS 84 / Pseudo-Mercator,"EPSG:4326 (st_set_crs, sin transformar)","lon [-74.3933, -74.0162] lat [3.8295, 4.8239] sobre 2219 de 2221 filas con coordenada finita",plausible,colegios06_2025.gpkg,2025-06-30
111001017795,111001017795,COLEGIO MAGDALENA ORTEGA DE NARIÑO (IED),MAGDALENA ORTEGA DE NARIÑO,-74.0832000002265,4.686599999666214,WGS 84 / Pseudo-Mercator,"EPSG:4326 (st_set_crs, sin transformar)","lon [-74.3933, -74.0162] lat [3.8295, 4.8239] sobre 2219 de 2221 filas con coordenada finita",plausible,colegios06_2025.gpkg,2025-06-30
111001025216,111001025216,COLEGIO VILLA AMALIA (IED),VILLA AMALIA,-74.12590000033379,4.710900001227856,WGS 84 / Pseudo-Mercator,"EPSG:4326 (st_set_crs, sin transformar)","lon [-74.3933, -74.0162] lat [3.8295, 4.8239] sobre 2219 de 2221 filas con coordenada finita",plausible,colegios06_2025.gpkg,2025-06-30
111001028207,111001028207,ESCUELA PEDAGOGICA INTEGRAL IDIPRON,ESCUELA PEDAGOGICA INTEGRAL IDIPRON,-74.14469999819994,4.722100000828505,WGS 84 / Pseudo-Mercator,"EPSG:4326 (st_set_crs, sin transformar)","lon [-74.3933, -74.0162] lat [3.8295, 4.8239] sobre 2219 de 2221 filas con coordenada finita",plausible,colegios06_2025.gpkg,2025-06-30
111001033979,111001033979,COLEGIO GARCES NAVAS (IED),GARCES NAVAS III,-74.11719999834895,4.710400000214577,WGS 84 / Pseudo-Mercator,"EPSG:4326 (st_set_crs, sin transformar)","lon [-74.3933, -74.0162] lat [3.8295, 4.8239] sobre 2219 de 2221 filas con coordenada finita",plausible,colegios06_2025.gpkg,2025-06-30
111001015831,111001033979,COLEGIO GARCES NAVAS (IED),GARCES NAVAS II,-74.11650000140071,4.711599998176098,WGS 84 / Pseudo-Mercator,"EPSG:4326 (st_set_crs, sin transformar)","lon [-74.3933, -74.0162] lat [3.8295, 4.8239] sobre 2219 de 2221 filas con coordenada finita",plausible,colegios06_2025.gpkg,2025-06-30
111001034002,111001034002,COLEGIO GUILLERMO LEON VALENCIA (IED),GUILLERMO LEON VALENCIA,-74.1085000000894,4.7043999992311,WGS 84 / Pseudo-Mercator,"EPSG:4326 (st_set_crs, sin transformar)","lon [-74.3933, -74.0162] lat [3.8295, 4.8239] sobre 2219 de 2221 filas con coordenada finita",plausible,colegios06_2025.gpkg,2025-06-30
111001035521,111001035521,COLEGIO NESTOR FORERO ALCALA (IED),NESTOR FORERO ALCALA,-74.09349999949336,4.683800000697374,WGS 84 / Pseudo-Mercator,"EPSG:4326 (st_set_crs, sin transformar)","lon [-74.3933, -74.0162] lat [3.8295, 4.8239] sobre 2219 de 2221 filas con coordenada finita",plausible,colegios06_2025.gpkg,2025-06-30
111001018236,111001035521,COLEGIO NESTOR FORERO ALCALA (IED),CLUB DEL COMERCIO,-74.0932999998331,4.682000000029802,WGS 84 / Pseudo-Mercator,"EPSG:4326 (st_set_crs, sin transformar)","lon [-74.3933, -74.0162] lat [3.8295, 4.8239] sobre 2219 de 2221 filas con coordenada finita",plausible,colegios06_2025.gpkg,2025-06-30
111001018139,111001035521,COLEGIO NESTOR FORERO ALCALA (IED),NUEVO LAUREL,-74.09409999847412,4.681400001049042,WGS 84 / Pseudo-Mercator,"EPSG:4326 (st_set_crs, sin transformar)","lon [-74.3933, -74.0162] lat [3.8295, 4.8239] sobre 2219 de 2221 filas con coordenada finita",plausible,colegios06_2025.gpkg,2025-06-30
111001036625,111001036625,COLEGIO INSTITUTO TECNICO DISTRITAL REPUBLICA DE GUATEMALA (IED),REPUBLICA DE GUATEMALA,-74.08680000156164,4.690200001001358,WGS 84 / Pseudo-Mercator,"EPSG:4326 (st_set_crs, sin transformar)","lon [-74.3933, -74.0162] lat [3.8295, 4.8239] sobre 2219 de 2221 filas con coordenada finita",plausible,colegios06_2025.gpkg,2025-06-30
111001046299,111001046299,COLEGIO MANUELA AYALA DE GAITAN (IED),MANUELA AYALA DE GAITAN,-74.09950000047684,4.6882000006735325,WGS 84 / Pseudo-Mercator,"EPSG:4326 (st_set_crs, sin transformar)","lon [-74.3933, -74.0162] lat [3.8295, 4.8239] sobre 2219 de 2221 filas con coordenada finita",plausible,colegios06_2025.gpkg,2025-06-30
111001018228,111001046299,COLEGIO MANUELA AYALA DE GAITAN (IED),CARLOS LLERAS RESTREPO,-74.10330000147223,4.688900001347065,WGS 84 / Pseudo-Mercator,"EPSG:4326 (st_set_crs, sin transformar)","lon [-74.3933, -74.0162] lat [3.8295, 4.8239] sobre 2219 de 2221 filas con coordenada finita",plausible,colegios06_2025.gpkg,2025-06-30
111001098922,111001098922,COLEGIO LAS MERCEDES (IED),COLEGIO LAS MERCEDES (IED) - SEDE PRINCIPAL,-74.12519999966025,4.7001999989151955,WGS 84 / Pseudo-Mercator,"EPSG:4326 (st_set_crs, sin transformar)","lon [-74.3933, -74.0162] lat [3.8295, 4.8239] sobre 2219 de 2221 filas con coordenada finita",plausible,colegios06_2025.gpkg,2025-06-30
111001098931,111001098931,COLEGIO TORQUIGUA (IED),COLEGIO TORQUIGUA (IED) - SEDE PRINCIPAL,-74.14389999955893,4.721599999815226,WGS 84 / Pseudo-Mercator,"EPSG:4326 (st_set_crs, sin transformar)","lon [-74.3933, -74.0162] lat [3.8295, 4.8239] sobre 2219 de 2221 filas con coordenada finita",plausible,colegios06_2025.gpkg,2025-06-30
111001104035,111001104035,COLEGIO BOLIVIA (IED),BOLIVIA,-74.08210000023246,4.684399999678135,WGS 84 / Pseudo-Mercator,"EPSG:4326 (st_set_crs, sin transformar)","lon [-74.3933, -74.0162] lat [3.8295, 4.8239] sobre 2219 de 2221 filas con coordenada finita",plausible,colegios06_2025.gpkg,2025-06-30
111001108456,111001108456,COLEGIO TOMAS CIPRIANO DE MOSQUERA (IED),TOMAS CIPRIANO DE MOSQUERA,-74.13459999859333,4.708099998533726,WGS 84 / Pseudo-Mercator,"EPSG:4326 (st_set_crs, sin transformar)","lon [-74.3933, -74.0162] lat [3.8295, 4.8239] sobre 2219 de 2221 filas con coordenada finita",plausible,colegios06_2025.gpkg,2025-06-30
111001108901,111001108901,COLEGIO CHARRY (IED),CHARRY,-74.12029999867082,4.714000001549721,WGS 84 / Pseudo-Mercator,"EPSG:4326 (st_set_crs, sin transformar)","lon [-74.3933, -74.0162] lat [3.8295, 4.8239] sobre 2219 de 2221 filas con coordenada finita",plausible,colegios06_2025.gpkg,2025-06-30
111001109550,111001109550,COLEGIO RODOLFO LLINAS (IED),RODOLFO LLINAS,-74.10909999907017,4.719700001180172,WGS 84 / Pseudo-Mercator,"EPSG:4326 (st_set_crs, sin transformar)","lon [-74.3933, -74.0162] lat [3.8295, 4.8239] sobre 2219 de 2221 filas con coordenada finita",plausible,colegios06_2025.gpkg,2025-06-30
111001801004,111001109550,COLEGIO RODOLFO LLINAS (IED),SEDE B,-74.10700000077486,4.719099998474121,WGS 84 / Pseudo-Mercator,"EPSG:4326 (st_set_crs, sin transformar)","lon [-74.3933, -74.0162] lat [3.8295, 4.8239] sobre 2219 de 2221 filas con coordenada finita",plausible,colegios06_2025.gpkg,2025-06-30
111001801055,111001801055,COLEGIO ABEL RODRIGUEZ CESPEDES (IED),COLEGIO ABEL RODRIGUEZ CESPEDES (IED),-74.12970000132918,4.716099999845028,WGS 84 / Pseudo-Mercator,"EPSG:4326 (st_set_crs, sin transformar)","lon [-74.3933, -74.0162] lat [3.8295, 4.8239] sobre 2219 de 2221 filas con coordenada finita",plausible,colegios06_2025.gpkg,2025-06-30
111001801071,111001801071,COLEGIO LUCILA RUBIO DE LAVERDE (IED),COLEGIO LUCILA RUBIO DE LAVERDE (IED),-74.1363999992609,4.725099999457598,WGS 84 / Pseudo-Mercator,"EPSG:4326 (st_set_crs, sin transformar)","lon [-74.3933, -74.0162] lat [3.8295, 4.8239] sobre 2219 de 2221 filas con coordenada finita",plausible,colegios06_2025.gpkg,2025-06-30
111265000017,111265000017,COLEGIO LA PALESTINA (IED),CENTRO DE ESTUDIOS DEL NIÑO,-74.09360000118613,4.697200000286102,WGS 84 / Pseudo-Mercator,"EPSG:4326 (st_set_crs, sin transformar)","lon [-74.3933, -74.0162] lat [3.8295, 4.8239] sobre 2219 de 2221 filas con coordenada finita",plausible,colegios06_2025.gpkg,2025-06-30
111850001410,111265000017,COLEGIO LA PALESTINA (IED),LA PALESTINA,-74.09400000050664,4.699700001627207,WGS 84 / Pseudo-Mercator,"EPSG:4326 (st_set_crs, sin transformar)","lon [-74.3933, -74.0162] lat [3.8295, 4.8239] sobre 2219 de 2221 filas con coordenada finita",plausible,colegios06_2025.gpkg,2025-06-30
111265000025,111265000025,COLEGIO GENERAL SANTANDER (IED),GENERAL SANTANDER,-74.14039999991655,4.716499999165535,WGS 84 / Pseudo-Mercator,"EPSG:4326 (st_set_crs, sin transformar)","lon [-74.3933, -74.0162] lat [3.8295, 4.8239] sobre 2219 de 2221 filas con coordenada finita",plausible,colegios06_2025.gpkg,2025-06-30
111001107042,111265000025,COLEGIO GENERAL SANTANDER (IED),CARDENAL LUQUE,-74.1414999999106,4.714999999850988,WGS 84 / Pseudo-Mercator,"EPSG:4326 (st_set_crs, sin transformar)","lon [-74.3933, -74.0162] lat [3.8295, 4.8239] sobre 2219 de 2221 filas con coordenada finita",plausible,colegios06_2025.gpkg,2025-06-30
111001110639,111265000025,COLEGIO GENERAL SANTANDER (IED),SEDE C,-74.13789999857545,4.7175999991595745,WGS 84 / Pseudo-Mercator,"EPSG:4326 (st_set_crs, sin transformar)","lon [-74.3933, -74.0162] lat [3.8295, 4.8239] sobre 2219 de 2221 filas con coordenada finita",plausible,colegios06_2025.gpkg,2025-06-30
111265000343,111265000343,COLEGIO ANTONIO VILLAVICENCIO (IED),ANTONIO VILLAVICENCIO,-74.13419999927282,4.705099999904633,WGS 84 / Pseudo-Mercator,"EPSG:4326 (st_set_crs, sin transformar)","lon [-74.3933, -74.0162] lat [3.8295, 4.8239] sobre 2219 de 2221 filas con coordenada finita",plausible,colegios06_2025.gpkg,2025-06-30
111001030601,111265000343,COLEGIO ANTONIO VILLAVICENCIO (IED),LOS LAURELES,-74.14029999822378,4.709199998527765,WGS 84 / Pseudo-Mercator,"EPSG:4326 (st_set_crs, sin transformar)","lon [-74.3933, -74.0162] lat [3.8295, 4.8239] sobre 2219 de 2221 filas con coordenada finita",plausible,colegios06_2025.gpkg,2025-06-30
111001800946,111265000343,COLEGIO ANTONIO VILLAVICENCIO (IED),BOSQUES DE MARIANA,-74.12640000134706,4.708299998193979,WGS 84 / Pseudo-Mercator,"EPSG:4326 (st_set_crs, sin transformar)","lon [-74.3933, -74.0162] lat [3.8295, 4.8239] sobre 2219 de 2221 filas con coordenada finita",plausible,colegios06_2025.gpkg,2025-06-30
111265000394,111265000394,COLEGIO SIMON BOLIVAR (IED),SIMON BOLIVAR,-74.09980000182986,4.711500000208616,WGS 84 / Pseudo-Mercator,"EPSG:4326 (st_set_crs, sin transformar)","lon [-74.3933, -74.0162] lat [3.8295, 4.8239] sobre 2219 de 2221 filas con coordenada finita",plausible,colegios06_2025.gpkg,2025-06-30
111001015792,111265000394,COLEGIO SIMON BOLIVAR (IED),MATILDE ANARAY,-74.09490000084043,4.708599999547005,WGS 84 / Pseudo-Mercator,"EPSG:4326 (st_set_crs, sin transformar)","lon [-74.3933, -74.0162] lat [3.8295, 4.8239] sobre 2219 de 2221 filas con coordenada finita",plausible,colegios06_2025.gpkg,2025-06-30
111265000408,111265000408,COLEGIO NIDIA QUINTERO DE TURBAY (IED),NIDYA QUINTERO DE TURBAY,-74.10819999873638,4.7019999995827675,WGS 84 / Pseudo-Mercator,"EPSG:4326 (st_set_crs, sin transformar)","lon [-74.3933, -74.0162] lat [3.8295, 4.8239] sobre 2219 de 2221 filas con coordenada finita",plausible,colegios06_2025.gpkg,2025-06-30
311001000531,311001000531,LICEO EL GRAN VIRREY,LICEO EL GRAN VIRREY,-74.12139999866486,4.70549999922514,WGS 84 / Pseudo-Mercator,"EPSG:4326 (st_set_crs, sin transformar)","lon [-74.3933, -74.0162] lat [3.8295, 4.8239] sobre 2219 de 2221 filas con coordenada finita",plausible,colegios06_2025.gpkg,2025-06-30
311001000859,311001000859,CENTRO COMERCIAL DE EDUCACION MEDIA MARGARITA BOSCO,CENTRO COMERCIAL DE EDUCACION MEDIA MARGARITA BOSCO,-74.1059999987483,4.676699999719858,WGS 84 / Pseudo-Mercator,"EPSG:4326 (st_set_crs, sin transformar)","lon [-74.3933, -74.0162] lat [3.8295, 4.8239] sobre 2219 de 2221 filas con coordenada finita",plausible,colegios06_2025.gpkg,2025-06-30
311001001081,311001001081,COLEGIO DE LA PRESENTACION DE LAS FERIAS,COLEGIO DE LA PRESENTACION DE LAS FERIAS,-74.08590000122786,4.685600001364946,WGS 84 / Pseudo-Mercator,"EPSG:4326 (st_set_crs, sin transformar)","lon [-74.3933, -74.0162] lat [3.8295, 4.8239] sobre 2219 de 2221 filas con coordenada finita",plausible,colegios06_2025.gpkg,2025-06-30
311001001090,311001001090,COLEGIO DE LA UNIVERSIDAD LIBRE,COLEGIO DE LA UNIVERSIDAD LIBRE,-74.10330000147223,4.668299999088049,WGS 84 / Pseudo-Mercator,"EPSG:4326 (st_set_crs, sin transformar)","lon [-74.3933, -74.0162] lat [3.8295, 4.8239] sobre 2219 de 2221 filas con coordenada finita",plausible,colegios06_2025.gpkg,2025-06-30
311001001707,311001001707,COLEGIO CENTRO LESTONNAC COMPAÑIA DE MARIA,COLEGIO CENTRO LESTONNAC COMPAÑIA DE MARIA,-74.09910000115633,4.708000000566244,WGS 84 / Pseudo-Mercator,"EPSG:4326 (st_set_crs, sin transformar)","lon [-74.3933, -74.0162] lat [3.8295, 4.8239] sobre 2219 de 2221 filas con coordenada finita",plausible,colegios06_2025.gpkg,2025-06-30
311001002908,311001002908,INSTITUTO NUESTRA SEÑORA DEL AMPARO,INSTITUTO NUESTRA SEÑORA DEL AMPARO,-74.10610000044107,4.665199998766184,WGS 84 / Pseudo-Mercator,"EPSG:4326 (st_set_crs, sin transformar)","lon [-74.3933, -74.0162] lat [3.8295, 4.8239] sobre 2219 de 2221 filas con coordenada finita",plausible,colegios06_2025.gpkg,2025-06-30
311001005249,311001005249,LICEO LA ESPAÑOLA GABRIEL ANZOLA GOMEZ,LICEO LA ESPAÑOLA GABRIEL ANZOLA GOMEZ,-74.09279999881983,4.704799998551607,WGS 84 / Pseudo-Mercator,"EPSG:4326 (st_set_crs, sin transformar)","lon [-74.3933, -74.0162] lat [3.8295, 4.8239] sobre 2219 de 2221 filas con coordenada finita",plausible,colegios06_2025.gpkg,2025-06-30
311001005273,311001005273,INSTITUTO HENAO Y ARRUBLA,INSTITUTO HENAO Y ARRUBLA,-74.09169999882579,4.688099998980761,WGS 84 / Pseudo-Mercator,"EPSG:4326 (st_set_crs, sin transformar)","lon [-74.3933, -74.0162] lat [3.8295, 4.8239] sobre 2219 de 2221 filas con coordenada finita",plausible,colegios06_2025.gpkg,2025-06-30
311001008621,311001008621,COLEGIO REAL ESCANDINAVO,COLEGIO REAL ESCANDINAVO,-74.1068000011146,4.668099999427795,WGS 84 / Pseudo-Mercator,"EPSG:4326 (st_set_crs, sin transformar)","lon [-74.3933, -74.0162] lat [3.8295, 4.8239] sobre 2219 de 2221 filas con coordenada finita",plausible,colegios06_2025.gpkg,2025-06-30
311001008680,311001008680,INSTITUTO TECNICO INDUSTRIAL CENTRO DON BOSCO,INSTITUTO TECNICO INDUSTRIAL CENTRO DON BOSCO,-74.10770000144839,4.661400001496077,WGS 84 / Pseudo-Mercator,"EPSG:4326 (st_set_crs, sin transformar)","lon [-74.3933, -74.0162] lat [3.8295, 4.8239] sobre 2219 de 2221 filas con coordenada finita",plausible,colegios06_2025.gpkg,2025-06-30
311001009031,311001009031,COLEGIO EL MINUTO DE DIOS,COLEGIO EL MINUTO DE DIOS,-74.0903999991715,4.699000000953674,WGS 84 / Pseudo-Mercator,"EPSG:4326 (st_set_crs, sin transformar)","lon [-74.3933, -74.0162] lat [3.8295, 4.8239] sobre 2219 de 2221 filas con coordenada finita",plausible,colegios06_2025.gpkg,2025-06-30
311001009741,311001009741,LICEO CARRION,LICEO CARRION,-74.09389999881387,4.707800000905991,WGS 84 / Pseudo-Mercator,"EPSG:4326 (st_set_crs, sin transformar)","lon [-74.3933, -74.0162] lat [3.8295, 4.8239] sobre 2219 de 2221 filas con coordenada finita",plausible,colegios06_2025.gpkg,2025-06-30
311001011109,311001011109,COLEGIO RR OBLATAS AL DIVINO AMOR,COLEGIO RR OBLATAS AL DIVINO AMOR,-74.10649999976158,4.669100001454353,WGS 84 / Pseudo-Mercator,"EPSG:4326 (st_set_crs, sin transformar)","lon [-74.3933, -74.0162] lat [3.8295, 4.8239] sobre 2219 de 2221 filas con coordenada finita",plausible,colegios06_2025.gpkg,2025-06-30
311001016836,311001016836,COLEGIO MONTERREY,COLEGIO MONTERREY,-74.094999998807907,4.707499999552965,WGS 84 / Pseudo-Mercator,"EPSG:4326 (st_set_crs, sin transformar)","lon [-74.3933, -74.0162] lat [3.8295, 4.8239] sobre 2219 de 2221 filas con coordenada finita",plausible,colegios06_2025.gpkg,2025-06-30
311001018499,311001018499,COLEGIO ELISA BORRERO DE PASTRANA,COLEGIO ELISA BORRERO DE PASTRANA,-74.11259999871254,4.701299998909235,WGS 84 / Pseudo-Mercator,"EPSG:4326 (st_set_crs, sin transformar)","lon [-74.3933, -74.0162] lat [3.8295, 4.8239] sobre 2219 de 2221 filas con coordenada finita",plausible,colegios06_2025.gpkg,2025-06-30
311001019053,311001019053,COLEGIO CAFAM,COLEGIO CAFAM,-74.09200000017881,4.6684999987483025,WGS 84 / Pseudo-Mercator,"EPSG:4326 (st_set_crs, sin transformar)","lon [-74.3933, -74.0162] lat [3.8295, 4.8239] sobre 2219 de 2221 filas con coordenada finita",plausible,colegios06_2025.gpkg,2025-06-30
311001019061,311001019061,COLEGIO COOPERATIVO DE LOS ALAMOS,COLEGIO COOPERATIVO DE LOS ALAMOS,-74.11980000138283,4.695799998939037,WGS 84 / Pseudo-Mercator,"EPSG:4326 (st_set_crs, sin transformar)","lon [-74.3933, -74.0162] lat [3.8295, 4.8239] sobre 2219 de 2221 filas con coordenada finita",plausible,colegios06_2025.gpkg,2025-06-30
311001019151,311001019151,COLEGIO COOPERATIVO MINUTO DE DIOS,COLEGIO COOPERATIVO MINUTO DE DIOS,-74.09070000052452,4.704500000923872,WGS 84 / Pseudo-Mercator,"EPSG:4326 (st_set_crs, sin transformar)","lon [-74.3933, -74.0162] lat [3.8295, 4.8239] sobre 2219 de 2221 filas con coordenada finita",plausible,colegios06_2025.gpkg,2025-06-30
311001019339,311001019339,COLEGIO ELOY VALENZUELA,COLEGIO ELOY VALENZUELA,-74.11600000038743,4.711199998855591,WGS 84 / Pseudo-Mercator,"EPSG:4326 (st_set_crs, sin transformar)","lon [-74.3933, -74.0162] lat [3.8295, 4.8239] sobre 2219 de 2221 filas con coordenada finita",plausible,colegios06_2025.gpkg,2025-06-30
311001019444,311001019444,COLEGIO JOSE JOAQUIN VARGAS,COLEGIO JOSE JOAQUIN VARGAS,-74.10530000180006,4.689399998635054,WGS 84 / Pseudo-Mercator,"EPSG:4326 (st_set_crs, sin transformar)","lon [-74.3933, -74.0162] lat [3.8295, 4.8239] sobre 2219 de 2221 filas con coordenada finita",plausible,colegios06_2025.gpkg,2025-06-30
311001025878,311001025878,COLEGIO PEDAGOGICO DEL ESPIRITU SANTO - COPES,COLEGIO PEDAGOGICO DEL ESPIRITU SANTO - COPES,-74.11809999868274,4.704999998211861,WGS 84 / Pseudo-Mercator,"EPSG:4326 (st_set_crs, sin transformar)","lon [-74.3933, -74.0162] lat [3.8295, 4.8239] sobre 2219 de 2221 filas con coordenada finita",plausible,colegios06_2025.gpkg,2025-06-30
311001026009,311001026009,COLEGIO EL ESCORIAL,COLEGIO EL ESCORIAL,-74.11050000041723,4.7043000012636185,WGS 84 / Pseudo-Mercator,"EPSG:4326 (st_set_crs, sin transformar)","lon [-74.3933, -74.0162] lat [3.8295, 4.8239] sobre 2219 de 2221 filas con coordenada finita",plausible,colegios06_2025.gpkg,2025-06-30
311001026076,311001026076,COLEGIO TOMAS ALVA EDISON,COLEGIO TOMAS ALVA EDISON,-74.14389999955893,4.721599999815226,WGS 84 / Pseudo-Mercator,"EPSG:4326 (st_set_crs, sin transformar)","lon [-74.3933, -74.0162] lat [3.8295, 4.8239] sobre 2219 de 2221 filas con coordenada finita",plausible,colegios06_2025.gpkg,2025-06-30
311001027188,311001027188,LICEO COMERCIAL LAS AMERICAS,LICEO COMERCIAL LAS AMERICAS,-74.10240000113845,4.696299999952316,WGS 84 / Pseudo-Mercator,"EPSG:4326 (st_set_crs, sin transformar)","lon [-74.3933, -74.0162] lat [3.8295, 4.8239] sobre 2219 de 2221 filas con coordenada finita",plausible,colegios06_2025.gpkg,2025-06-30
311001027706,311001027706,COLEGIO ESTRADA DE MARIA AUXILIADORA,COLEGIO ESTRADA DE MARIA AUXILIADORA,-74.09279999881983,4.676100000739098,WGS 84 / Pseudo-Mercator,"EPSG:4326 (st_set_crs, sin transformar)","lon [-74.3933, -74.0162] lat [3.8295, 4.8239] sobre 2219 de 2221 filas con coordenada finita",plausible,colegios06_2025.gpkg,2025-06-30
311001027871,311001027871,INSTITUTO CONTINENTAL,INSTITUTO CONTINENTAL,-74.11510000005364,4.710299998521805,WGS 84 / Pseudo-Mercator,"EPSG:4326 (st_set_crs, sin transformar)","lon [-74.3933, -74.0162] lat [3.8295, 4.8239] sobre 2219 de 2221 filas con coordenada finita",plausible,colegios06_2025.gpkg,2025-06-30
311001027986,311001027986,ASPAEN GIMNASIO TUNDAMA,ASPAEN GIMNASIO TUNDAMA,-74.0929000005126,4.678700000047684,WGS 84 / Pseudo-Mercator,"EPSG:4326 (st_set_crs, sin transformar)","lon [-74.3933, -74.0162] lat [3.8295, 4.8239] sobre 2219 de 2221 filas con coordenada finita",plausible,colegios06_2025.gpkg,2025-06-30
311001029229,311001029229,ATENEO JUAN EUDES,ATENEO JUAN EUDES,-74.0903999991715,4.699000000953674,WGS 84 / Pseudo-Mercator,"EPSG:4326 (st_set_crs, sin transformar)","lon [-74.3933, -74.0162] lat [3.8295, 4.8239] sobre 2219 de 2221 filas con coordenada finita",plausible,colegios06_2025.gpkg,2025-06-30
311001029318,311001029318,INSTITUTO TOMAS DE IRIARTE,INSTITUTO TOMAS DE IRIARTE,-74.09910000115633,4.716400001198053,WGS 84 / Pseudo-Mercator,"EPSG:4326 (st_set_crs, sin transformar)","lon [-74.3933, -74.0162] lat [3.8295, 4.8239] sobre 2219 de 2221 filas con coordenada finita",plausible,colegios06_2025.gpkg,2025-06-30
311001032149,311001032149,GIMNASIO LOS PIRINEOS,GIMNASIO LOS PIRINEOS,-74.11419999971986,4.716899998486042,WGS 84 / Pseudo-Mercator,"EPSG:4326 (st_set_crs, sin transformar)","lon [-74.3933, -74.0162] lat [3.8295, 4.8239] sobre 2219 de 2221 filas con coordenada finita",plausible,colegios06_2025.gpkg,2025-06-30
311001032581,311001032581,LICEO ALEXANDER VON HUMBOLDT,LICEO ALEXANDER VON HUMBOLDT,-74.11089999973774,4.682799998670816,WGS 84 / Pseudo-Mercator,"EPSG:4326 (st_set_crs, sin transformar)","lon [-74.3933, -74.0162] lat [3.8295, 4.8239] sobre 2219 de 2221 filas con coordenada finita",plausible,colegios06_2025.gpkg,2025-06-30
311001033358,311001033358,COLEGIO BOGOTA ANDINO,COLEGIO BOGOTA ANDINO,-74.10489999875426,4.686599999666214,WGS 84 / Pseudo-Mercator,"EPSG:4326 (st_set_crs, sin transformar)","lon [-74.3933, -74.0162] lat [3.8295, 4.8239] sobre 2219 de 2221 filas con coordenada finita",plausible,colegios06_2025.gpkg,2025-06-30
311001034389,311001034389,GIMNASIO LOS ALERCES,GIMNASIO LOS ALERCES,-74.10630000010133,4.680700000375509,WGS 84 / Pseudo-Mercator,"EPSG:4326 (st_set_crs, sin transformar)","lon [-74.3933, -74.0162] lat [3.8295, 4.8239] sobre 2219 de 2221 filas con coordenada finita",plausible,colegios06_2025.gpkg,2025-06-30
311001034974,311001034974,LICEO EL RINCONCITO DEL SABER,LICEO EL RINCONCITO DEL SABER,-74.09180000051856,4.676500000059605,WGS 84 / Pseudo-Mercator,"EPSG:4326 (st_set_crs, sin transformar)","lon [-74.3933, -74.0162] lat [3.8295, 4.8239] sobre 2219 de 2221 filas con coordenada finita",plausible,colegios06_2025.gpkg,2025-06-30
311001035873,311001035873,COLEGIO SAN JUAN DE AVILA,COLEGIO SAN JUAN DE AVILA,-74.11499999836087,4.707299999892712,WGS 84 / Pseudo-Mercator,"EPSG:4326 (st_set_crs, sin transformar)","lon [-74.3933, -74.0162] lat [3.8295, 4.8239] sobre 2219 de 2221 filas con coordenada finita",plausible,colegios06_2025.gpkg,2025-06-30
311001036004,311001036004,GIMNASIO LOS NOGALES DE BOGOTA,GIMNASIO LOS NOGALES DE BOGOTA,-74.10970000177622,4.696100000292063,WGS 84 / Pseudo-Mercator,"EPSG:4326 (st_set_crs, sin transformar)","lon [-74.3933, -74.0162] lat [3.8295, 4.8239] sobre 2219 de 2221 filas con coordenada finita",plausible,colegios06_2025.gpkg,2025-06-30
311001036527,311001036527,COLEGIO FERVAN,COLEGIO FERVAN,-74.11600000038743,4.706900000572205,WGS 84 / Pseudo-Mercator,"EPSG:4326 (st_set_crs, sin transformar)","lon [-74.3933, -74.0162] lat [3.8295, 4.8239] sobre 2219 de 2221 filas con coordenada finita",plausible,colegios06_2025.gpkg,2025-06-30
311001037094,311001037094,CENTRO EDUCATIVO SCALAS,CENTRO EDUCATIVO SCALAS,-74.10619999840856,4.6900000013411045,WGS 84 / Pseudo-Mercator,"EPSG:4326 (st_set_crs, sin transformar)","lon [-74.3933, -74.0162] lat [3.8295, 4.8239] sobre 2219 de 2221 filas con coordenada finita",plausible,colegios06_2025.gpkg,2025-06-30
311001038163,311001038163,LICEO SANTA PAULA,LICEO SANTA PAULA,-74.10779999941587,4.704100001603365,WGS 84 / Pseudo-Mercator,"EPSG:4326 (st_set_crs, sin transformar)","lon [-74.3933, -74.0162] lat [3.8295, 4.8239] sobre 2219 de 2221 filas con coordenada finita",plausible,colegios06_2025.gpkg,2025-06-30
311001038317,311001038317,COLEGIO MAYOR PRIMEROS MAESTROS,COLEGIO MAYOR PRIMEROS MAESTROS,-74.1009000018239,4.696199998259544,WGS 84 / Pseudo-Mercator,"EPSG:4326 (st_set_crs, sin transformar)","lon [-74.3933, -74.0162] lat [3.8295, 4.8239] sobre 2219 de 2221 filas con coordenada finita",plausible,colegios06_2025.gpkg,2025-06-30
311001039101,311001039101,JARDIN INFANTIL LOS AMIGOS DE PAULITA,JARDIN INFANTIL LOS AMIGOS DE PAULITA,-74.10610000044107,4.666799999773502,WGS 84 / Pseudo-Mercator,"EPSG:4326 (st_set_crs, sin transformar)","lon [-74.3933, -74.0162] lat [3.8295, 4.8239] sobre 2219 de 2221 filas con coordenada finita",plausible,colegios06_2025.gpkg,2025-06-30
311001039399,311001039399,COLEGIO HENRY WALLON,COLEGIO HENRY WALLON,-74.09809999912977,4.670899998396635,WGS 84 / Pseudo-Mercator,"EPSG:4326 (st_set_crs, sin transformar)","lon [-74.3933, -74.0162] lat [3.8295, 4.8239] sobre 2219 de 2221 filas con coordenada finita",plausible,colegios06_2025.gpkg,2025-06-30
311001039917,311001039917,JARDIN INFANTIL TIERNO AMOR,JARDIN INFANTIL TIERNO AMOR,-74.08929999917746,4.688400000333786,WGS 84 / Pseudo-Mercator,"EPSG:4326 (st_set_crs, sin transformar)","lon [-74.3933, -74.0162] lat [3.8295, 4.8239] sobre 2219 de 2221 filas con coordenada finita",plausible,colegios06_2025.gpkg,2025-06-30
311001040290,311001040290,LICEO SALOMON SABIO,LICEO SALOMON SABIO,-74.1427000015974,4.711899999529123,WGS 84 / Pseudo-Mercator,"EPSG:4326 (st_set_crs, sin transformar)","lon [-74.3933, -74.0162] lat [3.8295, 4.8239] sobre 2219 de 2221 filas con coordenada finita",plausible,colegios06_2025.gpkg,2025-06-30
311001040630,311001040630,GIMNASIO LOS MONJES,GIMNASIO LOS MONJES,-74.11080000177026,4.681499999016523,WGS 84 / Pseudo-Mercator,"EPSG:4326 (st_set_crs, sin transformar)","lon [-74.3933, -74.0162] lat [3.8295, 4.8239] sobre 2219 de 2221 filas con coordenada finita",plausible,colegios06_2025.gpkg,2025-06-30
311001040869,311001040869,LICEO PSICOPEDAGOGICO BOLIVIA,LICEO PSICOPEDAGOGICO BOLIVIA,-74.11490000039339,4.7162999995052814,WGS 84 / Pseudo-Mercator,"EPSG:4326 (st_set_crs, sin transformar)","lon [-74.3933, -74.0162] lat [3.8295, 4.8239] sobre 2219 de 2221 filas con coordenada finita",plausible,colegios06_2025.gpkg,2025-06-30
311001043159,311001043159,COLEGIO EMMANUEL,COLEGIO EMMANUEL,-74.09870000183582,4.679800000041723,WGS 84 / Pseudo-Mercator,"EPSG:4326 (st_set_crs, sin transformar)","lon [-74.3933, -74.0162] lat [3.8295, 4.8239] sobre 2219 de 2221 filas con coordenada finita",plausible,colegios06_2025.gpkg,2025-06-30
311001043752,311001043752,INSTITUTO RICHARD ANTONIO,INSTITUTO RICHARD ANTONIO,-74.10300000011921,4.717300001531839,WGS 84 / Pseudo-Mercator,"EPSG:4326 (st_set_crs, sin transformar)","lon [-74.3933, -74.0162] lat [3.8295, 4.8239] sobre 2219 de 2221 filas con coordenada finita",plausible,colegios06_2025.gpkg,2025-06-30
311001043868,311001043868,GIMNASIO ANTONIO ARBOLEDA,GIMNASIO ANTONIO ARBOLEDA,-74.10020000115037,4.713899999856949,WGS 84 / Pseudo-Mercator,"EPSG:4326 (st_set_crs, sin transformar)","lon [-74.3933, -74.0162] lat [3.8295, 4.8239] sobre 2219 de 2221 filas con coordenada finita",plausible,colegios06_2025.gpkg,2025-06-30
311001043957,311001043957,LICEO PEDAGOGICO CARLOS ANDRES,LICEO PEDAGOGICO CARLOS ANDRES,-74.09930000081658,4.677400000393391,WGS 84 / Pseudo-Mercator,"EPSG:4326 (st_set_crs, sin transformar)","lon [-74.3933, -74.0162] lat [3.8295, 4.8239] sobre 2219 de 2221 filas con coordenada finita",plausible,colegios06_2025.gpkg,2025-06-30
311001044066,311001044066,GIMNASIO LA CLARITA,GIMNASIO LA CLARITA,-74.10469999909401,4.694200001657009,WGS 84 / Pseudo-Mercator,"EPSG:4326 (st_set_crs, sin transformar)","lon [-74.3933, -74.0162] lat [3.8295, 4.8239] sobre 2219 de 2221 filas con coordenada finita",plausible,colegios06_2025.gpkg,2025-06-30
311001044082,311001044082,JARDIN INFANTIL ANDY PANDA,JARDIN INFANTIL ANDY PANDA,-74.11210000142455,4.678399998694658,WGS 84 / Pseudo-Mercator,"EPSG:4326 (st_set_crs, sin transformar)","lon [-74.3933, -74.0162] lat [3.8295, 4.8239] sobre 2219 de 2221 filas con coordenada finita",plausible,colegios06_2025.gpkg,2025-06-30
311001044317,311001044317,GIMNASIO EL LAGO,GIMNASIO EL LAGO,-74.09560000151396,4.691500000655651,WGS 84 / Pseudo-Mercator,"EPSG:4326 (st_set_crs, sin transformar)","lon [-74.3933, -74.0162] lat [3.8295, 4.8239] sobre 2219 de 2221 filas con coordenada finita",plausible,colegios06_2025.gpkg,2025-06-30
311001044473,311001044473,GIMNASIO SANTA MARIA DEL ALCAZAR,GIMNASIO SANTA MARIA DEL ALCAZAR,-74.10819999873638,4.683499999344349,WGS 84 / Pseudo-Mercator,"EPSG:4326 (st_set_crs, sin transformar)","lon [-74.3933, -74.0162] lat [3.8295, 4.8239] sobre 2219 de 2221 filas con coordenada finita",plausible,colegios06_2025.gpkg,2025-06-30
311001044511,311001044511,JARDIN INFANTIL CUENTOS Y RONDAS,JARDIN INFANTIL CUENTOS Y RONDAS,-74.11639999970794,4.71680000051856,WGS 84 / Pseudo-Mercator,"EPSG:4326 (st_set_crs, sin transformar)","lon [-74.3933, -74.0162] lat [3.8295, 4.8239] sobre 2219 de 2221 filas con coordenada finita",plausible,colegios06_2025.gpkg,2025-06-30
311001046328,311001046328,LICEO SAN BASILIO MAGNO,LICEO SAN BASILIO MAGNO,-74.11320000141859,4.719200000166893,WGS 84 / Pseudo-Mercator,"EPSG:4326 (st_set_crs, sin transformar)","lon [-74.3933, -74.0162] lat [3.8295, 4.8239] sobre 2219 de 2221 filas con coordenada finita",plausible,colegios06_2025.gpkg,2025-06-30
311001047146,311001047146,JARDIN INFANTIL MI TALLERCITO MYRIAM T,JARDIN INFANTIL MI TALLERCITO MYRIAM T,-74.09340000152588,4.691300000995398,WGS 84 / Pseudo-Mercator,"EPSG:4326 (st_set_crs, sin transformar)","lon [-74.3933, -74.0162] lat [3.8295, 4.8239] sobre 2219 de 2221 filas con coordenada finita",plausible,colegios06_2025.gpkg,2025-06-30
311001050058,311001050058,GIMNASIO REINO DE CASTILLA,GIMNASIO REINO DE CASTILLA,-74.11520000174642,4.71680000051856,WGS 84 / Pseudo-Mercator,"EPSG:4326 (st_set_crs, sin transformar)","lon [-74.3933, -74.0162] lat [3.8295, 4.8239] sobre 2219 de 2221 filas con coordenada finita",plausible,colegios06_2025.gpkg,2025-06-30
311001050121,311001050121,COLEGIO NUESTRA SEÑORA DEL AMPARO,COLEGIO NUESTRA SEÑORA DEL AMPARO,-74.10740000009537,4.691399998962879,WGS 84 / Pseudo-Mercator,"EPSG:4326 (st_set_crs, sin transformar)","lon [-74.3933, -74.0162] lat [3.8295, 4.8239] sobre 2219 de 2221 filas con coordenada finita",plausible,colegios06_2025.gpkg,2025-06-30
311001051071,311001051071,COLEGIO CRISTIANO FUENTE DE VIDA,COLEGIO CRISTIANO FUENTE DE VIDA,-74.11389999836683,4.727099999785423,WGS 84 / Pseudo-Mercator,"EPSG:4326 (st_set_crs, sin transformar)","lon [-74.3933, -74.0162] lat [3.8295, 4.8239] sobre 2219 de 2221 filas con coordenada finita",plausible,colegios06_2025.gpkg,2025-06-30
311001051097,311001051097,COLEGIO PSICOPEDAGOGICO EL ARTE DEL SABER,COLEGIO PSICOPEDAGOGICO EL ARTE DEL SABER,-74.13039999827743,4.700500000268221,WGS 84 / Pseudo-Mercator,"EPSG:4326 (st_set_crs, sin transformar)","lon [-74.3933, -74.0162] lat [3.8295, 4.8239] sobre 2219 de 2221 filas con coordenada finita",plausible,colegios06_2025.gpkg,2025-06-30
311001051101,311001051101,GIMNASIO INFANTIL SAN LUIS REY,GIMNASIO INFANTIL SAN LUIS REY,-74.10150000080466,4.688099998980761,WGS 84 / Pseudo-Mercator,"EPSG:4326 (st_set_crs, sin transformar)","lon [-74.3933, -74.0162] lat [3.8295, 4.8239] sobre 2219 de 2221 filas con coordenada finita",plausible,colegios06_2025.gpkg,2025-06-30
311001051119,311001051119,GIMNASIO MODERNO EL BOSQUE,GIMNASIO MODERNO EL BOSQUE,-74.12390000000596,4.707299999892712,WGS 84 / Pseudo-Mercator,"EPSG:4326 (st_set_crs, sin transformar)","lon [-74.3933, -74.0162] lat [3.8295, 4.8239] sobre 2219 de 2221 filas con coordenada finita",plausible,colegios06_2025.gpkg,2025-06-30
311001051178,311001051178,LICEO INFANTIL THOMAS DE IRIARTE,LICEO INFANTIL THOMAS DE IRIARTE,-74.11749999970198,4.722899999469519,WGS 84 / Pseudo-Mercator,"EPSG:4326 (st_set_crs, sin transformar)","lon [-74.3933, -74.0162] lat [3.8295, 4.8239] sobre 2219 de 2221 filas con coordenada finita",plausible,colegios06_2025.gpkg,2025-06-30
311001051186,311001051186,LICEO MODERNO JACQUES IVES COUSTEAU,LICEO MODERNO JACQUES IVES COUSTEAU,-74.1414999999106,4.710099998861551,WGS 84 / Pseudo-Mercator,"EPSG:4326 (st_set_crs, sin transformar)","lon [-74.3933, -74.0162] lat [3.8295, 4.8239] sobre 2219 de 2221 filas con coordenada finita",plausible,colegios06_2025.gpkg,2025-06-30
311001052018,311001052018,COLEGIO EL MINUTO DE DIOS SIGLO XXI,COLEGIO EL MINUTO DE DIOS SIGLO XXI,-74.0903999991715,4.699000000953674,WGS 84 / Pseudo-Mercator,"EPSG:4326 (st_set_crs, sin transformar)","lon [-74.3933, -74.0162] lat [3.8295, 4.8239] sobre 2219 de 2221 filas con coordenada finita",plausible,colegios06_2025.gpkg,2025-06-30
311001065080,311001065080,COLEGIO INFANTIL COLOMBIANO,COLEGIO INFANTIL COLOMBIANO,-74.10550000146031,4.715999998152256,WGS 84 / Pseudo-Mercator,"EPSG:4326 (st_set_crs, sin transformar)","lon [-74.3933, -74.0162] lat [3.8295, 4.8239] sobre 2219 de 2221 filas con coordenada finita",plausible,colegios06_2025.gpkg,2025-06-30
311001075115,311001075115,COLEGIO COLOMBO ESLAVO,COLEGIO COLOMBO ESLAVO,-74.1114999987185,4.674899999052286,WGS 84 / Pseudo-Mercator,"EPSG:4326 (st_set_crs, sin transformar)","lon [-74.3933, -74.0162] lat [3.8295, 4.8239] sobre 2219 de 2221 filas con coordenada finita",plausible,colegios06_2025.gpkg,2025-06-30
311001075174,311001075174,GIMNASIO MODERNO HERMANN MULLER,GIMNASIO MODERNO HERMANN MULLER,-74.11100000143051,4.703600000590086,WGS 84 / Pseudo-Mercator,"EPSG:4326 (st_set_crs, sin transformar)","lon [-74.3933, -74.0162] lat [3.8295, 4.8239] sobre 2219 de 2221 filas con coordenada finita",plausible,colegios06_2025.gpkg,2025-06-30
311001075468,311001075468,COLEGIO ROSA MYSTICA,COLEGIO ROSA MYSTICA,-74.10999999940395,4.692600000649691,WGS 84 / Pseudo-Mercator,"EPSG:4326 (st_set_crs, sin transformar)","lon [-74.3933, -74.0162] lat [3.8295, 4.8239] sobre 2219 de 2221 filas con coordenada finita",plausible,colegios06_2025.gpkg,2025-06-30
311001076243,311001076243,COLEGIO PEDAGOGICO NASEM,COLEGIO PEDAGOGICO NASEM,-74.10700000077486,4.707699999213219,WGS 84 / Pseudo-Mercator,"EPSG:4326 (st_set_crs, sin transformar)","lon [-74.3933, -74.0162] lat [3.8295, 4.8239] sobre 2219 de 2221 filas con coordenada finita",plausible,colegios06_2025.gpkg,2025-06-30
311001076430,311001076430,COLEGIO AMANECER DE LUCES,COLEGIO AMANECER DE LUCES,-74.12480000033975,4.703499998897314,WGS 84 / Pseudo-Mercator,"EPSG:4326 (st_set_crs, sin transformar)","lon [-74.3933, -74.0162] lat [3.8295, 4.8239] sobre 2219 de 2221 filas con coordenada finita",plausible,colegios06_2025.gpkg,2025-06-30
311001076499,311001076499,JARDIN INFANTIL LOS PEQUEÑOS INTELECTUALES,JARDIN INFANTIL LOS PEQUEÑOS INTELECTUALES,-74.1097999997437,4.687899999320507,WGS 84 / Pseudo-Mercator,"EPSG:4326 (st_set_crs, sin transformar)","lon [-74.3933, -74.0162] lat [3.8295, 4.8239] sobre 2219 de 2221 filas con coordenada finita",plausible,colegios06_2025.gpkg,2025-06-30
311001076561,311001076561,LICEO HOMBRE DEL RIO,LICEO HOMBRE DEL RIO,-74.10159999877214,4.683400001376867,WGS 84 / Pseudo-Mercator,"EPSG:4326 (st_set_crs, sin transformar)","lon [-74.3933, -74.0162] lat [3.8295, 4.8239] sobre 2219 de 2221 filas con coordenada finita",plausible,colegios06_2025.gpkg,2025-06-30
311001077398,311001077398,JARDIN INFANTIL EL PEQUEÑO INVESTIGADOR,JARDIN INFANTIL EL PEQUEÑO INVESTIGADOR,-74.12209999933839,4.726599998772144,WGS 84 / Pseudo-Mercator,"EPSG:4326 (st_set_crs, sin transformar)","lon [-74.3933, -74.0162] lat [3.8295, 4.8239] sobre 2219 de 2221 filas con coordenada finita",plausible,colegios06_2025.gpkg,2025-06-30
311001077444,311001077444,LICEO SANDRA CATALINA,LICEO SANDRA CATALINA,-74.11840000003576,4.703499998897314,WGS 84 / Pseudo-Mercator,"EPSG:4326 (st_set_crs, sin transformar)","lon [-74.3933, -74.0162] lat [3.8295, 4.8239] sobre 2219 de 2221 filas con coordenada finita",plausible,colegios06_2025.gpkg,2025-06-30
311001087008,311001087008,COLEGIO DE FORMACION INTEGRAL VIRGEN DE LA PEÑA,COLEGIO DE FORMACION INTEGRAL VIRGEN DE LA PEÑA,-74.12559999898076,4.706799998879433,WGS 84 / Pseudo-Mercator,"EPSG:4326 (st_set_crs, sin transformar)","lon [-74.3933, -74.0162] lat [3.8295, 4.8239] sobre 2219 de 2221 filas con coordenada finita",plausible,colegios06_2025.gpkg,2025-06-30
311001087148,311001087148,COLEGIO REMBRANDT,COLEGIO REMBRANDT,-74.14259999990463,4.71510000154376,WGS 84 / Pseudo-Mercator,"EPSG:4326 (st_set_crs, sin transformar)","lon [-74.3933, -74.0162] lat [3.8295, 4.8239] sobre 2219 de 2221 filas con coordenada finita",plausible,colegios06_2025.gpkg,2025-06-30
311001087245,311001087245,GIMNASIO INFANTIL SAN CAMILO,GIMNASIO INFANTIL SAN CAMILO,-74.12229999899864,4.7065000012516975,WGS 84 / Pseudo-Mercator,"EPSG:4326 (st_set_crs, sin transformar)","lon [-74.3933, -74.0162] lat [3.8295, 4.8239] sobre 2219 de 2221 filas con coordenada finita",plausible,colegios06_2025.gpkg,2025-06-30
311001087377,311001087377,JARDIN INFANTIL AMANECER DE VERANO,JARDIN INFANTIL AMANECER DE VERANO,-74.1156999990344,4.706700000911951,WGS 84 / Pseudo-Mercator,"EPSG:4326 (st_set_crs, sin transformar)","lon [-74.3933, -74.0162] lat [3.8295, 4.8239] sobre 2219 de 2221 filas con coordenada finita",plausible,colegios06_2025.gpkg,2025-06-30
311001087491,311001087491,COLEGIO MADRE ADELA HERMANAS MARIANISTAS,COLEGIO MADRE ADELA HERMANAS MARIANISTAS,-74.10649999976158,4.69200000166893,WGS 84 / Pseudo-Mercator,"EPSG:4326 (st_set_crs, sin transformar)","lon [-74.3933, -74.0162] lat [3.8295, 4.8239] sobre 2219 de 2221 filas con coordenada finita",plausible,colegios06_2025.gpkg,2025-06-30
311001087831,311001087831,COLEGIO SAN JOAQUIN NORTE,COLEGIO SAN JOAQUIN NORTE,-74.09719999879599,4.677999999374151,WGS 84 / Pseudo-Mercator,"EPSG:4326 (st_set_crs, sin transformar)","lon [-74.3933, -74.0162] lat [3.8295, 4.8239] sobre 2219 de 2221 filas con coordenada finita",plausible,colegios06_2025.gpkg,2025-06-30
311001087989,311001087989,COLEGIO COLSUBSIDIO CIUDADELA,COLEGIO COLSUBSIDIO CIUDADELA,-74.11380000039935,4.72069999948144,WGS 84 / Pseudo-Mercator,"EPSG:4326 (st_set_crs, sin transformar)","lon [-74.3933, -74.0162] lat [3.8295, 4.8239] sobre 2219 de 2221 filas con coordenada finita",plausible,colegios06_2025.gpkg,2025-06-30
311001088420,311001088420,COLEGIO PAE -PROCESO ALTERNATIVO EDUCATIVO-,COLEGIO PAE -PROCESO ALTERNATIVO EDUCATIVO-,-74.12440000101924,4.706000000238419,WGS 84 / Pseudo-Mercator,"EPSG:4326 (st_set_crs, sin transformar)","lon [-74.3933, -74.0162] lat [3.8295, 4.8239] sobre 2219 de 2221 filas con coordenada finita",plausible,colegios06_2025.gpkg,2025-06-30
311001088489,311001088489,COLEGIO NUEVO ESTILO,COLEGIO NUEVO ESTILO,-74.14000000059605,4.714099999517202,WGS 84 / Pseudo-Mercator,"EPSG:4326 (st_set_crs, sin transformar)","lon [-74.3933, -74.0162] lat [3.8295, 4.8239] sobre 2219 de 2221 filas con coordenada finita",plausible,colegios06_2025.gpkg,2025-06-30
311001088926,311001088926,INSTITUTO TECNICO ANGELI,INSTITUTO TECNICO ANGELI,-74.10570000112057,4.7010000012815,WGS 84 / Pseudo-Mercator,"EPSG:4326 (st_set_crs, sin transformar)","lon [-74.3933, -74.0162] lat [3.8295, 4.8239] sobre 2219 de 2221 filas con coordenada finita",plausible,colegios06_2025.gpkg,2025-06-30
311001089311,311001089311,LICEO ESTRELLITA ESTUDIANTIL,LICEO ESTRELLITA ESTUDIANTIL,-74.09510000050068,4.675200000405312,WGS 84 / Pseudo-Mercator,"EPSG:4326 (st_set_crs, sin transformar)","lon [-74.3933, -74.0162] lat [3.8295, 4.8239] sobre 2219 de 2221 filas con coordenada finita",plausible,colegios06_2025.gpkg,2025-06-30
311001089582,311001089582,COLEGIO INFANTIL GENESARET,COLEGIO INFANTIL GENESARET,-74.10280000045896,4.6864000000059605,WGS 84 / Pseudo-Mercator,"EPSG:4326 (st_set_crs, sin transformar)","lon [-74.3933, -74.0162] lat [3.8295, 4.8239] sobre 2219 de 2221 filas con coordenada finita",plausible,colegios06_2025.gpkg,2025-06-30
311001089728,311001089728,JARDIN INFANTIL PSICOPEDAGOGICO CARACOLES DE COLORES,JARDIN INFANTIL PSICOPEDAGOGICO CARACOLES DE COLORES,-74.10370000079274,4.679900001734495,WGS 84 / Pseudo-Mercator,"EPSG:4326 (st_set_crs, sin transformar)","lon [-74.3933, -74.0162] lat [3.8295, 4.8239] sobre 2219 de 2221 filas con coordenada finita",plausible,colegios06_2025.gpkg,2025-06-30
311001090220,311001090220,JARDIN INFANTIL LOS MUÑECOS DE NANY,JARDIN INFANTIL LOS MUÑECOS DE NANY,-74.1119000017643,4.671000000089407,WGS 84 / Pseudo-Mercator,"EPSG:4326 (st_set_crs, sin transformar)","lon [-74.3933, -74.0162] lat [3.8295, 4.8239] sobre 2219 de 2221 filas con coordenada finita",plausible,colegios06_2025.gpkg,2025-06-30
311001090360,311001090360,GIMNASIO MODERNO SUMMERHILL,GIMNASIO MODERNO SUMMERHILL,-74.1224999986589,4.714999999850988,WGS 84 / Pseudo-Mercator,"EPSG:4326 (st_set_crs, sin transformar)","lon [-74.3933, -74.0162] lat [3.8295, 4.8239] sobre 2219 de 2221 filas con coordenada finita",plausible,colegios06_2025.gpkg,2025-06-30
311001091340,311001091340,GIMNASIO MATERNO INFANTIL CLAUDIA JESUS,GIMNASIO MATERNO INFANTIL CLAUDIA JESUS,-74.10379999876022,4.71000000089407,WGS 84 / Pseudo-Mercator,"EPSG:4326 (st_set_crs, sin transformar)","lon [-74.3933, -74.0162] lat [3.8295, 4.8239] sobre 2219 de 2221 filas con coordenada finita",plausible,colegios06_2025.gpkg,2025-06-30
311001091501,311001091501,JARDIN INFANTIL PALITROQUE,JARDIN INFANTIL PALITROQUE,-74.11380000039935,4.726100001484156,WGS 84 / Pseudo-Mercator,"EPSG:4326 (st_set_crs, sin transformar)","lon [-74.3933, -74.0162] lat [3.8295, 4.8239] sobre 2219 de 2221 filas con coordenada finita",plausible,colegios06_2025.gpkg,2025-06-30
311001092214,311001092214,GIMNASIO MAYOR DE OCCIDENTE,GIMNASIO MAYOR DE OCCIDENTE,-74.13039999827743,4.705099999904633,WGS 84 / Pseudo-Mercator,"EPSG:4326 (st_set_crs, sin transformar)","lon [-74.3933, -74.0162] lat [3.8295, 4.8239] sobre 2219 de 2221 filas con coordenada finita",plausible,colegios06_2025.gpkg,2025-06-30
311001092958,311001092958,COLEGIO LLUVIA DE BENDICIONES,COLEGIO LLUVIA DE BENDICIONES,-74.10159999877214,4.712099999189377,WGS 84 / Pseudo-Mercator,"EPSG:4326 (st_set_crs, sin transformar)","lon [-74.3933, -74.0162] lat [3.8295, 4.8239] sobre 2219 de 2221 filas con coordenada finita",plausible,colegios06_2025.gpkg,2025-06-30
311001093482,311001093482,LICEO LOS CENTAUROS,LICEO LOS CENTAUROS,-74.1237000003457,4.69990000128746,WGS 84 / Pseudo-Mercator,"EPSG:4326 (st_set_crs, sin transformar)","lon [-74.3933, -74.0162] lat [3.8295, 4.8239] sobre 2219 de 2221 filas con coordenada finita",plausible,colegios06_2025.gpkg,2025-06-30
311001093989,311001093989,COLEGIO SANTA ANGELA MERICI,COLEGIO SANTA ANGELA MERICI,-74.1136000007391,4.725600000470877,WGS 84 / Pseudo-Mercator,"EPSG:4326 (st_set_crs, sin transformar)","lon [-74.3933, -74.0162] lat [3.8295, 4.8239] sobre 2219 de 2221 filas con coordenada finita",plausible,colegios06_2025.gpkg,2025-06-30
311001094764,311001094764,JARDIN INFANTIL PSICOPEDAGOGICO APRENDER A CREAR,JARDIN INFANTIL PSICOPEDAGOGICO APRENDER A CREAR,-74.12590000033379,4.710499998182058,WGS 84 / Pseudo-Mercator,"EPSG:4326 (st_set_crs, sin transformar)","lon [-74.3933, -74.0162] lat [3.8295, 4.8239] sobre 2219 de 2221 filas con coordenada finita",plausible,colegios06_2025.gpkg,2025-06-30
311001094811,311001094811,COLEGIO LUIS MARIANO,COLEGIO LUIS MARIANO,-74.13989999890327,4.711500000208616,WGS 84 / Pseudo-Mercator,"EPSG:4326 (st_set_crs, sin transformar)","lon [-74.3933, -74.0162] lat [3.8295, 4.8239] sobre 2219 de 2221 filas con coordenada finita",plausible,colegios06_2025.gpkg,2025-06-30
311001094934,311001094934,GIMNASIO ACADEMICO CERVANTES,GIMNASIO ACADEMICO CERVANTES,-74.10590000078082,4.700699999928474,WGS 84 / Pseudo-Mercator,"EPSG:4326 (st_set_crs, sin transformar)","lon [-74.3933, -74.0162] lat [3.8295, 4.8239] sobre 2219 de 2221 filas con coordenada finita",plausible,colegios06_2025.gpkg,2025-06-30
311001094985,311001094985,COLEGIO NUEVOS CIUDADANOS DE MARANDU,COLEGIO NUEVOS CIUDADANOS DE MARANDU,-74.13069999963045,4.707800000905991,WGS 84 / Pseudo-Mercator,"EPSG:4326 (st_set_crs, sin transformar)","lon [-74.3933, -74.0162] lat [3.8295, 4.8239] sobre 2219 de 2221 filas con coordenada finita",plausible,colegios06_2025.gpkg,2025-06-30
311001094993,311001094993,COLEGIO MAYOR DE GALES,COLEGIO MAYOR DE GALES,-74.11410000175238,4.710700001567602,WGS 84 / Pseudo-Mercator,"EPSG:4326 (st_set_crs, sin transformar)","lon [-74.3933, -74.0162] lat [3.8295, 4.8239] sobre 2219 de 2221 filas con coordenada finita",plausible,colegios06_2025.gpkg,2025-06-30
311001095001,311001095001,COLEGIO CRISTIANO PSICOPEDAGOGICO SINAI,COLEGIO CRISTIANO PSICOPEDAGOGICO SINAI,-74.11329999938607,4.694200001657009,WGS 84 / Pseudo-Mercator,"EPSG:4326 (st_set_crs, sin transformar)","lon [-74.3933, -74.0162] lat [3.8295, 4.8239] sobre 2219 de 2221 filas con coordenada finita",plausible,colegios06_2025.gpkg,2025-06-30
311001095400,311001095400,GIMNASIO NUEVO HORIZONTE,GIMNASIO NUEVO HORIZONTE,-74.11980000138283,4.72859999909997,WGS 84 / Pseudo-Mercator,"EPSG:4326 (st_set_crs, sin transformar)","lon [-74.3933, -74.0162] lat [3.8295, 4.8239] sobre 2219 de 2221 filas con coordenada finita",plausible,colegios06_2025.gpkg,2025-06-30
311001095540,311001095540,PREESCOLAR TRAVESIAS INFANTILES,PREESCOLAR TRAVESIAS INFANTILES,-74.1174000017345,4.722899999469519,WGS 84 / Pseudo-Mercator,"EPSG:4326 (st_set_crs, sin transformar)","lon [-74.3933, -74.0162] lat [3.8295, 4.8239] sobre 2219 de 2221 filas con coordenada finita",plausible,colegios06_2025.gpkg,2025-06-30
311001095981,311001095981,COLEGIO NUMEROS Y LETRAS,COLEGIO NUMEROS Y LETRAS,-74.13080000132322,4.701200000941753,WGS 84 / Pseudo-Mercator,"EPSG:4326 (st_set_crs, sin transformar)","lon [-74.3933, -74.0162] lat [3.8295, 4.8239] sobre 2219 de 2221 filas con coordenada finita",plausible,colegios06_2025.gpkg,2025-06-30
311001096210,311001096210,LICEO PSICOPEDAGOGICO SAN BUENAVENTURA,LICEO PSICOPEDAGOGICO SAN BUENAVENTURA,-74.1022000014782,4.690999999642372,WGS 84 / Pseudo-Mercator,"EPSG:4326 (st_set_crs, sin transformar)","lon [-74.3933, -74.0162] lat [3.8295, 4.8239] sobre 2219 de 2221 filas con coordenada finita",plausible,colegios06_2025.gpkg,2025-06-30
311001096228,311001096228,LICEO SAN LEON MAGNO,LICEO SAN LEON MAGNO,-74.13080000132322,4.710099998861551,WGS 84 / Pseudo-Mercator,"EPSG:4326 (st_set_crs, sin transformar)","lon [-74.3933, -74.0162] lat [3.8295, 4.8239] sobre 2219 de 2221 filas con coordenada finita",plausible,colegios06_2025.gpkg,2025-06-30
311001096694,311001096694,CENTRO DE DESARROLLO INFANTIL CRECER,CENTRO DE DESARROLLO INFANTIL CRECER,-74.11320000141859,4.727099999785423,WGS 84 / Pseudo-Mercator,"EPSG:4326 (st_set_crs, sin transformar)","lon [-74.3933, -74.0162] lat [3.8295, 4.8239] sobre 2219 de 2221 filas con coordenada finita",plausible,colegios06_2025.gpkg,2025-06-30
311001096856,311001096856,COLEGIO INTEGRAL EPIFANIO MEJIA,COLEGIO INTEGRAL EPIFANIO MEJIA,-74.12449999898672,4.696400001645088,WGS 84 / Pseudo-Mercator,"EPSG:4326 (st_set_crs, sin transformar)","lon [-74.3933, -74.0162] lat [3.8295, 4.8239] sobre 2219 de 2221 filas con coordenada finita",plausible,colegios06_2025.gpkg,2025-06-30
311001097071,311001097071,COLEGIO MODERNO ENGATIVA,COLEGIO MODERNO ENGATIVA,-74.1359999999404,4.704799998551607,WGS 84 / Pseudo-Mercator,"EPSG:4326 (st_set_crs, sin transformar)","lon [-74.3933, -74.0162] lat [3.8295, 4.8239] sobre 2219 de 2221 filas con coordenada finita",plausible,colegios06_2025.gpkg,2025-06-30
311001097259,311001097259,COLEGIO CATOLICO DE LA SABANA,COLEGIO CATOLICO DE LA SABANA,-74.12550000101328,4.717999998480082,WGS 84 / Pseudo-Mercator,"EPSG:4326 (st_set_crs, sin transformar)","lon [-74.3933, -74.0162] lat [3.8295, 4.8239] sobre 2219 de 2221 filas con coordenada finita",plausible,colegios06_2025.gpkg,2025-06-30
311001098069,311001098069,GIMNASIO INFANTIL NUEVO VIVIR,GIMNASIO INFANTIL NUEVO VIVIR,-74.09820000082254,4.680799998342991,WGS 84 / Pseudo-Mercator,"EPSG:4326 (st_set_crs, sin transformar)","lon [-74.3933, -74.0162] lat [3.8295, 4.8239] sobre 2219 de 2221 filas con coordenada finita",plausible,colegios06_2025.gpkg,2025-06-30
311001098549,311001098549,COLEGIO BILINGÜE REAL AMERICANO,COLEGIO BILINGÜE REAL AMERICANO,-74.10860000178218,4.675900001078844,WGS 84 / Pseudo-Mercator,"EPSG:4326 (st_set_crs, sin transformar)","lon [-74.3933, -74.0162] lat [3.8295, 4.8239] sobre 2219 de 2221 filas con coordenada finita",plausible,colegios06_2025.gpkg,2025-06-30
311001099863,311001099863,JARDIN INFANTIL CHIQUITOTO,JARDIN INFANTIL CHIQUITOTO,-74.11659999936819,4.721799999475479,WGS 84 / Pseudo-Mercator,"EPSG:4326 (st_set_crs, sin transformar)","lon [-74.3933, -74.0162] lat [3.8295, 4.8239] sobre 2219 de 2221 filas con coordenada finita",plausible,colegios06_2025.gpkg,2025-06-30
311001099871,311001099871,GIMNASIO ELISEO LOS ARCES,GIMNASIO ELISEO LOS ARCES,-74.12159999832511,4.709399998188019,WGS 84 / Pseudo-Mercator,"EPSG:4326 (st_set_crs, sin transformar)","lon [-74.3933, -74.0162] lat [3.8295, 4.8239] sobre 2219 de 2221 filas con coordenada finita",plausible,colegios06_2025.gpkg,2025-06-30
311001099928,311001099928,GIMNASIO PEDAGOGICO CELESTIN FREINET,GIMNASIO PEDAGOGICO CELESTIN FREINET,-74.11690000072122,4.711599998176098,WGS 84 / Pseudo-Mercator,"EPSG:4326 (st_set_crs, sin transformar)","lon [-74.3933, -74.0162] lat [3.8295, 4.8239] sobre 2219 de 2221 filas con coordenada finita",plausible,colegios06_2025.gpkg,2025-06-30
311001099961,311001099961,TALLER EL GARABATEO MATERNO INFANTIL,TALLER EL GARABATEO MATERNO INFANTIL,-74.09070000052452,4.6876999996602535,WGS 84 / Pseudo-Mercator,"EPSG:4326 (st_set_crs, sin transformar)","lon [-74.3933, -74.0162] lat [3.8295, 4.8239] sobre 2219 de 2221 filas con coordenada finita",plausible,colegios06_2025.gpkg,2025-06-30
311001099987,311001099987,LICEO EL CASTILLO DEL SABER,LICEO EL CASTILLO DEL SABER,-74.1123000010848,4.707100000232458,WGS 84 / Pseudo-Mercator,"EPSG:4326 (st_set_crs, sin transformar)","lon [-74.3933, -74.0162] lat [3.8295, 4.8239] sobre 2219 de 2221 filas con coordenada finita",plausible,colegios06_2025.gpkg,2025-06-30
311001099995,311001099995,LICEO HUELLAS DE TRIUNFO,LICEO HUELLAS DE TRIUNFO,-74.09760000184178,4.710700001567602,WGS 84 / Pseudo-Mercator,"EPSG:4326 (st_set_crs, sin transformar)","lon [-74.3933, -74.0162] lat [3.8295, 4.8239] sobre 2219 de 2221 filas con coordenada finita",plausible,colegios06_2025.gpkg,2025-06-30
311001100110,311001100110,JARDIN INFANTIL TIA CECY,JARDIN INFANTIL TIA CECY,-74.09510000050068,4.704599998891354,WGS 84 / Pseudo-Mercator,"EPSG:4326 (st_set_crs, sin transformar)","lon [-74.3933, -74.0162] lat [3.8295, 4.8239] sobre 2219 de 2221 filas con coordenada finita",plausible,colegios06_2025.gpkg,2025-06-30
311001100667,311001100667,COLEGIO NUEVAS VIVENCIAS,COLEGIO NUEVAS VIVENCIAS,-74.09059999883175,4.703699998557568,WGS 84 / Pseudo-Mercator,"EPSG:4326 (st_set_crs, sin transformar)","lon [-74.3933, -74.0162] lat [3.8295, 4.8239] sobre 2219 de 2221 filas con coordenada finita",plausible,colegios06_2025.gpkg,2025-06-30
311001100691,311001100691,CENTRO DE ESTIMULACION TEMPRANA MIS PEQUEÑOS ENANITOS,CENTRO DE ESTIMULACION TEMPRANA MIS PEQUEÑOS ENANITOS,-74.11510000005364,4.71510000154376,WGS 84 / Pseudo-Mercator,"EPSG:4326 (st_set_crs, sin transformar)","lon [-74.3933, -74.0162] lat [3.8295, 4.8239] sobre 2219 de 2221 filas con coordenada finita",plausible,colegios06_2025.gpkg,2025-06-30
311001100756,311001100756,LICEO INFANTIL SAN LORENZO,LICEO INFANTIL SAN LORENZO,-74.14050000160933,4.7171999998390675,WGS 84 / Pseudo-Mercator,"EPSG:4326 (st_set_crs, sin transformar)","lon [-74.3933, -74.0162] lat [3.8295, 4.8239] sobre 2219 de 2221 filas con coordenada finita",plausible,colegios06_2025.gpkg,2025-06-30
311001100764,311001100764,JARDIN INFANTIL Y GUARDERIA SAN RAFAEL,JARDIN INFANTIL Y GUARDERIA SAN RAFAEL,-74.1055999994278,4.664200000464916,WGS 84 / Pseudo-Mercator,"EPSG:4326 (st_set_crs, sin transformar)","lon [-74.3933, -74.0162] lat [3.8295, 4.8239] sobre 2219 de 2221 filas con coordenada finita",plausible,colegios06_2025.gpkg,2025-06-30
311001100781,311001100781,COLEGIO VIÑA DEL MAR,COLEGIO VIÑA DEL MAR,-74.12299999967217,4.699599999934435,WGS 84 / Pseudo-Mercator,"EPSG:4326 (st_set_crs, sin transformar)","lon [-74.3933, -74.0162] lat [3.8295, 4.8239] sobre 2219 de 2221 filas con coordenada finita",plausible,colegios06_2025.gpkg,2025-06-30
311001100829,311001100829,COLEGIO REAL DE COLOMBIA,COLEGIO REAL DE COLOMBIA,-74.12299999967217,4.710700001567602,WGS 84 / Pseudo-Mercator,"EPSG:4326 (st_set_crs, sin transformar)","lon [-74.3933, -74.0162] lat [3.8295, 4.8239] sobre 2219 de 2221 filas con coordenada finita",plausible,colegios06_2025.gpkg,2025-06-30
311001100845,311001100845,COLEGIO NUESTRA SEÑORA DEL CARMEN,COLEGIO NUESTRA SEÑORA DEL CARMEN,-74.13149999827147,4.708599999547005,WGS 84 / Pseudo-Mercator,"EPSG:4326 (st_set_crs, sin transformar)","lon [-74.3933, -74.0162] lat [3.8295, 4.8239] sobre 2219 de 2221 filas con coordenada finita",plausible,colegios06_2025.gpkg,2025-06-30
311001100853,311001100853,LICEO ACADEMICO SHILTON,LICEO ACADEMICO SHILTON,-74.12409999966621,4.7148999981582165,WGS 84 / Pseudo-Mercator,"EPSG:4326 (st_set_crs, sin transformar)","lon [-74.3933, -74.0162] lat [3.8295, 4.8239] sobre 2219 de 2221 filas con coordenada finita",plausible,colegios06_2025.gpkg,2025-06-30
311001101353,311001101353,COLEGIO CAMPESTRE LOS PINOS,COLEGIO CAMPESTRE LOS PINOS,-74.138900000602,4.709399998188019,WGS 84 / Pseudo-Mercator,"EPSG:4326 (st_set_crs, sin transformar)","lon [-74.3933, -74.0162] lat [3.8295, 4.8239] sobre 2219 de 2221 filas con coordenada finita",plausible,colegios06_2025.gpkg,2025-06-30
311001101370,311001101370,LICEO BONANZA SIGLO XXI,LICEO BONANZA SIGLO XXI,-74.08889999985695,4.688299998641014,WGS 84 / Pseudo-Mercator,"EPSG:4326 (st_set_crs, sin transformar)","lon [-74.3933, -74.0162] lat [3.8295, 4.8239] sobre 2219 de 2221 filas con coordenada finita",plausible,colegios06_2025.gpkg,2025-06-30
311001101396,311001101396,LICEO NORMANDIA,LICEO NORMANDIA,-74.11039999872446,4.6748000010848045,WGS 84 / Pseudo-Mercator,"EPSG:4326 (st_set_crs, sin transformar)","lon [-74.3933, -74.0162] lat [3.8295, 4.8239] sobre 2219 de 2221 filas con coordenada finita",plausible,colegios06_2025.gpkg,2025-06-30
311001101426,311001101426,JARDIN INFANTIL SUEÑOS E ILUSIONES,JARDIN INFANTIL SUEÑOS E ILUSIONES,-74.096700001508,4.683400001376867,WGS 84 / Pseudo-Mercator,"EPSG:4326 (st_set_crs, sin transformar)","lon [-74.3933, -74.0162] lat [3.8295, 4.8239] sobre 2219 de 2221 filas con coordenada finita",plausible,colegios06_2025.gpkg,2025-06-30
311001101451,311001101451,GIMNASIO MADRE TRINIDAD DE CALCUTA,GIMNASIO MADRE TRINIDAD DE CALCUTA,-74.12429999932647,4.703699998557568,WGS 84 / Pseudo-Mercator,"EPSG:4326 (st_set_crs, sin transformar)","lon [-74.3933, -74.0162] lat [3.8295, 4.8239] sobre 2219 de 2221 filas con coordenada finita",plausible,colegios06_2025.gpkg,2025-06-30
311001101485,311001101485,GIMNASIO VILLA LORENA,GIMNASIO VILLA LORENA,-74.10500000044703,4.692999999970198,WGS 84 / Pseudo-Mercator,"EPSG:4326 (st_set_crs, sin transformar)","lon [-74.3933, -74.0162] lat [3.8295, 4.8239] sobre 2219 de 2221 filas con coordenada finita",plausible,colegios06_2025.gpkg,2025-06-30
311001101876,311001101876,GIMNASIO MODERNO JHON NEPER,GIMNASIO MODERNO JHON NEPER,-74.13080000132322,4.7025000005960464,WGS 84 / Pseudo-Mercator,"EPSG:4326 (st_set_crs, sin transformar)","lon [-74.3933, -74.0162] lat [3.8295, 4.8239] sobre 2219 de 2221 filas con coordenada finita",plausible,colegios06_2025.gpkg,2025-06-30
311001102708,311001102708,INSTITUTO CONSTRUCTORES DEL FUTURO,INSTITUTO CONSTRUCTORES DEL FUTURO,-74.12209999933839,4.715500000864267,WGS 84 / Pseudo-Mercator,"EPSG:4326 (st_set_crs, sin transformar)","lon [-74.3933, -74.0162] lat [3.8295, 4.8239] sobre 2219 de 2221 filas con coordenada finita",plausible,colegios06_2025.gpkg,2025-06-30
311001105138,311001105138,JARDIN INFANTIL CARRUSEL DE IDEAS,JARDIN INFANTIL CARRUSEL DE IDEAS,-74.11829999834299,4.7043000012636185,WGS 84 / Pseudo-Mercator,"EPSG:4326 (st_set_crs, sin transformar)","lon [-74.3933, -74.0162] lat [3.8295, 4.8239] sobre 2219 de 2221 filas con coordenada finita",plausible,colegios06_2025.gpkg,2025-06-30
311001105162,311001105162,CENTRO SUPERIOR DE ESTUDIOS FINANCIEROS E INFORMATICOS - CENPEFI,CENTRO SUPERIOR DE ESTUDIOS FINANCIEROS E INFORMATICOS - CENPEFI,-74.09959999844432,4.7014999985694885,WGS 84 / Pseudo-Mercator,"EPSG:4326 (st_set_crs, sin transformar)","lon [-74.3933, -74.0162] lat [3.8295, 4.8239] sobre 2219 de 2221 filas con coordenada finita",plausible,colegios06_2025.gpkg,2025-06-30
311001105189,311001105189,GIMNASIO LAUREL DEL BOSQUE,GIMNASIO LAUREL DEL BOSQUE,-74.09899999946356,4.6726000010967255,WGS 84 / Pseudo-Mercator,"EPSG:4326 (st_set_crs, sin transformar)","lon [-74.3933, -74.0162] lat [3.8295, 4.8239] sobre 2219 de 2221 filas con coordenada finita",plausible,colegios06_2025.gpkg,2025-06-30
311001105197,311001105197,INSTITUTO IP EDUCANDO LA JUVENTUD FUTURO DE COLOMBIA,INSTITUTO IP EDUCANDO LA JUVENTUD FUTURO DE COLOMBIA,-74.10489999875426,4.7052000015974045,WGS 84 / Pseudo-Mercator,"EPSG:4326 (st_set_crs, sin transformar)","lon [-74.3933, -74.0162] lat [3.8295, 4.8239] sobre 2219 de 2221 filas con coordenada finita",plausible,colegios06_2025.gpkg,2025-06-30
311001105219,311001105219,LICEO MI NUEVO HORIZONTE DEL TABORA,LICEO MI NUEVO HORIZONTE DEL TABORA,-74.103900000453,4.693500000983477,WGS 84 / Pseudo-Mercator,"EPSG:4326 (st_set_crs, sin transformar)","lon [-74.3933, -74.0162] lat [3.8295, 4.8239] sobre 2219 de 2221 filas con coordenada finita",plausible,colegios06_2025.gpkg,2025-06-30
311001105227,311001105227,CENTRO EDUCATIVO JORGE TADEO LOZANO,CENTRO EDUCATIVO JORGE TADEO LOZANO,-74.14200000092387,4.715500000864267,WGS 84 / Pseudo-Mercator,"EPSG:4326 (st_set_crs, sin transformar)","lon [-74.3933, -74.0162] lat [3.8295, 4.8239] sobre 2219 de 2221 filas con coordenada finita",plausible,colegios06_2025.gpkg,2025-06-30
311001105243,311001105243,LICEO MODERNO CELESTIN FREINET,LICEO MODERNO CELESTIN FREINET,-74.13239999860525,4.708200000226498,WGS 84 / Pseudo-Mercator,"EPSG:4326 (st_set_crs, sin transformar)","lon [-74.3933, -74.0162] lat [3.8295, 4.8239] sobre 2219 de 2221 filas con coordenada finita",plausible,colegios06_2025.gpkg,2025-06-30
311001105286,311001105286,COLEGIO PASOS FIRMES,COLEGIO PASOS FIRMES,-74.11659999936819,4.7171999998390675,WGS 84 / Pseudo-Mercator,"EPSG:4326 (st_set_crs, sin transformar)","lon [-74.3933, -74.0162] lat [3.8295, 4.8239] sobre 2219 de 2221 filas con coordenada finita",plausible,colegios06_2025.gpkg,2025-06-30
311001105316,311001105316,JARDIN INFANTIL MANITAS FELICES,JARDIN INFANTIL MANITAS FELICES,-74.12599999830127,4.714499998837709,WGS 84 / Pseudo-Mercator,"EPSG:4326 (st_set_crs, sin transformar)","lon [-74.3933, -74.0162] lat [3.8295, 4.8239] sobre 2219 de 2221 filas con coordenada finita",plausible,colegios06_2025.gpkg,2025-06-30
311001105324,311001105324,LICEO LOWENFELD,LICEO LOWENFELD,-74.10999999940395,4.673300001770258,WGS 84 / Pseudo-Mercator,"EPSG:4326 (st_set_crs, sin transformar)","lon [-74.3933, -74.0162] lat [3.8295, 4.8239] sobre 2219 de 2221 filas con coordenada finita",plausible,colegios06_2025.gpkg,2025-06-30
311001105332,311001105332,GIMNASIO MODERNO LA CUMBRE,GIMNASIO MODERNO LA CUMBRE,-74.12440000101924,4.7162000015378,WGS 84 / Pseudo-Mercator,"EPSG:4326 (st_set_crs, sin transformar)","lon [-74.3933, -74.0162] lat [3.8295, 4.8239] sobre 2219 de 2221 filas con coordenada finita",plausible,colegios06_2025.gpkg,2025-06-30
311001105341,311001105341,COLEGIO REAL DE BOGOTA,COLEGIO REAL DE BOGOTA,-74.09490000084043,4.685100000351667,WGS 84 / Pseudo-Mercator,"EPSG:4326 (st_set_crs, sin transformar)","lon [-74.3933, -74.0162] lat [3.8295, 4.8239] sobre 2219 de 2221 filas con coordenada finita",plausible,colegios06_2025.gpkg,2025-06-30
311001105367,311001105367,BACHILLERATO DE ADULTOS COLSUBSIDIO,BACHILLERATO DE ADULTOS COLSUBSIDIO,-74.11380000039935,4.72069999948144,WGS 84 / Pseudo-Mercator,"EPSG:4326 (st_set_crs, sin transformar)","lon [-74.3933, -74.0162] lat [3.8295, 4.8239] sobre 2219 de 2221 filas con coordenada finita",plausible,colegios06_2025.gpkg,2025-06-30
311001106444,311001106444,CENTRO DE ESTUDIOS GRANDES GENIOS,CENTRO DE ESTUDIOS GRANDES GENIOS,-74.11470000073314,4.711800001561642,WGS 84 / Pseudo-Mercator,"EPSG:4326 (st_set_crs, sin transformar)","lon [-74.3933, -74.0162] lat [3.8295, 4.8239] sobre 2219 de 2221 filas con coordenada finita",plausible,colegios06_2025.gpkg,2025-06-30
311001106649,311001106649,CENTRO PANAMERICANO DE CAPACITACION,CENTRO PANAMERICANO DE CAPACITACION,-74.08879999816418,4.680700000375509,WGS 84 / Pseudo-Mercator,"EPSG:4326 (st_set_crs, sin transformar)","lon [-74.3933, -74.0162] lat [3.8295, 4.8239] sobre 2219 de 2221 filas con coordenada finita",plausible,colegios06_2025.gpkg,2025-06-30
311001106665,311001106665,COLEGIO INSCAP,COLEGIO INSCAP,-74.0920999981463,4.684399999678135,WGS 84 / Pseudo-Mercator,"EPSG:4326 (st_set_crs, sin transformar)","lon [-74.3933, -74.0162] lat [3.8295, 4.8239] sobre 2219 de 2221 filas con coordenada finita",plausible,colegios06_2025.gpkg,2025-06-30
311001107254,311001107254,CORPORACION TECNOLOGICA EMPRESARIAL,CORPORACION TECNOLOGICA EMPRESARIAL,-74.1000999994576,4.691399998962879,WGS 84 / Pseudo-Mercator,"EPSG:4326 (st_set_crs, sin transformar)","lon [-74.3933, -74.0162] lat [3.8295, 4.8239] sobre 2219 de 2221 filas con coordenada finita",plausible,colegios06_2025.gpkg,2025-06-30
311001107572,311001107572,LICEO INFANTIL APRENDAMOS JUNTOS,LICEO INFANTIL APRENDAMOS JUNTOS,-74.12359999865294,4.717799998819828,WGS 84 / Pseudo-Mercator,"EPSG:4326 (st_set_crs, sin transformar)","lon [-74.3933, -74.0162] lat [3.8295, 4.8239] sobre 2219 de 2221 filas con coordenada finita",plausible,colegios06_2025.gpkg,2025-06-30
311001108307,311001108307,JARDIN INFANTIL MI GATEITO,JARDIN INFANTIL MI GATEITO,-74.09989999979734,4.677099999040365,WGS 84 / Pseudo-Mercator,"EPSG:4326 (st_set_crs, sin transformar)","lon [-74.3933, -74.0162] lat [3.8295, 4.8239] sobre 2219 de 2221 filas con coordenada finita",plausible,colegios06_2025.gpkg,2025-06-30
311001108358,311001108358,COLEGIO GIMNASIO LOS ALAMOS,COLEGIO GIMNASIO LOS ALAMOS,-74.11760000139475,4.702799998223782,WGS 84 / Pseudo-Mercator,"EPSG:4326 (st_set_crs, sin transformar)","lon [-74.3933, -74.0162] lat [3.8295, 4.8239] sobre 2219 de 2221 filas con coordenada finita",plausible,colegios06_2025.gpkg,2025-06-30
311001108412,311001108412,GIMNASIO NUEVA GENERACION DE BOGOTA,GIMNASIO NUEVA GENERACION DE BOGOTA,-74.08240000158548,4.686599999666214,WGS 84 / Pseudo-Mercator,"EPSG:4326 (st_set_crs, sin transformar)","lon [-74.3933, -74.0162] lat [3.8295, 4.8239] sobre 2219 de 2221 filas con coordenada finita",plausible,colegios06_2025.gpkg,2025-06-30
311001108471,311001108471,COLEGIO PAULO FREIRE,COLEGIO PAULO FREIRE,-74.12409999966621,4.7148999981582165,WGS 84 / Pseudo-Mercator,"EPSG:4326 (st_set_crs, sin transformar)","lon [-74.3933, -74.0162] lat [3.8295, 4.8239] sobre 2219 de 2221 filas con coordenada finita",plausible,colegios06_2025.gpkg,2025-06-30
311001108749,311001108749,COLEGIO MAYOR DE ENGATIVA,COLEGIO MAYOR DE ENGATIVA,-74.13619999960065,4.711100000888109,WGS 84 / Pseudo-Mercator,"EPSG:4326 (st_set_crs, sin transformar)","lon [-74.3933, -74.0162] lat [3.8295, 4.8239] sobre 2219 de 2221 filas con coordenada finita",plausible,colegios06_2025.gpkg,2025-06-30
311001108951,311001108951,COLEGIO EMMANUEL RUBIANO,COLEGIO EMMANUEL RUBIANO,-74.14000000059605,4.711800001561642,WGS 84 / Pseudo-Mercator,"EPSG:4326 (st_set_crs, sin transformar)","lon [-74.3933, -74.0162] lat [3.8295, 4.8239] sobre 2219 de 2221 filas con coordenada finita",plausible,colegios06_2025.gpkg,2025-06-30
311001108960,311001108960,CENTRO DE EDUCACION LABORAL,CENTRO DE EDUCACION LABORAL,-74.10060000047088,4.691500000655651,WGS 84 / Pseudo-Mercator,"EPSG:4326 (st_set_crs, sin transformar)","lon [-74.3933, -74.0162] lat [3.8295, 4.8239] sobre 2219 de 2221 filas con coordenada finita",plausible,colegios06_2025.gpkg,2025-06-30
311001109036,311001109036,COLEGIO PADRE MANYANET - BOGOTA,COLEGIO PADRE MANYANET - BOGOTA,-74.11059999838471,4.692999999970198,WGS 84 / Pseudo-Mercator,"EPSG:4326 (st_set_crs, sin transformar)","lon [-74.3933, -74.0162] lat [3.8295, 4.8239] sobre 2219 de 2221 filas con coordenada finita",plausible,colegios06_2025.gpkg,2025-06-30
311001109044,311001109044,JARDIN INFANTIL GOTICAS DE ILUSIONES,JARDIN INFANTIL GOTICAS DE ILUSIONES,-74.11450000107288,4.715500000864267,WGS 84 / Pseudo-Mercator,"EPSG:4326 (st_set_crs, sin transformar)","lon [-74.3933, -74.0162] lat [3.8295, 4.8239] sobre 2219 de 2221 filas con coordenada finita",plausible,colegios06_2025.gpkg,2025-06-30
311001109184,311001109184,LICEO MODERNO LEEUWENHOEK,LICEO MODERNO LEEUWENHOEK,-74.12280000001192,4.712600000202656,WGS 84 / Pseudo-Mercator,"EPSG:4326 (st_set_crs, sin transformar)","lon [-74.3933, -74.0162] lat [3.8295, 4.8239] sobre 2219 de 2221 filas con coordenada finita",plausible,colegios06_2025.gpkg,2025-06-30
311001109192,311001109192,TALENTOS JARDIN INFANTIL Y CENTRO TERAPEUTICO INTEGRAL,TALENTOS JARDIN INFANTIL Y CENTRO TERAPEUTICO INTEGRAL,-74.1064000017941,4.667199999094009,WGS 84 / Pseudo-Mercator,"EPSG:4326 (st_set_crs, sin transformar)","lon [-74.3933, -74.0162] lat [3.8295, 4.8239] sobre 2219 de 2221 filas con coordenada finita",plausible,colegios06_2025.gpkg,2025-06-30
311001109206,311001109206,LICEO SAN RAFAEL DE ALICANTE,LICEO SAN RAFAEL DE ALICANTE,-74.09650000184774,4.691100001335144,WGS 84 / Pseudo-Mercator,"EPSG:4326 (st_set_crs, sin transformar)","lon [-74.3933, -74.0162] lat [3.8295, 4.8239] sobre 2219 de 2221 filas con coordenada finita",plausible,colegios06_2025.gpkg,2025-06-30
311001109320,311001109320,COLEGIO HORIZONTE LUZ Y VIDA,COLEGIO HORIZONTE LUZ Y VIDA,-74.11369999870658,4.695999998599291,WGS 84 / Pseudo-Mercator,"EPSG:4326 (st_set_crs, sin transformar)","lon [-74.3933, -74.0162] lat [3.8295, 4.8239] sobre 2219 de 2221 filas con coordenada finita",plausible,colegios06_2025.gpkg,2025-06-30
311001109346,311001109346,LICEO MODERNO BRITANICO,LICEO MODERNO BRITANICO,-74.09939999878407,4.7060999982059,WGS 84 / Pseudo-Mercator,"EPSG:4326 (st_set_crs, sin transformar)","lon [-74.3933, -74.0162] lat [3.8295, 4.8239] sobre 2219 de 2221 filas con coordenada finita",plausible,colegios06_2025.gpkg,2025-06-30
311001109494,311001109494,LICEO PSICOPEDAGOGICO DECROLY,LICEO PSICOPEDAGOGICO DECROLY,-74.11510000005364,4.705299999564886,WGS 84 / Pseudo-Mercator,"EPSG:4326 (st_set_crs, sin transformar)","lon [-74.3933, -74.0162] lat [3.8295, 4.8239] sobre 2219 de 2221 filas con coordenada finita",plausible,colegios06_2025.gpkg,2025-06-30
311001109621,311001109621,LICEO INFANTIL MOVIMIENTOS MAGICOS,LICEO INFANTIL MOVIMIENTOS MAGICOS,-74.10960000008345,4.6867999993264675,WGS 84 / Pseudo-Mercator,"EPSG:4326 (st_set_crs, sin transformar)","lon [-74.3933, -74.0162] lat [3.8295, 4.8239] sobre 2219 de 2221 filas con coordenada finita",plausible,colegios06_2025.gpkg,2025-06-30
311001109826,311001109826,INSTITUTO TOMAS MORO,INSTITUTO TOMAS MORO,-74.13080000132322,4.710099998861551,WGS 84 / Pseudo-Mercator,"EPSG:4326 (st_set_crs, sin transformar)","lon [-74.3933, -74.0162] lat [3.8295, 4.8239] sobre 2219 de 2221 filas con coordenada finita",plausible,colegios06_2025.gpkg,2025-06-30
311001109966,311001109966,COLEGIO TECNISISTEMAS,COLEGIO TECNISISTEMAS,-74.08989999815822,4.683600001037121,WGS 84 / Pseudo-Mercator,"EPSG:4326 (st_set_crs, sin transformar)","lon [-74.3933, -74.0162] lat [3.8295, 4.8239] sobre 2219 de 2221 filas con coordenada finita",plausible,colegios06_2025.gpkg,2025-06-30
311001401418,311001401418,LICEO SANTA MARIA DE LA RIVIERA,LICEO SANTA MARIA DE LA RIVIERA,-74.13109999895096,4.709499999880791,WGS 84 / Pseudo-Mercator,"EPSG:4326 (st_set_crs, sin transformar)","lon [-74.3933, -74.0162] lat [3.8295, 4.8239] sobre 2219 de 2221 filas con coordenada finita",plausible,colegios06_2025.gpkg,2025-06-30
311001801119,311001801119,LICEO LEONARDO DA VINCI,LICEO LEONARDO DA VINCI,-74.11030000075698,4.704599998891354,WGS 84 / Pseudo-Mercator,"EPSG:4326 (st_set_crs, sin transformar)","lon [-74.3933, -74.0162] lat [3.8295, 4.8239] sobre 2219 de 2221 filas con coordenada finita",plausible,colegios06_2025.gpkg,2025-06-30
311001801232,311001801232,GIMNASIO NUESTRO MUNDO MAGICO,GIMNASIO NUESTRO MUNDO MAGICO,-74.11549999937415,4.7162000015378,WGS 84 / Pseudo-Mercator,"EPSG:4326 (st_set_crs, sin transformar)","lon [-74.3933, -74.0162] lat [3.8295, 4.8239] sobre 2219 de 2221 filas con coordenada finita",plausible,colegios06_2025.gpkg,2025-06-30
311001801411,311001801411,CENTRO EDUCATIVO INTEGRAL DE BOGOTA CEIB,CENTRO EDUCATIVO INTEGRAL DE BOGOTA CEIB,-74.11419999971986,4.716899998486042,WGS 84 / Pseudo-Mercator,"EPSG:4326 (st_set_crs, sin transformar)","lon [-74.3933, -74.0162] lat [3.8295, 4.8239] sobre 2219 de 2221 filas con coordenada finita",plausible,colegios06_2025.gpkg,2025-06-30
311265000041,311265000041,INSTITUTO JOSE MARTINEZ RUIZ,INSTITUTO JOSE MARTINEZ RUIZ,-74.103900000453,4.692899998277426,WGS 84 / Pseudo-Mercator,"EPSG:4326 (st_set_crs, sin transformar)","lon [-74.3933, -74.0162] lat [3.8295, 4.8239] sobre 2219 de 2221 filas con coordenada finita",plausible,colegios06_2025.gpkg,2025-06-30
311265000369,311265000369,COLEGIO ADVENTISTA DEL NORTE,COLEGIO ADVENTISTA DEL NORTE,-74.09439999982715,4.683800000697374,WGS 84 / Pseudo-Mercator,"EPSG:4326 (st_set_crs, sin transformar)","lon [-74.3933, -74.0162] lat [3.8295, 4.8239] sobre 2219 de 2221 filas con coordenada finita",plausible,colegios06_2025.gpkg,2025-06-30
311265000385,311265000385,LICEO INTEGRAL LA GRANJA,LICEO INTEGRAL LA GRANJA,-74.10069999843836,4.699999999254942,WGS 84 / Pseudo-Mercator,"EPSG:4326 (st_set_crs, sin transformar)","lon [-74.3933, -74.0162] lat [3.8295, 4.8239] sobre 2219 de 2221 filas con coordenada finita",plausible,colegios06_2025.gpkg,2025-06-30
311265000504,311265000504,COLEGIO CLAUDIA JESUS,COLEGIO CLAUDIA JESUS,-74.10130000114441,4.708200000226498,WGS 84 / Pseudo-Mercator,"EPSG:4326 (st_set_crs, sin transformar)","lon [-74.3933, -74.0162] lat [3.8295, 4.8239] sobre 2219 de 2221 filas con coordenada finita",plausible,colegios06_2025.gpkg,2025-06-30
311265000954,311265000954,COLEGIO YERMO Y PARRES,COLEGIO YERMO Y PARRES,-74.09989999979734,4.697999998927116,WGS 84 / Pseudo-Mercator,"EPSG:4326 (st_set_crs, sin transformar)","lon [-74.3933, -74.0162] lat [3.8295, 4.8239] sobre 2219 de 2221 filas con coordenada finita",plausible,colegios06_2025.gpkg,2025-06-30
311265001110,311265001110,COLEGIO LUIGI PIRANDELLO,COLEGIO LUIGI PIRANDELLO,-74.12599999830127,4.7162000015378,WGS 84 / Pseudo-Mercator,"EPSG:4326 (st_set_crs, sin transformar)","lon [-74.3933, -74.0162] lat [3.8295, 4.8239] sobre 2219 de 2221 filas con coordenada finita",plausible,colegios06_2025.gpkg,2025-06-30
311265001152,311265001152,INSTITUTO MAYEUTICO,INSTITUTO MAYEUTICO,-74.1156999990344,4.717700000852346,WGS 84 / Pseudo-Mercator,"EPSG:4326 (st_set_crs, sin transformar)","lon [-74.3933, -74.0162] lat [3.8295, 4.8239] sobre 2219 de 2221 filas con coordenada finita",plausible,colegios06_2025.gpkg,2025-06-30
311265001179,311265001179,JARDIN INFANTIL MIS BUHITOS,JARDIN INFANTIL MIS BUHITOS,-74.11609999835491,4.71680000051856,WGS 84 / Pseudo-Mercator,"EPSG:4326 (st_set_crs, sin transformar)","lon [-74.3933, -74.0162] lat [3.8295, 4.8239] sobre 2219 de 2221 filas con coordenada finita",plausible,colegios06_2025.gpkg,2025-06-30
311265001241,311265001241,LICEO JUAN JOSE RONDON,LICEO JUAN JOSE RONDON,-74.12689999863505,4.7162999995052814,WGS 84 / Pseudo-Mercator,"EPSG:4326 (st_set_crs, sin transformar)","lon [-74.3933, -74.0162] lat [3.8295, 4.8239] sobre 2219 de 2221 filas con coordenada finita",plausible,colegios06_2025.gpkg,2025-06-30
311265001322,311265001322,PREESCOLAR ZAPATITOS ROJOS,PREESCOLAR ZAPATITOS ROJOS,-74.11630000174046,4.7047000005841255,WGS 84 / Pseudo-Mercator,"EPSG:4326 (st_set_crs, sin transformar)","lon [-74.3933, -74.0162] lat [3.8295, 4.8239] sobre 2219 de 2221 filas con coordenada finita",plausible,colegios06_2025.gpkg,2025-06-30
311848003323,311848003323,GIMNASIO PSICOPEDAGOGICO VILLA MADRIGAL,GIMNASIO PSICOPEDAGOGICO VILLA MADRIGAL,-74.11290000006557,4.707800000905991,WGS 84 / Pseudo-Mercator,"EPSG:4326 (st_set_crs, sin transformar)","lon [-74.3933, -74.0162] lat [3.8295, 4.8239] sobre 2219 de 2221 filas con coordenada finita",plausible,colegios06_2025.gpkg,2025-06-30
411001000691,411001000691,COLEGIO MI PRIMERA FORMACION,COLEGIO MI PRIMERA FORMACION,-74.09030000120401,4.677299998700619,WGS 84 / Pseudo-Mercator,"EPSG:4326 (st_set_crs, sin transformar)","lon [-74.3933, -74.0162] lat [3.8295, 4.8239] sobre 2219 de 2221 filas con coordenada finita",plausible,colegios06_2025.gpkg,2025-06-30
111001002330,111001002330,COLEGIO LA GAITANA (IED),LA GAITANA,-74.10860000178218,4.742199998348951,WGS 84 / Pseudo-Mercator,"EPSG:4326 (st_set_crs, sin transformar)","lon [-74.3933, -74.0162] lat [3.8295, 4.8239] sobre 2219 de 2221 filas con coordenada finita",plausible,colegios06_2025.gpkg,2025-06-30
111001044288,111001002330,COLEGIO LA GAITANA (IED),VILLA MARIA,-74.10660000145435,4.739900000393391,WGS 84 / Pseudo-Mercator,"EPSG:4326 (st_set_crs, sin transformar)","lon [-74.3933, -74.0162] lat [3.8295, 4.8239] sobre 2219 de 2221 filas con coordenada finita",plausible,colegios06_2025.gpkg,2025-06-30
111769000352,111001015776,COLEGIO INSTITUTO TECNICO DISTRITAL JULIO FLOREZ (IED),SANTA ROSA,-74.07409999892116,4.695999998599291,WGS 84 / Pseudo-Mercator,"EPSG:4326 (st_set_crs, sin transformar)","lon [-74.3933, -74.0162] lat [3.8295, 4.8239] sobre 2219 de 2221 filas con coordenada finita",plausible,colegios06_2025.gpkg,2025-06-30
111001015776,111001015776,COLEGIO INSTITUTO TECNICO DISTRITAL JULIO FLOREZ (IED),JULIO FLOREZ,-74.07759999856353,4.687199998646975,WGS 84 / Pseudo-Mercator,"EPSG:4326 (st_set_crs, sin transformar)","lon [-74.3933, -74.0162] lat [3.8295, 4.8239] sobre 2219 de 2221 filas con coordenada finita",plausible,colegios06_2025.gpkg,2025-06-30
111001025020,111001025020,COLEGIO ALBERTO LLERAS CAMARGO (IED),ALBERTO LLERAS CAMARGO,-74.10249999910593,4.743500001728535,WGS 84 / Pseudo-Mercator,"EPSG:4326 (st_set_crs, sin transformar)","lon [-74.3933, -74.0162] lat [3.8295, 4.8239] sobre 2219 de 2221 filas con coordenada finita",plausible,colegios06_2025.gpkg,2025-06-30
111001045225,111001045225,COLEGIO TIBABUYES UNIVERSAL (IED),TIBABUYES UNIVERSAL,-74.11050000041723,4.746199999004602,WGS 84 / Pseudo-Mercator,"EPSG:4326 (st_set_crs, sin transformar)","lon [-74.3933, -74.0162] lat [3.8295, 4.8239] sobre 2219 de 2221 filas con coordenada finita",plausible,colegios06_2025.gpkg,2025-06-30
111001110094,111001045225,COLEGIO TIBABUYES UNIVERSAL (IED),SEDE B,-74.10480000078678,4.742199998348951,WGS 84 / Pseudo-Mercator,"EPSG:4326 (st_set_crs, sin transformar)","lon [-74.3933, -74.0162] lat [3.8295, 4.8239] sobre 2219 de 2221 filas con coordenada finita",plausible,colegios06_2025.gpkg,2025-06-30
111001110337,111001045225,COLEGIO TIBABUYES UNIVERSAL (IED),SEDE C,-74.09919999912381,4.743099998682737,WGS 84 / Pseudo-Mercator,"EPSG:4326 (st_set_crs, sin transformar)","lon [-74.3933, -74.0162] lat [3.8295, 4.8239] sobre 2219 de 2221 filas con coordenada finita",plausible,colegios06_2025.gpkg,2025-06-30
111001075272,111001075272,COLEGIO NUEVA COLOMBIA (IED),NUEVA COLOMBIA,-74.09939999878407,4.728500001132488,WGS 84 / Pseudo-Mercator,"EPSG:4326 (st_set_crs, sin transformar)","lon [-74.3933, -74.0162] lat [3.8295, 4.8239] sobre 2219 de 2221 filas con coordenada finita",plausible,colegios06_2025.gpkg,2025-06-30
111001104141,111001075272,COLEGIO NUEVA COLOMBIA (IED),AURES II,-74.10119999945164,4.734700001776218,WGS 84 / Pseudo-Mercator,"EPSG:4326 (st_set_crs, sin transformar)","lon [-74.3933, -74.0162] lat [3.8295, 4.8239] sobre 2219 de 2221 filas con coordenada finita",plausible,colegios06_2025.gpkg,2025-06-30
111001075515,111001075515,COLEGIO GUSTAVO MORALES MORALES (IED),GUSTAVO MORALES MORALES,-74.06439999863505,4.7166999988257885,WGS 84 / Pseudo-Mercator,"EPSG:4326 (st_set_crs, sin transformar)","lon [-74.3933, -74.0162] lat [3.8295, 4.8239] sobre 2219 de 2221 filas con coordenada finita",plausible,colegios06_2025.gpkg,2025-06-30
111769000280,111001075515,COLEGIO GUSTAVO MORALES MORALES (IED),CIUDAD JARDIN NORTE,-74.06980000063777,4.719300001859665,WGS 84 / Pseudo-Mercator,"EPSG:4326 (st_set_crs, sin transformar)","lon [-74.3933, -74.0162] lat [3.8295, 4.8239] sobre 2219 de 2221 filas con coordenada finita",plausible,colegios06_2025.gpkg,2025-06-30
111001086665,111001086665,COLEGIO RAMON DE ZUBIRIA (IED),RAMON DE ZUBIRIA,-74.09230000153184,4.725699998438358,WGS 84 / Pseudo-Mercator,"EPSG:4326 (st_set_crs, sin transformar)","lon [-74.3933, -74.0162] lat [3.8295, 4.8239] sobre 2219 de 2221 filas con coordenada finita",plausible,colegios06_2025.gpkg,2025-06-30
111769003106,111001086665,COLEGIO RAMON DE ZUBIRIA (IED),LA PALMA,-74.08669999986887,4.727600000798702,WGS 84 / Pseudo-Mercator,"EPSG:4326 (st_set_crs, sin transformar)","lon [-74.3933, -74.0162] lat [3.8295, 4.8239] sobre 2219 de 2221 filas con coordenada finita",plausible,colegios06_2025.gpkg,2025-06-30
111001104566,111001086665,COLEGIO RAMON DE ZUBIRIA (IED),STEPHEN HAWKING,-74.08680000156164,4.727000001817942,WGS 84 / Pseudo-Mercator,"EPSG:4326 (st_set_crs, sin transformar)","lon [-74.3933, -74.0162] lat [3.8295, 4.8239] sobre 2219 de 2221 filas con coordenada finita",plausible,colegios06_2025.gpkg,2025-06-30
111001092983,111001092983,COLEGIO VISTA BELLA (IED),VISTA BELLA,-74.05440000072122,4.7498000003397465,WGS 84 / Pseudo-Mercator,"EPSG:4326 (st_set_crs, sin transformar)","lon [-74.3933, -74.0162] lat [3.8295, 4.8239] sobre 2219 de 2221 filas con coordenada finita",plausible,colegios06_2025.gpkg,2025-06-30
111769003114,111001092983,COLEGIO VISTA BELLA (IED),SAN CIPRIANO,-74.05499999970198,4.7487999983131886,WGS 84 / Pseudo-Mercator,"EPSG:4326 (st_set_crs, sin transformar)","lon [-74.3933, -74.0162] lat [3.8295, 4.8239] sobre 2219 de 2221 filas con coordenada finita",plausible,colegios06_2025.gpkg,2025-06-30
111769003777,111001092983,COLEGIO VISTA BELLA (IED),GRANADA NORTE,-74.04830000177026,4.75,WGS 84 / Pseudo-Mercator,"EPSG:4326 (st_set_crs, sin transformar)","lon [-74.3933, -74.0162] lat [3.8295, 4.8239] sobre 2219 de 2221 filas con coordenada finita",plausible,colegios06_2025.gpkg,2025-06-30
111001093084,111001093084,COLEGIO ALVARO GOMEZ HURTADO (IED),ALVARO GOMEZ HURTADO,-74.09699999913573,4.73030000180006,WGS 84 / Pseudo-Mercator,"EPSG:4326 (st_set_crs, sin transformar)","lon [-74.3933, -74.0162] lat [3.8295, 4.8239] sobre 2219 de 2221 filas con coordenada finita",plausible,colegios06_2025.gpkg,2025-06-30
211769000217,111001093084,COLEGIO ALVARO GOMEZ HURTADO (IED),LA CHUCUA NORTE,-74.09340000152588,4.735199999064207,WGS 84 / Pseudo-Mercator,"EPSG:4326 (st_set_crs, sin transformar)","lon [-74.3933, -74.0162] lat [3.8295, 4.8239] sobre 2219 de 2221 filas con coordenada finita",plausible,colegios06_2025.gpkg,2025-06-30
111001110345,111001093084,COLEGIO ALVARO GOMEZ HURTADO (IED),SEDE C,-74.09760000184178,4.733899999409914,WGS 84 / Pseudo-Mercator,"EPSG:4326 (st_set_crs, sin transformar)","lon [-74.3933, -74.0162] lat [3.8295, 4.8239] sobre 2219 de 2221 filas con coordenada finita",plausible,colegios06_2025.gpkg,2025-06-30
111001110426,111001093084,COLEGIO ALVARO GOMEZ HURTADO (IED),SEDE D,-74.09650000184774,4.732700001448393,WGS 84 / Pseudo-Mercator,"EPSG:4326 (st_set_crs, sin transformar)","lon [-74.3933, -74.0162] lat [3.8295, 4.8239] sobre 2219 de 2221 filas con coordenada finita",plausible,colegios06_2025.gpkg,2025-06-30
111001094889,111001094889,COLEGIO LA TOSCANA - LISBOA (IED),LA TOSCANA,-74.11340000107884,4.743599999696016,WGS 84 / Pseudo-Mercator,"EPSG:4326 (st_set_crs, sin transformar)","lon [-74.3933, -74.0162] lat [3.8295, 4.8239] sobre 2219 de 2221 filas con coordenada finita",plausible,colegios06_2025.gpkg,2025-06-30
111001012394,111001094889,COLEGIO LA TOSCANA - LISBOA (IED),LISBOA,-74.12180000171065,4.74040000140667,WGS 84 / Pseudo-Mercator,"EPSG:4326 (st_set_crs, sin transformar)","lon [-74.3933, -74.0162] lat [3.8295, 4.8239] sobre 2219 de 2221 filas con coordenada finita",plausible,colegios06_2025.gpkg,2025-06-30
111001110434,111001094889,COLEGIO LA TOSCANA - LISBOA (IED),SEDE C,-74.11560000106692,4.741700001060963,WGS 84 / Pseudo-Mercator,"EPSG:4326 (st_set_crs, sin transformar)","lon [-74.3933, -74.0162] lat [3.8295, 4.8239] sobre 2219 de 2221 filas con coordenada finita",plausible,colegios06_2025.gpkg,2025-06-30
111001801161,111001094889,COLEGIO LA TOSCANA - LISBOA (IED),SEDE D PRIMERA INFANCIA - MARIA CRISTINA SALAZAR CAMACHO - SABANA DE TIBABUYES,-74.110199999064207,4.74720000103116,WGS 84 / Pseudo-Mercator,"EPSG:4326 (st_set_crs, sin transformar)","lon [-74.3933, -74.0162] lat [3.8295, 4.8239] sobre 2219 de 2221 filas con coordenada finita",plausible,colegios06_2025.gpkg,2025-06-30
111001098949,111001098949,COLEGIO BILBAO (IED),COLEGIO BILBAO (IED) - SEDE PRINCIPAL,-74.10740000009537,4.7498000003397465,WGS 84 / Pseudo-Mercator,"EPSG:4326 (st_set_crs, sin transformar)","lon [-74.3933, -74.0162] lat [3.8295, 4.8239] sobre 2219 de 2221 filas con coordenada finita",plausible,colegios06_2025.gpkg,2025-06-30
111001104043,111001104043,COLEGIO JOSE MARIA VELAZ (IED),COLEGIO JOSE MARIA VELAZ (IED) - SEDE PRINCIPAL,-74.11259999871254,4.744600001722574,WGS 84 / Pseudo-Mercator,"EPSG:4326 (st_set_crs, sin transformar)","lon [-74.3933, -74.0162] lat [3.8295, 4.8239] sobre 2219 de 2221 filas con coordenada finita",plausible,colegios06_2025.gpkg,2025-06-30
111001104256,111001104256,COLEGIO DELIA ZAPATA OLIVELLA (IED),DELIA ZAPATA OLIVELLA,-74.11329999938607,4.753199998289347,WGS 84 / Pseudo-Mercator,"EPSG:4326 (st_set_crs, sin transformar)","lon [-74.3933, -74.0162] lat [3.8295, 4.8239] sobre 2219 de 2221 filas con coordenada finita",plausible,colegios06_2025.gpkg,2025-06-30
111001104264,111001104264,COLEGIO GERARDO MOLINA RAMIREZ (IED),GERARDO MOLINA RAMIREZ,-74.11580000072718,4.749099999666214,WGS 84 / Pseudo-Mercator,"EPSG:4326 (st_set_crs, sin transformar)","lon [-74.3933, -74.0162] lat [3.8295, 4.8239] sobre 2219 de 2221 filas con coordenada finita",plausible,colegios06_2025.gpkg,2025-06-30
111001104388,111001104388,COLEGIO GONZALO ARANGO (IED),GONZALO ARANGO,-74.09470000118017,4.730200000107288,WGS 84 / Pseudo-Mercator,"EPSG:4326 (st_set_crs, sin transformar)","lon [-74.3933, -74.0162] lat [3.8295, 4.8239] sobre 2219 de 2221 filas con coordenada finita",plausible,colegios06_2025.gpkg,2025-06-30
111001110108,111001104388,COLEGIO GONZALO ARANGO (IED),SEDE B,-74.0962999984622,4.7382000014185905,WGS 84 / Pseudo-Mercator,"EPSG:4326 (st_set_crs, sin transformar)","lon [-74.3933, -74.0162] lat [3.8295, 4.8239] sobre 2219 de 2221 filas con coordenada finita",plausible,colegios06_2025.gpkg,2025-06-30
111001107069,111001107069,COLEGIO VIRGINIA GUTIERREZ DE PINEDA (IED),VIRGINIA GUTIERREZ DE PINEDA,-74.09129999950528,4.731300000101328,WGS 84 / Pseudo-Mercator,"EPSG:4326 (st_set_crs, sin transformar)","lon [-74.3933, -74.0162] lat [3.8295, 4.8239] sobre 2219 de 2221 filas con coordenada finita",plausible,colegios06_2025.gpkg,2025-06-30
111001107077,111001107077,COLEGIO VEINTIUN ANGELES (IED),VEINTIUN ANGELES,-74.08029999956489,4.749499998986721,WGS 84 / Pseudo-Mercator,"EPSG:4326 (st_set_crs, sin transformar)","lon [-74.3933, -74.0162] lat [3.8295, 4.8239] sobre 2219 de 2221 filas con coordenada finita",plausible,colegios06_2025.gpkg,2025-06-30
211769003186,111001107077,COLEGIO VEINTIUN ANGELES (IED),TUNA ALTA,-74.07869999855757,4.749899998307228,WGS 84 / Pseudo-Mercator,"EPSG:4326 (st_set_crs, sin transformar)","lon [-74.3933, -74.0162] lat [3.8295, 4.8239] sobre 2219 de 2221 filas con coordenada finita",plausible,colegios06_2025.gpkg,2025-06-30
111769000263,111001107077,COLEGIO VEINTIUN ANGELES (IED),CASABLANCA,-74.07580000162125,4.738099999725819,WGS 84 / Pseudo-Mercator,"EPSG:4326 (st_set_crs, sin transformar)","lon [-74.3933, -74.0162] lat [3.8295, 4.8239] sobre 2219 de 2221 filas con coordenada finita",plausible,colegios06_2025.gpkg,2025-06-30
111001110353,111001107077,COLEGIO VEINTIUN ANGELES (IED),SEDE D,-74.07609999924898,4.754700001329184,WGS 84 / Pseudo-Mercator,"EPSG:4326 (st_set_crs, sin transformar)","lon [-74.3933, -74.0162] lat [3.8295, 4.8239] sobre 2219 de 2221 filas con coordenada finita",plausible,colegios06_2025.gpkg,2025-06-30
111001107786,111001107786,COLEGIO NICOLAS BUENAVENTURA (IED),NICOLAS BUENAVENTURA,-74.09099999815226,4.754000000655651,WGS 84 / Pseudo-Mercator,"EPSG:4326 (st_set_crs, sin transformar)","lon [-74.3933, -74.0162] lat [3.8295, 4.8239] sobre 2219 de 2221 filas con coordenada finita",plausible,colegios06_2025.gpkg,2025-06-30
211769003151,111001107786,COLEGIO NICOLAS BUENAVENTURA (IED),CHORRILLOS,-74.0912000015378,4.78489999845624,WGS 84 / Pseudo-Mercator,"EPSG:4326 (st_set_crs, sin transformar)","lon [-74.3933, -74.0162] lat [3.8295, 4.8239] sobre 2219 de 2221 filas con coordenada finita",plausible,colegios06_2025.gpkg,2025-06-30
111001800163,111001800163,COLEGIO FILARMONICO JORGE MARIO BERGOGLIO (IED),FILARMONICO JORGE MARIO BERGOGLIO,-74.10310000181198,4.748599998652935,WGS 84 / Pseudo-Mercator,"EPSG:4326 (st_set_crs, sin transformar)","lon [-74.3933, -74.0162] lat [3.8295, 4.8239] sobre 2219 de 2221 filas con coordenada finita",plausible,colegios06_2025.gpkg,2025-06-30
111001800813,111001800813,COLEGIO COMPARTIR SUBA (IED),COMPARTIR SUBA,-74.1064000017941,4.754999998956919,WGS 84 / Pseudo-Mercator,"EPSG:4326 (st_set_crs, sin transformar)","lon [-74.3933, -74.0162] lat [3.8295, 4.8239] sobre 2219 de 2221 filas con coordenada finita",plausible,colegios06_2025.gpkg,2025-06-30
111001801144,111001800813,COLEGIO COMPARTIR SUBA (IED),SEDE B,-74.1042999997735,4.7534000016748905,WGS 84 / Pseudo-Mercator,"EPSG:4326 (st_set_crs, sin transformar)","lon [-74.3933, -74.0162] lat [3.8295, 4.8239] sobre 2219 de 2221 filas con coordenada finita",plausible,colegios06_2025.gpkg,2025-06-30
111001801250,111001801250,COLEGIO JAIME NIÑO DIEZ (IED),COLEGIO JAIME NIÑO DIEZ (IED),-74.09899999946356,4.7489000000059605,WGS 84 / Pseudo-Mercator,"EPSG:4326 (st_set_crs, sin transformar)","lon [-74.3933, -74.0162] lat [3.8295, 4.8239] sobre 2219 de 2221 filas con coordenada finita",plausible,colegios06_2025.gpkg,2025-06-30
111001801349,111001801349,COLEGIO ELISA MUJICA VELASQUEZ (IED),COLEGIO ELISA MUJICA VELASQUEZ (IED),-74.11290000006557,4.744600001722574,WGS 84 / Pseudo-Mercator,"EPSG:4326 (st_set_crs, sin transformar)","lon [-74.3933, -74.0162] lat [3.8295, 4.8239] sobre 2219 de 2221 filas con coordenada finita",plausible,colegios06_2025.gpkg,2025-06-30
111001801373,111001801349,COLEGIO ELISA MUJICA VELASQUEZ (IED),SEDE B,-74.11199999973178,4.73930000141263,WGS 84 / Pseudo-Mercator,"EPSG:4326 (st_set_crs, sin transformar)","lon [-74.3933, -74.0162] lat [3.8295, 4.8239] sobre 2219 de 2221 filas con coordenada finita",plausible,colegios06_2025.gpkg,2025-06-30
111769000174,111769000174,COLEGIO FILARMONICO SIMON BOLIVAR (IED),FILARMONICO SIMON BOLIVAR,-74.08419999852777,4.741399999707937,WGS 84 / Pseudo-Mercator,"EPSG:4326 (st_set_crs, sin transformar)","lon [-74.3933, -74.0162] lat [3.8295, 4.8239] sobre 2219 de 2221 filas con coordenada finita",plausible,colegios06_2025.gpkg,2025-06-30
111001110361,111769000174,COLEGIO FILARMONICO SIMON BOLIVAR (IED),SEDE B,-74.08399999886751,4.738400001078844,WGS 84 / Pseudo-Mercator,"EPSG:4326 (st_set_crs, sin transformar)","lon [-74.3933, -74.0162] lat [3.8295, 4.8239] sobre 2219 de 2221 filas con coordenada finita",plausible,colegios06_2025.gpkg,2025-06-30
111001801292,111769000174,COLEGIO FILARMONICO SIMON BOLIVAR (IED),SEDE D,-17976931348623157e292,-17976931348623157e292,WGS 84 / Pseudo-Mercator,"EPSG:4326 (st_set_crs, sin transformar)","lon [-74.3933, -74.0162] lat [3.8295, 4.8239] sobre 2219 de 2221 filas con coordenada finita",centinela_dbl_max,colegios06_2025.gpkg,2025-06-30
111769000247,111769000247,COLEGIO EL SALITRE - SUBA (IED),EL SALITRE,-74.07710000127554,4.75959999859333,WGS 84 / Pseudo-Mercator,"EPSG:4326 (st_set_crs, sin transformar)","lon [-74.3933, -74.0162] lat [3.8295, 4.8239] sobre 2219 de 2221 filas con coordenada finita",plausible,colegios06_2025.gpkg,2025-06-30
211769000845,111769000247,COLEGIO EL SALITRE - SUBA (IED),SAN CARLOS DE SUBA,-74.08819999918342,4.752700001001358,WGS 84 / Pseudo-Mercator,"EPSG:4326 (st_set_crs, sin transformar)","lon [-74.3933, -74.0162] lat [3.8295, 4.8239] sobre 2219 de 2221 filas con coordenada finita",plausible,colegios06_2025.gpkg,2025-06-30
111001017698,111769000247,COLEGIO EL SALITRE - SUBA (IED),LICEO MIXTO DEL DAS,-74.0832000002265,4.749000001698732,WGS 84 / Pseudo-Mercator,"EPSG:4326 (st_set_crs, sin transformar)","lon [-74.3933, -74.0162] lat [3.8295, 4.8239] sobre 2219 de 2221 filas con coordenada finita",plausible,colegios06_2025.gpkg,2025-06-30
111769000956,111769000956,COLEGIO PRADO VERANIEGO (IED),PRADO VERANIEGO II,-74.0544999986887,4.716899998486042,WGS 84 / Pseudo-Mercator,"EPSG:4326 (st_set_crs, sin transformar)","lon [-74.3933, -74.0162] lat [3.8295, 4.8239] sobre 2219 de 2221 filas con coordenada finita",plausible,colegios06_2025.gpkg,2025-06-30
111769000948,111769000956,COLEGIO PRADO VERANIEGO (IED),PRADO VERANIEGO I,-74.06060000136495,4.71339999884367,WGS 84 / Pseudo-Mercator,"EPSG:4326 (st_set_crs, sin transformar)","lon [-74.3933, -74.0162] lat [3.8295, 4.8239] sobre 2219 de 2221 filas con coordenada finita",plausible,colegios06_2025.gpkg,2025-06-30
111769001502,111769001502,COLEGIO ANIBAL FERNANDEZ DE SOTO (IED),ANIBAL FERNANDEZ DE SOTO,-74.05730000138283,4.723099999129772,WGS 84 / Pseudo-Mercator,"EPSG:4326 (st_set_crs, sin transformar)","lon [-74.3933, -74.0162] lat [3.8295, 4.8239] sobre 2219 de 2221 filas con coordenada finita",plausible,colegios06_2025.gpkg,2025-06-30
111769000328,111769001502,COLEGIO ANIBAL FERNANDEZ DE SOTO (IED),PRADO PINZON,-74.05429999902844,4.726700000464916,WGS 84 / Pseudo-Mercator,"EPSG:4326 (st_set_crs, sin transformar)","lon [-74.3933, -74.0162] lat [3.8295, 4.8239] sobre 2219 de 2221 filas con coordenada finita",plausible,colegios06_2025.gpkg,2025-06-30
111769001871,111769001871,COLEGIO NUEVA ZELANDIA (IED),NUEVA ZELANDIA,-74.04960000142455,4.759199999272823,WGS 84 / Pseudo-Mercator,"EPSG:4326 (st_set_crs, sin transformar)","lon [-74.3933, -74.0162] lat [3.8295, 4.8239] sobre 2219 de 2221 filas con coordenada finita",plausible,colegios06_2025.gpkg,2025-06-30
111769002193,111769001871,COLEGIO NUEVA ZELANDIA (IED),ABC,-74.0469000004232,4.765500001609325,WGS 84 / Pseudo-Mercator,"EPSG:4326 (st_set_crs, sin transformar)","lon [-74.3933, -74.0162] lat [3.8295, 4.8239] sobre 2219 de 2221 filas con coordenada finita",plausible,colegios06_2025.gpkg,2025-06-30
111769003122,111769003122,COLEGIO VILLA ELISA (IED),VILLA ELISA,-74.08790000155568,4.732400000095367,WGS 84 / Pseudo-Mercator,"EPSG:4326 (st_set_crs, sin transformar)","lon [-74.3933, -74.0162] lat [3.8295, 4.8239] sobre 2219 de 2221 filas con coordenada finita",plausible,colegios06_2025.gpkg,2025-06-30
111769003165,111769003122,COLEGIO VILLA ELISA (IED),EL RUBI-JAPON,-74.09340000152588,4.722699999809265,WGS 84 / Pseudo-Mercator,"EPSG:4326 (st_set_crs, sin transformar)","lon [-74.3933, -74.0162] lat [3.8295, 4.8239] sobre 2219 de 2221 filas con coordenada finita",plausible,colegios06_2025.gpkg,2025-06-30
111001107735,111769003122,COLEGIO VILLA ELISA (IED),NUEVA COLOMBIA,-74.0887000001967,4.727800000458956,WGS 84 / Pseudo-Mercator,"EPSG:4326 (st_set_crs, sin transformar)","lon [-74.3933, -74.0162] lat [3.8295, 4.8239] sobre 2219 de 2221 filas con coordenada finita",plausible,colegios06_2025.gpkg,2025-06-30
111769003360,111769003360,COLEGIO REPUBLICA DOMINICANA (IED),REPUBLICA DOMINICANA,-74.10900000110269,4.73930000141263,WGS 84 / Pseudo-Mercator,"EPSG:4326 (st_set_crs, sin transformar)","lon [-74.3933, -74.0162] lat [3.8295, 4.8239] sobre 2219 de 2221 filas con coordenada finita",plausible,colegios06_2025.gpkg,2025-06-30
111001110116,111769003360,COLEGIO REPUBLICA DOMINICANA (IED),SEDE B,-74.10770000144839,4.7347999997437,WGS 84 / Pseudo-Mercator,"EPSG:4326 (st_set_crs, sin transformar)","lon [-74.3933, -74.0162] lat [3.8295, 4.8239] sobre 2219 de 2221 filas con coordenada finita",plausible,colegios06_2025.gpkg,2025-06-30
111769003416,111769003416,COLEGIO JUAN LOZANO Y LOZANO (IED),JUAN LOZANO Y LOZANO,-74.09299999848008,4.740899998694658,WGS 84 / Pseudo-Mercator,"EPSG:4326 (st_set_crs, sin transformar)","lon [-74.3933, -74.0162] lat [3.8295, 4.8239] sobre 2219 de 2221 filas con coordenada finita",plausible,colegios06_2025.gpkg,2025-06-30
111769000182,111769003416,COLEGIO JUAN LOZANO Y LOZANO (IED),SUBA CENTRO,-74.08630000054836,4.754700001329184,WGS 84 / Pseudo-Mercator,"EPSG:4326 (st_set_crs, sin transformar)","lon [-74.3933, -74.0162] lat [3.8295, 4.8239] sobre 2219 de 2221 filas con coordenada finita",plausible,colegios06_2025.gpkg,2025-06-30
111001801217,111769003416,COLEGIO JUAN LOZANO Y LOZANO (IED),PRIMERA INFANCIA ANA MERCEDES HOYOS MEJIA,-74.09450000151992,4.752700001001358,WGS 84 / Pseudo-Mercator,"EPSG:4326 (st_set_crs, sin transformar)","lon [-74.3933, -74.0162] lat [3.8295, 4.8239] sobre 2219 de 2221 filas con coordenada finita",plausible,colegios06_2025.gpkg,2025-06-30
111769003424,111769003424,COLEGIO GERARDO PAREDES (IED),GERARDO PAREDES MARTINEZ,-74.09360000118613,4.725900001823902,WGS 84 / Pseudo-Mercator,"EPSG:4326 (st_set_crs, sin transformar)","lon [-74.3933, -74.0162] lat [3.8295, 4.8239] sobre 2219 de 2221 filas con coordenada finita",plausible,colegios06_2025.gpkg,2025-06-30
111001096539,111769003424,COLEGIO GERARDO PAREDES (IED),LA FRONTERA,-74.0929000005126,4.718699999153614,WGS 84 / Pseudo-Mercator,"EPSG:4326 (st_set_crs, sin transformar)","lon [-74.3933, -74.0162] lat [3.8295, 4.8239] sobre 2219 de 2221 filas con coordenada finita",plausible,colegios06_2025.gpkg,2025-06-30
111769004188,111769004188,COLEGIO HUNZA (IED),LA AGUADITA,-74.08309999853373,4.723299998790026,WGS 84 / Pseudo-Mercator,"EPSG:4326 (st_set_crs, sin transformar)","lon [-74.3933, -74.0162] lat [3.8295, 4.8239] sobre 2219 de 2221 filas con coordenada finita",plausible,colegios06_2025.gpkg,2025-06-30
111001086363,111769004188,COLEGIO HUNZA (IED),DIVINO NIÑO JESUS EL CONDOR,-74.08729999884963,4.72069999948144,WGS 84 / Pseudo-Mercator,"EPSG:4326 (st_set_crs, sin transformar)","lon [-74.3933, -74.0162] lat [3.8295, 4.8239] sobre 2219 de 2221 filas con coordenada finita",plausible,colegios06_2025.gpkg,2025-06-30
111001086592,111769004188,COLEGIO HUNZA (IED),CIUDAD HUNZA,-74.08559999987483,4.720499999821186,WGS 84 / Pseudo-Mercator,"EPSG:4326 (st_set_crs, sin transformar)","lon [-74.3933, -74.0162] lat [3.8295, 4.8239] sobre 2219 de 2221 filas con coordenada finita",plausible,colegios06_2025.gpkg,2025-06-30
111001110604,111769004188,COLEGIO HUNZA (IED),SEDE D,-74.08830000087619,4.721599999815226,WGS 84 / Pseudo-Mercator,"EPSG:4326 (st_set_crs, sin transformar)","lon [-74.3933, -74.0162] lat [3.8295, 4.8239] sobre 2219 de 2221 filas con coordenada finita",plausible,colegios06_2025.gpkg,2025-06-30
111848002107,111848002107,LICEO DEL EJERCITO PATRIA SECTOR NORTE B LICEO COLOMBIA,LICEO DEL EJERCITO PATRIA SECTOR NORTE B LICEO COLOMBIA,-74.05889999866486,4.726300001144409,WGS 84 / Pseudo-Mercator,"EPSG:4326 (st_set_crs, sin transformar)","lon [-74.3933, -74.0162] lat [3.8295, 4.8239] sobre 2219 de 2221 filas con coordenada finita",plausible,colegios06_2025.gpkg,2025-06-30
311001000263,311001000263,COLEGIO GIMNASIO LA SALETTE,COLEGIO GIMNASIO LA SALETTE,-74.04230000078678,4.800500001758337,WGS 84 / Pseudo-Mercator,"EPSG:4326 (st_set_crs, sin transformar)","lon [-74.3933, -74.0162] lat [3.8295, 4.8239] sobre 2219 de 2221 filas con coordenada finita",plausible,colegios06_2025.gpkg,2025-06-30
311001000336,311001000336,LICEO LA REAL ENSEÑANZA,LICEO LA REAL ENSEÑANZA,-74.0531999990344,4.725099999457598,WGS 84 / Pseudo-Mercator,"EPSG:4326 (st_set_crs, sin transformar)","lon [-74.3933, -74.0162] lat [3.8295, 4.8239] sobre 2219 de 2221 filas con coordenada finita",plausible,colegios06_2025.gpkg,2025-06-30
311001000590,311001000590,LICEO CATOLICO CAMPESTRE,LICEO CATOLICO CAMPESTRE,-74.04280000180006,4.797899998724461,WGS 84 / Pseudo-Mercator,"EPSG:4326 (st_set_crs, sin transformar)","lon [-74.3933, -74.0162] lat [3.8295, 4.8239] sobre 2219 de 2221 filas con coordenada finita",plausible,colegios06_2025.gpkg,2025-06-30
311001000689,311001000689,LICEO GOLDEN RULE,LICEO GOLDEN RULE,-74.1119000017643,4.748500000685453,WGS 84 / Pseudo-Mercator,"EPSG:4326 (st_set_crs, sin transformar)","lon [-74.3933, -74.0162] lat [3.8295, 4.8239] sobre 2219 de 2221 filas con coordenada finita",plausible,colegios06_2025.gpkg,2025-06-30
311001000875,311001000875,COLEGIO DEL BOSQUE BILINGÜE,COLEGIO DEL BOSQUE BILINGÜE,-74.06010000035167,4.757199998944998,WGS 84 / Pseudo-Mercator,"EPSG:4326 (st_set_crs, sin transformar)","lon [-74.3933, -74.0162] lat [3.8295, 4.8239] sobre 2219 de 2221 filas con coordenada finita",plausible,colegios06_2025.gpkg,2025-06-30
311001001383,311001001383,COLEGIO BILINGÜE LISA MEITNER,COLEGIO BILINGÜE LISA MEITNER,-74.0916000008583,4.7635999992489815,WGS 84 / Pseudo-Mercator,"EPSG:4326 (st_set_crs, sin transformar)","lon [-74.3933, -74.0162] lat [3.8295, 4.8239] sobre 2219 de 2221 filas con coordenada finita",plausible,colegios06_2025.gpkg,2025-06-30
311001001626,311001001626,GIMNASIO LOS ARRAYANES BILINGÜE,GIMNASIO LOS ARRAYANES BILINGÜE,-74.04360000044107,4.7952999994158745,WGS 84 / Pseudo-Mercator,"EPSG:4326 (st_set_crs, sin transformar)","lon [-74.3933, -74.0162] lat [3.8295, 4.8239] sobre 2219 de 2221 filas con coordenada finita",plausible,colegios06_2025.gpkg,2025-06-30
311001002576,311001002576,COLEGIO FRANCISCANO DEL VIRREY SOLIS,COLEGIO FRANCISCANO DEL VIRREY SOLIS,-74.04679999873042,4.772799998521805,WGS 84 / Pseudo-Mercator,"EPSG:4326 (st_set_crs, sin transformar)","lon [-74.3933, -74.0162] lat [3.8295, 4.8239] sobre 2219 de 2221 filas con coordenada finita",plausible,colegios06_2025.gpkg,2025-06-30
311001004021,311001004021,LICEO LA SABANA,LICEO LA SABANA,-74.05970000103116,4.757800001651049,WGS 84 / Pseudo-Mercator,"EPSG:4326 (st_set_crs, sin transformar)","lon [-74.3933, -74.0162] lat [3.8295, 4.8239] sobre 2219 de 2221 filas con coordenada finita",plausible,colegios06_2025.gpkg,2025-06-30
311001005222,311001005222,LICEO ROCELY,LICEO ROCELY,-74.05719999969006,4.766399998217821,WGS 84 / Pseudo-Mercator,"EPSG:4326 (st_set_crs, sin transformar)","lon [-74.3933, -74.0162] lat [3.8295, 4.8239] sobre 2219 de 2221 filas con coordenada finita",plausible,colegios06_2025.gpkg,2025-06-30
311001006067,311001006067,GIMNASIO CHARLES DE GAULLE,GIMNASIO CHARLES DE GAULLE,-74.04610000178218,4.800599999725819,WGS 84 / Pseudo-Mercator,"EPSG:4326 (st_set_crs, sin transformar)","lon [-74.3933, -74.0162] lat [3.8295, 4.8239] sobre 2219 de 2221 filas con coordenada finita",plausible,colegios06_2025.gpkg,2025-06-30
311001007209,311001007209,LICEO SHAKESPEARE DEL NORTE,LICEO SHAKESPEARE DEL NORTE,-74.05730000138283,4.715500000864267,WGS 84 / Pseudo-Mercator,"EPSG:4326 (st_set_crs, sin transformar)","lon [-74.3933, -74.0162] lat [3.8295, 4.8239] sobre 2219 de 2221 filas con coordenada finita",plausible,colegios06_2025.gpkg,2025-06-30
311001007632,311001007632,FUNDACION COLEGIO EMILIO VALENZUELA,FUNDACION COLEGIO EMILIO VALENZUELA,-74.05790000036359,4.765599999576807,WGS 84 / Pseudo-Mercator,"EPSG:4326 (st_set_crs, sin transformar)","lon [-74.3933, -74.0162] lat [3.8295, 4.8239] sobre 2219 de 2221 filas con coordenada finita",plausible,colegios06_2025.gpkg,2025-06-30
311001008001,311001008001,COLEGIO EL VATICANO,COLEGIO EL VATICANO,-74.06320000067353,4.746700000017881,WGS 84 / Pseudo-Mercator,"EPSG:4326 (st_set_crs, sin transformar)","lon [-74.3933, -74.0162] lat [3.8295, 4.8239] sobre 2219 de 2221 filas con coordenada finita",plausible,colegios06_2025.gpkg,2025-06-30
311001010048,311001010048,COLEGIO ALVERNIA BILINGÜE,COLEGIO ALVERNIA BILINGÜE,-74.07290000095963,4.7487999983131886,WGS 84 / Pseudo-Mercator,"EPSG:4326 (st_set_crs, sin transformar)","lon [-74.3933, -74.0162] lat [3.8295, 4.8239] sobre 2219 de 2221 filas con coordenada finita",plausible,colegios06_2025.gpkg,2025-06-30
311001011460,311001011460,COLEGIO SAN JOSE DE CALASANZ,COLEGIO SAN JOSE DE CALASANZ,-74.08790000155568,4.723099999129772,WGS 84 / Pseudo-Mercator,"EPSG:4326 (st_set_crs, sin transformar)","lon [-74.3933, -74.0162] lat [3.8295, 4.8239] sobre 2219 de 2221 filas con coordenada finita",plausible,colegios06_2025.gpkg,2025-06-30
311001016658,311001016658,LICEO MODERNO CAMPESTRE,LICEO MODERNO CAMPESTRE,-74.06019999831915,4.753199998289347,WGS 84 / Pseudo-Mercator,"EPSG:4326 (st_set_crs, sin transformar)","lon [-74.3933, -74.0162] lat [3.8295, 4.8239] sobre 2219 de 2221 filas con coordenada finita",plausible,colegios06_2025.gpkg,2025-06-30
311001025053,311001025053,INSTITUTO NUEVA AMERICA DE SUBA,INSTITUTO NUEVA AMERICA DE SUBA,-74.09050000086427,4.7364000007510185,WGS 84 / Pseudo-Mercator,"EPSG:4326 (st_set_crs, sin transformar)","lon [-74.3933, -74.0162] lat [3.8295, 4.8239] sobre 2219 de 2221 filas con coordenada finita",plausible,colegios06_2025.gpkg,2025-06-30
311001026211,311001026211,INSTITUTO CULTURAL RAFAEL MAYA,INSTITUTO CULTURAL RAFAEL MAYA,-74.11890000104904,4.745299998670816,WGS 84 / Pseudo-Mercator,"EPSG:4326 (st_set_crs, sin transformar)","lon [-74.3933, -74.0162] lat [3.8295, 4.8239] sobre 2219 de 2221 filas con coordenada finita",plausible,colegios06_2025.gpkg,2025-06-30
311001029539,311001029539,LICEO HOMERICO,LICEO HOMERICO,-74.09600000083447,4.7360000014305115,WGS 84 / Pseudo-Mercator,"EPSG:4326 (st_set_crs, sin transformar)","lon [-74.3933, -74.0162] lat [3.8295, 4.8239] sobre 2219 de 2221 filas con coordenada finita",plausible,colegios06_2025.gpkg,2025-06-30
311001031088,311001031088,COLEGIO NUEVA INGLATERRA BILINGÜE INTERNACIONAL,COLEGIO NUEVA INGLATERRA BILINGÜE INTERNACIONAL,-74.0456000007689,4.794599998742342,WGS 84 / Pseudo-Mercator,"EPSG:4326 (st_set_crs, sin transformar)","lon [-74.3933, -74.0162] lat [3.8295, 4.8239] sobre 2219 de 2221 filas con coordenada finita",plausible,colegios06_2025.gpkg,2025-06-30
311001032165,311001032165,GIMNASIO CAMPESTRE STEPHEN HAWKING,GIMNASIO CAMPESTRE STEPHEN HAWKING,-74.06100000068545,4.761199999600649,WGS 84 / Pseudo-Mercator,"EPSG:4326 (st_set_crs, sin transformar)","lon [-74.3933, -74.0162] lat [3.8295, 4.8239] sobre 2219 de 2221 filas con coordenada finita",plausible,colegios06_2025.gpkg,2025-06-30
311001033676,311001033676,COLEGIO BILINGÜE LA ENSEÑANZA,COLEGIO BILINGÜE LA ENSEÑANZA,-74.05339999869466,4.7800999991595745,WGS 84 / Pseudo-Mercator,"EPSG:4326 (st_set_crs, sin transformar)","lon [-74.3933, -74.0162] lat [3.8295, 4.8239] sobre 2219 de 2221 filas con coordenada finita",plausible,colegios06_2025.gpkg,2025-06-30
311001033838,311001033838,LICEO TECNICO BILINGÜE PAULO FREIRE,LICEO TECNICO BILINGÜE PAULO FREIRE,-74.08720000088215,4.757399998605251,WGS 84 / Pseudo-Mercator,"EPSG:4326 (st_set_crs, sin transformar)","lon [-74.3933, -74.0162] lat [3.8295, 4.8239] sobre 2219 de 2221 filas con coordenada finita",plausible,colegios06_2025.gpkg,2025-06-30
311001034362,311001034362,COLEGIO SANTIAGO MAYOR,COLEGIO SANTIAGO MAYOR,-74.06329999864101,4.764699999243021,WGS 84 / Pseudo-Mercator,"EPSG:4326 (st_set_crs, sin transformar)","lon [-74.3933, -74.0162] lat [3.8295, 4.8239] sobre 2219 de 2221 filas con coordenada finita",plausible,colegios06_2025.gpkg,2025-06-30
311001036730,311001036730,JARDIN Y GUARDERIA PIQUIN Y COCOL,JARDIN Y GUARDERIA PIQUIN Y COCOL,-74.06850000098348,4.691399998962879,WGS 84 / Pseudo-Mercator,"EPSG:4326 (st_set_crs, sin transformar)","lon [-74.3933, -74.0162] lat [3.8295, 4.8239] sobre 2219 de 2221 filas con coordenada finita",plausible,colegios06_2025.gpkg,2025-06-30
311001038112,311001038112,GIMNASIO ESPECIALIZADO LA CAMPIÑA DE SUBA,GIMNASIO ESPECIALIZADO LA CAMPIÑA DE SUBA,-74.08610000088811,4.742300000041723,WGS 84 / Pseudo-Mercator,"EPSG:4326 (st_set_crs, sin transformar)","lon [-74.3933, -74.0162] lat [3.8295, 4.8239] sobre 2219 de 2221 filas con coordenada finita",plausible,colegios06_2025.gpkg,2025-06-30
311001040702,311001040702,JARDIN INFANTIL COMENCEMOS A VIVIR,JARDIN INFANTIL COMENCEMOS A VIVIR,-74.05000000074506,4.75560000166297,WGS 84 / Pseudo-Mercator,"EPSG:4326 (st_set_crs, sin transformar)","lon [-74.3933, -74.0162] lat [3.8295, 4.8239] sobre 2219 de 2221 filas con coordenada finita",plausible,colegios06_2025.gpkg,2025-06-30
311001041351,311001041351,COLEGIO INGLATERRA REAL,COLEGIO INGLATERRA REAL,-74.05590000003576,4.767099998891354,WGS 84 / Pseudo-Mercator,"EPSG:4326 (st_set_crs, sin transformar)","lon [-74.3933, -74.0162] lat [3.8295, 4.8239] sobre 2219 de 2221 filas con coordenada finita",plausible,colegios06_2025.gpkg,2025-06-30
311001042314,311001042314,JARDIN INFANTIL Y COLEGIO HORIZONTES ABIERTOS,JARDIN INFANTIL Y COLEGIO HORIZONTES ABIERTOS,-74.05059999972582,4.746500000357628,WGS 84 / Pseudo-Mercator,"EPSG:4326 (st_set_crs, sin transformar)","lon [-74.3933, -74.0162] lat [3.8295, 4.8239] sobre 2219 de 2221 filas con coordenada finita",plausible,colegios06_2025.gpkg,2025-06-30
311001042667,311001042667,GIMNASIO FONTANA,GIMNASIO FONTANA,-74.06359999999404,4.802099999040365,WGS 84 / Pseudo-Mercator,"EPSG:4326 (st_set_crs, sin transformar)","lon [-74.3933, -74.0162] lat [3.8295, 4.8239] sobre 2219 de 2221 filas con coordenada finita",plausible,colegios06_2025.gpkg,2025-06-30
311001043841,311001043841,INSTITUTO SAN BASILIO,INSTITUTO SAN BASILIO,-74.1246000006795,4.743900001049042,WGS 84 / Pseudo-Mercator,"EPSG:4326 (st_set_crs, sin transformar)","lon [-74.3933, -74.0162] lat [3.8295, 4.8239] sobre 2219 de 2221 filas con coordenada finita",plausible,colegios06_2025.gpkg,2025-06-30
311001044341,311001044341,JARDIN INFANTIL POR UN MAÑANA,JARDIN INFANTIL POR UN MAÑANA,-74.06140000000596,4.760800000280142,WGS 84 / Pseudo-Mercator,"EPSG:4326 (st_set_crs, sin transformar)","lon [-74.3933, -74.0162] lat [3.8295, 4.8239] sobre 2219 de 2221 filas con coordenada finita",plausible,colegios06_2025.gpkg,2025-06-30
311001045160,311001045160,GIMNASIO LOS PORTALES COLEGIO BILINGÜE,GIMNASIO LOS PORTALES COLEGIO BILINGÜE,-74.05920000001788,4.792199999094009,WGS 84 / Pseudo-Mercator,"EPSG:4326 (st_set_crs, sin transformar)","lon [-74.3933, -74.0162] lat [3.8295, 4.8239] sobre 2219 de 2221 filas con coordenada finita",plausible,colegios06_2025.gpkg,2025-06-30
311001046441,311001046441,JARDIN INFANTIL SEMILLITAS BILINGÜE,JARDIN INFANTIL SEMILLITAS BILINGÜE,-74.07860000059009,4.69709999859333,WGS 84 / Pseudo-Mercator,"EPSG:4326 (st_set_crs, sin transformar)","lon [-74.3933, -74.0162] lat [3.8295, 4.8239] sobre 2219 de 2221 filas con coordenada finita",plausible,colegios06_2025.gpkg,2025-06-30
311001046476,311001046476,JARDIN INFANTIL EL TALLER DE LOS ARTISTAS,JARDIN INFANTIL EL TALLER DE LOS ARTISTAS,-74.05620000138879,4.723400000482798,WGS 84 / Pseudo-Mercator,"EPSG:4326 (st_set_crs, sin transformar)","lon [-74.3933, -74.0162] lat [3.8295, 4.8239] sobre 2219 de 2221 filas con coordenada finita",plausible,colegios06_2025.gpkg,2025-06-30
311001046921,311001046921,LICEO INTEGRAL COLOMBIA ACTIVA,LICEO INTEGRAL COLOMBIA ACTIVA,-74.09820000082254,4.7349999994039536,WGS 84 / Pseudo-Mercator,"EPSG:4326 (st_set_crs, sin transformar)","lon [-74.3933, -74.0162] lat [3.8295, 4.8239] sobre 2219 de 2221 filas con coordenada finita",plausible,colegios06_2025.gpkg,2025-06-30
311001046981,311001046981,JARDIN INFANTIL CAMPESTRE DEL NORTE,JARDIN INFANTIL CAMPESTRE DEL NORTE,-74.05849999934435,4.7639999985694885,WGS 84 / Pseudo-Mercator,"EPSG:4326 (st_set_crs, sin transformar)","lon [-74.3933, -74.0162] lat [3.8295, 4.8239] sobre 2219 de 2221 filas con coordenada finita",plausible,colegios06_2025.gpkg,2025-06-30
311001047502,311001047502,GIMNASIO MIXTO MANUEL DEL SOCORRO RODRIGUEZ,GIMNASIO MIXTO MANUEL DEL SOCORRO RODRIGUEZ,-74.0815000012517,4.754599999636412,WGS 84 / Pseudo-Mercator,"EPSG:4326 (st_set_crs, sin transformar)","lon [-74.3933, -74.0162] lat [3.8295, 4.8239] sobre 2219 de 2221 filas con coordenada finita",plausible,colegios06_2025.gpkg,2025-06-30
311001047952,311001047952,COLEGIO INTEGRADO EDUARDO CABALLERO CALDERON,COLEGIO INTEGRADO EDUARDO CABALLERO CALDERON,-74.11349999904633,4.743599999696016,WGS 84 / Pseudo-Mercator,"EPSG:4326 (st_set_crs, sin transformar)","lon [-74.3933, -74.0162] lat [3.8295, 4.8239] sobre 2219 de 2221 filas con coordenada finita",plausible,colegios06_2025.gpkg,2025-06-30
311001050023,311001050023,COLEGIO DE EDUCACION TECNICA Y ACADEMICA CELESTIN FREINET,COLEGIO DE EDUCACION TECNICA Y ACADEMICA CELESTIN FREINET,-74.11439999938011,4.745700001716614,WGS 84 / Pseudo-Mercator,"EPSG:4326 (st_set_crs, sin transformar)","lon [-74.3933, -74.0162] lat [3.8295, 4.8239] sobre 2219 de 2221 filas con coordenada finita",plausible,colegios06_2025.gpkg,2025-06-30
311001050317,311001050317,CENTRO EDUCATIVO LOS ANDES,CENTRO EDUCATIVO LOS ANDES,-74.10170000046492,4.732099998742342,WGS 84 / Pseudo-Mercator,"EPSG:4326 (st_set_crs, sin transformar)","lon [-74.3933, -74.0162] lat [3.8295, 4.8239] sobre 2219 de 2221 filas con coordenada finita",plausible,colegios06_2025.gpkg,2025-06-30
311001051259,311001051259,LICEO SAN ISIDRO,LICEO SAN ISIDRO,-74.08749999850988,4.731300000101328,WGS 84 / Pseudo-Mercator,"EPSG:4326 (st_set_crs, sin transformar)","lon [-74.3933, -74.0162] lat [3.8295, 4.8239] sobre 2219 de 2221 filas con coordenada finita",plausible,colegios06_2025.gpkg,2025-06-30
311001051275,311001051275,GIMNASIO CAMPESTRE ESCALEMOS,GIMNASIO CAMPESTRE ESCALEMOS,-74.05710000172257,4.751499999314547,WGS 84 / Pseudo-Mercator,"EPSG:4326 (st_set_crs, sin transformar)","lon [-74.3933, -74.0162] lat [3.8295, 4.8239] sobre 2219 de 2221 filas con coordenada finita",plausible,colegios06_2025.gpkg,2025-06-30
311001051283,311001051283,GIMNASIO BURBUJAS DE SABIDURIA,GIMNASIO BURBUJAS DE SABIDURIA,-74.10130000114441,4.748199999332428,WGS 84 / Pseudo-Mercator,"EPSG:4326 (st_set_crs, sin transformar)","lon [-74.3933, -74.0162] lat [3.8295, 4.8239] sobre 2219 de 2221 filas con coordenada finita",plausible,colegios06_2025.gpkg,2025-06-30
311001051291,311001051291,NUEVO INSTITUTO SAN MIGUEL,NUEVO INSTITUTO SAN MIGUEL,-74.05440000072122,4.715500000864267,WGS 84 / Pseudo-Mercator,"EPSG:4326 (st_set_crs, sin transformar)","lon [-74.3933, -74.0162] lat [3.8295, 4.8239] sobre 2219 de 2221 filas con coordenada finita",plausible,colegios06_2025.gpkg,2025-06-30
311001051305,311001051305,JARDIN INFANTIL LA CASITA DEL BOSQUE DE SUBA,JARDIN INFANTIL LA CASITA DEL BOSQUE DE SUBA,-74.08879999816418,4.737900000065565,WGS 84 / Pseudo-Mercator,"EPSG:4326 (st_set_crs, sin transformar)","lon [-74.3933, -74.0162] lat [3.8295, 4.8239] sobre 2219 de 2221 filas con coordenada finita",plausible,colegios06_2025.gpkg,2025-06-30
311001065047,311001065047,GIMNASIO CAMPESTRE DE GUILFORD,GIMNASIO CAMPESTRE DE GUILFORD,-74.10500000044703,4.77479999884963,WGS 84 / Pseudo-Mercator,"EPSG:4326 (st_set_crs, sin transformar)","lon [-74.3933, -74.0162] lat [3.8295, 4.8239] sobre 2219 de 2221 filas con coordenada finita",plausible,colegios06_2025.gpkg,2025-06-30
311001065152,311001065152,COLEGIO COLOMBO INTERNACIONAL ACOINPREV,COLEGIO COLOMBO INTERNACIONAL ACOINPREV,-74.09510000050068,4.727299999445677,WGS 84 / Pseudo-Mercator,"EPSG:4326 (st_set_crs, sin transformar)","lon [-74.3933, -74.0162] lat [3.8295, 4.8239] sobre 2219 de 2221 filas con coordenada finita",plausible,colegios06_2025.gpkg,2025-06-30
311001065284,311001065284,LICEO CULTURAL LAS AMERICAS,LICEO CULTURAL LAS AMERICAS,-74.1026000007987,4.741599999368191,WGS 84 / Pseudo-Mercator,"EPSG:4326 (st_set_crs, sin transformar)","lon [-74.3933, -74.0162] lat [3.8295, 4.8239] sobre 2219 de 2221 filas con coordenada finita",plausible,colegios06_2025.gpkg,2025-06-30
311001065390,311001065390,COLEGIO PEDAGOGICO DULCE MARIA,COLEGIO PEDAGOGICO DULCE MARIA,-74.1085000000894,4.746899999678135,WGS 84 / Pseudo-Mercator,"EPSG:4326 (st_set_crs, sin transformar)","lon [-74.3933, -74.0162] lat [3.8295, 4.8239] sobre 2219 de 2221 filas con coordenada finita",plausible,colegios06_2025.gpkg,2025-06-30
311001065420,311001065420,LICEO HYPATIA,LICEO HYPATIA,-74.08399999886751,4.750399999320507,WGS 84 / Pseudo-Mercator,"EPSG:4326 (st_set_crs, sin transformar)","lon [-74.3933, -74.0162] lat [3.8295, 4.8239] sobre 2219 de 2221 filas con coordenada finita",plausible,colegios06_2025.gpkg,2025-06-30
311001075697,311001075697,COLEGIO MODERNO JOHN DEWEY S.A.S.,COLEGIO MODERNO JOHN DEWEY S.A.S.,-74.06399999931455,4.698800001293421,WGS 84 / Pseudo-Mercator,"EPSG:4326 (st_set_crs, sin transformar)","lon [-74.3933, -74.0162] lat [3.8295, 4.8239] sobre 2219 de 2221 filas con coordenada finita",plausible,colegios06_2025.gpkg,2025-06-30
311001076502,311001076502,LICEO INFANTIL RETOÑITOS,LICEO INFANTIL RETOÑITOS,-74.09490000084043,4.737500000745058,WGS 84 / Pseudo-Mercator,"EPSG:4326 (st_set_crs, sin transformar)","lon [-74.3933, -74.0162] lat [3.8295, 4.8239] sobre 2219 de 2221 filas con coordenada finita",plausible,colegios06_2025.gpkg,2025-06-30
311001076596,311001076596,COLEGIO INFANTIL MODERNO INGLES,COLEGIO INFANTIL MODERNO INGLES,-74.05160000175238,4.732700001448393,WGS 84 / Pseudo-Mercator,"EPSG:4326 (st_set_crs, sin transformar)","lon [-74.3933, -74.0162] lat [3.8295, 4.8239] sobre 2219 de 2221 filas con coordenada finita",plausible,colegios06_2025.gpkg,2025-06-30
311001076634,311001076634,COLEGIO COLOMBO AMERICANO CAS,COLEGIO COLOMBO AMERICANO CAS,-74.05810000002384,4.793299999088049,WGS 84 / Pseudo-Mercator,"EPSG:4326 (st_set_crs, sin transformar)","lon [-74.3933, -74.0162] lat [3.8295, 4.8239] sobre 2219 de 2221 filas con coordenada finita",plausible,colegios06_2025.gpkg,2025-06-30
311001076677,311001076677,COLEGIO NUEVA CIENCIA,COLEGIO NUEVA CIENCIA,-74.10410000011325,4.742499999701977,WGS 84 / Pseudo-Mercator,"EPSG:4326 (st_set_crs, sin transformar)","lon [-74.3933, -74.0162] lat [3.8295, 4.8239] sobre 2219 de 2221 filas con coordenada finita",plausible,colegios06_2025.gpkg,2025-06-30
311001076791,311001076791,GIMNASIO DE EDUCACION MEDIA ACADEMICA Y TECNICA FRANCISCANO DE SUBA,GIMNASIO DE EDUCACION MEDIA ACADEMICA Y TECNICA FRANCISCANO DE SUBA,-74.10249999910593,4.742300000041723,WGS 84 / Pseudo-Mercator,"EPSG:4326 (st_set_crs, sin transformar)","lon [-74.3933, -74.0162] lat [3.8295, 4.8239] sobre 2219 de 2221 filas con coordenada finita",plausible,colegios06_2025.gpkg,2025-06-30
311001079374,311001079374,JARDIN INFANTIL SAINT GREGORY,JARDIN INFANTIL SAINT GREGORY,-74.05959999933839,4.698899999260902,WGS 84 / Pseudo-Mercator,"EPSG:4326 (st_set_crs, sin transformar)","lon [-74.3933, -74.0162] lat [3.8295, 4.8239] sobre 2219 de 2221 filas con coordenada finita",plausible,colegios06_2025.gpkg,2025-06-30
311001080160,311001080160,GIMNASIO LA KHUMBRE,GIMNASIO LA KHUMBRE,-74.07429999858141,4.822700001299381,WGS 84 / Pseudo-Mercator,"EPSG:4326 (st_set_crs, sin transformar)","lon [-74.3933, -74.0162] lat [3.8295, 4.8239] sobre 2219 de 2221 filas con coordenada finita",plausible,colegios06_2025.gpkg,2025-06-30
311001086320,311001086320,GIMNASIO COLOMBO BRITANICO - BILINGÜE INTERNACIONAL,GIMNASIO COLOMBO BRITANICO - BILINGÜE INTERNACIONAL,-74.06560000032187,4.813099998980761,WGS 84 / Pseudo-Mercator,"EPSG:4326 (st_set_crs, sin transformar)","lon [-74.3933, -74.0162] lat [3.8295, 4.8239] sobre 2219 de 2221 filas con coordenada finita",plausible,colegios06_2025.gpkg,2025-06-30
311001087032,311001087032,PREESCOLAR CASA DE LOS NIÑOS MARIA MONTESSORI,PREESCOLAR CASA DE LOS NIÑOS MARIA MONTESSORI,-74.0751999989152,4.815499998629093,WGS 84 / Pseudo-Mercator,"EPSG:4326 (st_set_crs, sin transformar)","lon [-74.3933, -74.0162] lat [3.8295, 4.8239] sobre 2219 de 2221 filas con coordenada finita",plausible,colegios06_2025.gpkg,2025-06-30
311001087253,311001087253,GIMNASIO LA CIMA,GIMNASIO LA CIMA,-74.10249999910593,4.7470999993383884,WGS 84 / Pseudo-Mercator,"EPSG:4326 (st_set_crs, sin transformar)","lon [-74.3933, -74.0162] lat [3.8295, 4.8239] sobre 2219 de 2221 filas con coordenada finita",plausible,colegios06_2025.gpkg,2025-06-30
311001087288,311001087288,GIMNASIO LA MONTAÑA,GIMNASIO LA MONTAÑA,-74.04380000010133,4.793400000780821,WGS 84 / Pseudo-Mercator,"EPSG:4326 (st_set_crs, sin transformar)","lon [-74.3933, -74.0162] lat [3.8295, 4.8239] sobre 2219 de 2221 filas con coordenada finita",plausible,colegios06_2025.gpkg,2025-06-30
311001087750,311001087750,COLEGIO CRISTIANO GRACIA Y AMOR,COLEGIO CRISTIANO GRACIA Y AMOR,-74.05810000002384,4.76240000128746,WGS 84 / Pseudo-Mercator,"EPSG:4326 (st_set_crs, sin transformar)","lon [-74.3933, -74.0162] lat [3.8295, 4.8239] sobre 2219 de 2221 filas con coordenada finita",plausible,colegios06_2025.gpkg,2025-06-30
311001088047,311001088047,INSTITUTO COPESAL,INSTITUTO COPESAL,-74.10060000047088,4.735399998724461,WGS 84 / Pseudo-Mercator,"EPSG:4326 (st_set_crs, sin transformar)","lon [-74.3933, -74.0162] lat [3.8295, 4.8239] sobre 2219 de 2221 filas con coordenada finita",plausible,colegios06_2025.gpkg,2025-06-30
311001088535,311001088535,LICEO DE DESARROLLO INFANTIL EL NUEVO COLOMBIANITO,LICEO DE DESARROLLO INFANTIL EL NUEVO COLOMBIANITO,-74.09059999883175,4.7226000018417835,WGS 84 / Pseudo-Mercator,"EPSG:4326 (st_set_crs, sin transformar)","lon [-74.3933, -74.0162] lat [3.8295, 4.8239] sobre 2219 de 2221 filas con coordenada finita",plausible,colegios06_2025.gpkg,2025-06-30
311001088730,311001088730,LICEO INFANTIL CRECER JUNTOS,LICEO INFANTIL CRECER JUNTOS,-74.0962999984622,4.739000000059605,WGS 84 / Pseudo-Mercator,"EPSG:4326 (st_set_crs, sin transformar)","lon [-74.3933, -74.0162] lat [3.8295, 4.8239] sobre 2219 de 2221 filas con coordenada finita",plausible,colegios06_2025.gpkg,2025-06-30
311001088764,311001088764,LICEO CHICO CAMPESTRE,LICEO CHICO CAMPESTRE,-74.04630000144243,4.7980000004172325,WGS 84 / Pseudo-Mercator,"EPSG:4326 (st_set_crs, sin transformar)","lon [-74.3933, -74.0162] lat [3.8295, 4.8239] sobre 2219 de 2221 filas con coordenada finita",plausible,colegios06_2025.gpkg,2025-06-30
311001089221,311001089221,INSTITUTO ALBERTO MERANI,INSTITUTO ALBERTO MERANI,-74.05939999967813,4.7685999982059,WGS 84 / Pseudo-Mercator,"EPSG:4326 (st_set_crs, sin transformar)","lon [-74.3933, -74.0162] lat [3.8295, 4.8239] sobre 2219 de 2221 filas con coordenada finita",plausible,colegios06_2025.gpkg,2025-06-30
311001089264,311001089264,GIMNASIO Y PREESCOLAR PSICOPEDAGOGICO CONDEMARIN,GIMNASIO Y PREESCOLAR PSICOPEDAGOGICO CONDEMARIN,-74.09439999982715,4.730900000780821,WGS 84 / Pseudo-Mercator,"EPSG:4326 (st_set_crs, sin transformar)","lon [-74.3933, -74.0162] lat [3.8295, 4.8239] sobre 2219 de 2221 filas con coordenada finita",plausible,colegios06_2025.gpkg,2025-06-30
311001089272,311001089272,GIMNASIO ESPECIALIZADO DEL NORTE,GIMNASIO ESPECIALIZADO DEL NORTE,-74.0650000013411,4.694400001317263,WGS 84 / Pseudo-Mercator,"EPSG:4326 (st_set_crs, sin transformar)","lon [-74.3933, -74.0162] lat [3.8295, 4.8239] sobre 2219 de 2221 filas con coordenada finita",plausible,colegios06_2025.gpkg,2025-06-30
311001090297,311001090297,COLEGIO SANTO TORIBIO DE MONGROVEJO,COLEGIO SANTO TORIBIO DE MONGROVEJO,-74.09760000184178,4.744800001382828,WGS 84 / Pseudo-Mercator,"EPSG:4326 (st_set_crs, sin transformar)","lon [-74.3933, -74.0162] lat [3.8295, 4.8239] sobre 2219 de 2221 filas con coordenada finita",plausible,colegios06_2025.gpkg,2025-06-30
311001090416,311001090416,GIMNASIO ARTISTICO DE SUBA,GIMNASIO ARTISTICO DE SUBA,-74.09849999845028,4.743000000715256,WGS 84 / Pseudo-Mercator,"EPSG:4326 (st_set_crs, sin transformar)","lon [-74.3933, -74.0162] lat [3.8295, 4.8239] sobre 2219 de 2221 filas con coordenada finita",plausible,colegios06_2025.gpkg,2025-06-30
311001090459,311001090459,GIMNASIO MODERNO GENERACION DEL FUTURO,GIMNASIO MODERNO GENERACION DEL FUTURO,-74.09820000082254,4.757599998265505,WGS 84 / Pseudo-Mercator,"EPSG:4326 (st_set_crs, sin transformar)","lon [-74.3933, -74.0162] lat [3.8295, 4.8239] sobre 2219 de 2221 filas con coordenada finita",plausible,colegios06_2025.gpkg,2025-06-30
311001090751,311001090751,INSTITUTO PSICOPEDAGOGICO ROSAL DE SUBA,INSTITUTO PSICOPEDAGOGICO ROSAL DE SUBA,-74.0932999998331,4.730500001460314,WGS 84 / Pseudo-Mercator,"EPSG:4326 (st_set_crs, sin transformar)","lon [-74.3933, -74.0162] lat [3.8295, 4.8239] sobre 2219 de 2221 filas con coordenada finita",plausible,colegios06_2025.gpkg,2025-06-30
311001090793,311001090793,CENTRO EDUCATIVO LOMBARDIA,CENTRO EDUCATIVO LOMBARDIA,-74.09910000115633,4.7474999986588955,WGS 84 / Pseudo-Mercator,"EPSG:4326 (st_set_crs, sin transformar)","lon [-74.3933, -74.0162] lat [3.8295, 4.8239] sobre 2219 de 2221 filas con coordenada finita",plausible,colegios06_2025.gpkg,2025-06-30
311001090840,311001090840,COLEGIO SAN GABRIEL POSSENTI,COLEGIO SAN GABRIEL POSSENTI,-74.10359999909997,4.741700001060963,WGS 84 / Pseudo-Mercator,"EPSG:4326 (st_set_crs, sin transformar)","lon [-74.3933, -74.0162] lat [3.8295, 4.8239] sobre 2219 de 2221 filas con coordenada finita",plausible,colegios06_2025.gpkg,2025-06-30
311001090921,311001090921,COLEGIO CORAZONISTA,COLEGIO CORAZONISTA,-74.0472999997437,4.779800001531839,WGS 84 / Pseudo-Mercator,"EPSG:4326 (st_set_crs, sin transformar)","lon [-74.3933, -74.0162] lat [3.8295, 4.8239] sobre 2219 de 2221 filas con coordenada finita",plausible,colegios06_2025.gpkg,2025-06-30
311001091129,311001091129,COLEGIO HOGAR DE NAZARETH,COLEGIO HOGAR DE NAZARETH,-74.10539999976754,4.746199999004602,WGS 84 / Pseudo-Mercator,"EPSG:4326 (st_set_crs, sin transformar)","lon [-74.3933, -74.0162] lat [3.8295, 4.8239] sobre 2219 de 2221 filas con coordenada finita",plausible,colegios06_2025.gpkg,2025-06-30
311001091315,311001091315,COLEGIO REINA DE GALES,COLEGIO REINA DE GALES,-74.11380000039935,4.7512000016868114,WGS 84 / Pseudo-Mercator,"EPSG:4326 (st_set_crs, sin transformar)","lon [-74.3933, -74.0162] lat [3.8295, 4.8239] sobre 2219 de 2221 filas con coordenada finita",plausible,colegios06_2025.gpkg,2025-06-30
311001091919,311001091919,LICEO INFANTIL NATHALIA,LICEO INFANTIL NATHALIA,-74.05799999833107,4.742800001055002,WGS 84 / Pseudo-Mercator,"EPSG:4326 (st_set_crs, sin transformar)","lon [-74.3933, -74.0162] lat [3.8295, 4.8239] sobre 2219 de 2221 filas con coordenada finita",plausible,colegios06_2025.gpkg,2025-06-30
311001092222,311001092222,COLEGIO VAN LEEUWENHOEK,COLEGIO VAN LEEUWENHOEK,-74.11859999969602,4.746500000357628,WGS 84 / Pseudo-Mercator,"EPSG:4326 (st_set_crs, sin transformar)","lon [-74.3933, -74.0162] lat [3.8295, 4.8239] sobre 2219 de 2221 filas con coordenada finita",plausible,colegios06_2025.gpkg,2025-06-30
311001092656,311001092656,COLEGIO COLOMBO BRIGHTON,COLEGIO COLOMBO BRIGHTON,-74.0586999990046,4.748199999332428,WGS 84 / Pseudo-Mercator,"EPSG:4326 (st_set_crs, sin transformar)","lon [-74.3933, -74.0162] lat [3.8295, 4.8239] sobre 2219 de 2221 filas con coordenada finita",plausible,colegios06_2025.gpkg,2025-06-30
311001092907,311001092907,LICEO FESAN,LICEO FESAN,-74.0954000018537,4.756700001657009,WGS 84 / Pseudo-Mercator,"EPSG:4326 (st_set_crs, sin transformar)","lon [-74.3933, -74.0162] lat [3.8295, 4.8239] sobre 2219 de 2221 filas con coordenada finita",plausible,colegios06_2025.gpkg,2025-06-30
311001093121,311001093121,LICEO LA NUEVA ESTANCIA DE SUBA LTDA,LICEO LA NUEVA ESTANCIA DE SUBA LTDA,-74.11459999904037,4.741799999028444,WGS 84 / Pseudo-Mercator,"EPSG:4326 (st_set_crs, sin transformar)","lon [-74.3933, -74.0162] lat [3.8295, 4.8239] sobre 2219 de 2221 filas con coordenada finita",plausible,colegios06_2025.gpkg,2025-06-30
311001093130,311001093130,COLEGIO BILINGÜE MAXIMINO POITIERS,COLEGIO BILINGÜE MAXIMINO POITIERS,-74.0912000015378,4.7516999989748,WGS 84 / Pseudo-Mercator,"EPSG:4326 (st_set_crs, sin transformar)","lon [-74.3933, -74.0162] lat [3.8295, 4.8239] sobre 2219 de 2221 filas con coordenada finita",plausible,colegios06_2025.gpkg,2025-06-30
311001093229,311001093229,TALLER INFANTIL PATICOS DEL MAR,TALLER INFANTIL PATICOS DEL MAR,-74.05649999901652,4.748100001364946,WGS 84 / Pseudo-Mercator,"EPSG:4326 (st_set_crs, sin transformar)","lon [-74.3933, -74.0162] lat [3.8295, 4.8239] sobre 2219 de 2221 filas con coordenada finita",plausible,colegios06_2025.gpkg,2025-06-30
311001093393,311001093393,GIMNASIO CAMPESTRE BETH-SHALOM,GIMNASIO CAMPESTRE BETH-SHALOM,-74.06100000068545,4.802099999040365,WGS 84 / Pseudo-Mercator,"EPSG:4326 (st_set_crs, sin transformar)","lon [-74.3933, -74.0162] lat [3.8295, 4.8239] sobre 2219 de 2221 filas con coordenada finita",plausible,colegios06_2025.gpkg,2025-06-30
311001093407,311001093407,COLEGIO NUEVA VERONA,COLEGIO NUEVA VERONA,-74.11820000037551,4.744699999690056,WGS 84 / Pseudo-Mercator,"EPSG:4326 (st_set_crs, sin transformar)","lon [-74.3933, -74.0162] lat [3.8295, 4.8239] sobre 2219 de 2221 filas con coordenada finita",plausible,colegios06_2025.gpkg,2025-06-30
311001093598,311001093598,LICEO PEDAGOGICO CATHERBLANC S.A.S.,LICEO PEDAGOGICO CATHERBLANC S.A.S.,-74.08579999953508,4.754900000989437,WGS 84 / Pseudo-Mercator,"EPSG:4326 (st_set_crs, sin transformar)","lon [-74.3933, -74.0162] lat [3.8295, 4.8239] sobre 2219 de 2221 filas con coordenada finita",plausible,colegios06_2025.gpkg,2025-06-30
311001093601,311001093601,LICEO MATOVELLE,LICEO MATOVELLE,-74.05979999899864,4.757500000298023,WGS 84 / Pseudo-Mercator,"EPSG:4326 (st_set_crs, sin transformar)","lon [-74.3933, -74.0162] lat [3.8295, 4.8239] sobre 2219 de 2221 filas con coordenada finita",plausible,colegios06_2025.gpkg,2025-06-30
311001093831,311001093831,COLEGIO CRISTIANO KABOD,COLEGIO CRISTIANO KABOD,-74.09910000115633,4.7346000000834465,WGS 84 / Pseudo-Mercator,"EPSG:4326 (st_set_crs, sin transformar)","lon [-74.3933, -74.0162] lat [3.8295, 4.8239] sobre 2219 de 2221 filas con coordenada finita",plausible,colegios06_2025.gpkg,2025-06-30
311001094357,311001094357,GIMNASIO SANTANA DEL NORTE,GIMNASIO SANTANA DEL NORTE,-74.06740000098944,4.721000000834465,WGS 84 / Pseudo-Mercator,"EPSG:4326 (st_set_crs, sin transformar)","lon [-74.3933, -74.0162] lat [3.8295, 4.8239] sobre 2219 de 2221 filas con coordenada finita",plausible,colegios06_2025.gpkg,2025-06-30
311001094403,311001094403,COLEGIO REUVEN FEUERSTEIN,COLEGIO REUVEN FEUERSTEIN,-74.08819999918342,4.753600001335144,WGS 84 / Pseudo-Mercator,"EPSG:4326 (st_set_crs, sin transformar)","lon [-74.3933, -74.0162] lat [3.8295, 4.8239] sobre 2219 de 2221 filas con coordenada finita",plausible,colegios06_2025.gpkg,2025-06-30
311001094608,311001094608,LICEO LOS ANGELES SUBA,LICEO LOS ANGELES SUBA,-74.08749999850988,4.7351000010967255,WGS 84 / Pseudo-Mercator,"EPSG:4326 (st_set_crs, sin transformar)","lon [-74.3933, -74.0162] lat [3.8295, 4.8239] sobre 2219 de 2221 filas con coordenada finita",plausible,colegios06_2025.gpkg,2025-06-30
311001094675,311001094675,LICEO ANTONIO NARIÑO,LICEO ANTONIO NARIÑO,-74.11580000072718,4.74549999833107,WGS 84 / Pseudo-Mercator,"EPSG:4326 (st_set_crs, sin transformar)","lon [-74.3933, -74.0162] lat [3.8295, 4.8239] sobre 2219 de 2221 filas con coordenada finita",plausible,colegios06_2025.gpkg,2025-06-30
311001095094,311001095094,COLEGIO PEDAGOGICO ALBORADA,COLEGIO PEDAGOGICO ALBORADA,-74.09019999951124,4.729400001466274,WGS 84 / Pseudo-Mercator,"EPSG:4326 (st_set_crs, sin transformar)","lon [-74.3933, -74.0162] lat [3.8295, 4.8239] sobre 2219 de 2221 filas con coordenada finita",plausible,colegios06_2025.gpkg,2025-06-30
311001095191,311001095191,COLEGIO SAN SIMON,COLEGIO SAN SIMON,-74.05759999901056,4.752700001001358,WGS 84 / Pseudo-Mercator,"EPSG:4326 (st_set_crs, sin transformar)","lon [-74.3933, -74.0162] lat [3.8295, 4.8239] sobre 2219 de 2221 filas con coordenada finita",plausible,colegios06_2025.gpkg,2025-06-30
311001095469,311001095469,GIMNASIO PSICOPEDAGOGICO SUBA,GIMNASIO PSICOPEDAGOGICO SUBA,-74.10040000081062,4.738299999386072,WGS 84 / Pseudo-Mercator,"EPSG:4326 (st_set_crs, sin transformar)","lon [-74.3933, -74.0162] lat [3.8295, 4.8239] sobre 2219 de 2221 filas con coordenada finita",plausible,colegios06_2025.gpkg,2025-06-30
311001095485,311001095485,PSICOPEDAGOGICO NUEVO HORIZONTE,PSICOPEDAGOGICO NUEVO HORIZONTE,-74.08980000019073,4.717999998480082,WGS 84 / Pseudo-Mercator,"EPSG:4326 (st_set_crs, sin transformar)","lon [-74.3933, -74.0162] lat [3.8295, 4.8239] sobre 2219 de 2221 filas con coordenada finita",plausible,colegios06_2025.gpkg,2025-06-30
311001095728,311001095728,COLEGIO REAL MAJESTAD,COLEGIO REAL MAJESTAD,-74.1022000014782,4.7331999987363815,WGS 84 / Pseudo-Mercator,"EPSG:4326 (st_set_crs, sin transformar)","lon [-74.3933, -74.0162] lat [3.8295, 4.8239] sobre 2219 de 2221 filas con coordenada finita",plausible,colegios06_2025.gpkg,2025-06-30
311001095914,311001095914,JARDIN INFANTIL CAMINO DE ILUSIONES,JARDIN INFANTIL CAMINO DE ILUSIONES,-74.06239999830723,4.698800001293421,WGS 84 / Pseudo-Mercator,"EPSG:4326 (st_set_crs, sin transformar)","lon [-74.3933, -74.0162] lat [3.8295, 4.8239] sobre 2219 de 2221 filas con coordenada finita",plausible,colegios06_2025.gpkg,2025-06-30
311001095922,311001095922,LICEO MODERNO MI MUNDO IDEAL,LICEO MODERNO MI MUNDO IDEAL,-74.10830000042915,4.75,WGS 84 / Pseudo-Mercator,"EPSG:4326 (st_set_crs, sin transformar)","lon [-74.3933, -74.0162] lat [3.8295, 4.8239] sobre 2219 de 2221 filas con coordenada finita",plausible,colegios06_2025.gpkg,2025-06-30
311001096074,311001096074,LICEO EMPRESARIAL DEL CAMPO,LICEO EMPRESARIAL DEL CAMPO,-74.1119000017643,4.750399999320507,WGS 84 / Pseudo-Mercator,"EPSG:4326 (st_set_crs, sin transformar)","lon [-74.3933, -74.0162] lat [3.8295, 4.8239] sobre 2219 de 2221 filas con coordenada finita",plausible,colegios06_2025.gpkg,2025-06-30
311001096317,311001096317,LICEO BRITANICO CHARLES DARWIN,LICEO BRITANICO CHARLES DARWIN,-74.09270000085235,4.743000000715256,WGS 84 / Pseudo-Mercator,"EPSG:4326 (st_set_crs, sin transformar)","lon [-74.3933, -74.0162] lat [3.8295, 4.8239] sobre 2219 de 2221 filas con coordenada finita",plausible,colegios06_2025.gpkg,2025-06-30
311001097348,311001097348,INSTITUTO UNIVERSAL SAN PEDRO,INSTITUTO UNIVERSAL SAN PEDRO,-74.11749999970198,4.746800001710653,WGS 84 / Pseudo-Mercator,"EPSG:4326 (st_set_crs, sin transformar)","lon [-74.3933, -74.0162] lat [3.8295, 4.8239] sobre 2219 de 2221 filas con coordenada finita",plausible,colegios06_2025.gpkg,2025-06-30
311001098026,311001098026,GIMNASIO BOSQUES DEL NOGAL,GIMNASIO BOSQUES DEL NOGAL,-74.1136000007391,4.741999998688698,WGS 84 / Pseudo-Mercator,"EPSG:4326 (st_set_crs, sin transformar)","lon [-74.3933, -74.0162] lat [3.8295, 4.8239] sobre 2219 de 2221 filas con coordenada finita",plausible,colegios06_2025.gpkg,2025-06-30
311001098280,311001098280,LICEO PEDAGOGICO LOS SAUCES,LICEO PEDAGOGICO LOS SAUCES,-74.09980000182986,4.7382000014185905,WGS 84 / Pseudo-Mercator,"EPSG:4326 (st_set_crs, sin transformar)","lon [-74.3933, -74.0162] lat [3.8295, 4.8239] sobre 2219 de 2221 filas con coordenada finita",plausible,colegios06_2025.gpkg,2025-06-30
311001098298,311001098298,JARDIN INFANTIL PIKIKOS,JARDIN INFANTIL PIKIKOS,-74.07759999856353,4.700500000268221,WGS 84 / Pseudo-Mercator,"EPSG:4326 (st_set_crs, sin transformar)","lon [-74.3933, -74.0162] lat [3.8295, 4.8239] sobre 2219 de 2221 filas con coordenada finita",plausible,colegios06_2025.gpkg,2025-06-30
311001100233,311001100233,GIMNASIO KAIPORE CENTRO DE DESARROLLO TEMPRANO,GIMNASIO KAIPORE CENTRO DE DESARROLLO TEMPRANO,-74.07400000095367,4.700300000607967,WGS 84 / Pseudo-Mercator,"EPSG:4326 (st_set_crs, sin transformar)","lon [-74.3933, -74.0162] lat [3.8295, 4.8239] sobre 2219 de 2221 filas con coordenada finita",plausible,colegios06_2025.gpkg,2025-06-30
311001100926,311001100926,COLEGIO FUNDACION HOGAR SAN MAURICIO,COLEGIO FUNDACION HOGAR SAN MAURICIO,-74.06870000064373,4.765500001609325,WGS 84 / Pseudo-Mercator,"EPSG:4326 (st_set_crs, sin transformar)","lon [-74.3933, -74.0162] lat [3.8295, 4.8239] sobre 2219 de 2221 filas con coordenada finita",plausible,colegios06_2025.gpkg,2025-06-30
311001100985,311001100985,COLEGIO BILINGÜE RICHMOND,COLEGIO BILINGÜE RICHMOND,-74.04399999976158,4.801100000739098,WGS 84 / Pseudo-Mercator,"EPSG:4326 (st_set_crs, sin transformar)","lon [-74.3933, -74.0162] lat [3.8295, 4.8239] sobre 2219 de 2221 filas con coordenada finita",plausible,colegios06_2025.gpkg,2025-06-30
311001100993,311001100993,COLEGIO ARCA INTERNACIONAL BILINGÜE,COLEGIO ARCA INTERNACIONAL BILINGÜE,-74.07580000162125,4.7516000010073185,WGS 84 / Pseudo-Mercator,"EPSG:4326 (st_set_crs, sin transformar)","lon [-74.3933, -74.0162] lat [3.8295, 4.8239] sobre 2219 de 2221 filas con coordenada finita",plausible,colegios06_2025.gpkg,2025-06-30
311001101043,311001101043,LICEO COLOMBIANO DE TELECOMUNICACIONES,LICEO COLOMBIANO DE TELECOMUNICACIONES,-74.11769999936223,4.7474999986588955,WGS 84 / Pseudo-Mercator,"EPSG:4326 (st_set_crs, sin transformar)","lon [-74.3933, -74.0162] lat [3.8295, 4.8239] sobre 2219 de 2221 filas con coordenada finita",plausible,colegios06_2025.gpkg,2025-06-30
311001101507,311001101507,CENTRO EDUCATIVO MARIA MONTESSORI,CENTRO EDUCATIVO MARIA MONTESSORI,-74.10480000078678,4.730500001460314,WGS 84 / Pseudo-Mercator,"EPSG:4326 (st_set_crs, sin transformar)","lon [-74.3933, -74.0162] lat [3.8295, 4.8239] sobre 2219 de 2221 filas con coordenada finita",plausible,colegios06_2025.gpkg,2025-06-30
311001101515,311001101515,JARDIN INFANTIL MANECITAS ROSADITAS,JARDIN INFANTIL MANECITAS ROSADITAS,-74.05299999937415,4.732200000435114,WGS 84 / Pseudo-Mercator,"EPSG:4326 (st_set_crs, sin transformar)","lon [-74.3933, -74.0162] lat [3.8295, 4.8239] sobre 2219 de 2221 filas con coordenada finita",plausible,colegios06_2025.gpkg,2025-06-30
311001101574,311001101574,GIMNASIO ROMANO MIXTO,GIMNASIO ROMANO MIXTO,-74.1004999987781,4.735399998724461,WGS 84 / Pseudo-Mercator,"EPSG:4326 (st_set_crs, sin transformar)","lon [-74.3933, -74.0162] lat [3.8295, 4.8239] sobre 2219 de 2221 filas con coordenada finita",plausible,colegios06_2025.gpkg,2025-06-30
311001101663,311001101663,LICEO DE CIENCIA Y CULTURA HARVARD,LICEO DE CIENCIA Y CULTURA HARVARD,-74.09569999948144,4.756599999964237,WGS 84 / Pseudo-Mercator,"EPSG:4326 (st_set_crs, sin transformar)","lon [-74.3933, -74.0162] lat [3.8295, 4.8239] sobre 2219 de 2221 filas con coordenada finita",plausible,colegios06_2025.gpkg,2025-06-30
311001101671,311001101671,GIMNASIO PSICOPEDAGOGICO GUILFORD,GIMNASIO PSICOPEDAGOGICO GUILFORD,-74.08709999918938,4.7331000007689,WGS 84 / Pseudo-Mercator,"EPSG:4326 (st_set_crs, sin transformar)","lon [-74.3933, -74.0162] lat [3.8295, 4.8239] sobre 2219 de 2221 filas con coordenada finita",plausible,colegios06_2025.gpkg,2025-06-30
311001102252,311001102252,COLEGIO EINSTENIANO,COLEGIO EINSTENIANO,-74.1000999994576,4.746700000017881,WGS 84 / Pseudo-Mercator,"EPSG:4326 (st_set_crs, sin transformar)","lon [-74.3933, -74.0162] lat [3.8295, 4.8239] sobre 2219 de 2221 filas con coordenada finita",plausible,colegios06_2025.gpkg,2025-06-30
311001102368,311001102368,COLEGIO REAL DE CUNDINAMARCA,COLEGIO REAL DE CUNDINAMARCA,-74.0912000015378,4.754000000655651,WGS 84 / Pseudo-Mercator,"EPSG:4326 (st_set_crs, sin transformar)","lon [-74.3933, -74.0162] lat [3.8295, 4.8239] sobre 2219 de 2221 filas con coordenada finita",plausible,colegios06_2025.gpkg,2025-06-30
311001102384,311001102384,COLEGIO GRAN BRETAÑA,COLEGIO GRAN BRETAÑA,-74.04369999840856,4.79280000180006,WGS 84 / Pseudo-Mercator,"EPSG:4326 (st_set_crs, sin transformar)","lon [-74.3933, -74.0162] lat [3.8295, 4.8239] sobre 2219 de 2221 filas con coordenada finita",plausible,colegios06_2025.gpkg,2025-06-30
311001102465,311001102465,JARDIN INFANTIL EL ROSARIO,JARDIN INFANTIL EL ROSARIO,-74.0874000005424,4.745000001043081,WGS 84 / Pseudo-Mercator,"EPSG:4326 (st_set_crs, sin transformar)","lon [-74.3933, -74.0162] lat [3.8295, 4.8239] sobre 2219 de 2221 filas con coordenada finita",plausible,colegios06_2025.gpkg,2025-06-30
311001102538,311001102538,COLEGIO NUESTRA SEÑORA DEL ROSARIO DE SAN CIPRIANO,COLEGIO NUESTRA SEÑORA DEL ROSARIO DE SAN CIPRIANO,-74.05429999902844,4.748700000345707,WGS 84 / Pseudo-Mercator,"EPSG:4326 (st_set_crs, sin transformar)","lon [-74.3933, -74.0162] lat [3.8295, 4.8239] sobre 2219 de 2221 filas con coordenada finita",plausible,colegios06_2025.gpkg,2025-06-30
311001102937,311001102937,GIMNASIO PINOSIERRA,GIMNASIO PINOSIERRA,-74.07510000094771,4.740100000053644,WGS 84 / Pseudo-Mercator,"EPSG:4326 (st_set_crs, sin transformar)","lon [-74.3933, -74.0162] lat [3.8295, 4.8239] sobre 2219 de 2221 filas con coordenada finita",plausible,colegios06_2025.gpkg,2025-06-30
311001102996,311001102996,GIMNASIO LATINOAMERICANO,GIMNASIO LATINOAMERICANO,-74.1174000017345,4.752099998295307,WGS 84 / Pseudo-Mercator,"EPSG:4326 (st_set_crs, sin transformar)","lon [-74.3933, -74.0162] lat [3.8295, 4.8239] sobre 2219 de 2221 filas con coordenada finita",plausible,colegios06_2025.gpkg,2025-06-30
311001103003,311001103003,COLEGIO PERTIGA,COLEGIO PERTIGA,-74.05849999934435,4.7520000003278255,WGS 84 / Pseudo-Mercator,"EPSG:4326 (st_set_crs, sin transformar)","lon [-74.3933, -74.0162] lat [3.8295, 4.8239] sobre 2219 de 2221 filas con coordenada finita",plausible,colegios06_2025.gpkg,2025-06-30
311001105375,311001105375,COLEGIO MONTESSORI (MONTESSORI BRITISH SCHOOL) - BILINGÜE INTERNACIONAL,COLEGIO MONTESSORI (MONTESSORI BRITISH SCHOOL) - BILINGÜE INTERNACIONAL,-74.07750000059605,4.715399999171495,WGS 84 / Pseudo-Mercator,"EPSG:4326 (st_set_crs, sin transformar)","lon [-74.3933, -74.0162] lat [3.8295, 4.8239] sobre 2219 de 2221 filas con coordenada finita",plausible,colegios06_2025.gpkg,2025-06-30
311001105383,311001105383,GIMNASIO SAN ANGELO,GIMNASIO SAN ANGELO,-74.04500000178814,4.801500000059605,WGS 84 / Pseudo-Mercator,"EPSG:4326 (st_set_crs, sin transformar)","lon [-74.3933, -74.0162] lat [3.8295, 4.8239] sobre 2219 de 2221 filas con coordenada finita",plausible,colegios06_2025.gpkg,2025-06-30
311001105391,311001105391,COLEGIO TECNISISTEMAS,COLEGIO TECNISISTEMAS,-74.0874000005424,4.739599999040365,WGS 84 / Pseudo-Mercator,"EPSG:4326 (st_set_crs, sin transformar)","lon [-74.3933, -74.0162] lat [3.8295, 4.8239] sobre 2219 de 2221 filas con coordenada finita",plausible,colegios06_2025.gpkg,2025-06-30
311001105481,311001105481,COLEGIO EL CAMINO ACADEMY,COLEGIO EL CAMINO ACADEMY,-74.0434999987483,4.799199998378754,WGS 84 / Pseudo-Mercator,"EPSG:4326 (st_set_crs, sin transformar)","lon [-74.3933, -74.0162] lat [3.8295, 4.8239] sobre 2219 de 2221 filas con coordenada finita",plausible,colegios06_2025.gpkg,2025-06-30
311001105545,311001105545,GIMNASIO EDUCATIVO CUNDINAMARCA,GIMNASIO EDUCATIVO CUNDINAMARCA,-74.09349999949336,4.736800000071526,WGS 84 / Pseudo-Mercator,"EPSG:4326 (st_set_crs, sin transformar)","lon [-74.3933, -74.0162] lat [3.8295, 4.8239] sobre 2219 de 2221 filas con coordenada finita",plausible,colegios06_2025.gpkg,2025-06-30
311001105561,311001105561,JARDIN INFANTIL MIS AMIGOS Y YO,JARDIN INFANTIL MIS AMIGOS Y YO,-74.09580000117421,4.731300000101328,WGS 84 / Pseudo-Mercator,"EPSG:4326 (st_set_crs, sin transformar)","lon [-74.3933, -74.0162] lat [3.8295, 4.8239] sobre 2219 de 2221 filas con coordenada finita",plausible,colegios06_2025.gpkg,2025-06-30
311001105634,311001105634,GIMNASIO PSICOPEDAGOGICO NICOLAS STEMBERG,GIMNASIO PSICOPEDAGOGICO NICOLAS STEMBERG,-74.08579999953508,4.743000000715256,WGS 84 / Pseudo-Mercator,"EPSG:4326 (st_set_crs, sin transformar)","lon [-74.3933, -74.0162] lat [3.8295, 4.8239] sobre 2219 de 2221 filas con coordenada finita",plausible,colegios06_2025.gpkg,2025-06-30
311001105651,311001105651,INSTITUTO INTEGRADO DE SUBA,INSTITUTO INTEGRADO DE SUBA,-74.10029999911785,4.742499999701977,WGS 84 / Pseudo-Mercator,"EPSG:4326 (st_set_crs, sin transformar)","lon [-74.3933, -74.0162] lat [3.8295, 4.8239] sobre 2219 de 2221 filas con coordenada finita",plausible,colegios06_2025.gpkg,2025-06-30
311001105685,311001105685,LATINOAMERICANA DE SISTEMAS Y EDUCACION LASIT,LATINOAMERICANA DE SISTEMAS Y EDUCACION LASIT,-74.11050000041723,4.741999998688698,WGS 84 / Pseudo-Mercator,"EPSG:4326 (st_set_crs, sin transformar)","lon [-74.3933, -74.0162] lat [3.8295, 4.8239] sobre 2219 de 2221 filas con coordenada finita",plausible,colegios06_2025.gpkg,2025-06-30
311001105693,311001105693,JARDIN INFANTIL PEQUEÑOS TALENTOS,JARDIN INFANTIL PEQUEÑOS TALENTOS,-74.06320000067353,4.72749999910593,WGS 84 / Pseudo-Mercator,"EPSG:4326 (st_set_crs, sin transformar)","lon [-74.3933, -74.0162] lat [3.8295, 4.8239] sobre 2219 de 2221 filas con coordenada finita",plausible,colegios06_2025.gpkg,2025-06-30
311001105707,311001105707,COLEGIO CALATRAVA,COLEGIO CALATRAVA,-74.07539999857545,4.7534000016748905,WGS 84 / Pseudo-Mercator,"EPSG:4326 (st_set_crs, sin transformar)","lon [-74.3933, -74.0162] lat [3.8295, 4.8239] sobre 2219 de 2221 filas con coordenada finita",plausible,colegios06_2025.gpkg,2025-06-30
311001105715,311001105715,JARDIN INFANTIL MI PEQUEÑO GRAN MUNDO,JARDIN INFANTIL MI PEQUEÑO GRAN MUNDO,-74.04960000142455,4.755800001323223,WGS 84 / Pseudo-Mercator,"EPSG:4326 (st_set_crs, sin transformar)","lon [-74.3933, -74.0162] lat [3.8295, 4.8239] sobre 2219 de 2221 filas con coordenada finita",plausible,colegios06_2025.gpkg,2025-06-30
311001106274,311001106274,COLEGIO PEDAGOGICO DANIEL FELIPE,COLEGIO PEDAGOGICO DANIEL FELIPE,-74.04949999973178,4.757800001651049,WGS 84 / Pseudo-Mercator,"EPSG:4326 (st_set_crs, sin transformar)","lon [-74.3933, -74.0162] lat [3.8295, 4.8239] sobre 2219 de 2221 filas con coordenada finita",plausible,colegios06_2025.gpkg,2025-06-30
311001106282,311001106282,JARDIN INFANTIL SAN GABRIEL ARCANGEL,JARDIN INFANTIL SAN GABRIEL ARCANGEL,-74.06349999830127,4.694899998605251,WGS 84 / Pseudo-Mercator,"EPSG:4326 (st_set_crs, sin transformar)","lon [-74.3933, -74.0162] lat [3.8295, 4.8239] sobre 2219 de 2221 filas con coordenada finita",plausible,colegios06_2025.gpkg,2025-06-30
311001106304,311001106304,LICEO ARANZAZU,LICEO ARANZAZU,-74.0920999981463,4.7347999997437,WGS 84 / Pseudo-Mercator,"EPSG:4326 (st_set_crs, sin transformar)","lon [-74.3933, -74.0162] lat [3.8295, 4.8239] sobre 2219 de 2221 filas con coordenada finita",plausible,colegios06_2025.gpkg,2025-06-30
311001106487,311001106487,JARDIN INFANTIL LA MAGIA DEL AMOR,JARDIN INFANTIL LA MAGIA DEL AMOR,-74.0857000015676,4.750799998641014,WGS 84 / Pseudo-Mercator,"EPSG:4326 (st_set_crs, sin transformar)","lon [-74.3933, -74.0162] lat [3.8295, 4.8239] sobre 2219 de 2221 filas con coordenada finita",plausible,colegios06_2025.gpkg,2025-06-30
311001106673,311001106673,INSTITUTO FORMATES,INSTITUTO FORMATES,-74.1026000007987,4.736800000071526,WGS 84 / Pseudo-Mercator,"EPSG:4326 (st_set_crs, sin transformar)","lon [-74.3933, -74.0162] lat [3.8295, 4.8239] sobre 2219 de 2221 filas con coordenada finita",plausible,colegios06_2025.gpkg,2025-06-30
311001106690,311001106690,COLEGIO INSCAP,COLEGIO INSCAP,-74.09490000084043,4.740499999374151,WGS 84 / Pseudo-Mercator,"EPSG:4326 (st_set_crs, sin transformar)","lon [-74.3933, -74.0162] lat [3.8295, 4.8239] sobre 2219 de 2221 filas con coordenada finita",plausible,colegios06_2025.gpkg,2025-06-30
311001107181,311001107181,COLEGIO NUEVO REINO DE TURINGIA,COLEGIO NUEVO REINO DE TURINGIA,-74.09129999950528,4.752900000661612,WGS 84 / Pseudo-Mercator,"EPSG:4326 (st_set_crs, sin transformar)","lon [-74.3933, -74.0162] lat [3.8295, 4.8239] sobre 2219 de 2221 filas con coordenada finita",plausible,colegios06_2025.gpkg,2025-06-30
311001107190,311001107190,COLEGIO SAN NICOLAS DE TOLENTINO,COLEGIO SAN NICOLAS DE TOLENTINO,-74.09109999984503,4.728399999439716,WGS 84 / Pseudo-Mercator,"EPSG:4326 (st_set_crs, sin transformar)","lon [-74.3933, -74.0162] lat [3.8295, 4.8239] sobre 2219 de 2221 filas con coordenada finita",plausible,colegios06_2025.gpkg,2025-06-30
311001107220,311001107220,LICEO THE DOLPHIN,LICEO THE DOLPHIN,-74.05889999866486,4.743200000375509,WGS 84 / Pseudo-Mercator,"EPSG:4326 (st_set_crs, sin transformar)","lon [-74.3933, -74.0162] lat [3.8295, 4.8239] sobre 2219 de 2221 filas con coordenada finita",plausible,colegios06_2025.gpkg,2025-06-30
311001107271,311001107271,GIMNASIO YACARD,GIMNASIO YACARD,-74.0595000013709,4.758000001311302,WGS 84 / Pseudo-Mercator,"EPSG:4326 (st_set_crs, sin transformar)","lon [-74.3933, -74.0162] lat [3.8295, 4.8239] sobre 2219 de 2221 filas con coordenada finita",plausible,colegios06_2025.gpkg,2025-06-30
311001107483,311001107483,PREESCOLAR MI PEQUEÑO JARDIN,PREESCOLAR MI PEQUEÑO JARDIN,-74.05790000036359,4.715700000524521,WGS 84 / Pseudo-Mercator,"EPSG:4326 (st_set_crs, sin transformar)","lon [-74.3933, -74.0162] lat [3.8295, 4.8239] sobre 2219 de 2221 filas con coordenada finita",plausible,colegios06_2025.gpkg,2025-06-30
311001107513,311001107513,COLEGIO VICTORIA,COLEGIO VICTORIA,-74.04710000008345,4.793200001120567,WGS 84 / Pseudo-Mercator,"EPSG:4326 (st_set_crs, sin transformar)","lon [-74.3933, -74.0162] lat [3.8295, 4.8239] sobre 2219 de 2221 filas con coordenada finita",plausible,colegios06_2025.gpkg,2025-06-30
311001107645,311001107645,COLEGIO BILINGÜE SAN JUAN DE AVILA,COLEGIO BILINGÜE SAN JUAN DE AVILA,-74.09050000086427,4.783399999141693,WGS 84 / Pseudo-Mercator,"EPSG:4326 (st_set_crs, sin transformar)","lon [-74.3933, -74.0162] lat [3.8295, 4.8239] sobre 2219 de 2221 filas con coordenada finita",plausible,colegios06_2025.gpkg,2025-06-30
311001108323,311001108323,CENTRO DE DESARROLLO INFANTIL UNIVERSO MAGICO,CENTRO DE DESARROLLO INFANTIL UNIVERSO MAGICO,-74.07889999821782,4.696600001305342,WGS 84 / Pseudo-Mercator,"EPSG:4326 (st_set_crs, sin transformar)","lon [-74.3933, -74.0162] lat [3.8295, 4.8239] sobre 2219 de 2221 filas con coordenada finita",plausible,colegios06_2025.gpkg,2025-06-30
311001108587,311001108587,LICEO BRITANICO SUPERIOR,LICEO BRITANICO SUPERIOR,-74.09349999949336,4.740100000053644,WGS 84 / Pseudo-Mercator,"EPSG:4326 (st_set_crs, sin transformar)","lon [-74.3933, -74.0162] lat [3.8295, 4.8239] sobre 2219 de 2221 filas con coordenada finita",plausible,colegios06_2025.gpkg,2025-06-30
311001108668,311001108668,KINDERMUSIKAL PREESCOLAR,KINDERMUSIKAL PREESCOLAR,-74.05719999969006,4.71000000089407,WGS 84 / Pseudo-Mercator,"EPSG:4326 (st_set_crs, sin transformar)","lon [-74.3933, -74.0162] lat [3.8295, 4.8239] sobre 2219 de 2221 filas con coordenada finita",plausible,colegios06_2025.gpkg,2025-06-30
311001108684,311001108684,COLEGIO INSTITUTO SANTIAGO DE COMPOSTELA,COLEGIO INSTITUTO SANTIAGO DE COMPOSTELA,-74.10590000078082,4.740100000053644,WGS 84 / Pseudo-Mercator,"EPSG:4326 (st_set_crs, sin transformar)","lon [-74.3933, -74.0162] lat [3.8295, 4.8239] sobre 2219 de 2221 filas con coordenada finita",plausible,colegios06_2025.gpkg,2025-06-30
311001108820,311001108820,GIMNASIO INFANTIL DA VINCI,GIMNASIO INFANTIL DA VINCI,-74.10869999974966,4.750100001692772,WGS 84 / Pseudo-Mercator,"EPSG:4326 (st_set_crs, sin transformar)","lon [-74.3933, -74.0162] lat [3.8295, 4.8239] sobre 2219 de 2221 filas con coordenada finita",plausible,colegios06_2025.gpkg,2025-06-30
311001108871,311001108871,LICEO INFANTIL LA CASITA DE VIKY,LICEO INFANTIL LA CASITA DE VIKY,-74.07319999858737,4.695900000631809,WGS 84 / Pseudo-Mercator,"EPSG:4326 (st_set_crs, sin transformar)","lon [-74.3933, -74.0162] lat [3.8295, 4.8239] sobre 2219 de 2221 filas con coordenada finita",plausible,colegios06_2025.gpkg,2025-06-30
311001109231,311001109231,JARDIN INFANTIL EDUCANDO CON AMOR,JARDIN INFANTIL EDUCANDO CON AMOR,-74.10040000081062,4.755800001323223,WGS 84 / Pseudo-Mercator,"EPSG:4326 (st_set_crs, sin transformar)","lon [-74.3933, -74.0162] lat [3.8295, 4.8239] sobre 2219 de 2221 filas con coordenada finita",plausible,colegios06_2025.gpkg,2025-06-30
311001109257,311001109257,GIMNASIO MONTREAL,GIMNASIO MONTREAL,-74.08119999989867,4.753199998289347,WGS 84 / Pseudo-Mercator,"EPSG:4326 (st_set_crs, sin transformar)","lon [-74.3933, -74.0162] lat [3.8295, 4.8239] sobre 2219 de 2221 filas con coordenada finita",plausible,colegios06_2025.gpkg,2025-06-30
311001109371,311001109371,CENTRO DE ESTUDIOS SAN BASILIO,CENTRO DE ESTUDIOS SAN BASILIO,-74.1246000006795,4.743900001049042,WGS 84 / Pseudo-Mercator,"EPSG:4326 (st_set_crs, sin transformar)","lon [-74.3933, -74.0162] lat [3.8295, 4.8239] sobre 2219 de 2221 filas con coordenada finita",plausible,colegios06_2025.gpkg,2025-06-30
311001109605,311001109605,INSTITUTO GERWILL,INSTITUTO GERWILL,-74.08999999985099,4.738899998366833,WGS 84 / Pseudo-Mercator,"EPSG:4326 (st_set_crs, sin transformar)","lon [-74.3933, -74.0162] lat [3.8295, 4.8239] sobre 2219 de 2221 filas con coordenada finita",plausible,colegios06_2025.gpkg,2025-06-30
311001109788,311001109788,GIMNASIO INFANTIL LOS NIÑOS DEL MAÑANA,GIMNASIO INFANTIL LOS NIÑOS DEL MAÑANA,-74.05460000038147,4.721099998801947,WGS 84 / Pseudo-Mercator,"EPSG:4326 (st_set_crs, sin transformar)","lon [-74.3933, -74.0162] lat [3.8295, 4.8239] sobre 2219 de 2221 filas con coordenada finita",plausible,colegios06_2025.gpkg,2025-06-30
311001109818,311001109818,COLEGIO NACIDOS PARA TRIUNFAR EN CRISTO,COLEGIO NACIDOS PARA TRIUNFAR EN CRISTO,-74.10060000047088,4.755100000649691,WGS 84 / Pseudo-Mercator,"EPSG:4326 (st_set_crs, sin transformar)","lon [-74.3933, -74.0162] lat [3.8295, 4.8239] sobre 2219 de 2221 filas con coordenada finita",plausible,colegios06_2025.gpkg,2025-06-30
311001109842,311001109842,COLEGIO KNIGHTSBRIDGE SCHOOLS INTERNATIONAL,COLEGIO KNIGHTSBRIDGE SCHOOLS INTERNATIONAL,-74.07539999857545,4.805900000035763,WGS 84 / Pseudo-Mercator,"EPSG:4326 (st_set_crs, sin transformar)","lon [-74.3933, -74.0162] lat [3.8295, 4.8239] sobre 2219 de 2221 filas con coordenada finita",plausible,colegios06_2025.gpkg,2025-06-30
311001109907,311001109907,GIMNASIO PEDAGOGICO MARIA MONTESSORY,GIMNASIO PEDAGOGICO MARIA MONTESSORY,-74.09890000149608,4.756999999284744,WGS 84 / Pseudo-Mercator,"EPSG:4326 (st_set_crs, sin transformar)","lon [-74.3933, -74.0162] lat [3.8295, 4.8239] sobre 2219 de 2221 filas con coordenada finita",plausible,colegios06_2025.gpkg,2025-06-30
311001110018,311001110018,INSTITUTO CENTRAL DE ESTUDIOS,INSTITUTO CENTRAL DE ESTUDIOS,-74.06179999932647,4.7501999996602535,WGS 84 / Pseudo-Mercator,"EPSG:4326 (st_set_crs, sin transformar)","lon [-74.3933, -74.0162] lat [3.8295, 4.8239] sobre 2219 de 2221 filas con coordenada finita",plausible,colegios06_2025.gpkg,2025-06-30
311001110051,311001110051,LICEO CAMPESTRE FREINET DEL NORTE,LICEO CAMPESTRE FREINET DEL NORTE,-74.08329999819398,4.742800001055002,WGS 84 / Pseudo-Mercator,"EPSG:4326 (st_set_crs, sin transformar)","lon [-74.3933, -74.0162] lat [3.8295, 4.8239] sobre 2219 de 2221 filas con coordenada finita",plausible,colegios06_2025.gpkg,2025-06-30
311001110085,311001110085,CENTRO DE FORMACION SAN FRANCISCO DE ASIS - CENFOR,CENTRO DE FORMACION SAN FRANCISCO DE ASIS - CENFOR,-74.07360000163317,4.716600000858307,WGS 84 / Pseudo-Mercator,"EPSG:4326 (st_set_crs, sin transformar)","lon [-74.3933, -74.0162] lat [3.8295, 4.8239] sobre 2219 de 2221 filas con coordenada finita",plausible,colegios06_2025.gpkg,2025-06-30
311001110182,311001110182,LICEO ARTISTICO SAN JOSE,LICEO ARTISTICO SAN JOSE,-74.11470000073314,4.74439999833703,WGS 84 / Pseudo-Mercator,"EPSG:4326 (st_set_crs, sin transformar)","lon [-74.3933, -74.0162] lat [3.8295, 4.8239] sobre 2219 de 2221 filas con coordenada finita",plausible,colegios06_2025.gpkg,2025-06-30
311001110212,311001110212,GIMNASIO MODERNO SAN SEBASTIAN,GIMNASIO MODERNO SAN SEBASTIAN,-74.06679999828339,4.690200001001358,WGS 84 / Pseudo-Mercator,"EPSG:4326 (st_set_crs, sin transformar)","lon [-74.3933, -74.0162] lat [3.8295, 4.8239] sobre 2219 de 2221 filas con coordenada finita",plausible,colegios06_2025.gpkg,2025-06-30
311001110271,311001110271,CENTRO DE ESTUDIOS PRO-PYMES,CENTRO DE ESTUDIOS PRO-PYMES,-74.10069999843836,4.733800001442432,WGS 84 / Pseudo-Mercator,"EPSG:4326 (st_set_crs, sin transformar)","lon [-74.3933, -74.0162] lat [3.8295, 4.8239] sobre 2219 de 2221 filas con coordenada finita",plausible,colegios06_2025.gpkg,2025-06-30
311001110310,311001110310,INSTITUCION EDUCATIVA FEDERICO GARCIA LORCA,INSTITUCION EDUCATIVA FEDERICO GARCIA LORCA,-74.1064000017941,4.743500001728535,WGS 84 / Pseudo-Mercator,"EPSG:4326 (st_set_crs, sin transformar)","lon [-74.3933, -74.0162] lat [3.8295, 4.8239] sobre 2219 de 2221 filas con coordenada finita",plausible,colegios06_2025.gpkg,2025-06-30
311001110395,311001110395,COLEGIO SAN ANSELMO,COLEGIO SAN ANSELMO,-74.10700000077486,4.740499999374151,WGS 84 / Pseudo-Mercator,"EPSG:4326 (st_set_crs, sin transformar)","lon [-74.3933, -74.0162] lat [3.8295, 4.8239] sobre 2219 de 2221 filas con coordenada finita",plausible,colegios06_2025.gpkg,2025-06-30
311001110409,311001110409,LICEO BET-EL,LICEO BET-EL,-74.08439999818802,4.7346000000834465,WGS 84 / Pseudo-Mercator,"EPSG:4326 (st_set_crs, sin transformar)","lon [-74.3933, -74.0162] lat [3.8295, 4.8239] sobre 2219 de 2221 filas con coordenada finita",plausible,colegios06_2025.gpkg,2025-06-30
311001110484,311001110484,COLEGIO REAL LATINO,COLEGIO REAL LATINO,-74.08540000021458,4.740899998694658,WGS 84 / Pseudo-Mercator,"EPSG:4326 (st_set_crs, sin transformar)","lon [-74.3933, -74.0162] lat [3.8295, 4.8239] sobre 2219 de 2221 filas con coordenada finita",plausible,colegios06_2025.gpkg,2025-06-30
311001110522,311001110522,CENTRO JOHANN KEPLER,CENTRO JOHANN KEPLER,-74.11890000104904,4.745299998670816,WGS 84 / Pseudo-Mercator,"EPSG:4326 (st_set_crs, sin transformar)","lon [-74.3933, -74.0162] lat [3.8295, 4.8239] sobre 2219 de 2221 filas con coordenada finita",plausible,colegios06_2025.gpkg,2025-06-30
311001110531,311001110531,GIMNASIO MABEL CONDEMARIN,GIMNASIO MABEL CONDEMARIN,-74.09439999982715,4.730799999088049,WGS 84 / Pseudo-Mercator,"EPSG:4326 (st_set_crs, sin transformar)","lon [-74.3933, -74.0162] lat [3.8295, 4.8239] sobre 2219 de 2221 filas con coordenada finita",plausible,colegios06_2025.gpkg,2025-06-30
311001110573,311001110573,COLEGIO SUPERIOR DE PALERMO,COLEGIO SUPERIOR DE PALERMO,-74.11349999904633,4.743599999696016,WGS 84 / Pseudo-Mercator,"EPSG:4326 (st_set_crs, sin transformar)","lon [-74.3933, -74.0162] lat [3.8295, 4.8239] sobre 2219 de 2221 filas con coordenada finita",plausible,colegios06_2025.gpkg,2025-06-30
311001800014,311001800014,COLEGIO CENCOSISTEMAS SUBA,COLEGIO CENCOSISTEMAS SUBA,-74.10630000010133,4.742400001734495,WGS 84 / Pseudo-Mercator,"EPSG:4326 (st_set_crs, sin transformar)","lon [-74.3933, -74.0162] lat [3.8295, 4.8239] sobre 2219 de 2221 filas con coordenada finita",plausible,colegios06_2025.gpkg,2025-06-30
311001800031,311001800031,COLEGIO DE FORMACION INTEGRAL MONTSAND,COLEGIO DE FORMACION INTEGRAL MONTSAND,-74.05050000175834,4.758000001311302,WGS 84 / Pseudo-Mercator,"EPSG:4326 (st_set_crs, sin transformar)","lon [-74.3933, -74.0162] lat [3.8295, 4.8239] sobre 2219 de 2221 filas con coordenada finita",plausible,colegios06_2025.gpkg,2025-06-30
311001800138,311001800138,JARDIN INFANTIL EL RINCON DEL TERCER PUENTE,JARDIN INFANTIL EL RINCON DEL TERCER PUENTE,-74.06129999831319,4.760200001299381,WGS 84 / Pseudo-Mercator,"EPSG:4326 (st_set_crs, sin transformar)","lon [-74.3933, -74.0162] lat [3.8295, 4.8239] sobre 2219 de 2221 filas con coordenada finita",plausible,colegios06_2025.gpkg,2025-06-30
311001800154,311001800154,INSTITUTO NORTE,INSTITUTO NORTE,-74.08929999917746,4.718400001525879,WGS 84 / Pseudo-Mercator,"EPSG:4326 (st_set_crs, sin transformar)","lon [-74.3933, -74.0162] lat [3.8295, 4.8239] sobre 2219 de 2221 filas con coordenada finita",plausible,colegios06_2025.gpkg,2025-06-30
311001800219,311001800219,LICEO FEDERICO GARCIA LORCA,LICEO FEDERICO GARCIA LORCA,-74.1064000017941,4.743500001728535,WGS 84 / Pseudo-Mercator,"EPSG:4326 (st_set_crs, sin transformar)","lon [-74.3933, -74.0162] lat [3.8295, 4.8239] sobre 2219 de 2221 filas con coordenada finita",plausible,colegios06_2025.gpkg,2025-06-30
311001800235,311001800235,COLEGIO LEONARDO DA VINCI,COLEGIO LEONARDO DA VINCI,-74.10249999910593,4.742300000041723,WGS 84 / Pseudo-Mercator,"EPSG:4326 (st_set_crs, sin transformar)","lon [-74.3933, -74.0162] lat [3.8295, 4.8239] sobre 2219 de 2221 filas con coordenada finita",plausible,colegios06_2025.gpkg,2025-06-30
311001800251,311001800251,LICEO SORIA,LICEO SORIA,-74.09319999814034,4.7510999999940395,WGS 84 / Pseudo-Mercator,"EPSG:4326 (st_set_crs, sin transformar)","lon [-74.3933, -74.0162] lat [3.8295, 4.8239] sobre 2219 de 2221 filas con coordenada finita",plausible,colegios06_2025.gpkg,2025-06-30
311001800341,311001800341,GIMNASIO PSICOPEDAGOGICO INTEGRAL GIMSIPEI,GIMNASIO PSICOPEDAGOGICO INTEGRAL GIMSIPEI,-74.06870000064373,4.7212999984622,WGS 84 / Pseudo-Mercator,"EPSG:4326 (st_set_crs, sin transformar)","lon [-74.3933, -74.0162] lat [3.8295, 4.8239] sobre 2219 de 2221 filas con coordenada finita",plausible,colegios06_2025.gpkg,2025-06-30
311001800375,311001800375,COLEGIO AUSTRALIANO CAMPESTRE,COLEGIO AUSTRALIANO CAMPESTRE,-74.04210000112653,4.792199999094009,WGS 84 / Pseudo-Mercator,"EPSG:4326 (st_set_crs, sin transformar)","lon [-74.3933, -74.0162] lat [3.8295, 4.8239] sobre 2219 de 2221 filas con coordenada finita",plausible,colegios06_2025.gpkg,2025-06-30
311001800405,311001800405,INSTITUCION EDUCATIVA FRAY LUIS DE LEON,INSTITUCION EDUCATIVA FRAY LUIS DE LEON,-74.11380000039935,4.7512000016868114,WGS 84 / Pseudo-Mercator,"EPSG:4326 (st_set_crs, sin transformar)","lon [-74.3933, -74.0162] lat [3.8295, 4.8239] sobre 2219 de 2221 filas con coordenada finita",plausible,colegios06_2025.gpkg,2025-06-30
311001800545,311001800545,GIMNASIO INFANTIL LOS ANGELES,GIMNASIO INFANTIL LOS ANGELES,-74.08579999953508,4.754799999296665,WGS 84 / Pseudo-Mercator,"EPSG:4326 (st_set_crs, sin transformar)","lon [-74.3933, -74.0162] lat [3.8295, 4.8239] sobre 2219 de 2221 filas con coordenada finita",plausible,colegios06_2025.gpkg,2025-06-30
311001800596,311001800596,COLEGIO SAGRADO CORAZON DE JESUS BETHLEMITAS NORTE,COLEGIO SAGRADO CORAZON DE JESUS BETHLEMITAS NORTE,-74.05059999972582,4.737900000065565,WGS 84 / Pseudo-Mercator,"EPSG:4326 (st_set_crs, sin transformar)","lon [-74.3933, -74.0162] lat [3.8295, 4.8239] sobre 2219 de 2221 filas con coordenada finita",plausible,colegios06_2025.gpkg,2025-06-30
311001800651,311001800651,COLEGIO ALEJANDRO MAGNO,COLEGIO ALEJANDRO MAGNO,-74.09050000086427,4.725099999457598,WGS 84 / Pseudo-Mercator,"EPSG:4326 (st_set_crs, sin transformar)","lon [-74.3933, -74.0162] lat [3.8295, 4.8239] sobre 2219 de 2221 filas con coordenada finita",plausible,colegios06_2025.gpkg,2025-06-30
311001800685,311001800685,COLEGIO BILINGÜE RENFORT,COLEGIO BILINGÜE RENFORT,-74.06480000168085,4.700100000947714,WGS 84 / Pseudo-Mercator,"EPSG:4326 (st_set_crs, sin transformar)","lon [-74.3933, -74.0162] lat [3.8295, 4.8239] sobre 2219 de 2221 filas con coordenada finita",plausible,colegios06_2025.gpkg,2025-06-30
311001800715,311001800715,LICEO PEDAGOGICO SEMILLAS DEL FUTURO,LICEO PEDAGOGICO SEMILLAS DEL FUTURO,-74.09259999915957,4.755300000309944,WGS 84 / Pseudo-Mercator,"EPSG:4326 (st_set_crs, sin transformar)","lon [-74.3933, -74.0162] lat [3.8295, 4.8239] sobre 2219 de 2221 filas con coordenada finita",plausible,colegios06_2025.gpkg,2025-06-30
311001800723,311001800723,COLEGIO CRISTIANO MONTE HEBRON,COLEGIO CRISTIANO MONTE HEBRON,-74.07339999824762,4.739700000733137,WGS 84 / Pseudo-Mercator,"EPSG:4326 (st_set_crs, sin transformar)","lon [-74.3933, -74.0162] lat [3.8295, 4.8239] sobre 2219 de 2221 filas con coordenada finita",plausible,colegios06_2025.gpkg,2025-06-30
311001800791,311001800791,GIMNASIO PEDAGOGICO PIAGETH,GIMNASIO PEDAGOGICO PIAGETH,-74.09719999879599,4.758799999952316,WGS 84 / Pseudo-Mercator,"EPSG:4326 (st_set_crs, sin transformar)","lon [-74.3933, -74.0162] lat [3.8295, 4.8239] sobre 2219 de 2221 filas con coordenada finita",plausible,colegios06_2025.gpkg,2025-06-30
311001800839,311001800839,GIMNASIO EL BOSQUE,GIMNASIO EL BOSQUE,-74.08350000157952,4.744500000029802,WGS 84 / Pseudo-Mercator,"EPSG:4326 (st_set_crs, sin transformar)","lon [-74.3933, -74.0162] lat [3.8295, 4.8239] sobre 2219 de 2221 filas con coordenada finita",plausible,colegios06_2025.gpkg,2025-06-30
311001800953,311001800953,COLEGIO SOCIO CULTURAL ZAFIR,COLEGIO SOCIO CULTURAL ZAFIR,-74.09109999984503,4.728399999439716,WGS 84 / Pseudo-Mercator,"EPSG:4326 (st_set_crs, sin transformar)","lon [-74.3933, -74.0162] lat [3.8295, 4.8239] sobre 2219 de 2221 filas con coordenada finita",plausible,colegios06_2025.gpkg,2025-06-30
311001800961,311001800961,COLEGIO INNOVA NIZA,COLEGIO INNOVA NIZA,-74.07209999859333,4.719700001180172,WGS 84 / Pseudo-Mercator,"EPSG:4326 (st_set_crs, sin transformar)","lon [-74.3933, -74.0162] lat [3.8295, 4.8239] sobre 2219 de 2221 filas con coordenada finita",plausible,colegios06_2025.gpkg,2025-06-30
311001801011,311001801011,JARDIN INFANTIL BURBUJITAS DE PAPEL,JARDIN INFANTIL BURBUJITAS DE PAPEL,-74.05499999970198,4.758699998259544,WGS 84 / Pseudo-Mercator,"EPSG:4326 (st_set_crs, sin transformar)","lon [-74.3933, -74.0162] lat [3.8295, 4.8239] sobre 2219 de 2221 filas con coordenada finita",plausible,colegios06_2025.gpkg,2025-06-30
311001801127,311001801127,COLEGIO PEDAGOGICO NEOGRANADINO,COLEGIO PEDAGOGICO NEOGRANADINO,-74.08749999850988,4.740800000727177,WGS 84 / Pseudo-Mercator,"EPSG:4326 (st_set_crs, sin transformar)","lon [-74.3933, -74.0162] lat [3.8295, 4.8239] sobre 2219 de 2221 filas con coordenada finita",plausible,colegios06_2025.gpkg,2025-06-30
311001801194,311001801194,COLEGIO CULTURAL DEL NORTE,COLEGIO CULTURAL DEL NORTE,-74.10469999909401,4.741200000047684,WGS 84 / Pseudo-Mercator,"EPSG:4326 (st_set_crs, sin transformar)","lon [-74.3933, -74.0162] lat [3.8295, 4.8239] sobre 2219 de 2221 filas con coordenada finita",plausible,colegios06_2025.gpkg,2025-06-30
311001801224,311001801224,GIMNASIO INTERACTIVO NEOGRANADINO,GIMNASIO INTERACTIVO NEOGRANADINO,-74.08749999850988,4.740800000727177,WGS 84 / Pseudo-Mercator,"EPSG:4326 (st_set_crs, sin transformar)","lon [-74.3933, -74.0162] lat [3.8295, 4.8239] sobre 2219 de 2221 filas con coordenada finita",plausible,colegios06_2025.gpkg,2025-06-30
311001801283,311001801283,COLEGIO CAMBRIDGE BOGOTA,COLEGIO CAMBRIDGE BOGOTA,-74.06639999896288,4.767000000923872,WGS 84 / Pseudo-Mercator,"EPSG:4326 (st_set_crs, sin transformar)","lon [-74.3933, -74.0162] lat [3.8295, 4.8239] sobre 2219 de 2221 filas con coordenada finita",plausible,colegios06_2025.gpkg,2025-06-30
311001801364,311001801364,INSTITUTO PERSONALIZADO RENFORT,INSTITUTO PERSONALIZADO RENFORT,-74.06469999998808,4.699999999254942,WGS 84 / Pseudo-Mercator,"EPSG:4326 (st_set_crs, sin transformar)","lon [-74.3933, -74.0162] lat [3.8295, 4.8239] sobre 2219 de 2221 filas con coordenada finita",plausible,colegios06_2025.gpkg,2025-06-30
311764004357,311764004357,LICEO RIOBAMBA,LICEO RIOBAMBA,-74.09019999951124,4.734000001102686,WGS 84 / Pseudo-Mercator,"EPSG:4326 (st_set_crs, sin transformar)","lon [-74.3933, -74.0162] lat [3.8295, 4.8239] sobre 2219 de 2221 filas con coordenada finita",plausible,colegios06_2025.gpkg,2025-06-30
311769000076,311769000076,COLEGIO DIVINO SALVADOR,COLEGIO DIVINO SALVADOR,-74.06980000063777,4.747600000351667,WGS 84 / Pseudo-Mercator,"EPSG:4326 (st_set_crs, sin transformar)","lon [-74.3933, -74.0162] lat [3.8295, 4.8239] sobre 2219 de 2221 filas con coordenada finita",plausible,colegios06_2025.gpkg,2025-06-30
311769000165,311769000165,COLEGIO SAN JORGE DE INGLATERRA,COLEGIO SAN JORGE DE INGLATERRA,-74.08100000023842,4.753299999982119,WGS 84 / Pseudo-Mercator,"EPSG:4326 (st_set_crs, sin transformar)","lon [-74.3933, -74.0162] lat [3.8295, 4.8239] sobre 2219 de 2221 filas con coordenada finita",plausible,colegios06_2025.gpkg,2025-06-30
311769000416,311769000416,COLEGIO LAUSANA,COLEGIO LAUSANA,-74.06219999864697,4.7699000015854836,WGS 84 / Pseudo-Mercator,"EPSG:4326 (st_set_crs, sin transformar)","lon [-74.3933, -74.0162] lat [3.8295, 4.8239] sobre 2219 de 2221 filas con coordenada finita",plausible,colegios06_2025.gpkg,2025-06-30
311769000475,311769000475,ASPAEN GIMNASIO IRAGUA,ASPAEN GIMNASIO IRAGUA,-74.06749999895692,4.761399999260902,WGS 84 / Pseudo-Mercator,"EPSG:4326 (st_set_crs, sin transformar)","lon [-74.3933, -74.0162] lat [3.8295, 4.8239] sobre 2219 de 2221 filas con coordenada finita",plausible,colegios06_2025.gpkg,2025-06-30
311769000483,311769000483,COLEGIO EMMANUEL D´ALZON,COLEGIO EMMANUEL D´ALZON,-74.0654999986291,4.69990000128746,WGS 84 / Pseudo-Mercator,"EPSG:4326 (st_set_crs, sin transformar)","lon [-74.3933, -74.0162] lat [3.8295, 4.8239] sobre 2219 de 2221 filas con coordenada finita",plausible,colegios06_2025.gpkg,2025-06-30
311769000548,311769000548,GIMNASIO EL PORTILLO,GIMNASIO EL PORTILLO,-74.0912000015378,4.78489999845624,WGS 84 / Pseudo-Mercator,"EPSG:4326 (st_set_crs, sin transformar)","lon [-74.3933, -74.0162] lat [3.8295, 4.8239] sobre 2219 de 2221 filas con coordenada finita",plausible,colegios06_2025.gpkg,2025-06-30
311769000556,311769000556,COLEGIO SAN PATRICIO,COLEGIO SAN PATRICIO,-74.08029999956489,4.731100000441074,WGS 84 / Pseudo-Mercator,"EPSG:4326 (st_set_crs, sin transformar)","lon [-74.3933, -74.0162] lat [3.8295, 4.8239] sobre 2219 de 2221 filas con coordenada finita",plausible,colegios06_2025.gpkg,2025-06-30
311769000564,311769000564,COLEGIO CRISTO REY BOGOTA,COLEGIO CRISTO REY BOGOTA,-74.06740000098944,4.729400001466274,WGS 84 / Pseudo-Mercator,"EPSG:4326 (st_set_crs, sin transformar)","lon [-74.3933, -74.0162] lat [3.8295, 4.8239] sobre 2219 de 2221 filas con coordenada finita",plausible,colegios06_2025.gpkg,2025-06-30
311769000661,311769000661,COLEGIO AGUSTINIANO SUBA,COLEGIO AGUSTINIANO SUBA,-74.08339999988675,4.741099998354912,WGS 84 / Pseudo-Mercator,"EPSG:4326 (st_set_crs, sin transformar)","lon [-74.3933, -74.0162] lat [3.8295, 4.8239] sobre 2219 de 2221 filas con coordenada finita",plausible,colegios06_2025.gpkg,2025-06-30
311769000726,311769000726,LICEO SEGOVIA,LICEO SEGOVIA,-74.08179999887943,4.70160000026226,WGS 84 / Pseudo-Mercator,"EPSG:4326 (st_set_crs, sin transformar)","lon [-74.3933, -74.0162] lat [3.8295, 4.8239] sobre 2219 de 2221 filas con coordenada finita",plausible,colegios06_2025.gpkg,2025-06-30
311769000734,311769000734,COLEGIO STELLA MATUTINA,COLEGIO STELLA MATUTINA,-74.05559999868274,4.765700001269579,WGS 84 / Pseudo-Mercator,"EPSG:4326 (st_set_crs, sin transformar)","lon [-74.3933, -74.0162] lat [3.8295, 4.8239] sobre 2219 de 2221 filas con coordenada finita",plausible,colegios06_2025.gpkg,2025-06-30
311769000751,311769000751,COLEGIO AGUSTINIANO NORTE,COLEGIO AGUSTINIANO NORTE,-74.07229999825358,4.7005999982357025,WGS 84 / Pseudo-Mercator,"EPSG:4326 (st_set_crs, sin transformar)","lon [-74.3933, -74.0162] lat [3.8295, 4.8239] sobre 2219 de 2221 filas con coordenada finita",plausible,colegios06_2025.gpkg,2025-06-30
311769000769,311769000769,COLEGIO NUEVA YORK,COLEGIO NUEVA YORK,-74.04360000044107,4.801199998706579,WGS 84 / Pseudo-Mercator,"EPSG:4326 (st_set_crs, sin transformar)","lon [-74.3933, -74.0162] lat [3.8295, 4.8239] sobre 2219 de 2221 filas con coordenada finita",plausible,colegios06_2025.gpkg,2025-06-30
311769000785,311769000785,LICEO GLOBERTH MIXTO,LICEO GLOBERTH MIXTO,-74.0890999995172,4.719500001519918,WGS 84 / Pseudo-Mercator,"EPSG:4326 (st_set_crs, sin transformar)","lon [-74.3933, -74.0162] lat [3.8295, 4.8239] sobre 2219 de 2221 filas con coordenada finita",plausible,colegios06_2025.gpkg,2025-06-30
311769000815,311769000815,LICEO SAN RAFAEL,LICEO SAN RAFAEL,-74.07119999825954,4.720600001513958,WGS 84 / Pseudo-Mercator,"EPSG:4326 (st_set_crs, sin transformar)","lon [-74.3933, -74.0162] lat [3.8295, 4.8239] sobre 2219 de 2221 filas con coordenada finita",plausible,colegios06_2025.gpkg,2025-06-30
311769000823,311769000823,COLEGIO BILINGÜE HISPANOAMERICANO CONDE ANSUREZ,COLEGIO BILINGÜE HISPANOAMERICANO CONDE ANSUREZ,-74.0595000013709,4.760499998927116,WGS 84 / Pseudo-Mercator,"EPSG:4326 (st_set_crs, sin transformar)","lon [-74.3933, -74.0162] lat [3.8295, 4.8239] sobre 2219 de 2221 filas con coordenada finita",plausible,colegios06_2025.gpkg,2025-06-30
311769000866,311769000866,FUNDACION NUEVO MARYMOUNT,FUNDACION NUEVO MARYMOUNT,-74.06639999896288,4.755699999630451,WGS 84 / Pseudo-Mercator,"EPSG:4326 (st_set_crs, sin transformar)","lon [-74.3933, -74.0162] lat [3.8295, 4.8239] sobre 2219 de 2221 filas con coordenada finita",plausible,colegios06_2025.gpkg,2025-06-30
311769000921,311769000921,COLEGIO HELVETIA,COLEGIO HELVETIA,-74.076400000602,4.71510000154376,WGS 84 / Pseudo-Mercator,"EPSG:4326 (st_set_crs, sin transformar)","lon [-74.3933, -74.0162] lat [3.8295, 4.8239] sobre 2219 de 2221 filas con coordenada finita",plausible,colegios06_2025.gpkg,2025-06-30
311769000980,311769000980,GIMNASIO SANTA CRISTINA DE TOSCANA,GIMNASIO SANTA CRISTINA DE TOSCANA,-74.05979999899864,4.76799999922514,WGS 84 / Pseudo-Mercator,"EPSG:4326 (st_set_crs, sin transformar)","lon [-74.3933, -74.0162] lat [3.8295, 4.8239] sobre 2219 de 2221 filas con coordenada finita",plausible,colegios06_2025.gpkg,2025-06-30
311769000998,311769000998,COLEGIO COLOMBO HEBREO,COLEGIO COLOMBO HEBREO,-74.05299999937415,4.738400001078844,WGS 84 / Pseudo-Mercator,"EPSG:4326 (st_set_crs, sin transformar)","lon [-74.3933, -74.0162] lat [3.8295, 4.8239] sobre 2219 de 2221 filas con coordenada finita",plausible,colegios06_2025.gpkg,2025-06-30
311769001030,311769001030,COLEGIO SAN JOSE DEL JUNCAL,COLEGIO SAN JOSE DEL JUNCAL,-74.08639999851584,4.7336999997496605,WGS 84 / Pseudo-Mercator,"EPSG:4326 (st_set_crs, sin transformar)","lon [-74.3933, -74.0162] lat [3.8295, 4.8239] sobre 2219 de 2221 filas con coordenada finita",plausible,colegios06_2025.gpkg,2025-06-30
311769001552,311769001552,COLEGIO SAN LUIS,COLEGIO SAN LUIS,-74.07490000128746,4.7318999990820885,WGS 84 / Pseudo-Mercator,"EPSG:4326 (st_set_crs, sin transformar)","lon [-74.3933, -74.0162] lat [3.8295, 4.8239] sobre 2219 de 2221 filas con coordenada finita",plausible,colegios06_2025.gpkg,2025-06-30
311769001781,311769001781,COLEGIO BILINGÜE ABRAHAM LINCOLN,COLEGIO BILINGÜE ABRAHAM LINCOLN,-74.06100000068545,4.756599999964237,WGS 84 / Pseudo-Mercator,"EPSG:4326 (st_set_crs, sin transformar)","lon [-74.3933, -74.0162] lat [3.8295, 4.8239] sobre 2219 de 2221 filas con coordenada finita",plausible,colegios06_2025.gpkg,2025-06-30
311769001846,311769001846,COLEGIO SAN TARSICIO,COLEGIO SAN TARSICIO,-74.05959999933839,4.754299998283386,WGS 84 / Pseudo-Mercator,"EPSG:4326 (st_set_crs, sin transformar)","lon [-74.3933, -74.0162] lat [3.8295, 4.8239] sobre 2219 de 2221 filas con coordenada finita",plausible,colegios06_2025.gpkg,2025-06-30
311769001897,311769001897,GIMNASIO LOS ROBLES,GIMNASIO LOS ROBLES,-74.07290000095963,4.823899999260902,WGS 84 / Pseudo-Mercator,"EPSG:4326 (st_set_crs, sin transformar)","lon [-74.3933, -74.0162] lat [3.8295, 4.8239] sobre 2219 de 2221 filas con coordenada finita",plausible,colegios06_2025.gpkg,2025-06-30
311769001927,311769001927,COLEGIO GEORGE WASHINGTON CAMPESTRE,COLEGIO GEORGE WASHINGTON CAMPESTRE,-74.07829999923706,4.763900000602007,WGS 84 / Pseudo-Mercator,"EPSG:4326 (st_set_crs, sin transformar)","lon [-74.3933, -74.0162] lat [3.8295, 4.8239] sobre 2219 de 2221 filas con coordenada finita",plausible,colegios06_2025.gpkg,2025-06-30
311769001951,311769001951,JARDIN INFANTIL PLATERO Y YO,JARDIN INFANTIL PLATERO Y YO,-74.06329999864101,4.766600001603365,WGS 84 / Pseudo-Mercator,"EPSG:4326 (st_set_crs, sin transformar)","lon [-74.3933, -74.0162] lat [3.8295, 4.8239] sobre 2219 de 2221 filas con coordenada finita",plausible,colegios06_2025.gpkg,2025-06-30
311769001960,311769001960,KINDER BLANCA NIEVES,KINDER BLANCA NIEVES,-74.0722000002861,4.707699999213219,WGS 84 / Pseudo-Mercator,"EPSG:4326 (st_set_crs, sin transformar)","lon [-74.3933, -74.0162] lat [3.8295, 4.8239] sobre 2219 de 2221 filas con coordenada finita",plausible,colegios06_2025.gpkg,2025-06-30
311769002010,311769002010,CENTRO EDUCATIVO SAGRADA FAMILIA DE NAZARETH,CENTRO EDUCATIVO SAGRADA FAMILIA DE NAZARETH,-74.05079999938607,4.7483000010252,WGS 84 / Pseudo-Mercator,"EPSG:4326 (st_set_crs, sin transformar)","lon [-74.3933, -74.0162] lat [3.8295, 4.8239] sobre 2219 de 2221 filas con coordenada finita",plausible,colegios06_2025.gpkg,2025-06-30
311769002290,311769002290,GIMNASIO LA ARBOLEDA,GIMNASIO LA ARBOLEDA,-74.08819999918342,4.784600000828505,WGS 84 / Pseudo-Mercator,"EPSG:4326 (st_set_crs, sin transformar)","lon [-74.3933, -74.0162] lat [3.8295, 4.8239] sobre 2219 de 2221 filas con coordenada finita",plausible,colegios06_2025.gpkg,2025-06-30
311769002354,311769002354,COLEGIO ALAFAS DEL NORTE,COLEGIO ALAFAS DEL NORTE,-74.09930000081658,4.733500000089407,WGS 84 / Pseudo-Mercator,"EPSG:4326 (st_set_crs, sin transformar)","lon [-74.3933, -74.0162] lat [3.8295, 4.8239] sobre 2219 de 2221 filas con coordenada finita",plausible,colegios06_2025.gpkg,2025-06-30
311769002451,311769002451,COLEGIO NEIL ARMSTRONG,COLEGIO NEIL ARMSTRONG,-74.09050000086427,4.725099999457598,WGS 84 / Pseudo-Mercator,"EPSG:4326 (st_set_crs, sin transformar)","lon [-74.3933, -74.0162] lat [3.8295, 4.8239] sobre 2219 de 2221 filas con coordenada finita",plausible,colegios06_2025.gpkg,2025-06-30
311769002494,311769002494,GIMNASIO NUEVO SUBA,GIMNASIO NUEVO SUBA,-74.08410000056028,4.741900000721216,WGS 84 / Pseudo-Mercator,"EPSG:4326 (st_set_crs, sin transformar)","lon [-74.3933, -74.0162] lat [3.8295, 4.8239] sobre 2219 de 2221 filas con coordenada finita",plausible,colegios06_2025.gpkg,2025-06-30
311769002605,311769002605,JARDIN INFANTIL EL RENACUAJO PASEADOR,JARDIN INFANTIL EL RENACUAJO PASEADOR,-74.06260000169277,4.726700000464916,WGS 84 / Pseudo-Mercator,"EPSG:4326 (st_set_crs, sin transformar)","lon [-74.3933, -74.0162] lat [3.8295, 4.8239] sobre 2219 de 2221 filas con coordenada finita",plausible,colegios06_2025.gpkg,2025-06-30
311769002672,311769002672,GIMNASIO LAS VILLAS,GIMNASIO LAS VILLAS,-74.06899999827147,4.717399999499321,WGS 84 / Pseudo-Mercator,"EPSG:4326 (st_set_crs, sin transformar)","lon [-74.3933, -74.0162] lat [3.8295, 4.8239] sobre 2219 de 2221 filas con coordenada finita",plausible,colegios06_2025.gpkg,2025-06-30
311769002796,311769002796,COLEGIO UNIDAD PEDAGOGICA,COLEGIO UNIDAD PEDAGOGICA,-74.08540000021458,4.781399998813868,WGS 84 / Pseudo-Mercator,"EPSG:4326 (st_set_crs, sin transformar)","lon [-74.3933, -74.0162] lat [3.8295, 4.8239] sobre 2219 de 2221 filas con coordenada finita",plausible,colegios06_2025.gpkg,2025-06-30
311769002818,311769002818,COLEGIO INTERNACIONAL DE EDUCACION INTEGRAL - CIEDI - BILINGÜE INTERNACIONAL,COLEGIO INTERNACIONAL DE EDUCACION INTEGRAL - CIEDI - BILINGÜE INTERNACIONAL,-74.08379999920726,4.771499998867512,WGS 84 / Pseudo-Mercator,"EPSG:4326 (st_set_crs, sin transformar)","lon [-74.3933, -74.0162] lat [3.8295, 4.8239] sobre 2219 de 2221 filas con coordenada finita",plausible,colegios06_2025.gpkg,2025-06-30
311769003008,311769003008,COLEGIO TECNOLOGICO DE SUBA,COLEGIO TECNOLOGICO DE SUBA,-74.08839999884367,4.72580000013113,WGS 84 / Pseudo-Mercator,"EPSG:4326 (st_set_crs, sin transformar)","lon [-74.3933, -74.0162] lat [3.8295, 4.8239] sobre 2219 de 2221 filas con coordenada finita",plausible,colegios06_2025.gpkg,2025-06-30
311769003091,311769003091,INSTITUTO MILITAR AQUILEO PARRA,INSTITUTO MILITAR AQUILEO PARRA,-74.06230000033975,4.762099999934435,WGS 84 / Pseudo-Mercator,"EPSG:4326 (st_set_crs, sin transformar)","lon [-74.3933, -74.0162] lat [3.8295, 4.8239] sobre 2219 de 2221 filas con coordenada finita",plausible,colegios06_2025.gpkg,2025-06-30
311769003211,311769003211,COLEGIO SANTA ISABEL DE HUNGRIA,COLEGIO SANTA ISABEL DE HUNGRIA,-74.06399999931455,4.749000001698732,WGS 84 / Pseudo-Mercator,"EPSG:4326 (st_set_crs, sin transformar)","lon [-74.3933, -74.0162] lat [3.8295, 4.8239] sobre 2219 de 2221 filas con coordenada finita",plausible,colegios06_2025.gpkg,2025-06-30
311769003300,311769003300,COLEGIO JONATHAN SWIFT,COLEGIO JONATHAN SWIFT,-74.07580000162125,4.755499999970198,WGS 84 / Pseudo-Mercator,"EPSG:4326 (st_set_crs, sin transformar)","lon [-74.3933, -74.0162] lat [3.8295, 4.8239] sobre 2219 de 2221 filas con coordenada finita",plausible,colegios06_2025.gpkg,2025-06-30
311769003326,311769003326,GIMNASIO LOMAS DEL VALLE SAS,GIMNASIO LOMAS DEL VALLE SAS,-74.07779999822378,4.699400000274181,WGS 84 / Pseudo-Mercator,"EPSG:4326 (st_set_crs, sin transformar)","lon [-74.3933, -74.0162] lat [3.8295, 4.8239] sobre 2219 de 2221 filas con coordenada finita",plausible,colegios06_2025.gpkg,2025-06-30
311769003342,311769003342,COLEGIO LOS NOGALES,COLEGIO LOS NOGALES,-74.0498000010848,4.779899999499321,WGS 84 / Pseudo-Mercator,"EPSG:4326 (st_set_crs, sin transformar)","lon [-74.3933, -74.0162] lat [3.8295, 4.8239] sobre 2219 de 2221 filas con coordenada finita",plausible,colegios06_2025.gpkg,2025-06-30
311769003474,311769003474,COLEGIO ANDINO,COLEGIO ANDINO,-74.04340000078082,4.795000001788139,WGS 84 / Pseudo-Mercator,"EPSG:4326 (st_set_crs, sin transformar)","lon [-74.3933, -74.0162] lat [3.8295, 4.8239] sobre 2219 de 2221 filas con coordenada finita",plausible,colegios06_2025.gpkg,2025-06-30
311769003865,311769003865,JARDIN INFANTIL GIRASOL,JARDIN INFANTIL GIRASOL,-74.07039999961853,4.716499999165535,WGS 84 / Pseudo-Mercator,"EPSG:4326 (st_set_crs, sin transformar)","lon [-74.3933, -74.0162] lat [3.8295, 4.8239] sobre 2219 de 2221 filas con coordenada finita",plausible,colegios06_2025.gpkg,2025-06-30
311769003873,311769003873,JARDIN INFANTIL PRADITO,JARDIN INFANTIL PRADITO,-74.05649999901652,4.717999998480082,WGS 84 / Pseudo-Mercator,"EPSG:4326 (st_set_crs, sin transformar)","lon [-74.3933, -74.0162] lat [3.8295, 4.8239] sobre 2219 de 2221 filas con coordenada finita",plausible,colegios06_2025.gpkg,2025-06-30
311769003920,311769003920,COLEGIO BILINGÜE CLERMONT,COLEGIO BILINGÜE CLERMONT,-74.05810000002384,4.793299999088049,WGS 84 / Pseudo-Mercator,"EPSG:4326 (st_set_crs, sin transformar)","lon [-74.3933, -74.0162] lat [3.8295, 4.8239] sobre 2219 de 2221 filas con coordenada finita",plausible,colegios06_2025.gpkg,2025-06-30
311769003938,311769003938,COLEGIO BILINGÜE BUCKINGHAM,COLEGIO BILINGÜE BUCKINGHAM,-74.04380000010133,4.793400000780821,WGS 84 / Pseudo-Mercator,"EPSG:4326 (st_set_crs, sin transformar)","lon [-74.3933, -74.0162] lat [3.8295, 4.8239] sobre 2219 de 2221 filas con coordenada finita",plausible,colegios06_2025.gpkg,2025-06-30
311769004004,311769004004,INSTITUTO TECNICO COMERCIAL CERROS DE SUBA,INSTITUTO TECNICO COMERCIAL CERROS DE SUBA,-74.09340000152588,4.740499999374151,WGS 84 / Pseudo-Mercator,"EPSG:4326 (st_set_crs, sin transformar)","lon [-74.3933, -74.0162] lat [3.8295, 4.8239] sobre 2219 de 2221 filas con coordenada finita",plausible,colegios06_2025.gpkg,2025-06-30
311769004063,311769004063,GIMNASIO SANTANDER,GIMNASIO SANTANDER,-74.09140000119805,4.722699999809265,WGS 84 / Pseudo-Mercator,"EPSG:4326 (st_set_crs, sin transformar)","lon [-74.3933, -74.0162] lat [3.8295, 4.8239] sobre 2219 de 2221 filas con coordenada finita",plausible,colegios06_2025.gpkg,2025-06-30
311769004195,311769004195,LICEO SAMANIEGO,LICEO SAMANIEGO,-74.05380000174046,4.71229999884963,WGS 84 / Pseudo-Mercator,"EPSG:4326 (st_set_crs, sin transformar)","lon [-74.3933, -74.0162] lat [3.8295, 4.8239] sobre 2219 de 2221 filas con coordenada finita",plausible,colegios06_2025.gpkg,2025-06-30
311769004233,311769004233,CENTRO DE INTEGRACION EDUCATIVA DEL NORTE - CIEN,CENTRO DE INTEGRACION EDUCATIVA DEL NORTE - CIEN,-74.09439999982715,4.7373000010848045,WGS 84 / Pseudo-Mercator,"EPSG:4326 (st_set_crs, sin transformar)","lon [-74.3933, -74.0162] lat [3.8295, 4.8239] sobre 2219 de 2221 filas con coordenada finita",plausible,colegios06_2025.gpkg,2025-06-30
311769004250,311769004250,COLEGIO EUCARISTICO MERCEDARIO,COLEGIO EUCARISTICO MERCEDARIO,-74.08549999818206,4.7351000010967255,WGS 84 / Pseudo-Mercator,"EPSG:4326 (st_set_crs, sin transformar)","lon [-74.3933, -74.0162] lat [3.8295, 4.8239] sobre 2219 de 2221 filas con coordenada finita",plausible,colegios06_2025.gpkg,2025-06-30
311769004268,311769004268,GIMNASIO ACADEMICO REGIONAL,GIMNASIO ACADEMICO REGIONAL,-74.10020000115037,4.742899999022484,WGS 84 / Pseudo-Mercator,"EPSG:4326 (st_set_crs, sin transformar)","lon [-74.3933, -74.0162] lat [3.8295, 4.8239] sobre 2219 de 2221 filas con coordenada finita",plausible,colegios06_2025.gpkg,2025-06-30
311769004284,311769004284,INSTITUTO EDUCACION Y VIDA,INSTITUTO EDUCACION Y VIDA,-74.08439999818802,4.750599998980761,WGS 84 / Pseudo-Mercator,"EPSG:4326 (st_set_crs, sin transformar)","lon [-74.3933, -74.0162] lat [3.8295, 4.8239] sobre 2219 de 2221 filas con coordenada finita",plausible,colegios06_2025.gpkg,2025-06-30
311769004292,311769004292,COLEGIO SAN MATEO APOSTOL BILINGÜE INTERNACIONAL,COLEGIO SAN MATEO APOSTOL BILINGÜE INTERNACIONAL,-74.0447999984026,4.792700000107288,WGS 84 / Pseudo-Mercator,"EPSG:4326 (st_set_crs, sin transformar)","lon [-74.3933, -74.0162] lat [3.8295, 4.8239] sobre 2219 de 2221 filas con coordenada finita",plausible,colegios06_2025.gpkg,2025-06-30
311769004322,311769004322,COLEGIO SANTIAGO ALBERIONE,COLEGIO SANTIAGO ALBERIONE,-74.05979999899864,4.753299999982119,WGS 84 / Pseudo-Mercator,"EPSG:4326 (st_set_crs, sin transformar)","lon [-74.3933, -74.0162] lat [3.8295, 4.8239] sobre 2219 de 2221 filas con coordenada finita",plausible,colegios06_2025.gpkg,2025-06-30
311769004365,311769004365,GIMNASIO LA CAMPIÑA,GIMNASIO LA CAMPIÑA,-74.10399999842048,4.736800000071526,WGS 84 / Pseudo-Mercator,"EPSG:4326 (st_set_crs, sin transformar)","lon [-74.3933, -74.0162] lat [3.8295, 4.8239] sobre 2219 de 2221 filas con coordenada finita",plausible,colegios06_2025.gpkg,2025-06-30
311848000278,311848000278,GIMNASIO VERMONT,GIMNASIO VERMONT,-74.05139999836683,4.77419999986887,WGS 84 / Pseudo-Mercator,"EPSG:4326 (st_set_crs, sin transformar)","lon [-74.3933, -74.0162] lat [3.8295, 4.8239] sobre 2219 de 2221 filas con coordenada finita",plausible,colegios06_2025.gpkg,2025-06-30
311848000324,311848000324,COLEGIO COLOMBO GALES,COLEGIO COLOMBO GALES,-74.07539999857545,4.805900000035763,WGS 84 / Pseudo-Mercator,"EPSG:4326 (st_set_crs, sin transformar)","lon [-74.3933, -74.0162] lat [3.8295, 4.8239] sobre 2219 de 2221 filas con coordenada finita",plausible,colegios06_2025.gpkg,2025-06-30
311848000367,311848000367,LICEO DE COLOMBIA BILINGÜE,LICEO DE COLOMBIA BILINGÜE,-74.0443000011146,4.795499999076128,WGS 84 / Pseudo-Mercator,"EPSG:4326 (st_set_crs, sin transformar)","lon [-74.3933, -74.0162] lat [3.8295, 4.8239] sobre 2219 de 2221 filas con coordenada finita",plausible,colegios06_2025.gpkg,2025-06-30
311848000596,311848000596,GIMNASIO INGLES CAMPESTRE,GIMNASIO INGLES CAMPESTRE,-74.0663000009954,4.790399998426437,WGS 84 / Pseudo-Mercator,"EPSG:4326 (st_set_crs, sin transformar)","lon [-74.3933, -74.0162] lat [3.8295, 4.8239] sobre 2219 de 2221 filas con coordenada finita",plausible,colegios06_2025.gpkg,2025-06-30
311848000961,311848000961,EXTERNADO CARO Y CUERVO,EXTERNADO CARO Y CUERVO,-74.05359999835491,4.733399998396635,WGS 84 / Pseudo-Mercator,"EPSG:4326 (st_set_crs, sin transformar)","lon [-74.3933, -74.0162] lat [3.8295, 4.8239] sobre 2219 de 2221 filas con coordenada finita",plausible,colegios06_2025.gpkg,2025-06-30
311848001118,311848001118,GIMNASIO LOS ANDES,GIMNASIO LOS ANDES,-74.04439999908209,4.788400001823902,WGS 84 / Pseudo-Mercator,"EPSG:4326 (st_set_crs, sin transformar)","lon [-74.3933, -74.0162] lat [3.8295, 4.8239] sobre 2219 de 2221 filas con coordenada finita",plausible,colegios06_2025.gpkg,2025-06-30
311848002343,311848002343,COLEGIO SANTA MARIANA DE JESUS,COLEGIO SANTA MARIANA DE JESUS,-74.04540000110865,4.772399999201298,WGS 84 / Pseudo-Mercator,"EPSG:4326 (st_set_crs, sin transformar)","lon [-74.3933, -74.0162] lat [3.8295, 4.8239] sobre 2219 de 2221 filas con coordenada finita",plausible,colegios06_2025.gpkg,2025-06-30
311848002823,311848002823,GIMNASIO DEL NORTE,GIMNASIO DEL NORTE,-74.05339999869466,4.7800999991595745,WGS 84 / Pseudo-Mercator,"EPSG:4326 (st_set_crs, sin transformar)","lon [-74.3933, -74.0162] lat [3.8295, 4.8239] sobre 2219 de 2221 filas con coordenada finita",plausible,colegios06_2025.gpkg,2025-06-30
311848003111,311848003111,GIMNASIO LA CUSPIDE,GIMNASIO LA CUSPIDE,-74.09690000116825,4.787300001829863,WGS 84 / Pseudo-Mercator,"EPSG:4326 (st_set_crs, sin transformar)","lon [-74.3933, -74.0162] lat [3.8295, 4.8239] sobre 2219 de 2221 filas con coordenada finita",plausible,colegios06_2025.gpkg,2025-06-30
311848003196,311848003196,JARDIN INFANTIL MI PEQUEÑO MUNDO,JARDIN INFANTIL MI PEQUEÑO MUNDO,-74.0760000012815,4.724599998444319,WGS 84 / Pseudo-Mercator,"EPSG:4326 (st_set_crs, sin transformar)","lon [-74.3933, -74.0162] lat [3.8295, 4.8239] sobre 2219 de 2221 filas con coordenada finita",plausible,colegios06_2025.gpkg,2025-06-30
311848003811,311848003811,COLEGIO JOSE JOAQUIN CASTRO MARTINEZ,COLEGIO JOSE JOAQUIN CASTRO MARTINEZ,-74.08960000053048,4.76069999858737,WGS 84 / Pseudo-Mercator,"EPSG:4326 (st_set_crs, sin transformar)","lon [-74.3933, -74.0162] lat [3.8295, 4.8239] sobre 2219 de 2221 filas con coordenada finita",plausible,colegios06_2025.gpkg,2025-06-30
311848004346,311848004346,COLEGIO SANTA HELENA BAVIERA,COLEGIO SANTA HELENA BAVIERA,-74.05189999938011,4.729200001806021,WGS 84 / Pseudo-Mercator,"EPSG:4326 (st_set_crs, sin transformar)","lon [-74.3933, -74.0162] lat [3.8295, 4.8239] sobre 2219 de 2221 filas con coordenada finita",plausible,colegios06_2025.gpkg,2025-06-30
411001094661,411001094661,COLEGIO EVERGREEN,COLEGIO EVERGREEN,-74.1064000017941,4.774500001221895,WGS 84 / Pseudo-Mercator,"EPSG:4326 (st_set_crs, sin transformar)","lon [-74.3933, -74.0162] lat [3.8295, 4.8239] sobre 2219 de 2221 filas con coordenada finita",plausible,colegios06_2025.gpkg,2025-06-30
411001105558,411001105558,JARDIN INFANTIL EL GATO CON BOTAS,JARDIN INFANTIL EL GATO CON BOTAS,-74.05429999902844,4.756999999284744,WGS 84 / Pseudo-Mercator,"EPSG:4326 (st_set_crs, sin transformar)","lon [-74.3933, -74.0162] lat [3.8295, 4.8239] sobre 2219 de 2221 filas con coordenada finita",plausible,colegios06_2025.gpkg,2025-06-30
411769000089,411769000089,COLEGIO MADRE PILAR IZQUIERDO,COLEGIO MADRE PILAR IZQUIERDO,-74.08430000022054,4.746700000017881,WGS 84 / Pseudo-Mercator,"EPSG:4326 (st_set_crs, sin transformar)","lon [-74.3933, -74.0162] lat [3.8295, 4.8239] sobre 2219 de 2221 filas con coordenada finita",plausible,colegios06_2025.gpkg,2025-06-30
411769000101,411769000101,COLEGIO SAN VIATOR BILINGÜE INTERNACIONAL,COLEGIO SAN VIATOR BILINGÜE INTERNACIONAL,-74.04230000078678,4.788800001144409,WGS 84 / Pseudo-Mercator,"EPSG:4326 (st_set_crs, sin transformar)","lon [-74.3933, -74.0162] lat [3.8295, 4.8239] sobre 2219 de 2221 filas con coordenada finita",plausible,colegios06_2025.gpkg,2025-06-30
411769000119,411769000119,COLEGIO MILITAR ANTONIO NARIÑO,COLEGIO MILITAR ANTONIO NARIÑO,-74.08049999922514,4.754200000315905,WGS 84 / Pseudo-Mercator,"EPSG:4326 (st_set_crs, sin transformar)","lon [-74.3933, -74.0162] lat [3.8295, 4.8239] sobre 2219 de 2221 filas con coordenada finita",plausible,colegios06_2025.gpkg,2025-06-30
411769000127,411769000127,COLEGIO NUEVO SAN LUIS GONZAGA,COLEGIO NUEVO SAN LUIS GONZAGA,-74.08379999920726,4.7479999996721745,WGS 84 / Pseudo-Mercator,"EPSG:4326 (st_set_crs, sin transformar)","lon [-74.3933, -74.0162] lat [3.8295, 4.8239] sobre 2219 de 2221 filas con coordenada finita",plausible,colegios06_2025.gpkg,2025-06-30
411769000895,411769000895,LICEO BOSTON,LICEO BOSTON,-74.0760000012815,4.749899998307228,WGS 84 / Pseudo-Mercator,"EPSG:4326 (st_set_crs, sin transformar)","lon [-74.3933, -74.0162] lat [3.8295, 4.8239] sobre 2219 de 2221 filas con coordenada finita",plausible,colegios06_2025.gpkg,2025-06-30
411769001042,411769001042,COLEGIO NUEVO CAMPESTRE,COLEGIO NUEVO CAMPESTRE,-74.08999999985099,4.762099999934435,WGS 84 / Pseudo-Mercator,"EPSG:4326 (st_set_crs, sin transformar)","lon [-74.3933, -74.0162] lat [3.8295, 4.8239] sobre 2219 de 2221 filas con coordenada finita",plausible,colegios06_2025.gpkg,2025-06-30
411769001981,411769001981,LICEO JUAN RAMON JIMENEZ,LICEO JUAN RAMON JIMENEZ,-74.08500000089407,4.772999998182058,WGS 84 / Pseudo-Mercator,"EPSG:4326 (st_set_crs, sin transformar)","lon [-74.3933, -74.0162] lat [3.8295, 4.8239] sobre 2219 de 2221 filas con coordenada finita",plausible,colegios06_2025.gpkg,2025-06-30
111001000612,111001000612,COLEGIO FEMENINO LORENCITA VILLEGAS DE SANTOS (IED),SEDE A,-74.07189999893308,4.6726000010967255,WGS 84 / Pseudo-Mercator,"EPSG:4326 (st_set_crs, sin transformar)","lon [-74.3933, -74.0162] lat [3.8295, 4.8239] sobre 2219 de 2221 filas con coordenada finita",plausible,colegios06_2025.gpkg,2025-06-30
111001110124,111001000612,COLEGIO FEMENINO LORENCITA VILLEGAS DE SANTOS (IED),SEDE B,-74.07039999961853,4.673200000077486,WGS 84 / Pseudo-Mercator,"EPSG:4326 (st_set_crs, sin transformar)","lon [-74.3933, -74.0162] lat [3.8295, 4.8239] sobre 2219 de 2221 filas con coordenada finita",plausible,colegios06_2025.gpkg,2025-06-30
111001008389,111001008389,COLEGIO TECNICO DOMINGO FAUSTINO SARMIENTO (IED),DOMINGO FAUSTINO SARMIENTO,-74.06659999862313,4.684799998998642,WGS 84 / Pseudo-Mercator,"EPSG:4326 (st_set_crs, sin transformar)","lon [-74.3933, -74.0162] lat [3.8295, 4.8239] sobre 2219 de 2221 filas con coordenada finita",plausible,colegios06_2025.gpkg,2025-06-30
111001012882,111001008389,COLEGIO TECNICO DOMINGO FAUSTINO SARMIENTO (IED),SEVILLA,-74.0667000003159,4.680500000715256,WGS 84 / Pseudo-Mercator,"EPSG:4326 (st_set_crs, sin transformar)","lon [-74.3933, -74.0162] lat [3.8295, 4.8239] sobre 2219 de 2221 filas con coordenada finita",plausible,colegios06_2025.gpkg,2025-06-30
111001012904,111001008389,COLEGIO TECNICO DOMINGO FAUSTINO SARMIENTO (IED),CARLOS SANZ DE SANTAMARIA,-74.06340000033379,4.684200000017881,WGS 84 / Pseudo-Mercator,"EPSG:4326 (st_set_crs, sin transformar)","lon [-74.3933, -74.0162] lat [3.8295, 4.8239] sobre 2219 de 2221 filas con coordenada finita",plausible,colegios06_2025.gpkg,2025-06-30
111001012921,111001008389,COLEGIO TECNICO DOMINGO FAUSTINO SARMIENTO (IED),JOSE ANTONIO RICAURTE,-74.06340000033379,4.683100000023842,WGS 84 / Pseudo-Mercator,"EPSG:4326 (st_set_crs, sin transformar)","lon [-74.3933, -74.0162] lat [3.8295, 4.8239] sobre 2219 de 2221 filas con coordenada finita",plausible,colegios06_2025.gpkg,2025-06-30
111001009148,111001009148,COLEGIO HELADIA MEJIA (IED),MODELO DEL NORTE,-74.06569999828935,4.653099998831749,WGS 84 / Pseudo-Mercator,"EPSG:4326 (st_set_crs, sin transformar)","lon [-74.3933, -74.0162] lat [3.8295, 4.8239] sobre 2219 de 2221 filas con coordenada finita",plausible,colegios06_2025.gpkg,2025-06-30
111001014079,111001009148,COLEGIO HELADIA MEJIA (IED),HELADIA MEJIA HIJOS DE EDUCADORES,-74.06940000131726,4.654500000178814,WGS 84 / Pseudo-Mercator,"EPSG:4326 (st_set_crs, sin transformar)","lon [-74.3933, -74.0162] lat [3.8295, 4.8239] sobre 2219 de 2221 filas con coordenada finita",plausible,colegios06_2025.gpkg,2025-06-30
111001010421,111001010421,COLEGIO JORGE ELIECER GAITAN (IED),JORGE ELIECER GAITAN,-74.0810999982059,4.665100000798702,WGS 84 / Pseudo-Mercator,"EPSG:4326 (st_set_crs, sin transformar)","lon [-74.3933, -74.0162] lat [3.8295, 4.8239] sobre 2219 de 2221 filas con coordenada finita",plausible,colegios06_2025.gpkg,2025-06-30
111001014150,111001010421,COLEGIO JORGE ELIECER GAITAN (IED),MANUEL MURILLO TORO,-74.0793999992311,4.671900000423193,WGS 84 / Pseudo-Mercator,"EPSG:4326 (st_set_crs, sin transformar)","lon [-74.3933, -74.0162] lat [3.8295, 4.8239] sobre 2219 de 2221 filas con coordenada finita",plausible,colegios06_2025.gpkg,2025-06-30
111001009725,111001010421,COLEGIO JORGE ELIECER GAITAN (IED),JARDIN INFANTIL NACIONAL POPULAR No 1,-74.08049999922514,4.664799999445677,WGS 84 / Pseudo-Mercator,"EPSG:4326 (st_set_crs, sin transformar)","lon [-74.3933, -74.0162] lat [3.8295, 4.8239] sobre 2219 de 2221 filas con coordenada finita",plausible,colegios06_2025.gpkg,2025-06-30
111001011088,111001011088,COLEGIO REPUBLICA DE PANAMA (IED),REPUBLICA DE PANAMA,-74.07690000161529,4.67339999973774,WGS 84 / Pseudo-Mercator,"EPSG:4326 (st_set_crs, sin transformar)","lon [-74.3933, -74.0162] lat [3.8295, 4.8239] sobre 2219 de 2221 filas con coordenada finita",plausible,colegios06_2025.gpkg,2025-06-30
111001012742,111001011088,COLEGIO REPUBLICA DE PANAMA (IED),AVENIDA CHILE,-74.08170000091195,4.673300001770258,WGS 84 / Pseudo-Mercator,"EPSG:4326 (st_set_crs, sin transformar)","lon [-74.3933, -74.0162] lat [3.8295, 4.8239] sobre 2219 de 2221 filas con coordenada finita",plausible,colegios06_2025.gpkg,2025-06-30
111001012751,111001011088,COLEGIO REPUBLICA DE PANAMA (IED),SIMON BOLIVAR,-74.07660000026226,4.676399998366833,WGS 84 / Pseudo-Mercator,"EPSG:4326 (st_set_crs, sin transformar)","lon [-74.3933, -74.0162] lat [3.8295, 4.8239] sobre 2219 de 2221 filas con coordenada finita",plausible,colegios06_2025.gpkg,2025-06-30
111001024830,111001024830,COLEGIO FRANCISCO PRIMERO S.S. (IED),SEDE PRINCIPAL,-74.07569999992847,4.652100000530481,WGS 84 / Pseudo-Mercator,"EPSG:4326 (st_set_crs, sin transformar)","lon [-74.3933, -74.0162] lat [3.8295, 4.8239] sobre 2219 de 2221 filas con coordenada finita",plausible,colegios06_2025.gpkg,2025-06-30
111001011991,111001024830,COLEGIO FRANCISCO PRIMERO S.S. (IED),SEDE B,-74.0751999989152,4.660300001502037,WGS 84 / Pseudo-Mercator,"EPSG:4326 (st_set_crs, sin transformar)","lon [-74.3933, -74.0162] lat [3.8295, 4.8239] sobre 2219 de 2221 filas con coordenada finita",plausible,colegios06_2025.gpkg,2025-06-30
111001077321,111001024830,COLEGIO FRANCISCO PRIMERO S.S. (IED),SEDE C,-74.07330000028014,4.666900001466274,WGS 84 / Pseudo-Mercator,"EPSG:4326 (st_set_crs, sin transformar)","lon [-74.3933, -74.0162] lat [3.8295, 4.8239] sobre 2219 de 2221 filas con coordenada finita",plausible,colegios06_2025.gpkg,2025-06-30
111001028258,111001028258,COLEGIO RAFAEL BERNAL JIMENEZ (IED),RAFAEL BERNAL JIMENEZ,-74.0734999999404,4.671799998730421,WGS 84 / Pseudo-Mercator,"EPSG:4326 (st_set_crs, sin transformar)","lon [-74.3933, -74.0162] lat [3.8295, 4.8239] sobre 2219 de 2221 filas con coordenada finita",plausible,colegios06_2025.gpkg,2025-06-30
111001012653,111001028258,COLEGIO RAFAEL BERNAL JIMENEZ (IED),GLORIA GAITAN,-74.07239999994636,4.674199998378754,WGS 84 / Pseudo-Mercator,"EPSG:4326 (st_set_crs, sin transformar)","lon [-74.3933, -74.0162] lat [3.8295, 4.8239] sobre 2219 de 2221 filas con coordenada finita",plausible,colegios06_2025.gpkg,2025-06-30
111001029912,111001029912,COLEGIO JUAN FRANCISCO BERBEO (IED),JUAN FRANCISCO BERBEO,-74.06689999997616,4.671000000089407,WGS 84 / Pseudo-Mercator,"EPSG:4326 (st_set_crs, sin transformar)","lon [-74.3933, -74.0162] lat [3.8295, 4.8239] sobre 2219 de 2221 filas con coordenada finita",plausible,colegios06_2025.gpkg,2025-06-30
111001012718,111001029912,COLEGIO JUAN FRANCISCO BERBEO (IED),POLICARPA SALAVARRIETA,-74.06349999830127,4.666900001466274,WGS 84 / Pseudo-Mercator,"EPSG:4326 (st_set_crs, sin transformar)","lon [-74.3933, -74.0162] lat [3.8295, 4.8239] sobre 2219 de 2221 filas con coordenada finita",plausible,colegios06_2025.gpkg,2025-06-30
111001032255,111001032255,COLEGIO TOMAS CARRASQUILLA (IED),TOMAS CARRASQUILLA,-74.08049999922514,4.675999999046326,WGS 84 / Pseudo-Mercator,"EPSG:4326 (st_set_crs, sin transformar)","lon [-74.3933, -74.0162] lat [3.8295, 4.8239] sobre 2219 de 2221 filas con coordenada finita",plausible,colegios06_2025.gpkg,2025-06-30
111001045713,111001032255,COLEGIO TOMAS CARRASQUILLA (IED),PANAMERICANA,-74.08040000125766,4.676899999380112,WGS 84 / Pseudo-Mercator,"EPSG:4326 (st_set_crs, sin transformar)","lon [-74.3933, -74.0162] lat [3.8295, 4.8239] sobre 2219 de 2221 filas con coordenada finita",plausible,colegios06_2025.gpkg,2025-06-30
311001000221,311001000221,LICEO PEDAGOGICO,LICEO PEDAGOGICO,-74.06720000132918,4.657699998468161,WGS 84 / Pseudo-Mercator,"EPSG:4326 (st_set_crs, sin transformar)","lon [-74.3933, -74.0162] lat [3.8295, 4.8239] sobre 2219 de 2221 filas con coordenada finita",plausible,colegios06_2025.gpkg,2025-06-30
311001000981,311001000981,LICEO SANTA HELENA,LICEO SANTA HELENA,-74.06639999896288,4.680700000375509,WGS 84 / Pseudo-Mercator,"EPSG:4326 (st_set_crs, sin transformar)","lon [-74.3933, -74.0162] lat [3.8295, 4.8239] sobre 2219 de 2221 filas con coordenada finita",plausible,colegios06_2025.gpkg,2025-06-30
311001001031,311001001031,GIMNASIO DEL CORAZON DE MARIA,GIMNASIO DEL CORAZON DE MARIA,-74.07750000059605,4.6726000010967255,WGS 84 / Pseudo-Mercator,"EPSG:4326 (st_set_crs, sin transformar)","lon [-74.3933, -74.0162] lat [3.8295, 4.8239] sobre 2219 de 2221 filas con coordenada finita",plausible,colegios06_2025.gpkg,2025-06-30
311001001111,311001001111,COLEGIO SAN FELIPE NERI,COLEGIO SAN FELIPE NERI,-74.0705000013113,4.663800001144409,WGS 84 / Pseudo-Mercator,"EPSG:4326 (st_set_crs, sin transformar)","lon [-74.3933, -74.0162] lat [3.8295, 4.8239] sobre 2219 de 2221 filas con coordenada finita",plausible,colegios06_2025.gpkg,2025-06-30
311001001839,311001001839,LICEO HERMANO MIGUEL LA SALLE,LICEO HERMANO MIGUEL LA SALLE,-74.08009999990463,4.662500001490116,WGS 84 / Pseudo-Mercator,"EPSG:4326 (st_set_crs, sin transformar)","lon [-74.3933, -74.0162] lat [3.8295, 4.8239] sobre 2219 de 2221 filas con coordenada finita",plausible,colegios06_2025.gpkg,2025-06-30
311001002223,311001002223,INSTITUTO ALBERT SCHWEITZER,INSTITUTO ALBERT SCHWEITZER,-74.06370000168681,4.68019999936223,WGS 84 / Pseudo-Mercator,"EPSG:4326 (st_set_crs, sin transformar)","lon [-74.3933, -74.0162] lat [3.8295, 4.8239] sobre 2219 de 2221 filas con coordenada finita",plausible,colegios06_2025.gpkg,2025-06-30
311001002312,311001002312,COLEGIO MARILLAC,COLEGIO MARILLAC,-74.07270000129938,4.659299999475479,WGS 84 / Pseudo-Mercator,"EPSG:4326 (st_set_crs, sin transformar)","lon [-74.3933, -74.0162] lat [3.8295, 4.8239] sobre 2219 de 2221 filas con coordenada finita",plausible,colegios06_2025.gpkg,2025-06-30
311001003823,311001003823,COLEGIO SAN PIO X,COLEGIO SAN PIO X,-74.06399999931455,4.666499998420477,WGS 84 / Pseudo-Mercator,"EPSG:4326 (st_set_crs, sin transformar)","lon [-74.3933, -74.0162] lat [3.8295, 4.8239] sobre 2219 de 2221 filas con coordenada finita",plausible,colegios06_2025.gpkg,2025-06-30
311001004072,311001004072,LICEO LOS ALCAZARES,LICEO LOS ALCAZARES,-74.06989999860525,4.660900000482798,WGS 84 / Pseudo-Mercator,"EPSG:4326 (st_set_crs, sin transformar)","lon [-74.3933, -74.0162] lat [3.8295, 4.8239] sobre 2219 de 2221 filas con coordenada finita",plausible,colegios06_2025.gpkg,2025-06-30
311001009929,311001009929,FUNDACION DE ASISTENCIA SOCIAL MADRE RAFOLS,FUNDACION DE ASISTENCIA SOCIAL MADRE RAFOLS,-74.07710000127554,4.652300000190735,WGS 84 / Pseudo-Mercator,"EPSG:4326 (st_set_crs, sin transformar)","lon [-74.3933, -74.0162] lat [3.8295, 4.8239] sobre 2219 de 2221 filas con coordenada finita",plausible,colegios06_2025.gpkg,2025-06-30
311001011800,311001011800,COLEGIO SANTA ROSA DE LIMA,COLEGIO SANTA ROSA DE LIMA,-74.07229999825358,4.664299998432398,WGS 84 / Pseudo-Mercator,"EPSG:4326 (st_set_crs, sin transformar)","lon [-74.3933, -74.0162] lat [3.8295, 4.8239] sobre 2219 de 2221 filas con coordenada finita",plausible,colegios06_2025.gpkg,2025-06-30
311001016976,311001016976,COLEGIO MERCEDARIO SAN PEDRO NOLASCO,COLEGIO MERCEDARIO SAN PEDRO NOLASCO,-74.06579999998212,4.656599998474121,WGS 84 / Pseudo-Mercator,"EPSG:4326 (st_set_crs, sin transformar)","lon [-74.3933, -74.0162] lat [3.8295, 4.8239] sobre 2219 de 2221 filas con coordenada finita",plausible,colegios06_2025.gpkg,2025-06-30
311001017344,311001017344,LICEO CATOLICO,LICEO CATOLICO,-74.06239999830723,4.667100001126528,WGS 84 / Pseudo-Mercator,"EPSG:4326 (st_set_crs, sin transformar)","lon [-74.3933, -74.0162] lat [3.8295, 4.8239] sobre 2219 de 2221 filas con coordenada finita",plausible,colegios06_2025.gpkg,2025-06-30
311001018693,311001018693,COLEGIO ALEXANDER HUMBOLDT,COLEGIO ALEXANDER HUMBOLDT,-74.07840000092983,4.671000000089407,WGS 84 / Pseudo-Mercator,"EPSG:4326 (st_set_crs, sin transformar)","lon [-74.3933, -74.0162] lat [3.8295, 4.8239] sobre 2219 de 2221 filas con coordenada finita",plausible,colegios06_2025.gpkg,2025-06-30
311001031991,311001031991,JARDIN INFANTIL MI CABAÑITA,JARDIN INFANTIL MI CABAÑITA,-74.0612000003457,4.6697999984025955,WGS 84 / Pseudo-Mercator,"EPSG:4326 (st_set_crs, sin transformar)","lon [-74.3933, -74.0162] lat [3.8295, 4.8239] sobre 2219 de 2221 filas con coordenada finita",plausible,colegios06_2025.gpkg,2025-06-30
311001034508,311001034508,COLEGIO MONSERRATE,COLEGIO MONSERRATE,-74.06159999966621,4.679000001400709,WGS 84 / Pseudo-Mercator,"EPSG:4326 (st_set_crs, sin transformar)","lon [-74.3933, -74.0162] lat [3.8295, 4.8239] sobre 2219 de 2221 filas con coordenada finita",plausible,colegios06_2025.gpkg,2025-06-30
311001040192,311001040192,JARDIN INFANTIL LOS AMIGOS DEL BOSQUE,JARDIN INFANTIL LOS AMIGOS DEL BOSQUE,-74.06929999962449,4.686900001019239,WGS 84 / Pseudo-Mercator,"EPSG:4326 (st_set_crs, sin transformar)","lon [-74.3933, -74.0162] lat [3.8295, 4.8239] sobre 2219 de 2221 filas con coordenada finita",plausible,colegios06_2025.gpkg,2025-06-30
311001042241,311001042241,JARDIN INFANTIL MI DULCE ENCUENTRO,JARDIN INFANTIL MI DULCE ENCUENTRO,-74.06929999962449,4.651200000196695,WGS 84 / Pseudo-Mercator,"EPSG:4326 (st_set_crs, sin transformar)","lon [-74.3933, -74.0162] lat [3.8295, 4.8239] sobre 2219 de 2221 filas con coordenada finita",plausible,colegios06_2025.gpkg,2025-06-30
311001047723,311001047723,CENTRO DE PROMOCION SAN JOSE,CENTRO DE PROMOCION SAN JOSE,-74.06349999830127,4.660000000149012,WGS 84 / Pseudo-Mercator,"EPSG:4326 (st_set_crs, sin transformar)","lon [-74.3933, -74.0162] lat [3.8295, 4.8239] sobre 2219 de 2221 filas con coordenada finita",plausible,colegios06_2025.gpkg,2025-06-30
311001076758,311001076758,LICEO VAL (VIDA-AMOR-LUZ),LICEO VAL (VIDA-AMOR-LUZ),-74.07530000060797,4.668000001460314,WGS 84 / Pseudo-Mercator,"EPSG:4326 (st_set_crs, sin transformar)","lon [-74.3933, -74.0162] lat [3.8295, 4.8239] sobre 2219 de 2221 filas con coordenada finita",plausible,colegios06_2025.gpkg,2025-06-30
311001087547,311001087547,COLEGIO NAVAL SANTA FE DE BOGOTA,COLEGIO NAVAL SANTA FE DE BOGOTA,-74.08819999918342,4.6717000007629395,WGS 84 / Pseudo-Mercator,"EPSG:4326 (st_set_crs, sin transformar)","lon [-74.3933, -74.0162] lat [3.8295, 4.8239] sobre 2219 de 2221 filas con coordenada finita",plausible,colegios06_2025.gpkg,2025-06-30
311001089795,311001089795,LICEO EL ENCUENTRO,LICEO EL ENCUENTRO,-74.06069999933243,4.668999999761581,WGS 84 / Pseudo-Mercator,"EPSG:4326 (st_set_crs, sin transformar)","lon [-74.3933, -74.0162] lat [3.8295, 4.8239] sobre 2219 de 2221 filas con coordenada finita",plausible,colegios06_2025.gpkg,2025-06-30
311001090505,311001090505,LICEO FORMACION EDUCACION PERSONALIZADA,LICEO FORMACION EDUCACION PERSONALIZADA,-74.0621000006795,4.68019999936223,WGS 84 / Pseudo-Mercator,"EPSG:4326 (st_set_crs, sin transformar)","lon [-74.3933, -74.0162] lat [3.8295, 4.8239] sobre 2219 de 2221 filas con coordenada finita",plausible,colegios06_2025.gpkg,2025-06-30
311001091404,311001091404,GUARDERIA Y PREESCOLAR CAMINO A LA IMAGINACION,GUARDERIA Y PREESCOLAR CAMINO A LA IMAGINACION,-74.07110000029206,4.663699999451637,WGS 84 / Pseudo-Mercator,"EPSG:4326 (st_set_crs, sin transformar)","lon [-74.3933, -74.0162] lat [3.8295, 4.8239] sobre 2219 de 2221 filas con coordenada finita",plausible,colegios06_2025.gpkg,2025-06-30
311001091609,311001091609,COLEGIO TRIANGULO CHAPINERO,COLEGIO TRIANGULO CHAPINERO,-74.06439999863505,4.6545999981462955,WGS 84 / Pseudo-Mercator,"EPSG:4326 (st_set_crs, sin transformar)","lon [-74.3933, -74.0162] lat [3.8295, 4.8239] sobre 2219 de 2221 filas con coordenada finita",plausible,colegios06_2025.gpkg,2025-06-30
311001093962,311001093962,COLEGIO CAPACITACION 2000 CHAPINERO,COLEGIO CAPACITACION 2000 CHAPINERO,-74.06300000101328,4.655299998819828,WGS 84 / Pseudo-Mercator,"EPSG:4326 (st_set_crs, sin transformar)","lon [-74.3933, -74.0162] lat [3.8295, 4.8239] sobre 2219 de 2221 filas con coordenada finita",plausible,colegios06_2025.gpkg,2025-06-30
311001094683,311001094683,GIMNASIO CRISTIANO SHEKINAH,GIMNASIO CRISTIANO SHEKINAH,-74.06300000101328,4.657000001519918,WGS 84 / Pseudo-Mercator,"EPSG:4326 (st_set_crs, sin transformar)","lon [-74.3933, -74.0162] lat [3.8295, 4.8239] sobre 2219 de 2221 filas con coordenada finita",plausible,colegios06_2025.gpkg,2025-06-30
311001097607,311001097607,LICEO INFANTIL MAPI,LICEO INFANTIL MAPI,-74.07869999855757,4.663400001823902,WGS 84 / Pseudo-Mercator,"EPSG:4326 (st_set_crs, sin transformar)","lon [-74.3933, -74.0162] lat [3.8295, 4.8239] sobre 2219 de 2221 filas con coordenada finita",plausible,colegios06_2025.gpkg,2025-06-30
311001098239,311001098239,JARDIN INFANTIL CUNITAS Y CRAYOLAS,JARDIN INFANTIL CUNITAS Y CRAYOLAS,-74.08469999954104,4.6706000007689,WGS 84 / Pseudo-Mercator,"EPSG:4326 (st_set_crs, sin transformar)","lon [-74.3933, -74.0162] lat [3.8295, 4.8239] sobre 2219 de 2221 filas con coordenada finita",plausible,colegios06_2025.gpkg,2025-06-30
311001101108,311001101108,JARDIN INFANTIL CONNIE´S GARDEN,JARDIN INFANTIL CONNIE´S GARDEN,-74.07229999825358,4.686900001019239,WGS 84 / Pseudo-Mercator,"EPSG:4326 (st_set_crs, sin transformar)","lon [-74.3933, -74.0162] lat [3.8295, 4.8239] sobre 2219 de 2221 filas con coordenada finita",plausible,colegios06_2025.gpkg,2025-06-30
311001106908,311001106908,COLEGIO GIMNASIO AMERICANO,COLEGIO GIMNASIO AMERICANO,-74.0625,4.658500000834465,WGS 84 / Pseudo-Mercator,"EPSG:4326 (st_set_crs, sin transformar)","lon [-74.3933, -74.0162] lat [3.8295, 4.8239] sobre 2219 de 2221 filas con coordenada finita",plausible,colegios06_2025.gpkg,2025-06-30
311001106916,311001106916,JARDIN INFANTIL KANGURITOS TRAVIESOS,JARDIN INFANTIL KANGURITOS TRAVIESOS,-74.07919999957085,4.675900001078844,WGS 84 / Pseudo-Mercator,"EPSG:4326 (st_set_crs, sin transformar)","lon [-74.3933, -74.0162] lat [3.8295, 4.8239] sobre 2219 de 2221 filas con coordenada finita",plausible,colegios06_2025.gpkg,2025-06-30
311001107408,311001107408,JARDIN INFANTIL JUGANDO CON YAYA,JARDIN INFANTIL JUGANDO CON YAYA,-74.08430000022054,4.673700001090765,WGS 84 / Pseudo-Mercator,"EPSG:4326 (st_set_crs, sin transformar)","lon [-74.3933, -74.0162] lat [3.8295, 4.8239] sobre 2219 de 2221 filas con coordenada finita",plausible,colegios06_2025.gpkg,2025-06-30
311001108579,311001108579,JARDIN INFANTIL ANGELES DEL SABER,JARDIN INFANTIL ANGELES DEL SABER,-74.06170000135899,4.659699998795986,WGS 84 / Pseudo-Mercator,"EPSG:4326 (st_set_crs, sin transformar)","lon [-74.3933, -74.0162] lat [3.8295, 4.8239] sobre 2219 de 2221 filas con coordenada finita",plausible,colegios06_2025.gpkg,2025-06-30
311001110654,311001110654,PREESCOLAR MUNDO MAGICO ABC,PREESCOLAR MUNDO MAGICO ABC,-74.0789999999106,4.660999998450279,WGS 84 / Pseudo-Mercator,"EPSG:4326 (st_set_crs, sin transformar)","lon [-74.3933, -74.0162] lat [3.8295, 4.8239] sobre 2219 de 2221 filas con coordenada finita",plausible,colegios06_2025.gpkg,2025-06-30
311001800821,311001800821,COLEGIO MONTEHELENA BILINGÜE,COLEGIO MONTEHELENA BILINGÜE,-74.06789999827743,4.6537000015378,WGS 84 / Pseudo-Mercator,"EPSG:4326 (st_set_crs, sin transformar)","lon [-74.3933, -74.0162] lat [3.8295, 4.8239] sobre 2219 de 2221 filas con coordenada finita",plausible,colegios06_2025.gpkg,2025-06-30
311001800863,311001800863,COLEGIO MONTEHELENA CICLOS,COLEGIO MONTEHELENA CICLOS,-74.06789999827743,4.6537000015378,WGS 84 / Pseudo-Mercator,"EPSG:4326 (st_set_crs, sin transformar)","lon [-74.3933, -74.0162] lat [3.8295, 4.8239] sobre 2219 de 2221 filas con coordenada finita",plausible,colegios06_2025.gpkg,2025-06-30
311001801038,311001801038,GIMNASIO IKIGAI,GIMNASIO IKIGAI,-74.07759999856353,4.665899999439716,WGS 84 / Pseudo-Mercator,"EPSG:4326 (st_set_crs, sin transformar)","lon [-74.3933, -74.0162] lat [3.8295, 4.8239] sobre 2219 de 2221 filas con coordenada finita",plausible,colegios06_2025.gpkg,2025-06-30
311001801429,311001801429,COLEGIO OASIS,COLEGIO OASIS,-74.06300000101328,4.680599998682737,WGS 84 / Pseudo-Mercator,"EPSG:4326 (st_set_crs, sin transformar)","lon [-74.3933, -74.0162] lat [3.8295, 4.8239] sobre 2219 de 2221 filas con coordenada finita",plausible,colegios06_2025.gpkg,2025-06-30
311769004276,311769004276,JARDIN INFANTIL LUKAS KINDERGARDEN,JARDIN INFANTIL LUKAS KINDERGARDEN,-74.06190000101924,4.6717000007629395,WGS 84 / Pseudo-Mercator,"EPSG:4326 (st_set_crs, sin transformar)","lon [-74.3933, -74.0162] lat [3.8295, 4.8239] sobre 2219 de 2221 filas con coordenada finita",plausible,colegios06_2025.gpkg,2025-06-30
111001002895,111001002895,INSTITUTO PEDAGOGICO ARTURO RAMIREZ MONTUFAR,INSTITUTO PEDAGOGICO ARTURO RAMIREZ MONTUFAR,-74.07979999855161,4.634799998253584,WGS 84 / Pseudo-Mercator,"EPSG:4326 (st_set_crs, sin transformar)","lon [-74.3933, -74.0162] lat [3.8295, 4.8239] sobre 2219 de 2221 filas con coordenada finita",plausible,colegios06_2025.gpkg,2025-06-30
111001010731,111001010731,COLEGIO MANUELA BELTRAN (IED),MANUELA BELTRAN,-74.06639999896288,4.644499998539686,WGS 84 / Pseudo-Mercator,"EPSG:4326 (st_set_crs, sin transformar)","lon [-74.3933, -74.0162] lat [3.8295, 4.8239] sobre 2219 de 2221 filas con coordenada finita",plausible,colegios06_2025.gpkg,2025-06-30
111001012122,111001010731,COLEGIO MANUELA BELTRAN (IED),ANTONIO NARIÑO,-74.08170000091195,4.629700001329184,WGS 84 / Pseudo-Mercator,"EPSG:4326 (st_set_crs, sin transformar)","lon [-74.3933, -74.0162] lat [3.8295, 4.8239] sobre 2219 de 2221 filas con coordenada finita",plausible,colegios06_2025.gpkg,2025-06-30
111001027634,111001027634,COLEGIO PARA HIJOS DE LOS EMPLEADOS DE LA CONTRALORIA GENERAL DE LA REPUBLICA (COOTRANAL),COLEGIO PARA HIJOS DE LOS EMPLEADOS DE LA CONTRALORIA GENERAL DE LA REPUBLICA (COOTRANAL),-74.08219999819994,4.646800000220537,WGS 84 / Pseudo-Mercator,"EPSG:4326 (st_set_crs, sin transformar)","lon [-74.3933, -74.0162] lat [3.8295, 4.8239] sobre 2219 de 2221 filas con coordenada finita",plausible,colegios06_2025.gpkg,2025-06-30
111001094897,111001094897,COLEGIO TECNICO PALERMO (IED),PALERMO,-74.07420000061393,4.6380999982357025,WGS 84 / Pseudo-Mercator,"EPSG:4326 (st_set_crs, sin transformar)","lon [-74.3933, -74.0162] lat [3.8295, 4.8239] sobre 2219 de 2221 filas con coordenada finita",plausible,colegios06_2025.gpkg,2025-06-30
311001000018,311001000018,COLEGIO GEORGE WILLIAMS,COLEGIO GEORGE WILLIAMS,-74.07400000095367,4.618500001728535,WGS 84 / Pseudo-Mercator,"EPSG:4326 (st_set_crs, sin transformar)","lon [-74.3933, -74.0162] lat [3.8295, 4.8239] sobre 2219 de 2221 filas con coordenada finita",plausible,colegios06_2025.gpkg,2025-06-30
311001000310,311001000310,COLEGIO GLENN DOMAN,COLEGIO GLENN DOMAN,-74.07889999821782,4.629700001329184,WGS 84 / Pseudo-Mercator,"EPSG:4326 (st_set_crs, sin transformar)","lon [-74.3933, -74.0162] lat [3.8295, 4.8239] sobre 2219 de 2221 filas con coordenada finita",plausible,colegios06_2025.gpkg,2025-06-30
311001000506,311001000506,COLEGIO CALASANZ LA ESMERALDA ESCOLAPIAS,COLEGIO CALASANZ LA ESMERALDA ESCOLAPIAS,-74.09059999883175,4.647599998861551,WGS 84 / Pseudo-Mercator,"EPSG:4326 (st_set_crs, sin transformar)","lon [-74.3933, -74.0162] lat [3.8295, 4.8239] sobre 2219 de 2221 filas con coordenada finita",plausible,colegios06_2025.gpkg,2025-06-30
311001000697,311001000697,LICEO LATINOAMERICANO,LICEO LATINOAMERICANO,-74.07279999926686,4.617400001734495,WGS 84 / Pseudo-Mercator,"EPSG:4326 (st_set_crs, sin transformar)","lon [-74.3933, -74.0162] lat [3.8295, 4.8239] sobre 2219 de 2221 filas con coordenada finita",plausible,colegios06_2025.gpkg,2025-06-30
311001000891,311001000891,COLEGIO INTEGRAL ERVID,COLEGIO INTEGRAL ERVID,-74.06709999963641,4.642599999904633,WGS 84 / Pseudo-Mercator,"EPSG:4326 (st_set_crs, sin transformar)","lon [-74.3933, -74.0162] lat [3.8295, 4.8239] sobre 2219 de 2221 filas con coordenada finita",plausible,colegios06_2025.gpkg,2025-06-30
311001001871,311001001871,COLEGIO EL CARMELO,COLEGIO EL CARMELO,-74.07649999856949,4.633900001645088,WGS 84 / Pseudo-Mercator,"EPSG:4326 (st_set_crs, sin transformar)","lon [-74.3933, -74.0162] lat [3.8295, 4.8239] sobre 2219 de 2221 filas con coordenada finita",plausible,colegios06_2025.gpkg,2025-06-30
311001001901,311001001901,COLEGIO AMERICANO DE BOGOTA,COLEGIO AMERICANO DE BOGOTA,-74.0738999992609,4.634300000965595,WGS 84 / Pseudo-Mercator,"EPSG:4326 (st_set_crs, sin transformar)","lon [-74.3933, -74.0162] lat [3.8295, 4.8239] sobre 2219 de 2221 filas con coordenada finita",plausible,colegios06_2025.gpkg,2025-06-30
311001002878,311001002878,COLEGIO SANTA CLARA,COLEGIO SANTA CLARA,-74.07669999822974,4.625,WGS 84 / Pseudo-Mercator,"EPSG:4326 (st_set_crs, sin transformar)","lon [-74.3933, -74.0162] lat [3.8295, 4.8239] sobre 2219 de 2221 filas con coordenada finita",plausible,colegios06_2025.gpkg,2025-06-30
311001003769,311001003769,GIMNASIO SANTA ROSA DE LIMA,GIMNASIO SANTA ROSA DE LIMA,-74.07250000163913,4.62220000103116,WGS 84 / Pseudo-Mercator,"EPSG:4326 (st_set_crs, sin transformar)","lon [-74.3933, -74.0162] lat [3.8295, 4.8239] sobre 2219 de 2221 filas con coordenada finita",plausible,colegios06_2025.gpkg,2025-06-30
311001004471,311001004471,COLEGIO DE NUESTRA SEÑORA DEL PILAR,COLEGIO DE NUESTRA SEÑORA DEL PILAR,-74.07530000060797,4.650699999183416,WGS 84 / Pseudo-Mercator,"EPSG:4326 (st_set_crs, sin transformar)","lon [-74.3933, -74.0162] lat [3.8295, 4.8239] sobre 2219 de 2221 filas con coordenada finita",plausible,colegios06_2025.gpkg,2025-06-30
311001005991,311001005991,LICEO PARROQUIAL SARA ZAPATA,LICEO PARROQUIAL SARA ZAPATA,-74.07229999825358,4.6398999989032745,WGS 84 / Pseudo-Mercator,"EPSG:4326 (st_set_crs, sin transformar)","lon [-74.3933, -74.0162] lat [3.8295, 4.8239] sobre 2219 de 2221 filas con coordenada finita",plausible,colegios06_2025.gpkg,2025-06-30
311001006407,311001006407,GIMNASIO ANTONIO NARIÑO,GIMNASIO ANTONIO NARIÑO,-74.08859999850392,4.626499999314547,WGS 84 / Pseudo-Mercator,"EPSG:4326 (st_set_crs, sin transformar)","lon [-74.3933, -74.0162] lat [3.8295, 4.8239] sobre 2219 de 2221 filas con coordenada finita",plausible,colegios06_2025.gpkg,2025-06-30
311001007080,311001007080,COLEGIO ANTONIO NARIÑO H.H. CORAZONISTAS,COLEGIO ANTONIO NARIÑO H.H. CORAZONISTAS,-74.06720000132918,4.647999998182058,WGS 84 / Pseudo-Mercator,"EPSG:4326 (st_set_crs, sin transformar)","lon [-74.3933, -74.0162] lat [3.8295, 4.8239] sobre 2219 de 2221 filas con coordenada finita",plausible,colegios06_2025.gpkg,2025-06-30
311001009023,311001009023,COLEGIO CHAMPAGNAT,COLEGIO CHAMPAGNAT,-74.07099999859929,4.629799999296665,WGS 84 / Pseudo-Mercator,"EPSG:4326 (st_set_crs, sin transformar)","lon [-74.3933, -74.0162] lat [3.8295, 4.8239] sobre 2219 de 2221 filas con coordenada finita",plausible,colegios06_2025.gpkg,2025-06-30
311001019134,311001019134,JARDIN INFANTIL MERCEDITAS,JARDIN INFANTIL MERCEDITAS,-74.07279999926686,4.627999998629093,WGS 84 / Pseudo-Mercator,"EPSG:4326 (st_set_crs, sin transformar)","lon [-74.3933, -74.0162] lat [3.8295, 4.8239] sobre 2219 de 2221 filas con coordenada finita",plausible,colegios06_2025.gpkg,2025-06-30
311001027072,311001027072,COLEGIO BOGOTANO MIXTO,COLEGIO BOGOTANO MIXTO,-74.06709999963641,4.642599999904633,WGS 84 / Pseudo-Mercator,"EPSG:4326 (st_set_crs, sin transformar)","lon [-74.3933, -74.0162] lat [3.8295, 4.8239] sobre 2219 de 2221 filas con coordenada finita",plausible,colegios06_2025.gpkg,2025-06-30
311001027846,311001027846,GIMNASIO NICOLAS DE FEDERMAN,GIMNASIO NICOLAS DE FEDERMAN,-74.08130000159144,4.651299998164177,WGS 84 / Pseudo-Mercator,"EPSG:4326 (st_set_crs, sin transformar)","lon [-74.3933, -74.0162] lat [3.8295, 4.8239] sobre 2219 de 2221 filas con coordenada finita",plausible,colegios06_2025.gpkg,2025-06-30
311001027978,311001027978,JARDIN INFANTIL LOS ANGELES,JARDIN INFANTIL LOS ANGELES,-74.07849999889731,4.635499998927116,WGS 84 / Pseudo-Mercator,"EPSG:4326 (st_set_crs, sin transformar)","lon [-74.3933, -74.0162] lat [3.8295, 4.8239] sobre 2219 de 2221 filas con coordenada finita",plausible,colegios06_2025.gpkg,2025-06-30
311001028249,311001028249,JARDIN PEDAGOGICO RAFAEL POMBO,JARDIN PEDAGOGICO RAFAEL POMBO,-74.07739999890327,4.630800001323223,WGS 84 / Pseudo-Mercator,"EPSG:4326 (st_set_crs, sin transformar)","lon [-74.3933, -74.0162] lat [3.8295, 4.8239] sobre 2219 de 2221 filas con coordenada finita",plausible,colegios06_2025.gpkg,2025-06-30
311001031169,311001031169,PREESCOLAR LA RONDA DE LOS NIÑOS,PREESCOLAR LA RONDA DE LOS NIÑOS,-74.08520000055432,4.651799999177456,WGS 84 / Pseudo-Mercator,"EPSG:4326 (st_set_crs, sin transformar)","lon [-74.3933, -74.0162] lat [3.8295, 4.8239] sobre 2219 de 2221 filas con coordenada finita",plausible,colegios06_2025.gpkg,2025-06-30
311001031851,311001031851,GIMNASIO WILLIAM MACKINLEY,GIMNASIO WILLIAM MACKINLEY,-74.0971000008285,4.6367999985814095,WGS 84 / Pseudo-Mercator,"EPSG:4326 (st_set_crs, sin transformar)","lon [-74.3933, -74.0162] lat [3.8295, 4.8239] sobre 2219 de 2221 filas con coordenada finita",plausible,colegios06_2025.gpkg,2025-06-30
311001033536,311001033536,JARDIN INFANTIL CARACOLITO,JARDIN INFANTIL CARACOLITO,-74.076299998909235,4.630300000309944,WGS 84 / Pseudo-Mercator,"EPSG:4326 (st_set_crs, sin transformar)","lon [-74.3933, -74.0162] lat [3.8295, 4.8239] sobre 2219 de 2221 filas con coordenada finita",plausible,colegios06_2025.gpkg,2025-06-30
311001035717,311001035717,COLEGIO PRINCIPADO DE MONACO,COLEGIO PRINCIPADO DE MONACO,-74.07209999859333,4.645899999886751,WGS 84 / Pseudo-Mercator,"EPSG:4326 (st_set_crs, sin transformar)","lon [-74.3933, -74.0162] lat [3.8295, 4.8239] sobre 2219 de 2221 filas con coordenada finita",plausible,colegios06_2025.gpkg,2025-06-30
311001038201,311001038201,LICEO DE LA UNIVERSIDAD CATOLICA,LICEO DE LA UNIVERSIDAD CATOLICA,-74.06850000098348,4.634300000965595,WGS 84 / Pseudo-Mercator,"EPSG:4326 (st_set_crs, sin transformar)","lon [-74.3933, -74.0162] lat [3.8295, 4.8239] sobre 2219 de 2221 filas con coordenada finita",plausible,colegios06_2025.gpkg,2025-06-30
311001038660,311001038660,GIMNASIO AMIGUITOS DEL MUNDO,GIMNASIO AMIGUITOS DEL MUNDO,-74.08060000091791,4.629999998956919,WGS 84 / Pseudo-Mercator,"EPSG:4326 (st_set_crs, sin transformar)","lon [-74.3933, -74.0162] lat [3.8295, 4.8239] sobre 2219 de 2221 filas con coordenada finita",plausible,colegios06_2025.gpkg,2025-06-30
311001042748,311001042748,LICEO PSICOPEDAGOGICO LA ESMERALDA,LICEO PSICOPEDAGOGICO LA ESMERALDA,-74.08729999884963,4.645100001245737,WGS 84 / Pseudo-Mercator,"EPSG:4326 (st_set_crs, sin transformar)","lon [-74.3933, -74.0162] lat [3.8295, 4.8239] sobre 2219 de 2221 filas con coordenada finita",plausible,colegios06_2025.gpkg,2025-06-30
311001047871,311001047871,COLEGIO CASA ACADEMICA CULTURAL,COLEGIO CASA ACADEMICA CULTURAL,-74.07270000129938,4.6248000003397465,WGS 84 / Pseudo-Mercator,"EPSG:4326 (st_set_crs, sin transformar)","lon [-74.3933, -74.0162] lat [3.8295, 4.8239] sobre 2219 de 2221 filas con coordenada finita",plausible,colegios06_2025.gpkg,2025-06-30
311001051526,311001051526,GIMNASIO MOUNT SINAI,GIMNASIO MOUNT SINAI,-74.07750000059605,4.631000000983477,WGS 84 / Pseudo-Mercator,"EPSG:4326 (st_set_crs, sin transformar)","lon [-74.3933, -74.0162] lat [3.8295, 4.8239] sobre 2219 de 2221 filas con coordenada finita",plausible,colegios06_2025.gpkg,2025-06-30
311001051577,311001051577,GIMNASIO MIS CHICCOS,GIMNASIO MIS CHICCOS,-74.09270000085235,4.631799999624491,WGS 84 / Pseudo-Mercator,"EPSG:4326 (st_set_crs, sin transformar)","lon [-74.3933, -74.0162] lat [3.8295, 4.8239] sobre 2219 de 2221 filas con coordenada finita",plausible,colegios06_2025.gpkg,2025-06-30
311001051631,311001051631,COLEGIO VIRTUAL SIGLO XXI,COLEGIO VIRTUAL SIGLO XXI,-74.08379999920726,4.6266999989748,WGS 84 / Pseudo-Mercator,"EPSG:4326 (st_set_crs, sin transformar)","lon [-74.3933, -74.0162] lat [3.8295, 4.8239] sobre 2219 de 2221 filas con coordenada finita",plausible,colegios06_2025.gpkg,2025-06-30
311001088209,311001088209,JARDIN INFANTIL LERNER Y KLEIN,JARDIN INFANTIL LERNER Y KLEIN,-74.08999999985099,4.649300001561642,WGS 84 / Pseudo-Mercator,"EPSG:4326 (st_set_crs, sin transformar)","lon [-74.3933, -74.0162] lat [3.8295, 4.8239] sobre 2219 de 2221 filas con coordenada finita",plausible,colegios06_2025.gpkg,2025-06-30
311001088411,311001088411,COLEGIO FILADELFIA PARA SORDOS,COLEGIO FILADELFIA PARA SORDOS,-74.0667000003159,4.646499998867512,WGS 84 / Pseudo-Mercator,"EPSG:4326 (st_set_crs, sin transformar)","lon [-74.3933, -74.0162] lat [3.8295, 4.8239] sobre 2219 de 2221 filas con coordenada finita",plausible,colegios06_2025.gpkg,2025-06-30
311001089558,311001089558,JARDIN INFANTIL DATA SESAMO,JARDIN INFANTIL DATA SESAMO,-74.07679999992251,4.641100000590086,WGS 84 / Pseudo-Mercator,"EPSG:4326 (st_set_crs, sin transformar)","lon [-74.3933, -74.0162] lat [3.8295, 4.8239] sobre 2219 de 2221 filas con coordenada finita",plausible,colegios06_2025.gpkg,2025-06-30
311001091994,311001091994,JARDIN INFANTIL CUIDADOS Y CARICIAS,JARDIN INFANTIL CUIDADOS Y CARICIAS,-74.09140000119805,4.649000000208616,WGS 84 / Pseudo-Mercator,"EPSG:4326 (st_set_crs, sin transformar)","lon [-74.3933, -74.0162] lat [3.8295, 4.8239] sobre 2219 de 2221 filas con coordenada finita",plausible,colegios06_2025.gpkg,2025-06-30
311001092125,311001092125,JARDIN INFANTIL CHARLES PERRAULT,JARDIN INFANTIL CHARLES PERRAULT,-74.07229999825358,4.646999999880791,WGS 84 / Pseudo-Mercator,"EPSG:4326 (st_set_crs, sin transformar)","lon [-74.3933, -74.0162] lat [3.8295, 4.8239] sobre 2219 de 2221 filas con coordenada finita",plausible,colegios06_2025.gpkg,2025-06-30
311001098166,311001098166,JARDIN INFANTIL EL OSITO PELUSIN,JARDIN INFANTIL EL OSITO PELUSIN,-74.0722000002861,4.634399998933077,WGS 84 / Pseudo-Mercator,"EPSG:4326 (st_set_crs, sin transformar)","lon [-74.3933, -74.0162] lat [3.8295, 4.8239] sobre 2219 de 2221 filas con coordenada finita",plausible,colegios06_2025.gpkg,2025-06-30
311001100101,311001100101,CENTRO DE EXPRESION ARTISTICA MAFALDA,CENTRO DE EXPRESION ARTISTICA MAFALDA,-74.08300000056624,4.646800000220537,WGS 84 / Pseudo-Mercator,"EPSG:4326 (st_set_crs, sin transformar)","lon [-74.3933, -74.0162] lat [3.8295, 4.8239] sobre 2219 de 2221 filas con coordenada finita",plausible,colegios06_2025.gpkg,2025-06-30
311001102899,311001102899,COLEGIO LOS ANGELES DE HELVETIA,COLEGIO LOS ANGELES DE HELVETIA,-74.09510000050068,4.629900000989437,WGS 84 / Pseudo-Mercator,"EPSG:4326 (st_set_crs, sin transformar)","lon [-74.3933, -74.0162] lat [3.8295, 4.8239] sobre 2219 de 2221 filas con coordenada finita",plausible,colegios06_2025.gpkg,2025-06-30
311001105766,311001105766,COLEGIO CENTRO DE APLICACION PEDAGOGICA - CEDAP,COLEGIO CENTRO DE APLICACION PEDAGOGICA - CEDAP,-74.07129999995232,4.644600000232458,WGS 84 / Pseudo-Mercator,"EPSG:4326 (st_set_crs, sin transformar)","lon [-74.3933, -74.0162] lat [3.8295, 4.8239] sobre 2219 de 2221 filas con coordenada finita",plausible,colegios06_2025.gpkg,2025-06-30
311001105839,311001105839,INSTITUTO ANDINO DE BACHILLERATO Y CAPACITACION,INSTITUTO ANDINO DE BACHILLERATO Y CAPACITACION,-74.07160000130534,4.645799998193979,WGS 84 / Pseudo-Mercator,"EPSG:4326 (st_set_crs, sin transformar)","lon [-74.3933, -74.0162] lat [3.8295, 4.8239] sobre 2219 de 2221 filas con coordenada finita",plausible,colegios06_2025.gpkg,2025-06-30
311001105863,311001105863,CENTRO JOHANN KEPLER,CENTRO JOHANN KEPLER,-74.06700000166893,4.648899998515844,WGS 84 / Pseudo-Mercator,"EPSG:4326 (st_set_crs, sin transformar)","lon [-74.3933, -74.0162] lat [3.8295, 4.8239] sobre 2219 de 2221 filas con coordenada finita",plausible,colegios06_2025.gpkg,2025-06-30
311001105898,311001105898,PREESCOLAR ARTISTICO AMBIENTAL SEMILLAS,PREESCOLAR ARTISTICO AMBIENTAL SEMILLAS,-74.08269999921322,4.632100000977516,WGS 84 / Pseudo-Mercator,"EPSG:4326 (st_set_crs, sin transformar)","lon [-74.3933, -74.0162] lat [3.8295, 4.8239] sobre 2219 de 2221 filas con coordenada finita",plausible,colegios06_2025.gpkg,2025-06-30
311001106711,311001106711,COLEGIO BOSTON,COLEGIO BOSTON,-74.07079999893904,4.623100001364946,WGS 84 / Pseudo-Mercator,"EPSG:4326 (st_set_crs, sin transformar)","lon [-74.3933, -74.0162] lat [3.8295, 4.8239] sobre 2219 de 2221 filas con coordenada finita",plausible,colegios06_2025.gpkg,2025-06-30
311001108595,311001108595,GIMNASIO SERES Y SABERES,GIMNASIO SERES Y SABERES,-74.0852999985218,4.648899998515844,WGS 84 / Pseudo-Mercator,"EPSG:4326 (st_set_crs, sin transformar)","lon [-74.3933, -74.0162] lat [3.8295, 4.8239] sobre 2219 de 2221 filas con coordenada finita",plausible,colegios06_2025.gpkg,2025-06-30
311001108609,311001108609,JARDIN INFANTIL UNIVERSO MAGICO,JARDIN INFANTIL UNIVERSO MAGICO,-74.08130000159144,4.647599998861551,WGS 84 / Pseudo-Mercator,"EPSG:4326 (st_set_crs, sin transformar)","lon [-74.3933, -74.0162] lat [3.8295, 4.8239] sobre 2219 de 2221 filas con coordenada finita",plausible,colegios06_2025.gpkg,2025-06-30
311001109516,311001109516,COLEGIO SAN ANGEL SALITRE,COLEGIO SAN ANGEL SALITRE,-74.09569999948144,4.633900001645088,WGS 84 / Pseudo-Mercator,"EPSG:4326 (st_set_crs, sin transformar)","lon [-74.3933, -74.0162] lat [3.8295, 4.8239] sobre 2219 de 2221 filas con coordenada finita",plausible,colegios06_2025.gpkg,2025-06-30
311001109974,311001109974,COLEGIO FORMARTE,COLEGIO FORMARTE,-74.07310000061989,4.640599999576807,WGS 84 / Pseudo-Mercator,"EPSG:4326 (st_set_crs, sin transformar)","lon [-74.3933, -74.0162] lat [3.8295, 4.8239] sobre 2219 de 2221 filas con coordenada finita",plausible,colegios06_2025.gpkg,2025-06-30
311001110301,311001110301,COLEGIO CAPACITACION 2000,COLEGIO CAPACITACION 2000,-74.0650000013411,4.64919999986887,WGS 84 / Pseudo-Mercator,"EPSG:4326 (st_set_crs, sin transformar)","lon [-74.3933, -74.0162] lat [3.8295, 4.8239] sobre 2219 de 2221 filas con coordenada finita",plausible,colegios06_2025.gpkg,2025-06-30
311001110468,311001110468,LICEO TOMAS MORALES,LICEO TOMAS MORALES,-74.06810000166297,4.633600000292063,WGS 84 / Pseudo-Mercator,"EPSG:4326 (st_set_crs, sin transformar)","lon [-74.3933, -74.0162] lat [3.8295, 4.8239] sobre 2219 de 2221 filas con coordenada finita",plausible,colegios06_2025.gpkg,2025-06-30
311001110611,311001110611,COLEGIO MONTEHELENA - CICLOS,COLEGIO MONTEHELENA - CICLOS,-74.0663000009954,4.6413000002503395,WGS 84 / Pseudo-Mercator,"EPSG:4326 (st_set_crs, sin transformar)","lon [-74.3933, -74.0162] lat [3.8295, 4.8239] sobre 2219 de 2221 filas con coordenada finita",plausible,colegios06_2025.gpkg,2025-06-30
311001800022,311001800022,COLEGIO DE FORMACION DE CIUDADANOS - COGLOBAL,COLEGIO DE FORMACION DE CIUDADANOS - COGLOBAL,-74.06650000065565,4.64469999819994,WGS 84 / Pseudo-Mercator,"EPSG:4326 (st_set_crs, sin transformar)","lon [-74.3933, -74.0162] lat [3.8295, 4.8239] sobre 2219 de 2221 filas con coordenada finita",plausible,colegios06_2025.gpkg,2025-06-30
311001800871,311001800871,COLEGIO MONTEHELENA BILINGÜE,COLEGIO MONTEHELENA BILINGÜE,-74.0663000009954,4.6413000002503395,WGS 84 / Pseudo-Mercator,"EPSG:4326 (st_set_crs, sin transformar)","lon [-74.3933, -74.0162] lat [3.8295, 4.8239] sobre 2219 de 2221 filas con coordenada finita",plausible,colegios06_2025.gpkg,2025-06-30
111001014001,111001014001,COLEGIO EDUARDO SANTOS (IED),EDUARDO SANTOS,-74.09219999983907,4.5943999998271465,WGS 84 / Pseudo-Mercator,"EPSG:4326 (st_set_crs, sin transformar)","lon [-74.3933, -74.0162] lat [3.8295, 4.8239] sobre 2219 de 2221 filas con coordenada finita",plausible,colegios06_2025.gpkg,2025-06-30
111001110388,111001014001,COLEGIO EDUARDO SANTOS (IED),SEDE B,-74.09580000117421,4.596799999475479,WGS 84 / Pseudo-Mercator,"EPSG:4326 (st_set_crs, sin transformar)","lon [-74.3933, -74.0162] lat [3.8295, 4.8239] sobre 2219 de 2221 filas con coordenada finita",plausible,colegios06_2025.gpkg,2025-06-30
111001016250,111001016250,COLEGIO REPUBLICA BOLIVARIANA DE VENEZUELA (IED),REPUBLICA BOLIVARIANA DE VENEZUELA,-74.07950000092387,4.615100000053644,WGS 84 / Pseudo-Mercator,"EPSG:4326 (st_set_crs, sin transformar)","lon [-74.3933, -74.0162] lat [3.8295, 4.8239] sobre 2219 de 2221 filas con coordenada finita",plausible,colegios06_2025.gpkg,2025-06-30
111001016195,111001016250,COLEGIO REPUBLICA BOLIVARIANA DE VENEZUELA (IED),SAMPER MENDOZA,-74.0832000002265,4.618400000035763,WGS 84 / Pseudo-Mercator,"EPSG:4326 (st_set_crs, sin transformar)","lon [-74.3933, -74.0162] lat [3.8295, 4.8239] sobre 2219 de 2221 filas con coordenada finita",plausible,colegios06_2025.gpkg,2025-06-30
111001016772,111001016772,COLEGIO SAN FRANCISCO DE ASIS (IED),POLITECNICO NACIONAL FEMENINO,-74.09219999983907,4.594200000166893,WGS 84 / Pseudo-Mercator,"EPSG:4326 (st_set_crs, sin transformar)","lon [-74.3933, -74.0162] lat [3.8295, 4.8239] sobre 2219 de 2221 filas con coordenada finita",plausible,colegios06_2025.gpkg,2025-06-30
111001016225,111001016772,COLEGIO SAN FRANCISCO DE ASIS (IED),EMMA VILLEGAS DE GAITAN,-74.09430000185966,4.596400000154972,WGS 84 / Pseudo-Mercator,"EPSG:4326 (st_set_crs, sin transformar)","lon [-74.3933, -74.0162] lat [3.8295, 4.8239] sobre 2219 de 2221 filas con coordenada finita",plausible,colegios06_2025.gpkg,2025-06-30
111001019526,111001019526,COLEGIO LICEO NACIONAL ANTONIA SANTOS (IED),ANTONIA SANTOS,-74.08799999952316,4.6083000004291534,WGS 84 / Pseudo-Mercator,"EPSG:4326 (st_set_crs, sin transformar)","lon [-74.3933, -74.0162] lat [3.8295, 4.8239] sobre 2219 de 2221 filas con coordenada finita",plausible,colegios06_2025.gpkg,2025-06-30
111001800066,111001019526,COLEGIO LICEO NACIONAL ANTONIA SANTOS (IED),SEDE B,-74.08799999952316,4.6077999994158745,WGS 84 / Pseudo-Mercator,"EPSG:4326 (st_set_crs, sin transformar)","lon [-74.3933, -74.0162] lat [3.8295, 4.8239] sobre 2219 de 2221 filas con coordenada finita",plausible,colegios06_2025.gpkg,2025-06-30
111001020401,111001020401,ESCUELA TECNOLOGICA INSTITUTO TECNICO CENTRAL,ESCUELA TECNOLOGICA INSTITUTO TECNICO CENTRAL,-74.0819000005722,4.605700001120567,WGS 84 / Pseudo-Mercator,"EPSG:4326 (st_set_crs, sin transformar)","lon [-74.3933, -74.0162] lat [3.8295, 4.8239] sobre 2219 de 2221 filas con coordenada finita",plausible,colegios06_2025.gpkg,2025-06-30
111001025313,111001025313,COLEGIO LICEO NACIONAL AGUSTIN NIETO CABALLERO (IED),AGUSTIN NIETO CABALLERO,-74.08590000122786,4.605500001460314,WGS 84 / Pseudo-Mercator,"EPSG:4326 (st_set_crs, sin transformar)","lon [-74.3933, -74.0162] lat [3.8295, 4.8239] sobre 2219 de 2221 filas con coordenada finita",plausible,colegios06_2025.gpkg,2025-06-30
111001026069,111001026069,COLEGIO TECNICO MENORAH (IED),MENORAH,-74.09270000085235,4.594099998474121,WGS 84 / Pseudo-Mercator,"EPSG:4326 (st_set_crs, sin transformar)","lon [-74.3933, -74.0162] lat [3.8295, 4.8239] sobre 2219 de 2221 filas con coordenada finita",plausible,colegios06_2025.gpkg,2025-06-30
111001801179,111001026069,COLEGIO TECNICO MENORAH (IED),SEDE B,-74.10339999943972,4.5962000004947186,WGS 84 / Pseudo-Mercator,"EPSG:4326 (st_set_crs, sin transformar)","lon [-74.3933, -74.0162] lat [3.8295, 4.8239] sobre 2219 de 2221 filas con coordenada finita",plausible,colegios06_2025.gpkg,2025-06-30
111001030856,111001030856,COLEGIO PANAMERICANO (IED),PANAMERICANO,-74.07880000025034,4.6229999996721745,WGS 84 / Pseudo-Mercator,"EPSG:4326 (st_set_crs, sin transformar)","lon [-74.3933, -74.0162] lat [3.8295, 4.8239] sobre 2219 de 2221 filas con coordenada finita",plausible,colegios06_2025.gpkg,2025-06-30
111001041459,111001041459,COLEGIO RICAURTE (IED),RICAURTE,-74.09400000050664,4.606199998408556,WGS 84 / Pseudo-Mercator,"EPSG:4326 (st_set_crs, sin transformar)","lon [-74.3933, -74.0162] lat [3.8295, 4.8239] sobre 2219 de 2221 filas con coordenada finita",plausible,colegios06_2025.gpkg,2025-06-30
111001013986,111001041459,COLEGIO RICAURTE (IED),ANTONIO RICAURTE,-74.09470000118017,4.610199999064207,WGS 84 / Pseudo-Mercator,"EPSG:4326 (st_set_crs, sin transformar)","lon [-74.3933, -74.0162] lat [3.8295, 4.8239] sobre 2219 de 2221 filas con coordenada finita",plausible,colegios06_2025.gpkg,2025-06-30
311001001618,311001001618,LICEO PARROQUIAL SAN GREGORIO MAGNO,LICEO PARROQUIAL SAN GREGORIO MAGNO,-74.09450000151992,4.609400000423193,WGS 84 / Pseudo-Mercator,"EPSG:4326 (st_set_crs, sin transformar)","lon [-74.3933, -74.0162] lat [3.8295, 4.8239] sobre 2219 de 2221 filas con coordenada finita",plausible,colegios06_2025.gpkg,2025-06-30
311001001782,311001001782,COLEGIO UNIDAD RESIDENCIAL COLSEGUROS,COLEGIO UNIDAD RESIDENCIAL COLSEGUROS,-74.08439999818802,4.621899999678135,WGS 84 / Pseudo-Mercator,"EPSG:4326 (st_set_crs, sin transformar)","lon [-74.3933, -74.0162] lat [3.8295, 4.8239] sobre 2219 de 2221 filas con coordenada finita",plausible,colegios06_2025.gpkg,2025-06-30
311001002568,311001002568,COLEGIO NUESTRA SEÑORA DE LAS LAJAS,COLEGIO NUESTRA SEÑORA DE LAS LAJAS,-74.09560000151396,4.601700000464916,WGS 84 / Pseudo-Mercator,"EPSG:4326 (st_set_crs, sin transformar)","lon [-74.3933, -74.0162] lat [3.8295, 4.8239] sobre 2219 de 2221 filas con coordenada finita",plausible,colegios06_2025.gpkg,2025-06-30
311001005931,311001005931,COLEGIO SAN JOSE,COLEGIO SAN JOSE,-74.09219999983907,4.612399999052286,WGS 84 / Pseudo-Mercator,"EPSG:4326 (st_set_crs, sin transformar)","lon [-74.3933, -74.0162] lat [3.8295, 4.8239] sobre 2219 de 2221 filas con coordenada finita",plausible,colegios06_2025.gpkg,2025-06-30
311001011532,311001011532,COLEGIO NUESTRA SEÑORA DE LA PAZ,COLEGIO NUESTRA SEÑORA DE LA PAZ,-74.09149999916553,4.5943999998271465,WGS 84 / Pseudo-Mercator,"EPSG:4326 (st_set_crs, sin transformar)","lon [-74.3933, -74.0162] lat [3.8295, 4.8239] sobre 2219 de 2221 filas con coordenada finita",plausible,colegios06_2025.gpkg,2025-06-30
311001017557,311001017557,COLEGIO DE NUESTRA SEÑORA DE LA PRESENTACION CENTRO,COLEGIO DE NUESTRA SEÑORA DE LA PRESENTACION CENTRO,-74.0810999982059,4.612100001424551,WGS 84 / Pseudo-Mercator,"EPSG:4326 (st_set_crs, sin transformar)","lon [-74.3933, -74.0162] lat [3.8295, 4.8239] sobre 2219 de 2221 filas con coordenada finita",plausible,colegios06_2025.gpkg,2025-06-30
311001017832,311001017832,COLEGIO EXTERNADO CULTURAL,COLEGIO EXTERNADO CULTURAL,-74.09789999946952,4.598200000822544,WGS 84 / Pseudo-Mercator,"EPSG:4326 (st_set_crs, sin transformar)","lon [-74.3933, -74.0162] lat [3.8295, 4.8239] sobre 2219 de 2221 filas con coordenada finita",plausible,colegios06_2025.gpkg,2025-06-30
311001025037,311001025037,COLEGIO SANTA ELENA MIXTO,COLEGIO SANTA ELENA MIXTO,-74.09340000152588,4.595100000500679,WGS 84 / Pseudo-Mercator,"EPSG:4326 (st_set_crs, sin transformar)","lon [-74.3933, -74.0162] lat [3.8295, 4.8239] sobre 2219 de 2221 filas con coordenada finita",plausible,colegios06_2025.gpkg,2025-06-30
311001027021,311001027021,COLEGIO PARROQUIAL SAN ROQUE,COLEGIO PARROQUIAL SAN ROQUE,-74.08940000087023,4.601799998432398,WGS 84 / Pseudo-Mercator,"EPSG:4326 (st_set_crs, sin transformar)","lon [-74.3933, -74.0162] lat [3.8295, 4.8239] sobre 2219 de 2221 filas con coordenada finita",plausible,colegios06_2025.gpkg,2025-06-30
311001030073,311001030073,COLEGIO BILINGÜE INTEGRAL,COLEGIO BILINGÜE INTEGRAL,-74.10420000180602,4.59739999845624,WGS 84 / Pseudo-Mercator,"EPSG:4326 (st_set_crs, sin transformar)","lon [-74.3933, -74.0162] lat [3.8295, 4.8239] sobre 2219 de 2221 filas con coordenada finita",plausible,colegios06_2025.gpkg,2025-06-30
311001041423,311001041423,COLEGIO BILINGÜE CEDAM,COLEGIO BILINGÜE CEDAM,-74.09899999946356,4.601100001484156,WGS 84 / Pseudo-Mercator,"EPSG:4326 (st_set_crs, sin transformar)","lon [-74.3933, -74.0162] lat [3.8295, 4.8239] sobre 2219 de 2221 filas con coordenada finita",plausible,colegios06_2025.gpkg,2025-06-30
311001088993,311001088993,JARDIN INFANTIL HUELLITAS MAGICAS,JARDIN INFANTIL HUELLITAS MAGICAS,-74.0832000002265,4.614199999719858,WGS 84 / Pseudo-Mercator,"EPSG:4326 (st_set_crs, sin transformar)","lon [-74.3933, -74.0162] lat [3.8295, 4.8239] sobre 2219 de 2221 filas con coordenada finita",plausible,colegios06_2025.gpkg,2025-06-30
311001091358,311001091358,COLEGIO SANTO STEFANO,COLEGIO SANTO STEFANO,-74.09109999984503,4.597300000488758,WGS 84 / Pseudo-Mercator,"EPSG:4326 (st_set_crs, sin transformar)","lon [-74.3933, -74.0162] lat [3.8295, 4.8239] sobre 2219 de 2221 filas con coordenada finita",plausible,colegios06_2025.gpkg,2025-06-30
311001091536,311001091536,JARDIN INFANTIL SERVIMOS,JARDIN INFANTIL SERVIMOS,-74.09490000084043,4.608600001782179,WGS 84 / Pseudo-Mercator,"EPSG:4326 (st_set_crs, sin transformar)","lon [-74.3933, -74.0162] lat [3.8295, 4.8239] sobre 2219 de 2221 filas con coordenada finita",plausible,colegios06_2025.gpkg,2025-06-30
311001091587,311001091587,COLEGIO TRIANGULO PALOQUEMAO,COLEGIO TRIANGULO PALOQUEMAO,-74.090799998492,4.613699998706579,WGS 84 / Pseudo-Mercator,"EPSG:4326 (st_set_crs, sin transformar)","lon [-74.3933, -74.0162] lat [3.8295, 4.8239] sobre 2219 de 2221 filas con coordenada finita",plausible,colegios06_2025.gpkg,2025-06-30
311001092508,311001092508,JARDIN PSICOPEDAGOGICO EL MANANTIAL DEL SABER,JARDIN PSICOPEDAGOGICO EL MANANTIAL DEL SABER,-74.0954000018537,4.600900001823902,WGS 84 / Pseudo-Mercator,"EPSG:4326 (st_set_crs, sin transformar)","lon [-74.3933, -74.0162] lat [3.8295, 4.8239] sobre 2219 de 2221 filas con coordenada finita",plausible,colegios06_2025.gpkg,2025-06-30
311001095515,311001095515,TALLER PSICOPEDAGOGICO MIS PEQUEÑOS ARTISTAS,TALLER PSICOPEDAGOGICO MIS PEQUEÑOS ARTISTAS,-74.0789999999106,4.619699999690056,WGS 84 / Pseudo-Mercator,"EPSG:4326 (st_set_crs, sin transformar)","lon [-74.3933, -74.0162] lat [3.8295, 4.8239] sobre 2219 de 2221 filas con coordenada finita",plausible,colegios06_2025.gpkg,2025-06-30
311001098140,311001098140,JARDIN INFANTIL Y GUARDERIA RICAURTE,JARDIN INFANTIL Y GUARDERIA RICAURTE,-74.09299999848008,4.604400001466274,WGS 84 / Pseudo-Mercator,"EPSG:4326 (st_set_crs, sin transformar)","lon [-74.3933, -74.0162] lat [3.8295, 4.8239] sobre 2219 de 2221 filas con coordenada finita",plausible,colegios06_2025.gpkg,2025-06-30
311001110638,311001110638,COLEGIO SUPERIOR PALERMO SANTA ISABEL,COLEGIO SUPERIOR PALERMO SANTA ISABEL,-74.10619999840856,4.598700001835823,WGS 84 / Pseudo-Mercator,"EPSG:4326 (st_set_crs, sin transformar)","lon [-74.3933, -74.0162] lat [3.8295, 4.8239] sobre 2219 de 2221 filas con coordenada finita",plausible,colegios06_2025.gpkg,2025-06-30
311848004478,311848004478,JARDIN INFANTIL MALU Y YO,JARDIN INFANTIL MALU Y YO,-74.10339999943972,4.59910000115633,WGS 84 / Pseudo-Mercator,"EPSG:4326 (st_set_crs, sin transformar)","lon [-74.3933, -74.0162] lat [3.8295, 4.8239] sobre 2219 de 2221 filas con coordenada finita",plausible,colegios06_2025.gpkg,2025-06-30
111001011053,111001011053,COLEGIO GUILLERMO LEON VALENCIA (IED),GUILLERMO LEON VALENCIA,-74.10110000148416,4.587099999189377,WGS 84 / Pseudo-Mercator,"EPSG:4326 (st_set_crs, sin transformar)","lon [-74.3933, -74.0162] lat [3.8295, 4.8239] sobre 2219 de 2221 filas con coordenada finita",plausible,colegios06_2025.gpkg,2025-06-30
111001024716,111001011053,COLEGIO GUILLERMO LEON VALENCIA (IED),NUESTRA SEÑORA DE LA SABIDURIA,-74.10300000011921,4.588899999856949,WGS 84 / Pseudo-Mercator,"EPSG:4326 (st_set_crs, sin transformar)","lon [-74.3933, -74.0162] lat [3.8295, 4.8239] sobre 2219 de 2221 filas con coordenada finita",plausible,colegios06_2025.gpkg,2025-06-30
111001012823,111001011053,COLEGIO GUILLERMO LEON VALENCIA (IED),REPUBLICA DE PANAMA,-74.09360000118613,4.5912999995052814,WGS 84 / Pseudo-Mercator,"EPSG:4326 (st_set_crs, sin transformar)","lon [-74.3933, -74.0162] lat [3.8295, 4.8239] sobre 2219 de 2221 filas con coordenada finita",plausible,colegios06_2025.gpkg,2025-06-30
111001011908,111001011908,COLEGIO ESCUELA NORMAL SUPERIOR DISTRITAL MARIA MONTESSORI (IED),NORMAL SUPERIOR DISTRITAL MARIA MONTESSORI,-74.09699999913573,4.585200000554323,WGS 84 / Pseudo-Mercator,"EPSG:4326 (st_set_crs, sin transformar)","lon [-74.3933, -74.0162] lat [3.8295, 4.8239] sobre 2219 de 2221 filas con coordenada finita",plausible,colegios06_2025.gpkg,2025-06-30
111001104205,111001011908,COLEGIO ESCUELA NORMAL SUPERIOR DISTRITAL MARIA MONTESSORI (IED),ANEXA A LA NORMAL SUPERIOR DISTRITAL MARIA MONTESSORI,-74.09349999949336,4.586199998855591,WGS 84 / Pseudo-Mercator,"EPSG:4326 (st_set_crs, sin transformar)","lon [-74.3933, -74.0162] lat [3.8295, 4.8239] sobre 2219 de 2221 filas con coordenada finita",plausible,colegios06_2025.gpkg,2025-06-30
111001012602,111001012602,COLEGIO ATANASIO GIRARDOT (IED),ATANASIO GIRARDOT,-74.10460000112653,4.594300001859665,WGS 84 / Pseudo-Mercator,"EPSG:4326 (st_set_crs, sin transformar)","lon [-74.3933, -74.0162] lat [3.8295, 4.8239] sobre 2219 de 2221 filas con coordenada finita",plausible,colegios06_2025.gpkg,2025-06-30
111001014621,111001012602,COLEGIO ATANASIO GIRARDOT (IED),REPUBLICA ORIENTAL DEL URUGUAY,-74.09739999845624,4.592999998480082,WGS 84 / Pseudo-Mercator,"EPSG:4326 (st_set_crs, sin transformar)","lon [-74.3933, -74.0162] lat [3.8295, 4.8239] sobre 2219 de 2221 filas con coordenada finita",plausible,colegios06_2025.gpkg,2025-06-30
111001800040,111001012602,COLEGIO ATANASIO GIRARDOT (IED),PASITOS FIRMES,-74.10990000143647,4.5940000005066395,WGS 84 / Pseudo-Mercator,"EPSG:4326 (st_set_crs, sin transformar)","lon [-74.3933, -74.0162] lat [3.8295, 4.8239] sobre 2219 de 2221 filas con coordenada finita",plausible,colegios06_2025.gpkg,2025-06-30
111001014630,111001014630,COLEGIO FRANCISCO DE PAULA SANTANDER (IED),FRANCISCO DE PAULA SANTANDER,-74.09760000184178,4.590500000864267,WGS 84 / Pseudo-Mercator,"EPSG:4326 (st_set_crs, sin transformar)","lon [-74.3933, -74.0162] lat [3.8295, 4.8239] sobre 2219 de 2221 filas con coordenada finita",plausible,colegios06_2025.gpkg,2025-06-30
111001014648,111001014630,COLEGIO FRANCISCO DE PAULA SANTANDER (IED),REPUBLICA DE MEXICO,-74.11389999836683,4.590999998152256,WGS 84 / Pseudo-Mercator,"EPSG:4326 (st_set_crs, sin transformar)","lon [-74.3933, -74.0162] lat [3.8295, 4.8239] sobre 2219 de 2221 filas con coordenada finita",plausible,colegios06_2025.gpkg,2025-06-30
111001086720,111001086720,COLEGIO TECNICO JAIME PARDO LEAL (IED),JAIME PARDO LEAL,-74.08839999884367,4.586100000888109,WGS 84 / Pseudo-Mercator,"EPSG:4326 (st_set_crs, sin transformar)","lon [-74.3933, -74.0162] lat [3.8295, 4.8239] sobre 2219 de 2221 filas con coordenada finita",plausible,colegios06_2025.gpkg,2025-06-30
311001001162,311001001162,COLEGIO PARROQUIAL NUESTRA SEÑORA DE LA VALVANERA,COLEGIO PARROQUIAL NUESTRA SEÑORA DE LA VALVANERA,-74.1004999987781,4.589699998497963,WGS 84 / Pseudo-Mercator,"EPSG:4326 (st_set_crs, sin transformar)","lon [-74.3933, -74.0162] lat [3.8295, 4.8239] sobre 2219 de 2221 filas con coordenada finita",plausible,colegios06_2025.gpkg,2025-06-30
311001002991,311001002991,COLEGIO ADVENTISTA EMMANUEL,COLEGIO ADVENTISTA EMMANUEL,-74.09750000014901,4.588799998164177,WGS 84 / Pseudo-Mercator,"EPSG:4326 (st_set_crs, sin transformar)","lon [-74.3933, -74.0162] lat [3.8295, 4.8239] sobre 2219 de 2221 filas con coordenada finita",plausible,colegios06_2025.gpkg,2025-06-30
311001003963,311001003963,CENTRO EDUCATIVO DE NUESTRA SEÑORA DE LA PAZ,CENTRO EDUCATIVO DE NUESTRA SEÑORA DE LA PAZ,-74.1136000007391,4.588899999856949,WGS 84 / Pseudo-Mercator,"EPSG:4326 (st_set_crs, sin transformar)","lon [-74.3933, -74.0162] lat [3.8295, 4.8239] sobre 2219 de 2221 filas con coordenada finita",plausible,colegios06_2025.gpkg,2025-06-30
311001004692,311001004692,INSTITUTO BOGOTA,INSTITUTO BOGOTA,-74.0916000008583,4.586899999529123,WGS 84 / Pseudo-Mercator,"EPSG:4326 (st_set_crs, sin transformar)","lon [-74.3933, -74.0162] lat [3.8295, 4.8239] sobre 2219 de 2221 filas con coordenada finita",plausible,colegios06_2025.gpkg,2025-06-30
311001005737,311001005737,COLEGIO COOPERATIVO DEL MAGISTERIO DE CUNDINAMARCA,COLEGIO COOPERATIVO DEL MAGISTERIO DE CUNDINAMARCA,-74.09659999981523,4.58219999819994,WGS 84 / Pseudo-Mercator,"EPSG:4326 (st_set_crs, sin transformar)","lon [-74.3933, -74.0162] lat [3.8295, 4.8239] sobre 2219 de 2221 filas con coordenada finita",plausible,colegios06_2025.gpkg,2025-06-30
311001009236,311001009236,ESCUELA NORMAL SUPERIOR NUESTRA SEÑORA DE LA PAZ,ESCUELA NORMAL SUPERIOR NUESTRA SEÑORA DE LA PAZ,-74.1127999983728,4.590300001204014,WGS 84 / Pseudo-Mercator,"EPSG:4326 (st_set_crs, sin transformar)","lon [-74.3933, -74.0162] lat [3.8295, 4.8239] sobre 2219 de 2221 filas con coordenada finita",plausible,colegios06_2025.gpkg,2025-06-30
311001011613,311001011613,COLEGIO PARROQUIAL DEL SANTO CURA DE ARS,COLEGIO PARROQUIAL DEL SANTO CURA DE ARS,-74.10770000144839,4.5958000011742115,WGS 84 / Pseudo-Mercator,"EPSG:4326 (st_set_crs, sin transformar)","lon [-74.3933, -74.0162] lat [3.8295, 4.8239] sobre 2219 de 2221 filas con coordenada finita",plausible,colegios06_2025.gpkg,2025-06-30
311001019177,311001019177,INSTITUTO JULIO MARIA MATOVELLE,INSTITUTO JULIO MARIA MATOVELLE,-74.09860000014305,4.582100000232458,WGS 84 / Pseudo-Mercator,"EPSG:4326 (st_set_crs, sin transformar)","lon [-74.3933, -74.0162] lat [3.8295, 4.8239] sobre 2219 de 2221 filas con coordenada finita",plausible,colegios06_2025.gpkg,2025-06-30
311001019843,311001019843,COLEGIO CRISTO REY DEL SUR,COLEGIO CRISTO REY DEL SUR,-74.09400000050664,4.590399999171495,WGS 84 / Pseudo-Mercator,"EPSG:4326 (st_set_crs, sin transformar)","lon [-74.3933, -74.0162] lat [3.8295, 4.8239] sobre 2219 de 2221 filas con coordenada finita",plausible,colegios06_2025.gpkg,2025-06-30
311001030456,311001030456,INSTITUTO ACADEMICO BETHEL,INSTITUTO ACADEMICO BETHEL,-74.09750000014901,4.583999998867512,WGS 84 / Pseudo-Mercator,"EPSG:4326 (st_set_crs, sin transformar)","lon [-74.3933, -74.0162] lat [3.8295, 4.8239] sobre 2219 de 2221 filas con coordenada finita",plausible,colegios06_2025.gpkg,2025-06-30
311001036217,311001036217,LICEO MODERNO WALT WHITMAN,LICEO MODERNO WALT WHITMAN,-74.12240000069141,4.5929000005126,WGS 84 / Pseudo-Mercator,"EPSG:4326 (st_set_crs, sin transformar)","lon [-74.3933, -74.0162] lat [3.8295, 4.8239] sobre 2219 de 2221 filas con coordenada finita",plausible,colegios06_2025.gpkg,2025-06-30
311001036888,311001036888,COLEGIO EDUARDO FREI,COLEGIO EDUARDO FREI,-74.11499999836087,4.589400000870228,WGS 84 / Pseudo-Mercator,"EPSG:4326 (st_set_crs, sin transformar)","lon [-74.3933, -74.0162] lat [3.8295, 4.8239] sobre 2219 de 2221 filas con coordenada finita",plausible,colegios06_2025.gpkg,2025-06-30
311001043621,311001043621,JARDIN INFANTIL CARTAGENA DE INDIAS,JARDIN INFANTIL CARTAGENA DE INDIAS,-74.09939999878407,4.581300001591444,WGS 84 / Pseudo-Mercator,"EPSG:4326 (st_set_crs, sin transformar)","lon [-74.3933, -74.0162] lat [3.8295, 4.8239] sobre 2219 de 2221 filas con coordenada finita",plausible,colegios06_2025.gpkg,2025-06-30
311001044040,311001044040,JARDIN INFANTIL MI NUEVO MUNDO,JARDIN INFANTIL MI NUEVO MUNDO,-74.12060000002384,4.592300001531839,WGS 84 / Pseudo-Mercator,"EPSG:4326 (st_set_crs, sin transformar)","lon [-74.3933, -74.0162] lat [3.8295, 4.8239] sobre 2219 de 2221 filas con coordenada finita",plausible,colegios06_2025.gpkg,2025-06-30
311001076545,311001076545,COLEGIO GUSTAVO ROJAS PINILLA,COLEGIO GUSTAVO ROJAS PINILLA,-74.09200000017881,4.589000001549721,WGS 84 / Pseudo-Mercator,"EPSG:4326 (st_set_crs, sin transformar)","lon [-74.3933, -74.0162] lat [3.8295, 4.8239] sobre 2219 de 2221 filas con coordenada finita",plausible,colegios06_2025.gpkg,2025-06-30
311001089477,311001089477,LICEO PEDAGOGICO MARCEL MARCEAU,LICEO PEDAGOGICO MARCEL MARCEAU,-74.09549999982119,4.591099999845028,WGS 84 / Pseudo-Mercator,"EPSG:4326 (st_set_crs, sin transformar)","lon [-74.3933, -74.0162] lat [3.8295, 4.8239] sobre 2219 de 2221 filas con coordenada finita",plausible,colegios06_2025.gpkg,2025-06-30
311001092630,311001092630,JARDIN INFANTIL TRINEO DE LA ALEGRIA,JARDIN INFANTIL TRINEO DE LA ALEGRIA,-74.0984000004828,4.583299998193979,WGS 84 / Pseudo-Mercator,"EPSG:4326 (st_set_crs, sin transformar)","lon [-74.3933, -74.0162] lat [3.8295, 4.8239] sobre 2219 de 2221 filas con coordenada finita",plausible,colegios06_2025.gpkg,2025-06-30
311001096481,311001096481,JARDIN INFANTIL DEL ARCO IRIS,JARDIN INFANTIL DEL ARCO IRIS,-74.09239999949932,4.584399998188019,WGS 84 / Pseudo-Mercator,"EPSG:4326 (st_set_crs, sin transformar)","lon [-74.3933, -74.0162] lat [3.8295, 4.8239] sobre 2219 de 2221 filas con coordenada finita",plausible,colegios06_2025.gpkg,2025-06-30
311001096899,311001096899,JARDIN INFANTIL GOMELITOS,JARDIN INFANTIL GOMELITOS,-74.09169999882579,4.583000000566244,WGS 84 / Pseudo-Mercator,"EPSG:4326 (st_set_crs, sin transformar)","lon [-74.3933, -74.0162] lat [3.8295, 4.8239] sobre 2219 de 2221 filas con coordenada finita",plausible,colegios06_2025.gpkg,2025-06-30
311001101116,311001101116,COLEGIO BILINGÜE SAN GABRIEL ARCANGEL,COLEGIO BILINGÜE SAN GABRIEL ARCANGEL,-74.09739999845624,4.5784000009298325,WGS 84 / Pseudo-Mercator,"EPSG:4326 (st_set_crs, sin transformar)","lon [-74.3933, -74.0162] lat [3.8295, 4.8239] sobre 2219 de 2221 filas con coordenada finita",plausible,colegios06_2025.gpkg,2025-06-30
311001101132,311001101132,COLEGIO INTEGRAL SAN JORGE CENTRAL,COLEGIO INTEGRAL SAN JORGE CENTRAL,-74.11580000072718,4.593400001525879,WGS 84 / Pseudo-Mercator,"EPSG:4326 (st_set_crs, sin transformar)","lon [-74.3933, -74.0162] lat [3.8295, 4.8239] sobre 2219 de 2221 filas con coordenada finita",plausible,colegios06_2025.gpkg,2025-06-30
311001104913,311001104913,COLEGIO CENCOSISTEMAS,COLEGIO CENCOSISTEMAS,-74.1017999984324,4.584300000220537,WGS 84 / Pseudo-Mercator,"EPSG:4326 (st_set_crs, sin transformar)","lon [-74.3933, -74.0162] lat [3.8295, 4.8239] sobre 2219 de 2221 filas con coordenada finita",plausible,colegios06_2025.gpkg,2025-06-30
311001105936,311001105936,JARDIN INFANTIL MIS PEQUEÑAS TRAVESURAS,JARDIN INFANTIL MIS PEQUEÑAS TRAVESURAS,-74.09580000117421,4.589000001549721,WGS 84 / Pseudo-Mercator,"EPSG:4326 (st_set_crs, sin transformar)","lon [-74.3933, -74.0162] lat [3.8295, 4.8239] sobre 2219 de 2221 filas con coordenada finita",plausible,colegios06_2025.gpkg,2025-06-30
311001105944,311001105944,BACHILLERATO A DISTANCIA PARA JOVENES Y ADULTOS DE LA UNIVERSIDAD NACIONAL ABIERTA Y A DISTANCIA UNAD-REGIONAL BOGOTA,BACHILLERATO A DISTANCIA PARA JOVENES Y ADULTOS DE LA UNIVERSIDAD NACIONAL ABIERTA Y A DISTANCIA UNAD-REGIONAL BOGOTA,-74.09699999913573,4.585099998861551,WGS 84 / Pseudo-Mercator,"EPSG:4326 (st_set_crs, sin transformar)","lon [-74.3933, -74.0162] lat [3.8295, 4.8239] sobre 2219 de 2221 filas con coordenada finita",plausible,colegios06_2025.gpkg,2025-06-30
311001105961,311001105961,JARDIN INFANTIL LOS PINGUINOS,JARDIN INFANTIL LOS PINGUINOS,-74.0920999981463,4.587799999862909,WGS 84 / Pseudo-Mercator,"EPSG:4326 (st_set_crs, sin transformar)","lon [-74.3933, -74.0162] lat [3.8295, 4.8239] sobre 2219 de 2221 filas con coordenada finita",plausible,colegios06_2025.gpkg,2025-06-30
311001105979,311001105979,GIMNASIO MONSEÑOR MANUEL MARIA CAMARGO,GIMNASIO MONSEÑOR MANUEL MARIA CAMARGO,-74.09310000017285,4.588300000876188,WGS 84 / Pseudo-Mercator,"EPSG:4326 (st_set_crs, sin transformar)","lon [-74.3933, -74.0162] lat [3.8295, 4.8239] sobre 2219 de 2221 filas con coordenada finita",plausible,colegios06_2025.gpkg,2025-06-30
311001106720,311001106720,CENTRO PANAMERICANO DE CAPACITACION,CENTRO PANAMERICANO DE CAPACITACION,-74.10319999977946,4.582299999892712,WGS 84 / Pseudo-Mercator,"EPSG:4326 (st_set_crs, sin transformar)","lon [-74.3933, -74.0162] lat [3.8295, 4.8239] sobre 2219 de 2221 filas con coordenada finita",plausible,colegios06_2025.gpkg,2025-06-30
311001107459,311001107459,LICEO INTEGRAL BOGOTA,LICEO INTEGRAL BOGOTA,-74.1220000013709,4.593600001186132,WGS 84 / Pseudo-Mercator,"EPSG:4326 (st_set_crs, sin transformar)","lon [-74.3933, -74.0162] lat [3.8295, 4.8239] sobre 2219 de 2221 filas con coordenada finita",plausible,colegios06_2025.gpkg,2025-06-30
311001107521,311001107521,PREESCOLAR RONDAS Y SABERES,PREESCOLAR RONDAS Y SABERES,-74.10339999943972,4.591099999845028,WGS 84 / Pseudo-Mercator,"EPSG:4326 (st_set_crs, sin transformar)","lon [-74.3933, -74.0162] lat [3.8295, 4.8239] sobre 2219 de 2221 filas con coordenada finita",plausible,colegios06_2025.gpkg,2025-06-30
311001109711,311001109711,COLEGIO CIES,COLEGIO CIES,-74.11070000007749,4.590999998152256,WGS 84 / Pseudo-Mercator,"EPSG:4326 (st_set_crs, sin transformar)","lon [-74.3933, -74.0162] lat [3.8295, 4.8239] sobre 2219 de 2221 filas con coordenada finita",plausible,colegios06_2025.gpkg,2025-06-30
111001000078,111001000078,COLEGIO DE CULTURA POPULAR (IED),DE CULTURA POPULAR,-74.12049999833107,4.606300000101328,WGS 84 / Pseudo-Mercator,"EPSG:4326 (st_set_crs, sin transformar)","lon [-74.3933, -74.0162] lat [3.8295, 4.8239] sobre 2219 de 2221 filas con coordenada finita",plausible,colegios06_2025.gpkg,2025-06-30
111001014834,111001000078,COLEGIO DE CULTURA POPULAR (IED),SANTA RITA,-74.1237000003457,4.597899999469519,WGS 84 / Pseudo-Mercator,"EPSG:4326 (st_set_crs, sin transformar)","lon [-74.3933, -74.0162] lat [3.8295, 4.8239] sobre 2219 de 2221 filas con coordenada finita",plausible,colegios06_2025.gpkg,2025-06-30
111001014842,111001000078,COLEGIO DE CULTURA POPULAR (IED),DIEGO LUIS CORDOBA,-74.12280000001192,4.598900001496077,WGS 84 / Pseudo-Mercator,"EPSG:4326 (st_set_crs, sin transformar)","lon [-74.3933, -74.0162] lat [3.8295, 4.8239] sobre 2219 de 2221 filas con coordenada finita",plausible,colegios06_2025.gpkg,2025-06-30
111001006122,111001006122,COLEGIO LA MERCED (IED),LA MERCED,-74.10130000114441,4.622400000691414,WGS 84 / Pseudo-Mercator,"EPSG:4326 (st_set_crs, sin transformar)","lon [-74.3933, -74.0162] lat [3.8295, 4.8239] sobre 2219 de 2221 filas con coordenada finita",plausible,colegios06_2025.gpkg,2025-06-30
111001011045,111001011045,COLEGIO SILVERIA ESPINOSA DE RENDON (IED),SILVERIA ESPINOSA DE RENDON,-74.11239999905229,4.629900000989437,WGS 84 / Pseudo-Mercator,"EPSG:4326 (st_set_crs, sin transformar)","lon [-74.3933, -74.0162] lat [3.8295, 4.8239] sobre 2219 de 2221 filas con coordenada finita",plausible,colegios06_2025.gpkg,2025-06-30
111001014818,111001011045,COLEGIO SILVERIA ESPINOSA DE RENDON (IED),RAFAEL POMBO,-74.12159999832511,4.624000001698732,WGS 84 / Pseudo-Mercator,"EPSG:4326 (st_set_crs, sin transformar)","lon [-74.3933, -74.0162] lat [3.8295, 4.8239] sobre 2219 de 2221 filas con coordenada finita",plausible,colegios06_2025.gpkg,2025-06-30
111001014711,111001011045,COLEGIO SILVERIA ESPINOSA DE RENDON (IED),TRINIDAD,-74.1169999986887,4.6270000003278255,WGS 84 / Pseudo-Mercator,"EPSG:4326 (st_set_crs, sin transformar)","lon [-74.3933, -74.0162] lat [3.8295, 4.8239] sobre 2219 de 2221 filas con coordenada finita",plausible,colegios06_2025.gpkg,2025-06-30
111001011274,111001011274,COLEGIO ANDRES BELLO (IED),ANDRES BELLO,-74.13030000030994,4.599399998784065,WGS 84 / Pseudo-Mercator,"EPSG:4326 (st_set_crs, sin transformar)","lon [-74.3933, -74.0162] lat [3.8295, 4.8239] sobre 2219 de 2221 filas con coordenada finita",plausible,colegios06_2025.gpkg,2025-06-30
111001014893,111001011274,COLEGIO ANDRES BELLO (IED),JOSE JOAQUIN CASTRO MARTINEZ,-74.13030000030994,4.599399998784065,WGS 84 / Pseudo-Mercator,"EPSG:4326 (st_set_crs, sin transformar)","lon [-74.3933, -74.0162] lat [3.8295, 4.8239] sobre 2219 de 2221 filas con coordenada finita",plausible,colegios06_2025.gpkg,2025-06-30
111001012530,111001012530,COLEGIO EL JAZMIN (IED),EL JAZMIN,-74.11490000039339,4.6101000010967255,WGS 84 / Pseudo-Mercator,"EPSG:4326 (st_set_crs, sin transformar)","lon [-74.3933, -74.0162] lat [3.8295, 4.8239] sobre 2219 de 2221 filas con coordenada finita",plausible,colegios06_2025.gpkg,2025-06-30
111001012165,111001012530,COLEGIO EL JAZMIN (IED),LA PRIMAVERA,-74.10929999873042,4.615499999374151,WGS 84 / Pseudo-Mercator,"EPSG:4326 (st_set_crs, sin transformar)","lon [-74.3933, -74.0162] lat [3.8295, 4.8239] sobre 2219 de 2221 filas con coordenada finita",plausible,colegios06_2025.gpkg,2025-06-30
111001012556,111001012556,COLEGIO ESPAÑA (IED),ESPAÑA,-74.09299999848008,4.621800001710653,WGS 84 / Pseudo-Mercator,"EPSG:4326 (st_set_crs, sin transformar)","lon [-74.3933, -74.0162] lat [3.8295, 4.8239] sobre 2219 de 2221 filas con coordenada finita",plausible,colegios06_2025.gpkg,2025-06-30
111001012548,111001012556,COLEGIO ESPAÑA (IED),CUNDINAMARCA,-74.08949999883771,4.622600000351667,WGS 84 / Pseudo-Mercator,"EPSG:4326 (st_set_crs, sin transformar)","lon [-74.3933, -74.0162] lat [3.8295, 4.8239] sobre 2219 de 2221 filas con coordenada finita",plausible,colegios06_2025.gpkg,2025-06-30
111001012963,111001012963,COLEGIO TECNICO BENJAMIN HERRERA (IED),BENJAMIN HERRERA,-74.12390000000596,4.603399999439716,WGS 84 / Pseudo-Mercator,"EPSG:4326 (st_set_crs, sin transformar)","lon [-74.3933, -74.0162] lat [3.8295, 4.8239] sobre 2219 de 2221 filas con coordenada finita",plausible,colegios06_2025.gpkg,2025-06-30
111001012521,111001012963,COLEGIO TECNICO BENJAMIN HERRERA (IED),REPUBLICA DE FRANCIA,-74.12709999829531,4.602000001817942,WGS 84 / Pseudo-Mercator,"EPSG:4326 (st_set_crs, sin transformar)","lon [-74.3933, -74.0162] lat [3.8295, 4.8239] sobre 2219 de 2221 filas con coordenada finita",plausible,colegios06_2025.gpkg,2025-06-30
111001029033,111001012963,COLEGIO TECNICO BENJAMIN HERRERA (IED),TAYRONA,-74.12139999866486,4.601399999111891,WGS 84 / Pseudo-Mercator,"EPSG:4326 (st_set_crs, sin transformar)","lon [-74.3933, -74.0162] lat [3.8295, 4.8239] sobre 2219 de 2221 filas con coordenada finita",plausible,colegios06_2025.gpkg,2025-06-30
111001014729,111001014729,COLEGIO JOSE JOAQUIN CASAS (IED),JOSE JOAQUIN CASAS,-74.10880000144243,4.632100000977516,WGS 84 / Pseudo-Mercator,"EPSG:4326 (st_set_crs, sin transformar)","lon [-74.3933, -74.0162] lat [3.8295, 4.8239] sobre 2219 de 2221 filas con coordenada finita",plausible,colegios06_2025.gpkg,2025-06-30
111001106267,111001014729,COLEGIO JOSE JOAQUIN CASAS (IED),JOSE JOAQUIN CASAS,-74.10839999839664,4.632599998265505,WGS 84 / Pseudo-Mercator,"EPSG:4326 (st_set_crs, sin transformar)","lon [-74.3933, -74.0162] lat [3.8295, 4.8239] sobre 2219 de 2221 filas con coordenada finita",plausible,colegios06_2025.gpkg,2025-06-30
111001014745,111001014745,COLEGIO ANTONIO JOSE DE SUCRE (IED),ANTONIO JOSE DE SUCRE,-74.11820000037551,4.633499998599291,WGS 84 / Pseudo-Mercator,"EPSG:4326 (st_set_crs, sin transformar)","lon [-74.3933, -74.0162] lat [3.8295, 4.8239] sobre 2219 de 2221 filas con coordenada finita",plausible,colegios06_2025.gpkg,2025-06-30
111001014826,111001014826,COLEGIO MARCO ANTONIO CARREÑO SILVA (IED),EL REMANSO,-74.1127999983728,4.597899999469519,WGS 84 / Pseudo-Mercator,"EPSG:4326 (st_set_crs, sin transformar)","lon [-74.3933, -74.0162] lat [3.8295, 4.8239] sobre 2219 de 2221 filas con coordenada finita",plausible,colegios06_2025.gpkg,2025-06-30
111001012131,111001014826,COLEGIO MARCO ANTONIO CARREÑO SILVA (IED),MARCO ANTONIO CARREÑO SILVA,-74.10929999873042,4.601799998432398,WGS 84 / Pseudo-Mercator,"EPSG:4326 (st_set_crs, sin transformar)","lon [-74.3933, -74.0162] lat [3.8295, 4.8239] sobre 2219 de 2221 filas con coordenada finita",plausible,colegios06_2025.gpkg,2025-06-30
111001012998,111001014826,COLEGIO MARCO ANTONIO CARREÑO SILVA (IED),JORGE GAITAN CORTES,-74.10709999874234,4.602699998766184,WGS 84 / Pseudo-Mercator,"EPSG:4326 (st_set_crs, sin transformar)","lon [-74.3933, -74.0162] lat [3.8295, 4.8239] sobre 2219 de 2221 filas con coordenada finita",plausible,colegios06_2025.gpkg,2025-06-30
111001014869,111001014869,COLEGIO LUIS VARGAS TEJADA (IED),LUIS VARGAS TEJADA,-74.12579999864101,4.609499998390675,WGS 84 / Pseudo-Mercator,"EPSG:4326 (st_set_crs, sin transformar)","lon [-74.3933, -74.0162] lat [3.8295, 4.8239] sobre 2219 de 2221 filas con coordenada finita",plausible,colegios06_2025.gpkg,2025-06-30
111001014851,111001014869,COLEGIO LUIS VARGAS TEJADA (IED),JOHN F KENNEDY,-74.1275000013411,4.608600001782179,WGS 84 / Pseudo-Mercator,"EPSG:4326 (st_set_crs, sin transformar)","lon [-74.3933, -74.0162] lat [3.8295, 4.8239] sobre 2219 de 2221 filas con coordenada finita",plausible,colegios06_2025.gpkg,2025-06-30
111001014885,111001014885,COLEGIO JULIO GARAVITO ARMERO (IED),LA ALQUERIA,-74.13419999927282,4.599599998444319,WGS 84 / Pseudo-Mercator,"EPSG:4326 (st_set_crs, sin transformar)","lon [-74.3933, -74.0162] lat [3.8295, 4.8239] sobre 2219 de 2221 filas con coordenada finita",plausible,colegios06_2025.gpkg,2025-06-30
111001015032,111001014885,COLEGIO JULIO GARAVITO ARMERO (IED),MUZU I,-74.13069999963045,4.599800001829863,WGS 84 / Pseudo-Mercator,"EPSG:4326 (st_set_crs, sin transformar)","lon [-74.3933, -74.0162] lat [3.8295, 4.8239] sobre 2219 de 2221 filas con coordenada finita",plausible,colegios06_2025.gpkg,2025-06-30
111001015091,111001014885,COLEGIO JULIO GARAVITO ARMERO (IED),MUZU II,-74.12950000166893,4.602000001817942,WGS 84 / Pseudo-Mercator,"EPSG:4326 (st_set_crs, sin transformar)","lon [-74.3933, -74.0162] lat [3.8295, 4.8239] sobre 2219 de 2221 filas con coordenada finita",plausible,colegios06_2025.gpkg,2025-06-30
111001020168,111001020168,COLEGIO SORRENTO (IED),SORRENTO,-74.11329999938607,4.6229999996721745,WGS 84 / Pseudo-Mercator,"EPSG:4326 (st_set_crs, sin transformar)","lon [-74.3933, -74.0162] lat [3.8295, 4.8239] sobre 2219 de 2221 filas con coordenada finita",plausible,colegios06_2025.gpkg,2025-06-30
111001012149,111001020168,COLEGIO SORRENTO (IED),SAN RAFAEL,-74.11329999938607,4.619699999690056,WGS 84 / Pseudo-Mercator,"EPSG:4326 (st_set_crs, sin transformar)","lon [-74.3933, -74.0162] lat [3.8295, 4.8239] sobre 2219 de 2221 filas con coordenada finita",plausible,colegios06_2025.gpkg,2025-06-30
111001045535,111001045535,COLEGIO JOSE MANUEL RESTREPO (IED),JOSE MANUEL RESTREPO,-74.12269999831915,4.61769999936223,WGS 84 / Pseudo-Mercator,"EPSG:4326 (st_set_crs, sin transformar)","lon [-74.3933, -74.0162] lat [3.8295, 4.8239] sobre 2219 de 2221 filas con coordenada finita",plausible,colegios06_2025.gpkg,2025-06-30
111001065056,111001065056,COLEGIO LUIS CARLOS GALAN SARMIENTO (IED),LUIS CARLOS GALAN SARMIENTO,-74.11919999867678,4.6114999987185,WGS 84 / Pseudo-Mercator,"EPSG:4326 (st_set_crs, sin transformar)","lon [-74.3933, -74.0162] lat [3.8295, 4.8239] sobre 2219 de 2221 filas con coordenada finita",plausible,colegios06_2025.gpkg,2025-06-30
111001033855,111001065056,COLEGIO LUIS CARLOS GALAN SARMIENTO (IED),LA PONDEROSA,-74.117800001055,4.612100001424551,WGS 84 / Pseudo-Mercator,"EPSG:4326 (st_set_crs, sin transformar)","lon [-74.3933, -74.0162] lat [3.8295, 4.8239] sobre 2219 de 2221 filas con coordenada finita",plausible,colegios06_2025.gpkg,2025-06-30
311001000298,311001000298,COLEGIO SANTA TERESITA,COLEGIO SANTA TERESITA,-74.11850000172853,4.62220000103116,WGS 84 / Pseudo-Mercator,"EPSG:4326 (st_set_crs, sin transformar)","lon [-74.3933, -74.0162] lat [3.8295, 4.8239] sobre 2219 de 2221 filas con coordenada finita",plausible,colegios06_2025.gpkg,2025-06-30
311001000417,311001000417,LICEO PSICOPEDAGOGICO MI ABUELITA ROSSY,LICEO PSICOPEDAGOGICO MI ABUELITA ROSSY,-74.11730000004172,4.606800001114607,WGS 84 / Pseudo-Mercator,"EPSG:4326 (st_set_crs, sin transformar)","lon [-74.3933, -74.0162] lat [3.8295, 4.8239] sobre 2219 de 2221 filas con coordenada finita",plausible,colegios06_2025.gpkg,2025-06-30
311001001057,311001001057,COLEGIO PARROQUIAL BILINGÜE SANTA ISABEL DE HUNGRIA,COLEGIO PARROQUIAL BILINGÜE SANTA ISABEL DE HUNGRIA,-74.12959999963641,4.598799999803305,WGS 84 / Pseudo-Mercator,"EPSG:4326 (st_set_crs, sin transformar)","lon [-74.3933, -74.0162] lat [3.8295, 4.8239] sobre 2219 de 2221 filas con coordenada finita",plausible,colegios06_2025.gpkg,2025-06-30
311001001243,311001001243,LICEO DEL CARIBE,LICEO DEL CARIBE,-74.11080000177026,4.610399998724461,WGS 84 / Pseudo-Mercator,"EPSG:4326 (st_set_crs, sin transformar)","lon [-74.3933, -74.0162] lat [3.8295, 4.8239] sobre 2219 de 2221 filas con coordenada finita",plausible,colegios06_2025.gpkg,2025-06-30
311001003483,311001003483,COLEGIO BILINGÜE NUESTRA SEÑORA DEL ROSARIO,COLEGIO BILINGÜE NUESTRA SEÑORA DEL ROSARIO,-74.11980000138283,4.621100001037121,WGS 84 / Pseudo-Mercator,"EPSG:4326 (st_set_crs, sin transformar)","lon [-74.3933, -74.0162] lat [3.8295, 4.8239] sobre 2219 de 2221 filas con coordenada finita",plausible,colegios06_2025.gpkg,2025-06-30
311001003602,311001003602,LICEO INFANTIL SANTA RITA,LICEO INFANTIL SANTA RITA,-74.1207999996841,4.597199998795986,WGS 84 / Pseudo-Mercator,"EPSG:4326 (st_set_crs, sin transformar)","lon [-74.3933, -74.0162] lat [3.8295, 4.8239] sobre 2219 de 2221 filas con coordenada finita",plausible,colegios06_2025.gpkg,2025-06-30
311001004609,311001004609,COLEGIO SAN LUCAS,COLEGIO SAN LUCAS,-74.10530000180006,4.602600000798702,WGS 84 / Pseudo-Mercator,"EPSG:4326 (st_set_crs, sin transformar)","lon [-74.3933, -74.0162] lat [3.8295, 4.8239] sobre 2219 de 2221 filas con coordenada finita",plausible,colegios06_2025.gpkg,2025-06-30
311001004846,311001004846,COLEGIO BILINGÜE JOSE ALLAMANO,COLEGIO BILINGÜE JOSE ALLAMANO,-74.11919999867678,4.62049999833107,WGS 84 / Pseudo-Mercator,"EPSG:4326 (st_set_crs, sin transformar)","lon [-74.3933, -74.0162] lat [3.8295, 4.8239] sobre 2219 de 2221 filas con coordenada finita",plausible,colegios06_2025.gpkg,2025-06-30
311001007403,311001007403,INSTITUTO CEMODEN,INSTITUTO CEMODEN,-74.12709999829531,4.598299998790026,WGS 84 / Pseudo-Mercator,"EPSG:4326 (st_set_crs, sin transformar)","lon [-74.3933, -74.0162] lat [3.8295, 4.8239] sobre 2219 de 2221 filas con coordenada finita",plausible,colegios06_2025.gpkg,2025-06-30
311001008591,311001008591,COLEGIO LUIS CONCHA CORDOBA,COLEGIO LUIS CONCHA CORDOBA,-74.10920000076294,4.6097999997437,WGS 84 / Pseudo-Mercator,"EPSG:4326 (st_set_crs, sin transformar)","lon [-74.3933, -74.0162] lat [3.8295, 4.8239] sobre 2219 de 2221 filas con coordenada finita",plausible,colegios06_2025.gpkg,2025-06-30
311001011281,311001011281,COLEGIO PARROQUIAL CONFRATERNIDAD DE LA DOCTRINA CRISTIANA,COLEGIO PARROQUIAL CONFRATERNIDAD DE LA DOCTRINA CRISTIANA,-74.10649999976158,4.602800000458956,WGS 84 / Pseudo-Mercator,"EPSG:4326 (st_set_crs, sin transformar)","lon [-74.3933, -74.0162] lat [3.8295, 4.8239] sobre 2219 de 2221 filas con coordenada finita",plausible,colegios06_2025.gpkg,2025-06-30
311001015112,311001015112,COLEGIO PARROQUIAL MONSEÑOR EMILIO DE BRIGARD,COLEGIO PARROQUIAL MONSEÑOR EMILIO DE BRIGARD,-74.12790000066161,4.607400000095367,WGS 84 / Pseudo-Mercator,"EPSG:4326 (st_set_crs, sin transformar)","lon [-74.3933, -74.0162] lat [3.8295, 4.8239] sobre 2219 de 2221 filas con coordenada finita",plausible,colegios06_2025.gpkg,2025-06-30
311001016984,311001016984,LICEO AVENIDA LAS AMERICAS,LICEO AVENIDA LAS AMERICAS,-74.11239999905229,4.620900001376867,WGS 84 / Pseudo-Mercator,"EPSG:4326 (st_set_crs, sin transformar)","lon [-74.3933, -74.0162] lat [3.8295, 4.8239] sobre 2219 de 2221 filas con coordenada finita",plausible,colegios06_2025.gpkg,2025-06-30
311001020159,311001020159,COLEGIO KAPEIROT,COLEGIO KAPEIROT,-74.11410000175238,4.604699999094009,WGS 84 / Pseudo-Mercator,"EPSG:4326 (st_set_crs, sin transformar)","lon [-74.3933, -74.0162] lat [3.8295, 4.8239] sobre 2219 de 2221 filas con coordenada finita",plausible,colegios06_2025.gpkg,2025-06-30
311001024472,311001024472,LICEO SAN BERNARDO,LICEO SAN BERNARDO,-74.12009999901056,4.600699998438358,WGS 84 / Pseudo-Mercator,"EPSG:4326 (st_set_crs, sin transformar)","lon [-74.3933, -74.0162] lat [3.8295, 4.8239] sobre 2219 de 2221 filas con coordenada finita",plausible,colegios06_2025.gpkg,2025-06-30
311001024898,311001024898,COLEGIO MARIA SANTA SOLEDAD,COLEGIO MARIA SANTA SOLEDAD,-74.10159999877214,4.60530000180006,WGS 84 / Pseudo-Mercator,"EPSG:4326 (st_set_crs, sin transformar)","lon [-74.3933, -74.0162] lat [3.8295, 4.8239] sobre 2219 de 2221 filas con coordenada finita",plausible,colegios06_2025.gpkg,2025-06-30
311001029342,311001029342,COLEGIO SAN ALEJO,COLEGIO SAN ALEJO,-74.11580000072718,4.6059999987483025,WGS 84 / Pseudo-Mercator,"EPSG:4326 (st_set_crs, sin transformar)","lon [-74.3933, -74.0162] lat [3.8295, 4.8239] sobre 2219 de 2221 filas con coordenada finita",plausible,colegios06_2025.gpkg,2025-06-30
311001030308,311001030308,LICEO ROMULO GALLEGOS,LICEO ROMULO GALLEGOS,-74.10700000077486,4.598999999463558,WGS 84 / Pseudo-Mercator,"EPSG:4326 (st_set_crs, sin transformar)","lon [-74.3933, -74.0162] lat [3.8295, 4.8239] sobre 2219 de 2221 filas con coordenada finita",plausible,colegios06_2025.gpkg,2025-06-30
311001030332,311001030332,LICEO BOGOTA,LICEO BOGOTA,-74.11600000038743,4.6068999990820885,WGS 84 / Pseudo-Mercator,"EPSG:4326 (st_set_crs, sin transformar)","lon [-74.3933, -74.0162] lat [3.8295, 4.8239] sobre 2219 de 2221 filas con coordenada finita",plausible,colegios06_2025.gpkg,2025-06-30
311001032297,311001032297,COLEGIO ROMEL VELASCO,COLEGIO ROMEL VELASCO,-74.11439999938011,4.617499999701977,WGS 84 / Pseudo-Mercator,"EPSG:4326 (st_set_crs, sin transformar)","lon [-74.3933, -74.0162] lat [3.8295, 4.8239] sobre 2219 de 2221 filas con coordenada finita",plausible,colegios06_2025.gpkg,2025-06-30
311001033366,311001033366,INSTITUTO DE INTEGRACION CULTURAL IDIC,INSTITUTO DE INTEGRACION CULTURAL IDIC,-74.10099999979138,4.607900001108646,WGS 84 / Pseudo-Mercator,"EPSG:4326 (st_set_crs, sin transformar)","lon [-74.3933, -74.0162] lat [3.8295, 4.8239] sobre 2219 de 2221 filas con coordenada finita",plausible,colegios06_2025.gpkg,2025-06-30
311001034559,311001034559,GIMNASIO INFANTIL JULIO SIMON BENAVIDES,GIMNASIO INFANTIL JULIO SIMON BENAVIDES,-74.12849999964237,4.60190000012517,WGS 84 / Pseudo-Mercator,"EPSG:4326 (st_set_crs, sin transformar)","lon [-74.3933, -74.0162] lat [3.8295, 4.8239] sobre 2219 de 2221 filas con coordenada finita",plausible,colegios06_2025.gpkg,2025-06-30
311001035156,311001035156,LICEO DE LOS ANGELES,LICEO DE LOS ANGELES,-74.12579999864101,4.615699999034405,WGS 84 / Pseudo-Mercator,"EPSG:4326 (st_set_crs, sin transformar)","lon [-74.3933, -74.0162] lat [3.8295, 4.8239] sobre 2219 de 2221 filas con coordenada finita",plausible,colegios06_2025.gpkg,2025-06-30
311001035903,311001035903,COLEGIO FRAY JUAN DE LOS ANGELES,COLEGIO FRAY JUAN DE LOS ANGELES,-74.1292000003159,4.6064000017941,WGS 84 / Pseudo-Mercator,"EPSG:4326 (st_set_crs, sin transformar)","lon [-74.3933, -74.0162] lat [3.8295, 4.8239] sobre 2219 de 2221 filas con coordenada finita",plausible,colegios06_2025.gpkg,2025-06-30
311001037566,311001037566,COLEGIO LOPE DE VEGA,COLEGIO LOPE DE VEGA,-74.10779999941587,4.614399999380112,WGS 84 / Pseudo-Mercator,"EPSG:4326 (st_set_crs, sin transformar)","lon [-74.3933, -74.0162] lat [3.8295, 4.8239] sobre 2219 de 2221 filas con coordenada finita",plausible,colegios06_2025.gpkg,2025-06-30
311001038244,311001038244,LICEO DIANA PAOLA,LICEO DIANA PAOLA,-74.11349999904633,4.617199998348951,WGS 84 / Pseudo-Mercator,"EPSG:4326 (st_set_crs, sin transformar)","lon [-74.3933, -74.0162] lat [3.8295, 4.8239] sobre 2219 de 2221 filas con coordenada finita",plausible,colegios06_2025.gpkg,2025-06-30
311001039003,311001039003,COLEGIO BILINGÜE CIUDAD MONTES,COLEGIO BILINGÜE CIUDAD MONTES,-74.11369999870658,4.604699999094009,WGS 84 / Pseudo-Mercator,"EPSG:4326 (st_set_crs, sin transformar)","lon [-74.3933, -74.0162] lat [3.8295, 4.8239] sobre 2219 de 2221 filas con coordenada finita",plausible,colegios06_2025.gpkg,2025-06-30
311001039283,311001039283,LICEO MODERNO ALELI,LICEO MODERNO ALELI,-74.10900000110269,4.623500000685453,WGS 84 / Pseudo-Mercator,"EPSG:4326 (st_set_crs, sin transformar)","lon [-74.3933, -74.0162] lat [3.8295, 4.8239] sobre 2219 de 2221 filas con coordenada finita",plausible,colegios06_2025.gpkg,2025-06-30
311001040354,311001040354,LICEO NUEVO CHILE,LICEO NUEVO CHILE,-74.12150000035763,4.599399998784065,WGS 84 / Pseudo-Mercator,"EPSG:4326 (st_set_crs, sin transformar)","lon [-74.3933, -74.0162] lat [3.8295, 4.8239] sobre 2219 de 2221 filas con coordenada finita",plausible,colegios06_2025.gpkg,2025-06-30
311001041521,311001041521,LICEO MANANTIAL DE VIDA ETERNA,LICEO MANANTIAL DE VIDA ETERNA,-74.12869999930263,4.602699998766184,WGS 84 / Pseudo-Mercator,"EPSG:4326 (st_set_crs, sin transformar)","lon [-74.3933, -74.0162] lat [3.8295, 4.8239] sobre 2219 de 2221 filas con coordenada finita",plausible,colegios06_2025.gpkg,2025-06-30
311001041857,311001041857,COLEGIO NUESTRA SEÑORA DE LA SALETTE,COLEGIO NUESTRA SEÑORA DE LA SALETTE,-74.11620000004768,4.624099999666214,WGS 84 / Pseudo-Mercator,"EPSG:4326 (st_set_crs, sin transformar)","lon [-74.3933, -74.0162] lat [3.8295, 4.8239] sobre 2219 de 2221 filas con coordenada finita",plausible,colegios06_2025.gpkg,2025-06-30
311001044074,311001044074,JARDIN INFANTIL GARABATIEMOS,JARDIN INFANTIL GARABATIEMOS,-74.11050000041723,4.605700001120567,WGS 84 / Pseudo-Mercator,"EPSG:4326 (st_set_crs, sin transformar)","lon [-74.3933, -74.0162] lat [3.8295, 4.8239] sobre 2219 de 2221 filas con coordenada finita",plausible,colegios06_2025.gpkg,2025-06-30
311001045267,311001045267,LICEO COQUIBACOA,LICEO COQUIBACOA,-74.12530000135303,4.600600000470877,WGS 84 / Pseudo-Mercator,"EPSG:4326 (st_set_crs, sin transformar)","lon [-74.3933, -74.0162] lat [3.8295, 4.8239] sobre 2219 de 2221 filas con coordenada finita",plausible,colegios06_2025.gpkg,2025-06-30
311001051747,311001051747,JARDIN INFANTIL UNIVERSO DEL SABER,JARDIN INFANTIL UNIVERSO DEL SABER,-74.11719999834895,4.603500001132488,WGS 84 / Pseudo-Mercator,"EPSG:4326 (st_set_crs, sin transformar)","lon [-74.3933, -74.0162] lat [3.8295, 4.8239] sobre 2219 de 2221 filas con coordenada finita",plausible,colegios06_2025.gpkg,2025-06-30
311001051755,311001051755,GIMNASIO TALENTOS,GIMNASIO TALENTOS,-74.10770000144839,4.599800001829863,WGS 84 / Pseudo-Mercator,"EPSG:4326 (st_set_crs, sin transformar)","lon [-74.3933, -74.0162] lat [3.8295, 4.8239] sobre 2219 de 2221 filas con coordenada finita",plausible,colegios06_2025.gpkg,2025-06-30
311001076316,311001076316,GIMNASIO SAN VALERY,GIMNASIO SAN VALERY,-74.12269999831915,4.615100000053644,WGS 84 / Pseudo-Mercator,"EPSG:4326 (st_set_crs, sin transformar)","lon [-74.3933, -74.0162] lat [3.8295, 4.8239] sobre 2219 de 2221 filas con coordenada finita",plausible,colegios06_2025.gpkg,2025-06-30
311001087792,311001087792,COLEGIO DEL SANTISIMO SACRAMENTO,COLEGIO DEL SANTISIMO SACRAMENTO,-74.11710000038147,4.615100000053644,WGS 84 / Pseudo-Mercator,"EPSG:4326 (st_set_crs, sin transformar)","lon [-74.3933, -74.0162] lat [3.8295, 4.8239] sobre 2219 de 2221 filas con coordenada finita",plausible,colegios06_2025.gpkg,2025-06-30
311001089167,311001089167,COLEGIO DE INTEGRACION CULTURAL COLDIC,COLEGIO DE INTEGRACION CULTURAL COLDIC,-74.1169999986887,4.610599998384714,WGS 84 / Pseudo-Mercator,"EPSG:4326 (st_set_crs, sin transformar)","lon [-74.3933, -74.0162] lat [3.8295, 4.8239] sobre 2219 de 2221 filas con coordenada finita",plausible,colegios06_2025.gpkg,2025-06-30
311001090912,311001090912,COLEGIO CRISTIANO SEMILLA DE VIDA,COLEGIO CRISTIANO SEMILLA DE VIDA,-74.1042999997735,4.601199999451637,WGS 84 / Pseudo-Mercator,"EPSG:4326 (st_set_crs, sin transformar)","lon [-74.3933, -74.0162] lat [3.8295, 4.8239] sobre 2219 de 2221 filas con coordenada finita",plausible,colegios06_2025.gpkg,2025-06-30
311001091056,311001091056,JARDIN INFANTIL LA FRESITA FELIZ,JARDIN INFANTIL LA FRESITA FELIZ,-74.11030000075698,4.621100001037121,WGS 84 / Pseudo-Mercator,"EPSG:4326 (st_set_crs, sin transformar)","lon [-74.3933, -74.0162] lat [3.8295, 4.8239] sobre 2219 de 2221 filas con coordenada finita",plausible,colegios06_2025.gpkg,2025-06-30
311001092893,311001092893,LICEO MATERNO INFANTIL PASITOS AL FUTURO,LICEO MATERNO INFANTIL PASITOS AL FUTURO,-74.111200001090765,4.613000001758337,WGS 84 / Pseudo-Mercator,"EPSG:4326 (st_set_crs, sin transformar)","lon [-74.3933, -74.0162] lat [3.8295, 4.8239] sobre 2219 de 2221 filas con coordenada finita",plausible,colegios06_2025.gpkg,2025-06-30
311001093041,311001093041,INSTITUTO PEDAGOGICO PARA EL DESARROLLO INTEGRAL CREAR,INSTITUTO PEDAGOGICO PARA EL DESARROLLO INTEGRAL CREAR,-74.12049999833107,4.625100001692772,WGS 84 / Pseudo-Mercator,"EPSG:4326 (st_set_crs, sin transformar)","lon [-74.3933, -74.0162] lat [3.8295, 4.8239] sobre 2219 de 2221 filas con coordenada finita",plausible,colegios06_2025.gpkg,2025-06-30
311001093717,311001093717,JARDIN PSICOPEDAGOGICO PALOMITOS TRAVIESOS,JARDIN PSICOPEDAGOGICO PALOMITOS TRAVIESOS,-74.11659999936819,4.617600001394749,WGS 84 / Pseudo-Mercator,"EPSG:4326 (st_set_crs, sin transformar)","lon [-74.3933, -74.0162] lat [3.8295, 4.8239] sobre 2219 de 2221 filas con coordenada finita",plausible,colegios06_2025.gpkg,2025-06-30
311001094021,311001094021,LICEO INFANTIL TRENCITO DE PAPEL,LICEO INFANTIL TRENCITO DE PAPEL,-74.13190000131726,4.600000001490116,WGS 84 / Pseudo-Mercator,"EPSG:4326 (st_set_crs, sin transformar)","lon [-74.3933, -74.0162] lat [3.8295, 4.8239] sobre 2219 de 2221 filas con coordenada finita",plausible,colegios06_2025.gpkg,2025-06-30
311001094055,311001094055,LICEO INFANTIL SEMILLITAS DEL SABER,LICEO INFANTIL SEMILLITAS DEL SABER,-74.13329999893904,4.597899999469519,WGS 84 / Pseudo-Mercator,"EPSG:4326 (st_set_crs, sin transformar)","lon [-74.3933, -74.0162] lat [3.8295, 4.8239] sobre 2219 de 2221 filas con coordenada finita",plausible,colegios06_2025.gpkg,2025-06-30
311001094462,311001094462,PREESCOLAR INTEGRAL,PREESCOLAR INTEGRAL,-74.12700000032783,4.597199998795986,WGS 84 / Pseudo-Mercator,"EPSG:4326 (st_set_crs, sin transformar)","lon [-74.3933, -74.0162] lat [3.8295, 4.8239] sobre 2219 de 2221 filas con coordenada finita",plausible,colegios06_2025.gpkg,2025-06-30
311001101175,311001101175,JARDIN INFANTIL SALACUNA RAYITOS DEL SOL,JARDIN INFANTIL SALACUNA RAYITOS DEL SOL,-74.12000000104308,4.599899999797344,WGS 84 / Pseudo-Mercator,"EPSG:4326 (st_set_crs, sin transformar)","lon [-74.3933, -74.0162] lat [3.8295, 4.8239] sobre 2219 de 2221 filas con coordenada finita",plausible,colegios06_2025.gpkg,2025-06-30
311001102619,311001102619,LICEO BILINGÜE ROMULO GALLEGOS,LICEO BILINGÜE ROMULO GALLEGOS,-74.10830000042915,4.599700000137091,WGS 84 / Pseudo-Mercator,"EPSG:4326 (st_set_crs, sin transformar)","lon [-74.3933, -74.0162] lat [3.8295, 4.8239] sobre 2219 de 2221 filas con coordenada finita",plausible,colegios06_2025.gpkg,2025-06-30
311001102627,311001102627,JARDIN INFANTIL PICARDIAS Y BURBUJAS,JARDIN INFANTIL PICARDIAS Y BURBUJAS,-74.11639999970794,4.61259999871254,WGS 84 / Pseudo-Mercator,"EPSG:4326 (st_set_crs, sin transformar)","lon [-74.3933, -74.0162] lat [3.8295, 4.8239] sobre 2219 de 2221 filas con coordenada finita",plausible,colegios06_2025.gpkg,2025-06-30
311001102635,311001102635,GIMNASIO PSICOPEDAGOGICO APRENDILANDIA,GIMNASIO PSICOPEDAGOGICO APRENDILANDIA,-74.11470000073314,4.606800001114607,WGS 84 / Pseudo-Mercator,"EPSG:4326 (st_set_crs, sin transformar)","lon [-74.3933, -74.0162] lat [3.8295, 4.8239] sobre 2219 de 2221 filas con coordenada finita",plausible,colegios06_2025.gpkg,2025-06-30
311001102961,311001102961,JARDIN INFANTIL EL PORTAL DE ASTURIAS,JARDIN INFANTIL EL PORTAL DE ASTURIAS,-74.12590000033379,4.6114000007510185,WGS 84 / Pseudo-Mercator,"EPSG:4326 (st_set_crs, sin transformar)","lon [-74.3933, -74.0162] lat [3.8295, 4.8239] sobre 2219 de 2221 filas con coordenada finita",plausible,colegios06_2025.gpkg,2025-06-30
311001106011,311001106011,LICEO PEDAGOGICO NUESTRA SEÑORA DE LA SABIDURIA,LICEO PEDAGOGICO NUESTRA SEÑORA DE LA SABIDURIA,-74.12060000002384,4.599300000816584,WGS 84 / Pseudo-Mercator,"EPSG:4326 (st_set_crs, sin transformar)","lon [-74.3933, -74.0162] lat [3.8295, 4.8239] sobre 2219 de 2221 filas con coordenada finita",plausible,colegios06_2025.gpkg,2025-06-30
311001106029,311001106029,JARDIN INFANTIL PERSONITAS DEL MILENIO,JARDIN INFANTIL PERSONITAS DEL MILENIO,-74.1017999984324,4.605000000447035,WGS 84 / Pseudo-Mercator,"EPSG:4326 (st_set_crs, sin transformar)","lon [-74.3933, -74.0162] lat [3.8295, 4.8239] sobre 2219 de 2221 filas con coordenada finita",plausible,colegios06_2025.gpkg,2025-06-30
311001106037,311001106037,LICEO ARCO IRIS,LICEO ARCO IRIS,-74.12220000103116,4.614500001072884,WGS 84 / Pseudo-Mercator,"EPSG:4326 (st_set_crs, sin transformar)","lon [-74.3933, -74.0162] lat [3.8295, 4.8239] sobre 2219 de 2221 filas con coordenada finita",plausible,colegios06_2025.gpkg,2025-06-30
311001106070,311001106070,COLEGIO BLAISE PASCAL,COLEGIO BLAISE PASCAL,-74.11989999935031,4.598999999463558,WGS 84 / Pseudo-Mercator,"EPSG:4326 (st_set_crs, sin transformar)","lon [-74.3933, -74.0162] lat [3.8295, 4.8239] sobre 2219 de 2221 filas con coordenada finita",plausible,colegios06_2025.gpkg,2025-06-30
311001106541,311001106541,JARDIN INFANTIL LOS CHAVITOS CREATIVOS,JARDIN INFANTIL LOS CHAVITOS CREATIVOS,-74.11560000106692,4.616700001060963,WGS 84 / Pseudo-Mercator,"EPSG:4326 (st_set_crs, sin transformar)","lon [-74.3933, -74.0162] lat [3.8295, 4.8239] sobre 2219 de 2221 filas con coordenada finita",plausible,colegios06_2025.gpkg,2025-06-30
311001107688,311001107688,GIMNASIO FREIRE,GIMNASIO FREIRE,-74.10819999873638,4.600099999457598,WGS 84 / Pseudo-Mercator,"EPSG:4326 (st_set_crs, sin transformar)","lon [-74.3933, -74.0162] lat [3.8295, 4.8239] sobre 2219 de 2221 filas con coordenada finita",plausible,colegios06_2025.gpkg,2025-06-30
311001108625,311001108625,PSICOPEDAGOGICO LUMINOSOS,PSICOPEDAGOGICO LUMINOSOS,-74.1174000017345,4.597199998795986,WGS 84 / Pseudo-Mercator,"EPSG:4326 (st_set_crs, sin transformar)","lon [-74.3933, -74.0162] lat [3.8295, 4.8239] sobre 2219 de 2221 filas con coordenada finita",plausible,colegios06_2025.gpkg,2025-06-30
311001108633,311001108633,LICEO INFANTIL EL MUNDO DE LOS NIÑOS,LICEO INFANTIL EL MUNDO DE LOS NIÑOS,-74.12209999933839,4.617400001734495,WGS 84 / Pseudo-Mercator,"EPSG:4326 (st_set_crs, sin transformar)","lon [-74.3933, -74.0162] lat [3.8295, 4.8239] sobre 2219 de 2221 filas con coordenada finita",plausible,colegios06_2025.gpkg,2025-06-30
311001109389,311001109389,COLEGIO BOLIVARIANO,COLEGIO BOLIVARIANO,-74.10830000042915,4.599700000137091,WGS 84 / Pseudo-Mercator,"EPSG:4326 (st_set_crs, sin transformar)","lon [-74.3933, -74.0162] lat [3.8295, 4.8239] sobre 2219 de 2221 filas con coordenada finita",plausible,colegios06_2025.gpkg,2025-06-30
311001109401,311001109401,JARDIN INFANTIL ANGELES TRAVIESOS,JARDIN INFANTIL ANGELES TRAVIESOS,-74.12999999895692,4.603100001811981,WGS 84 / Pseudo-Mercator,"EPSG:4326 (st_set_crs, sin transformar)","lon [-74.3933, -74.0162] lat [3.8295, 4.8239] sobre 2219 de 2221 filas con coordenada finita",plausible,colegios06_2025.gpkg,2025-06-30
311001109567,311001109567,GIMNASIO MODERNO ALEXANDER SUTHERLAND,GIMNASIO MODERNO ALEXANDER SUTHERLAND,-74.11609999835491,4.61769999936223,WGS 84 / Pseudo-Mercator,"EPSG:4326 (st_set_crs, sin transformar)","lon [-74.3933, -74.0162] lat [3.8295, 4.8239] sobre 2219 de 2221 filas con coordenada finita",plausible,colegios06_2025.gpkg,2025-06-30
311001110620,311001110620,INSTITUTO CAMARGO LEON,INSTITUTO CAMARGO LEON,-74.1207999996841,4.599199999123812,WGS 84 / Pseudo-Mercator,"EPSG:4326 (st_set_crs, sin transformar)","lon [-74.3933, -74.0162] lat [3.8295, 4.8239] sobre 2219 de 2221 filas con coordenada finita",plausible,colegios06_2025.gpkg,2025-06-30
111001013323,111001013323,COLEGIO INTEGRADA LA CANDELARIA (IED),LA CONCORDIA,-74.06929999962449,4.598200000822544,WGS 84 / Pseudo-Mercator,"EPSG:4326 (st_set_crs, sin transformar)","lon [-74.3933, -74.0162] lat [3.8295, 4.8239] sobre 2219 de 2221 filas con coordenada finita",plausible,colegios06_2025.gpkg,2025-06-30
111001013358,111001013323,COLEGIO INTEGRADA LA CANDELARIA (IED),LA CANDELARIA,-74.07119999825954,4.595600001513958,WGS 84 / Pseudo-Mercator,"EPSG:4326 (st_set_crs, sin transformar)","lon [-74.3933, -74.0162] lat [3.8295, 4.8239] sobre 2219 de 2221 filas con coordenada finita",plausible,colegios06_2025.gpkg,2025-06-30
111001013340,111001013323,COLEGIO INTEGRADA LA CANDELARIA (IED),LA INMACULADA,-74.0679999999702,4.601500000804663,WGS 84 / Pseudo-Mercator,"EPSG:4326 (st_set_crs, sin transformar)","lon [-74.3933, -74.0162] lat [3.8295, 4.8239] sobre 2219 de 2221 filas con coordenada finita",plausible,colegios06_2025.gpkg,2025-06-30
111001013374,111001013374,COLEGIO ESCUELA NACIONAL DE COMERCIO (IED),ESCUELA NACIONAL DE COMERCIO,-74.07000000029802,4.5929000005126,WGS 84 / Pseudo-Mercator,"EPSG:4326 (st_set_crs, sin transformar)","lon [-74.3933, -74.0162] lat [3.8295, 4.8239] sobre 2219 de 2221 filas con coordenada finita",plausible,colegios06_2025.gpkg,2025-06-30
311001000271,311001000271,INSTITUTO BOGOTA CENTRO,INSTITUTO BOGOTA CENTRO,-74.07539999857545,4.591099999845028,WGS 84 / Pseudo-Mercator,"EPSG:4326 (st_set_crs, sin transformar)","lon [-74.3933, -74.0162] lat [3.8295, 4.8239] sobre 2219 de 2221 filas con coordenada finita",plausible,colegios06_2025.gpkg,2025-06-30
311001000964,311001000964,INSTITUCION EDUCATIVA HOGAR VERACRUZ,INSTITUCION EDUCATIVA HOGAR VERACRUZ,-74.07000000029802,4.599700000137091,WGS 84 / Pseudo-Mercator,"EPSG:4326 (st_set_crs, sin transformar)","lon [-74.3933, -74.0162] lat [3.8295, 4.8239] sobre 2219 de 2221 filas con coordenada finita",plausible,colegios06_2025.gpkg,2025-06-30
311001001391,311001001391,LICEO JULIO CESAR GARCIA,LICEO JULIO CESAR GARCIA,-74.07160000130534,4.597199998795986,WGS 84 / Pseudo-Mercator,"EPSG:4326 (st_set_crs, sin transformar)","lon [-74.3933, -74.0162] lat [3.8295, 4.8239] sobre 2219 de 2221 filas con coordenada finita",plausible,colegios06_2025.gpkg,2025-06-30
311001001952,311001001952,COLEGIO DEL SANTISIMO ROSARIO,COLEGIO DEL SANTISIMO ROSARIO,-74.07360000163317,4.595199998468161,WGS 84 / Pseudo-Mercator,"EPSG:4326 (st_set_crs, sin transformar)","lon [-74.3933, -74.0162] lat [3.8295, 4.8239] sobre 2219 de 2221 filas con coordenada finita",plausible,colegios06_2025.gpkg,2025-06-30
311001003084,311001003084,FUNDACION COLEGIO MAYOR DE SAN BARTOLOME,FUNDACION COLEGIO MAYOR DE SAN BARTOLOME,-74.07609999924898,4.596900001168251,WGS 84 / Pseudo-Mercator,"EPSG:4326 (st_set_crs, sin transformar)","lon [-74.3933, -74.0162] lat [3.8295, 4.8239] sobre 2219 de 2221 filas con coordenada finita",plausible,colegios06_2025.gpkg,2025-06-30
311001005451,311001005451,INSTITUTO DE BACHILLERATO TECNICO COMERCIAL PITAGORAS,INSTITUTO DE BACHILLERATO TECNICO COMERCIAL PITAGORAS,-74.07330000028014,4.597699999809265,WGS 84 / Pseudo-Mercator,"EPSG:4326 (st_set_crs, sin transformar)","lon [-74.3933, -74.0162] lat [3.8295, 4.8239] sobre 2219 de 2221 filas con coordenada finita",plausible,colegios06_2025.gpkg,2025-06-30
311001006351,311001006351,COLEGIO TIRSO DE MOLINA,COLEGIO TIRSO DE MOLINA,-74.07290000095963,4.598000001162291,WGS 84 / Pseudo-Mercator,"EPSG:4326 (st_set_crs, sin transformar)","lon [-74.3933, -74.0162] lat [3.8295, 4.8239] sobre 2219 de 2221 filas con coordenada finita",plausible,colegios06_2025.gpkg,2025-06-30
311001009121,311001009121,COLEGIO SALESIANO DE LEON XIII,COLEGIO SALESIANO DE LEON XIII,-74.07490000128746,4.594799999147654,WGS 84 / Pseudo-Mercator,"EPSG:4326 (st_set_crs, sin transformar)","lon [-74.3933, -74.0162] lat [3.8295, 4.8239] sobre 2219 de 2221 filas con coordenada finita",plausible,colegios06_2025.gpkg,2025-06-30
311001009376,311001009376,LICEO NUEVO MUNDO,LICEO NUEVO MUNDO,-74.07449999824166,4.593199998140335,WGS 84 / Pseudo-Mercator,"EPSG:4326 (st_set_crs, sin transformar)","lon [-74.3933, -74.0162] lat [3.8295, 4.8239] sobre 2219 de 2221 filas con coordenada finita",plausible,colegios06_2025.gpkg,2025-06-30
311001017417,311001017417,COLEGIO LOS ANGELES,COLEGIO LOS ANGELES,-74.07299999892712,4.596099998801947,WGS 84 / Pseudo-Mercator,"EPSG:4326 (st_set_crs, sin transformar)","lon [-74.3933, -74.0162] lat [3.8295, 4.8239] sobre 2219 de 2221 filas con coordenada finita",plausible,colegios06_2025.gpkg,2025-06-30
311001028486,311001028486,CENTRO SAGRADO CORAZON,CENTRO SAGRADO CORAZON,-74.07369999960065,4.5916999988257885,WGS 84 / Pseudo-Mercator,"EPSG:4326 (st_set_crs, sin transformar)","lon [-74.3933, -74.0162] lat [3.8295, 4.8239] sobre 2219 de 2221 filas con coordenada finita",plausible,colegios06_2025.gpkg,2025-06-30
311001091561,311001091561,JARDIN INFANTIL TORRECITAS DEL SABER,JARDIN INFANTIL TORRECITAS DEL SABER,-74.06769999861717,4.600400000810623,WGS 84 / Pseudo-Mercator,"EPSG:4326 (st_set_crs, sin transformar)","lon [-74.3933, -74.0162] lat [3.8295, 4.8239] sobre 2219 de 2221 filas con coordenada finita",plausible,colegios06_2025.gpkg,2025-06-30
311001092435,311001092435,CENTRO EDUCATIVO LIBERTAD,CENTRO EDUCATIVO LIBERTAD,-74.07380000129342,4.593299999833107,WGS 84 / Pseudo-Mercator,"EPSG:4326 (st_set_crs, sin transformar)","lon [-74.3933, -74.0162] lat [3.8295, 4.8239] sobre 2219 de 2221 filas con coordenada finita",plausible,colegios06_2025.gpkg,2025-06-30
311001097216,311001097216,COLEGIO DE INTEGRACION ESCOLAR LUZ Y VIDA,COLEGIO DE INTEGRACION ESCOLAR LUZ Y VIDA,-74.07930000126362,4.593299999833107,WGS 84 / Pseudo-Mercator,"EPSG:4326 (st_set_crs, sin transformar)","lon [-74.3933, -74.0162] lat [3.8295, 4.8239] sobre 2219 de 2221 filas con coordenada finita",plausible,colegios06_2025.gpkg,2025-06-30
311001800146,311001800146,COLEGIO HUMANISTA ALEXANDRE PETION,COLEGIO HUMANISTA ALEXANDRE PETION,-74.07380000129342,4.593199998140335,WGS 84 / Pseudo-Mercator,"EPSG:4326 (st_set_crs, sin transformar)","lon [-74.3933, -74.0162] lat [3.8295, 4.8239] sobre 2219 de 2221 filas con coordenada finita",plausible,colegios06_2025.gpkg,2025-06-30
111001010928,111001010928,COLEGIO RESTREPO MILLAN (IED),RESTREPO MILLAN,-74.1207999996841,4.5793000012636185,WGS 84 / Pseudo-Mercator,"EPSG:4326 (st_set_crs, sin transformar)","lon [-74.3933, -74.0162] lat [3.8295, 4.8239] sobre 2219 de 2221 filas con coordenada finita",plausible,colegios06_2025.gpkg,2025-06-30
111001014915,111001010928,COLEGIO RESTREPO MILLAN (IED),ISABEL II DE INGLATERRA,-74.12339999899268,4.583200000226498,WGS 84 / Pseudo-Mercator,"EPSG:4326 (st_set_crs, sin transformar)","lon [-74.3933, -74.0162] lat [3.8295, 4.8239] sobre 2219 de 2221 filas con coordenada finita",plausible,colegios06_2025.gpkg,2025-06-30
111001017973,111001010928,COLEGIO RESTREPO MILLAN (IED),EL PESEBRE,-74.11919999867678,4.575800001621246,WGS 84 / Pseudo-Mercator,"EPSG:4326 (st_set_crs, sin transformar)","lon [-74.3933, -74.0162] lat [3.8295, 4.8239] sobre 2219 de 2221 filas con coordenada finita",plausible,colegios06_2025.gpkg,2025-06-30
111001014583,111001010928,COLEGIO RESTREPO MILLAN (IED),GABRIELA MISTRAL,-74.12070000171661,4.581399999558926,WGS 84 / Pseudo-Mercator,"EPSG:4326 (st_set_crs, sin transformar)","lon [-74.3933, -74.0162] lat [3.8295, 4.8239] sobre 2219 de 2221 filas con coordenada finita",plausible,colegios06_2025.gpkg,2025-06-30
111001011029,111001011029,COLEGIO REINO DE HOLANDA (IED),REINO DE HOLANDA,-74.11580000072718,4.566899999976158,WGS 84 / Pseudo-Mercator,"EPSG:4326 (st_set_crs, sin transformar)","lon [-74.3933, -74.0162] lat [3.8295, 4.8239] sobre 2219 de 2221 filas con coordenada finita",plausible,colegios06_2025.gpkg,2025-06-30
111001018091,111001011029,COLEGIO REINO DE HOLANDA (IED),MARCO FIDEL SUAREZ,-74.11630000174046,4.567400000989437,WGS 84 / Pseudo-Mercator,"EPSG:4326 (st_set_crs, sin transformar)","lon [-74.3933, -74.0162] lat [3.8295, 4.8239] sobre 2219 de 2221 filas con coordenada finita",plausible,colegios06_2025.gpkg,2025-06-30
111001107824,111001011029,COLEGIO REINO DE HOLANDA (IED),PARROQUIAL SAN JUDAS TADEO,-74.12159999832511,4.56870000064373,WGS 84 / Pseudo-Mercator,"EPSG:4326 (st_set_crs, sin transformar)","lon [-74.3933, -74.0162] lat [3.8295, 4.8239] sobre 2219 de 2221 filas con coordenada finita",plausible,colegios06_2025.gpkg,2025-06-30
111001011819,111001011819,COLEGIO LICEO FEMENINO DE CUNDINAMARCA MERCEDES NARIÑO (IED),LICEO FEMENINO DE CUNDINAMARCA MERCEDES NARIÑO,-74.10379999876022,4.580800000578165,WGS 84 / Pseudo-Mercator,"EPSG:4326 (st_set_crs, sin transformar)","lon [-74.3933, -74.0162] lat [3.8295, 4.8239] sobre 2219 de 2221 filas con coordenada finita",plausible,colegios06_2025.gpkg,2025-06-30
111001012611,111001012611,COLEGIO BRAVO PAEZ (IED),BRAVO PAEZ,-74.11899999901652,4.579799998551607,WGS 84 / Pseudo-Mercator,"EPSG:4326 (st_set_crs, sin transformar)","lon [-74.3933, -74.0162] lat [3.8295, 4.8239] sobre 2219 de 2221 filas con coordenada finita",plausible,colegios06_2025.gpkg,2025-06-30
111001012815,111001012815,COLEGIO QUIROGA ALIANZA (IED),QUIROGA ALIANZA,-74.11730000004172,4.5797000005841255,WGS 84 / Pseudo-Mercator,"EPSG:4326 (st_set_crs, sin transformar)","lon [-74.3933, -74.0162] lat [3.8295, 4.8239] sobre 2219 de 2221 filas con coordenada finita",plausible,colegios06_2025.gpkg,2025-06-30
111001012971,111001012971,COLEGIO RAFAEL DELGADO SALGUERO (IED),GENERAL PAEZ,-74.12040000036359,4.584800001233816,WGS 84 / Pseudo-Mercator,"EPSG:4326 (st_set_crs, sin transformar)","lon [-74.3933, -74.0162] lat [3.8295, 4.8239] sobre 2219 de 2221 filas con coordenada finita",plausible,colegios06_2025.gpkg,2025-06-30
111001014605,111001012971,COLEGIO RAFAEL DELGADO SALGUERO (IED),MATER ADMIRABILIS,-74.12779999896884,4.585900001227856,WGS 84 / Pseudo-Mercator,"EPSG:4326 (st_set_crs, sin transformar)","lon [-74.3933, -74.0162] lat [3.8295, 4.8239] sobre 2219 de 2221 filas con coordenada finita",plausible,colegios06_2025.gpkg,2025-06-30
111001110680,111001012971,COLEGIO RAFAEL DELGADO SALGUERO (IED),ESCUELA HOGAR BRAVO PAEZ,-74.11930000036955,4.583999998867512,WGS 84 / Pseudo-Mercator,"EPSG:4326 (st_set_crs, sin transformar)","lon [-74.3933, -74.0162] lat [3.8295, 4.8239] sobre 2219 de 2221 filas con coordenada finita",plausible,colegios06_2025.gpkg,2025-06-30
111001013811,111001013811,COLEGIO SAN AGUSTIN (IED),SAN AGUSTIN,-74.1140000000596,4.5474999994039536,WGS 84 / Pseudo-Mercator,"EPSG:4326 (st_set_crs, sin transformar)","lon [-74.3933, -74.0162] lat [3.8295, 4.8239] sobre 2219 de 2221 filas con coordenada finita",plausible,colegios06_2025.gpkg,2025-06-30
111001107719,111001013811,COLEGIO SAN AGUSTIN (IED),SANTO TORIBIO DE MOGROVEJO,-74.11219999939203,4.547400001436472,WGS 84 / Pseudo-Mercator,"EPSG:4326 (st_set_crs, sin transformar)","lon [-74.3933, -74.0162] lat [3.8295, 4.8239] sobre 2219 de 2221 filas con coordenada finita",plausible,colegios06_2025.gpkg,2025-06-30
111001014028,111001014028,COLEGIO REPUBLICA FEDERAL DE ALEMANIA (IED),REPUBLICA FEDERAL DE ALEMANIA,-74.12530000135303,4.578699998557568,WGS 84 / Pseudo-Mercator,"EPSG:4326 (st_set_crs, sin transformar)","lon [-74.3933, -74.0162] lat [3.8295, 4.8239] sobre 2219 de 2221 filas con coordenada finita",plausible,colegios06_2025.gpkg,2025-06-30
111001014591,111001014591,COLEGIO MANUEL DEL SOCORRO RODRIGUEZ (IED),MANUEL DEL SOCORRO RODRIGUEZ,-74.12599999830127,4.577599998563528,WGS 84 / Pseudo-Mercator,"EPSG:4326 (st_set_crs, sin transformar)","lon [-74.3933, -74.0162] lat [3.8295, 4.8239] sobre 2219 de 2221 filas con coordenada finita",plausible,colegios06_2025.gpkg,2025-06-30
111001012645,111001014591,COLEGIO MANUEL DEL SOCORRO RODRIGUEZ (IED),REPUBLICA DE ISRAEL,-74.12810000032187,4.583000000566244,WGS 84 / Pseudo-Mercator,"EPSG:4326 (st_set_crs, sin transformar)","lon [-74.3933, -74.0162] lat [3.8295, 4.8239] sobre 2219 de 2221 filas con coordenada finita",plausible,colegios06_2025.gpkg,2025-06-30
111001014664,111001014664,COLEGIO EL LIBERTADOR (IED),EL LIBERTADOR,-74.11630000174046,4.584300000220537,WGS 84 / Pseudo-Mercator,"EPSG:4326 (st_set_crs, sin transformar)","lon [-74.3933, -74.0162] lat [3.8295, 4.8239] sobre 2219 de 2221 filas con coordenada finita",plausible,colegios06_2025.gpkg,2025-06-30
111001014672,111001014664,COLEGIO EL LIBERTADOR (IED),MANUEL MURILLO TORO,-74.11769999936223,4.588300000876188,WGS 84 / Pseudo-Mercator,"EPSG:4326 (st_set_crs, sin transformar)","lon [-74.3933, -74.0162] lat [3.8295, 4.8239] sobre 2219 de 2221 filas con coordenada finita",plausible,colegios06_2025.gpkg,2025-06-30
111001014656,111001014664,COLEGIO EL LIBERTADOR (IED),JUAN DEL RIZZO,-74.11320000141859,4.586500000208616,WGS 84 / Pseudo-Mercator,"EPSG:4326 (st_set_crs, sin transformar)","lon [-74.3933, -74.0162] lat [3.8295, 4.8239] sobre 2219 de 2221 filas con coordenada finita",plausible,colegios06_2025.gpkg,2025-06-30
111001014958,111001014958,COLEGIO CLEMENCIA HOLGUIN DE URDANETA (IED),CLEMENCIA HOLGUIN DE URDANETA,-74.11050000041723,4.579199999570847,WGS 84 / Pseudo-Mercator,"EPSG:4326 (st_set_crs, sin transformar)","lon [-74.3933, -74.0162] lat [3.8295, 4.8239] sobre 2219 de 2221 filas con coordenada finita",plausible,colegios06_2025.gpkg,2025-06-30
111001015172,111001015172,COLEGIO ALEJANDRO OBREGON (IED),ALEJANDRO OBREGON,-74.10889999940991,4.5764999985694885,WGS 84 / Pseudo-Mercator,"EPSG:4326 (st_set_crs, sin transformar)","lon [-74.3933, -74.0162] lat [3.8295, 4.8239] sobre 2219 de 2221 filas con coordenada finita",plausible,colegios06_2025.gpkg,2025-06-30
111001015733,111001015733,COLEGIO ANTONIO BARAYA (IED),ANTONIO BARAYA,-74.10929999873042,4.583700001239777,WGS 84 / Pseudo-Mercator,"EPSG:4326 (st_set_crs, sin transformar)","lon [-74.3933, -74.0162] lat [3.8295, 4.8239] sobre 2219 de 2221 filas con coordenada finita",plausible,colegios06_2025.gpkg,2025-06-30
111001012840,111001015733,COLEGIO ANTONIO BARAYA (IED),PABLO VI,-74.10929999873042,4.586100000888109,WGS 84 / Pseudo-Mercator,"EPSG:4326 (st_set_crs, sin transformar)","lon [-74.3933, -74.0162] lat [3.8295, 4.8239] sobre 2219 de 2221 filas con coordenada finita",plausible,colegios06_2025.gpkg,2025-06-30
111001018058,111001018058,COLEGIO ALEXANDER FLEMING (IED),REINO UNIDO DE HOLANDA,-74.1207999996841,4.572000000625849,WGS 84 / Pseudo-Mercator,"EPSG:4326 (st_set_crs, sin transformar)","lon [-74.3933, -74.0162] lat [3.8295, 4.8239] sobre 2219 de 2221 filas con coordenada finita",plausible,colegios06_2025.gpkg,2025-06-30
111001018031,111001018058,COLEGIO ALEXANDER FLEMING (IED),ANTONIO RICAURTE,-74.12000000104308,4.571400001645088,WGS 84 / Pseudo-Mercator,"EPSG:4326 (st_set_crs, sin transformar)","lon [-74.3933, -74.0162] lat [3.8295, 4.8239] sobre 2219 de 2221 filas con coordenada finita",plausible,colegios06_2025.gpkg,2025-06-30
111001028355,111001018058,COLEGIO ALEXANDER FLEMING (IED),CONSUELO SUR,-74.12420000135899,4.565099999308586,WGS 84 / Pseudo-Mercator,"EPSG:4326 (st_set_crs, sin transformar)","lon [-74.3933, -74.0162] lat [3.8295, 4.8239] sobre 2219 de 2221 filas con coordenada finita",plausible,colegios06_2025.gpkg,2025-06-30
111001020095,111001020095,COLEGIO MISAEL PASTRANA BORRERO (IED),MISAEL PASTRANA BORRERO,-74.10830000042915,4.564699999988079,WGS 84 / Pseudo-Mercator,"EPSG:4326 (st_set_crs, sin transformar)","lon [-74.3933, -74.0162] lat [3.8295, 4.8239] sobre 2219 de 2221 filas con coordenada finita",plausible,colegios06_2025.gpkg,2025-06-30
111001027332,111001027332,COLEGIO GUSTAVO RESTREPO (IED),GUSTAVO RESTREPO,-74.10819999873638,4.578999999910593,WGS 84 / Pseudo-Mercator,"EPSG:4326 (st_set_crs, sin transformar)","lon [-74.3933, -74.0162] lat [3.8295, 4.8239] sobre 2219 de 2221 filas con coordenada finita",plausible,colegios06_2025.gpkg,2025-06-30
111001015130,111001027332,COLEGIO GUSTAVO RESTREPO (IED),JOSE ACEVEDO Y GOMEZ,-74.1026000007987,4.577300000935793,WGS 84 / Pseudo-Mercator,"EPSG:4326 (st_set_crs, sin transformar)","lon [-74.3933, -74.0162] lat [3.8295, 4.8239] sobre 2219 de 2221 filas con coordenada finita",plausible,colegios06_2025.gpkg,2025-06-30
111001106810,111001027332,COLEGIO GUSTAVO RESTREPO (IED),GABRIEL TURBAY,-74.09699999913573,4.583799999207258,WGS 84 / Pseudo-Mercator,"EPSG:4326 (st_set_crs, sin transformar)","lon [-74.3933, -74.0162] lat [3.8295, 4.8239] sobre 2219 de 2221 filas con coordenada finita",plausible,colegios06_2025.gpkg,2025-06-30
111001027383,111001027383,COLEGIO ALFREDO IRIARTE (IED),CHIRCALES,-74.11210000142455,4.558100000023842,WGS 84 / Pseudo-Mercator,"EPSG:4326 (st_set_crs, sin transformar)","lon [-74.3933, -74.0162] lat [3.8295, 4.8239] sobre 2219 de 2221 filas con coordenada finita",plausible,colegios06_2025.gpkg,2025-06-30
111001075141,111001027383,COLEGIO ALFREDO IRIARTE (IED),EL MIRADOR,-74.11630000174046,4.55970000103116,WGS 84 / Pseudo-Mercator,"EPSG:4326 (st_set_crs, sin transformar)","lon [-74.3933, -74.0162] lat [3.8295, 4.8239] sobre 2219 de 2221 filas con coordenada finita",plausible,colegios06_2025.gpkg,2025-06-30
111001098957,111001027383,COLEGIO ALFREDO IRIARTE (IED),LA MERCED SUR,-74.1207999996841,4.561900001019239,WGS 84 / Pseudo-Mercator,"EPSG:4326 (st_set_crs, sin transformar)","lon [-74.3933, -74.0162] lat [3.8295, 4.8239] sobre 2219 de 2221 filas con coordenada finita",plausible,colegios06_2025.gpkg,2025-06-30
111001028380,111001028380,COLEGIO PALERMO SUR (CED),PALERMO SUR,-74.10970000177622,4.543200001120567,WGS 84 / Pseudo-Mercator,"EPSG:4326 (st_set_crs, sin transformar)","lon [-74.3933, -74.0162] lat [3.8295, 4.8239] sobre 2219 de 2221 filas con coordenada finita",plausible,colegios06_2025.gpkg,2025-06-30
111001030015,111001030015,COLEGIO ENRIQUE OLAYA HERRERA (IED),ENRIQUE OLAYA HERRERA,-74.10130000114441,4.568500000983477,WGS 84 / Pseudo-Mercator,"EPSG:4326 (st_set_crs, sin transformar)","lon [-74.3933, -74.0162] lat [3.8295, 4.8239] sobre 2219 de 2221 filas con coordenada finita",plausible,colegios06_2025.gpkg,2025-06-30
111001032395,111001032395,COLEGIO REPUBLICA EE.UU. DE AMERICA (IED),REPUBLICA EE.UU. DE AMERICA,-74.10530000180006,4.584300000220537,WGS 84 / Pseudo-Mercator,"EPSG:4326 (st_set_crs, sin transformar)","lon [-74.3933, -74.0162] lat [3.8295, 4.8239] sobre 2219 de 2221 filas con coordenada finita",plausible,colegios06_2025.gpkg,2025-06-30
111001034134,111001034134,COLEGIO CLEMENCIA DE CAYCEDO (IED),CLEMENCIA DE CAYCEDO,-74.11470000073314,4.580699998885393,WGS 84 / Pseudo-Mercator,"EPSG:4326 (st_set_crs, sin transformar)","lon [-74.3933, -74.0162] lat [3.8295, 4.8239] sobre 2219 de 2221 filas con coordenada finita",plausible,colegios06_2025.gpkg,2025-06-30
111001036765,111001036765,COLEGIO JOSE MARTI (IED),LUIS LOPEZ DE MESA,-74.11010000109673,4.572999998927116,WGS 84 / Pseudo-Mercator,"EPSG:4326 (st_set_crs, sin transformar)","lon [-74.3933, -74.0162] lat [3.8295, 4.8239] sobre 2219 de 2221 filas con coordenada finita",plausible,colegios06_2025.gpkg,2025-06-30
111001018112,111001036765,COLEGIO JOSE MARTI (IED),NAZARETH,-74.11290000006557,4.574400000274181,WGS 84 / Pseudo-Mercator,"EPSG:4326 (st_set_crs, sin transformar)","lon [-74.3933, -74.0162] lat [3.8295, 4.8239] sobre 2219 de 2221 filas con coordenada finita",plausible,colegios06_2025.gpkg,2025-06-30
111001017981,111001036765,COLEGIO JOSE MARTI (IED),GRANJAS SAN PABLO,-74.11609999835491,4.571600001305342,WGS 84 / Pseudo-Mercator,"EPSG:4326 (st_set_crs, sin transformar)","lon [-74.3933, -74.0162] lat [3.8295, 4.8239] sobre 2219 de 2221 filas con coordenada finita",plausible,colegios06_2025.gpkg,2025-06-30
111001015148,111001036765,COLEGIO JOSE MARTI (IED),LA RESURRECCION,-74.1094000004232,4.568199999630451,WGS 84 / Pseudo-Mercator,"EPSG:4326 (st_set_crs, sin transformar)","lon [-74.3933, -74.0162] lat [3.8295, 4.8239] sobre 2219 de 2221 filas con coordenada finita",plausible,colegios06_2025.gpkg,2025-06-30
111001012912,111001036765,COLEGIO JOSE MARTI (IED),RIO DE JANEIRO,-74.11600000038743,4.574400000274181,WGS 84 / Pseudo-Mercator,"EPSG:4326 (st_set_crs, sin transformar)","lon [-74.3933, -74.0162] lat [3.8295, 4.8239] sobre 2219 de 2221 filas con coordenada finita",plausible,colegios06_2025.gpkg,2025-06-30
111001041611,111001041611,COLEGIO DIANA TURBAY (IED),DIANA TURBAY I,-74.11010000109673,4.5476000010967255,WGS 84 / Pseudo-Mercator,"EPSG:4326 (st_set_crs, sin transformar)","lon [-74.3933, -74.0162] lat [3.8295, 4.8239] sobre 2219 de 2221 filas con coordenada finita",plausible,colegios06_2025.gpkg,2025-06-30
111001087815,111001041611,COLEGIO DIANA TURBAY (IED),DIANA TURBAY II,-74.10770000144839,4.545400001108646,WGS 84 / Pseudo-Mercator,"EPSG:4326 (st_set_crs, sin transformar)","lon [-74.3933, -74.0162] lat [3.8295, 4.8239] sobre 2219 de 2221 filas con coordenada finita",plausible,colegios06_2025.gpkg,2025-06-30
111001076376,111001076376,COLEGIO MARRUECOS Y MOLINOS (IED),MARRUECOS Y MOLINOS,-74.11800000071526,4.555300001055002,WGS 84 / Pseudo-Mercator,"EPSG:4326 (st_set_crs, sin transformar)","lon [-74.3933, -74.0162] lat [3.8295, 4.8239] sobre 2219 de 2221 filas con coordenada finita",plausible,colegios06_2025.gpkg,2025-06-30
111001078930,111001078930,COLEGIO LA PAZ (IED),LA PAZ,-74.11679999902844,4.543600000441074,WGS 84 / Pseudo-Mercator,"EPSG:4326 (st_set_crs, sin transformar)","lon [-74.3933, -74.0162] lat [3.8295, 4.8239] sobre 2219 de 2221 filas con coordenada finita",plausible,colegios06_2025.gpkg,2025-06-30
111001801331,111001078930,COLEGIO LA PAZ (IED),FE Y ALEGRIA,-74.11340000107884,4.544599998742342,WGS 84 / Pseudo-Mercator,"EPSG:4326 (st_set_crs, sin transformar)","lon [-74.3933, -74.0162] lat [3.8295, 4.8239] sobre 2219 de 2221 filas con coordenada finita",plausible,colegios06_2025.gpkg,2025-06-30
111001098965,111001098965,COLEGIO SANTA LUCIA (IED),COLEGIO SANTA LUCIA (IED) - SEDE PRINCIPAL,-74.11730000004172,4.574000000953674,WGS 84 / Pseudo-Mercator,"EPSG:4326 (st_set_crs, sin transformar)","lon [-74.3933, -74.0162] lat [3.8295, 4.8239] sobre 2219 de 2221 filas con coordenada finita",plausible,colegios06_2025.gpkg,2025-06-30
111001102091,111001102091,COLEGIO COLOMBIA VIVA (IED),NESTOR FORERO ALCALA,-74.10770000144839,4.55350000038743,WGS 84 / Pseudo-Mercator,"EPSG:4326 (st_set_crs, sin transformar)","lon [-74.3933, -74.0162] lat [3.8295, 4.8239] sobre 2219 de 2221 filas con coordenada finita",plausible,colegios06_2025.gpkg,2025-06-30
111001107794,111001107794,COLEGIO MARIA CANO (IED),MARIA CANO,-74.11549999937415,4.559300001710653,WGS 84 / Pseudo-Mercator,"EPSG:4326 (st_set_crs, sin transformar)","lon [-74.3933, -74.0162] lat [3.8295, 4.8239] sobre 2219 de 2221 filas con coordenada finita",plausible,colegios06_2025.gpkg,2025-06-30
311001000441,311001000441,LICEO PARROQUIAL SAN JOSE,LICEO PARROQUIAL SAN JOSE,-74.12209999933839,4.569200001657009,WGS 84 / Pseudo-Mercator,"EPSG:4326 (st_set_crs, sin transformar)","lon [-74.3933, -74.0162] lat [3.8295, 4.8239] sobre 2219 de 2221 filas con coordenada finita",plausible,colegios06_2025.gpkg,2025-06-30
311001000727,311001000727,LICEO SUPERIOR DE BOGOTA,LICEO SUPERIOR DE BOGOTA,-74.10449999943376,4.581999998539686,WGS 84 / Pseudo-Mercator,"EPSG:4326 (st_set_crs, sin transformar)","lon [-74.3933, -74.0162] lat [3.8295, 4.8239] sobre 2219 de 2221 filas con coordenada finita",plausible,colegios06_2025.gpkg,2025-06-30
311001001049,311001001049,COLEGIO EL CARMEN TERESIANO,COLEGIO EL CARMEN TERESIANO,-74.10379999876022,4.569600000977516,WGS 84 / Pseudo-Mercator,"EPSG:4326 (st_set_crs, sin transformar)","lon [-74.3933, -74.0162] lat [3.8295, 4.8239] sobre 2219 de 2221 filas con coordenada finita",plausible,colegios06_2025.gpkg,2025-06-30
311001001332,311001001332,COLEGIO DANILO CIFUENTES,COLEGIO DANILO CIFUENTES,-74.09980000182986,4.570300001651049,WGS 84 / Pseudo-Mercator,"EPSG:4326 (st_set_crs, sin transformar)","lon [-74.3933, -74.0162] lat [3.8295, 4.8239] sobre 2219 de 2221 filas con coordenada finita",plausible,colegios06_2025.gpkg,2025-06-30
311001001553,311001001553,COLEGIO HERMANOS BELTRAN,COLEGIO HERMANOS BELTRAN,-74.11980000138283,4.56980000063777,WGS 84 / Pseudo-Mercator,"EPSG:4326 (st_set_crs, sin transformar)","lon [-74.3933, -74.0162] lat [3.8295, 4.8239] sobre 2219 de 2221 filas con coordenada finita",plausible,colegios06_2025.gpkg,2025-06-30
311001002321,311001002321,COLEGIO PARROQUIAL SAN JUAN BAUTISTA DE LA SALLE,COLEGIO PARROQUIAL SAN JUAN BAUTISTA DE LA SALLE,-74.09640000015497,4.575300000607967,WGS 84 / Pseudo-Mercator,"EPSG:4326 (st_set_crs, sin transformar)","lon [-74.3933, -74.0162] lat [3.8295, 4.8239] sobre 2219 de 2221 filas con coordenada finita",plausible,colegios06_2025.gpkg,2025-06-30
311001002380,311001002380,INSTITUTO SAN IGNACIO DE LOYOLA,INSTITUTO SAN IGNACIO DE LOYOLA,-74.10900000110269,4.581700000911951,WGS 84 / Pseudo-Mercator,"EPSG:4326 (st_set_crs, sin transformar)","lon [-74.3933, -74.0162] lat [3.8295, 4.8239] sobre 2219 de 2221 filas con coordenada finita",plausible,colegios06_2025.gpkg,2025-06-30
311001003891,311001003891,INSTITUTO SAN PABLO APOSTOL,INSTITUTO SAN PABLO APOSTOL,-74.11300000175834,4.584699999541044,WGS 84 / Pseudo-Mercator,"EPSG:4326 (st_set_crs, sin transformar)","lon [-74.3933, -74.0162] lat [3.8295, 4.8239] sobre 2219 de 2221 filas con coordenada finita",plausible,colegios06_2025.gpkg,2025-06-30
311001004986,311001004986,COLEGIO NUESTRA SEÑORA DE LA SABIDURIA,COLEGIO NUESTRA SEÑORA DE LA SABIDURIA,-74.09800000116229,4.578000001609325,WGS 84 / Pseudo-Mercator,"EPSG:4326 (st_set_crs, sin transformar)","lon [-74.3933, -74.0162] lat [3.8295, 4.8239] sobre 2219 de 2221 filas con coordenada finita",plausible,colegios06_2025.gpkg,2025-06-30
311001006466,311001006466,COLEGIO PARROQUIAL SAN LUIS GONZAGA,COLEGIO PARROQUIAL SAN LUIS GONZAGA,-74.12099999934435,4.5802000015974045,WGS 84 / Pseudo-Mercator,"EPSG:4326 (st_set_crs, sin transformar)","lon [-74.3933, -74.0162] lat [3.8295, 4.8239] sobre 2219 de 2221 filas con coordenada finita",plausible,colegios06_2025.gpkg,2025-06-30
311001009007,311001009007,COLEGIO PARROQUIAL DE NUESTRA SEÑORA,COLEGIO PARROQUIAL DE NUESTRA SEÑORA,-74.11349999904633,4.581700000911951,WGS 84 / Pseudo-Mercator,"EPSG:4326 (st_set_crs, sin transformar)","lon [-74.3933, -74.0162] lat [3.8295, 4.8239] sobre 2219 de 2221 filas con coordenada finita",plausible,colegios06_2025.gpkg,2025-06-30
311001010099,311001010099,GIMNASIO SAN JOSE,GIMNASIO SAN JOSE,-74.10410000011325,4.575500000268221,WGS 84 / Pseudo-Mercator,"EPSG:4326 (st_set_crs, sin transformar)","lon [-74.3933, -74.0162] lat [3.8295, 4.8239] sobre 2219 de 2221 filas con coordenada finita",plausible,colegios06_2025.gpkg,2025-06-30
311001012598,311001012598,COLEGIO PARROQUIAL DEL INMACULADO CORAZON DE MARIA,COLEGIO PARROQUIAL DEL INMACULADO CORAZON DE MARIA,-74.12770000100136,4.584499999880791,WGS 84 / Pseudo-Mercator,"EPSG:4326 (st_set_crs, sin transformar)","lon [-74.3933, -74.0162] lat [3.8295, 4.8239] sobre 2219 de 2221 filas con coordenada finita",plausible,colegios06_2025.gpkg,2025-06-30
311001016623,311001016623,CENTRO EDUCATIVO LAS COLINAS,CENTRO EDUCATIVO LAS COLINAS,-74.11369999870658,4.572799999266863,WGS 84 / Pseudo-Mercator,"EPSG:4326 (st_set_crs, sin transformar)","lon [-74.3933, -74.0162] lat [3.8295, 4.8239] sobre 2219 de 2221 filas con coordenada finita",plausible,colegios06_2025.gpkg,2025-06-30
311001016828,311001016828,INSTITUTO SAN ANTONIO DE PADUA,INSTITUTO SAN ANTONIO DE PADUA,-74.12299999967217,4.575800001621246,WGS 84 / Pseudo-Mercator,"EPSG:4326 (st_set_crs, sin transformar)","lon [-74.3933, -74.0162] lat [3.8295, 4.8239] sobre 2219 de 2221 filas con coordenada finita",plausible,colegios06_2025.gpkg,2025-06-30
311001025207,311001025207,COLEGIO ALVARO CAMARGO DE LA TORRE,COLEGIO ALVARO CAMARGO DE LA TORRE,-74.10440000146627,4.570500001311302,WGS 84 / Pseudo-Mercator,"EPSG:4326 (st_set_crs, sin transformar)","lon [-74.3933, -74.0162] lat [3.8295, 4.8239] sobre 2219 de 2221 filas con coordenada finita",plausible,colegios06_2025.gpkg,2025-06-30
311001026459,311001026459,LICEO LORENZO GRACIAN,LICEO LORENZO GRACIAN,-74.11309999972582,4.5773999989032745,WGS 84 / Pseudo-Mercator,"EPSG:4326 (st_set_crs, sin transformar)","lon [-74.3933, -74.0162] lat [3.8295, 4.8239] sobre 2219 de 2221 filas con coordenada finita",plausible,colegios06_2025.gpkg,2025-06-30
311001027200,311001027200,GIMNASIO INDOAMERICANO,GIMNASIO INDOAMERICANO,-74.09899999946356,4.574200000613928,WGS 84 / Pseudo-Mercator,"EPSG:4326 (st_set_crs, sin transformar)","lon [-74.3933, -74.0162] lat [3.8295, 4.8239] sobre 2219 de 2221 filas con coordenada finita",plausible,colegios06_2025.gpkg,2025-06-30
311001031720,311001031720,INSTITUTO PEDAGOGICO NUESTRA SEÑORA DE LAS LAJAS,INSTITUTO PEDAGOGICO NUESTRA SEÑORA DE LAS LAJAS,-74.11059999838471,4.555799998342991,WGS 84 / Pseudo-Mercator,"EPSG:4326 (st_set_crs, sin transformar)","lon [-74.3933, -74.0162] lat [3.8295, 4.8239] sobre 2219 de 2221 filas con coordenada finita",plausible,colegios06_2025.gpkg,2025-06-30
311001038911,311001038911,LICEO JUAN MIGUEL,LICEO JUAN MIGUEL,-74.10929999873042,4.548799999058247,WGS 84 / Pseudo-Mercator,"EPSG:4326 (st_set_crs, sin transformar)","lon [-74.3933, -74.0162] lat [3.8295, 4.8239] sobre 2219 de 2221 filas con coordenada finita",plausible,colegios06_2025.gpkg,2025-06-30
311001042977,311001042977,COLEGIO RAFAEL MARIA CARRASQUILLA,COLEGIO RAFAEL MARIA CARRASQUILLA,-74.10610000044107,4.55350000038743,WGS 84 / Pseudo-Mercator,"EPSG:4326 (st_set_crs, sin transformar)","lon [-74.3933, -74.0162] lat [3.8295, 4.8239] sobre 2219 de 2221 filas con coordenada finita",plausible,colegios06_2025.gpkg,2025-06-30
311001043787,311001043787,INSTITUTO VILLA DE LA FRATERNIDAD,INSTITUTO VILLA DE LA FRATERNIDAD,-74.103900000453,4.569299999624491,WGS 84 / Pseudo-Mercator,"EPSG:4326 (st_set_crs, sin transformar)","lon [-74.3933, -74.0162] lat [3.8295, 4.8239] sobre 2219 de 2221 filas con coordenada finita",plausible,colegios06_2025.gpkg,2025-06-30
311001043850,311001043850,EXTERNADO DEL SUR PSICOPEDAGOGICO,EXTERNADO DEL SUR PSICOPEDAGOGICO,-74.09899999946356,4.5784000009298325,WGS 84 / Pseudo-Mercator,"EPSG:4326 (st_set_crs, sin transformar)","lon [-74.3933, -74.0162] lat [3.8295, 4.8239] sobre 2219 de 2221 filas con coordenada finita",plausible,colegios06_2025.gpkg,2025-06-30
311001043876,311001043876,LICEO MAYOR DE PALERMO,LICEO MAYOR DE PALERMO,-74.1119000017643,4.542500000447035,WGS 84 / Pseudo-Mercator,"EPSG:4326 (st_set_crs, sin transformar)","lon [-74.3933, -74.0162] lat [3.8295, 4.8239] sobre 2219 de 2221 filas con coordenada finita",plausible,colegios06_2025.gpkg,2025-06-30
311001046611,311001046611,COLEGIO DESPERTAR,COLEGIO DESPERTAR,-74.1191000007093,4.554699998348951,WGS 84 / Pseudo-Mercator,"EPSG:4326 (st_set_crs, sin transformar)","lon [-74.3933, -74.0162] lat [3.8295, 4.8239] sobre 2219 de 2221 filas con coordenada finita",plausible,colegios06_2025.gpkg,2025-06-30
311001047499,311001047499,COLEGIO SAN ESTEBAN,COLEGIO SAN ESTEBAN,-74.11300000175834,4.5769999995827675,WGS 84 / Pseudo-Mercator,"EPSG:4326 (st_set_crs, sin transformar)","lon [-74.3933, -74.0162] lat [3.8295, 4.8239] sobre 2219 de 2221 filas con coordenada finita",plausible,colegios06_2025.gpkg,2025-06-30
311001051798,311001051798,INSTITUTO PSICOPEDAGOGICO INTEGRAL - IPSI,INSTITUTO PSICOPEDAGOGICO INTEGRAL - IPSI,-74.11089999973774,4.557199999690056,WGS 84 / Pseudo-Mercator,"EPSG:4326 (st_set_crs, sin transformar)","lon [-74.3933, -74.0162] lat [3.8295, 4.8239] sobre 2219 de 2221 filas con coordenada finita",plausible,colegios06_2025.gpkg,2025-06-30
311001051852,311001051852,LICEO PSICOPEDAGOGICO SAN PABLO,LICEO PSICOPEDAGOGICO SAN PABLO,-74.11160000041127,4.554400000721216,WGS 84 / Pseudo-Mercator,"EPSG:4326 (st_set_crs, sin transformar)","lon [-74.3933, -74.0162] lat [3.8295, 4.8239] sobre 2219 de 2221 filas con coordenada finita",plausible,colegios06_2025.gpkg,2025-06-30
311001075361,311001075361,COLEGIO PSICOPEDAGOGICO AMERICANO DEL SUR,COLEGIO PSICOPEDAGOGICO AMERICANO DEL SUR,-74.0971000008285,4.577599998563528,WGS 84 / Pseudo-Mercator,"EPSG:4326 (st_set_crs, sin transformar)","lon [-74.3933, -74.0162] lat [3.8295, 4.8239] sobre 2219 de 2221 filas con coordenada finita",plausible,colegios06_2025.gpkg,2025-06-30
311001075859,311001075859,JARDIN INFANTIL CASTILLO DE SUEÑOS Y ALEGRIAS,JARDIN INFANTIL CASTILLO DE SUEÑOS Y ALEGRIAS,-74.12609999999404,4.590999998152256,WGS 84 / Pseudo-Mercator,"EPSG:4326 (st_set_crs, sin transformar)","lon [-74.3933, -74.0162] lat [3.8295, 4.8239] sobre 2219 de 2221 filas con coordenada finita",plausible,colegios06_2025.gpkg,2025-06-30
311001077541,311001077541,COLEGIO CRISTIANO DE COLOMBIA,COLEGIO CRISTIANO DE COLOMBIA,-74.1292000003159,4.578099999576807,WGS 84 / Pseudo-Mercator,"EPSG:4326 (st_set_crs, sin transformar)","lon [-74.3933, -74.0162] lat [3.8295, 4.8239] sobre 2219 de 2221 filas con coordenada finita",plausible,colegios06_2025.gpkg,2025-06-30
311001077681,311001077681,LICEO NUEVA FANTASIA,LICEO NUEVA FANTASIA,-74.12000000104308,4.556200001388788,WGS 84 / Pseudo-Mercator,"EPSG:4326 (st_set_crs, sin transformar)","lon [-74.3933, -74.0162] lat [3.8295, 4.8239] sobre 2219 de 2221 filas con coordenada finita",plausible,colegios06_2025.gpkg,2025-06-30
311001088250,311001088250,GIMNASIO NUEVA VILLA MAYOR,GIMNASIO NUEVA VILLA MAYOR,-74.1262999996543,4.588199999183416,WGS 84 / Pseudo-Mercator,"EPSG:4326 (st_set_crs, sin transformar)","lon [-74.3933, -74.0162] lat [3.8295, 4.8239] sobre 2219 de 2221 filas con coordenada finita",plausible,colegios06_2025.gpkg,2025-06-30
311001089981,311001089981,INSTITUTO GUSTAVO ADOLFO BECQUER,INSTITUTO GUSTAVO ADOLFO BECQUER,-74.10830000042915,4.551399998366833,WGS 84 / Pseudo-Mercator,"EPSG:4326 (st_set_crs, sin transformar)","lon [-74.3933, -74.0162] lat [3.8295, 4.8239] sobre 2219 de 2221 filas con coordenada finita",plausible,colegios06_2025.gpkg,2025-06-30
311001090190,311001090190,JARDIN INFANTIL CHAMAQUITOS,JARDIN INFANTIL CHAMAQUITOS,-74.09679999947548,4.573800001293421,WGS 84 / Pseudo-Mercator,"EPSG:4326 (st_set_crs, sin transformar)","lon [-74.3933, -74.0162] lat [3.8295, 4.8239] sobre 2219 de 2221 filas con coordenada finita",plausible,colegios06_2025.gpkg,2025-06-30
311001091293,311001091293,COLEGIO COLOMBO FLORIDA BILINGÜE,COLEGIO COLOMBO FLORIDA BILINGÜE,-74.10020000115037,4.579199999570847,WGS 84 / Pseudo-Mercator,"EPSG:4326 (st_set_crs, sin transformar)","lon [-74.3933, -74.0162] lat [3.8295, 4.8239] sobre 2219 de 2221 filas con coordenada finita",plausible,colegios06_2025.gpkg,2025-06-30
311001091854,311001091854,CENTRO EDUCATIVO DEL QUIROGA,CENTRO EDUCATIVO DEL QUIROGA,-74.11989999935031,4.581300001591444,WGS 84 / Pseudo-Mercator,"EPSG:4326 (st_set_crs, sin transformar)","lon [-74.3933, -74.0162] lat [3.8295, 4.8239] sobre 2219 de 2221 filas con coordenada finita",plausible,colegios06_2025.gpkg,2025-06-30
311001091862,311001091862,COLEGIO DE ADMINISTRACION ROBERT OWEN,COLEGIO DE ADMINISTRACION ROBERT OWEN,-74.10830000042915,4.54839999973774,WGS 84 / Pseudo-Mercator,"EPSG:4326 (st_set_crs, sin transformar)","lon [-74.3933, -74.0162] lat [3.8295, 4.8239] sobre 2219 de 2221 filas con coordenada finita",plausible,colegios06_2025.gpkg,2025-06-30
311001092052,311001092052,JARDIN INFANTIL PEQUITAS,JARDIN INFANTIL PEQUITAS,-74.110199999064207,4.585299998521805,WGS 84 / Pseudo-Mercator,"EPSG:4326 (st_set_crs, sin transformar)","lon [-74.3933, -74.0162] lat [3.8295, 4.8239] sobre 2219 de 2221 filas con coordenada finita",plausible,colegios06_2025.gpkg,2025-06-30
311001092541,311001092541,LICEO LORD SINCLER LOS CAMINOS DEL SABER,LICEO LORD SINCLER LOS CAMINOS DEL SABER,-74.11450000107288,4.55519999936223,WGS 84 / Pseudo-Mercator,"EPSG:4326 (st_set_crs, sin transformar)","lon [-74.3933, -74.0162] lat [3.8295, 4.8239] sobre 2219 de 2221 filas con coordenada finita",plausible,colegios06_2025.gpkg,2025-06-30
311001092818,311001092818,NUEVO LICEO SANTA CLARA,NUEVO LICEO SANTA CLARA,-74.12070000171661,4.5590999983251095,WGS 84 / Pseudo-Mercator,"EPSG:4326 (st_set_crs, sin transformar)","lon [-74.3933, -74.0162] lat [3.8295, 4.8239] sobre 2219 de 2221 filas con coordenada finita",plausible,colegios06_2025.gpkg,2025-06-30
311001093199,311001093199,COLEGIO MARIA ADELAIDA HOY,COLEGIO MARIA ADELAIDA HOY,-74.11059999838471,4.5425999984145164,WGS 84 / Pseudo-Mercator,"EPSG:4326 (st_set_crs, sin transformar)","lon [-74.3933, -74.0162] lat [3.8295, 4.8239] sobre 2219 de 2221 filas con coordenada finita",plausible,colegios06_2025.gpkg,2025-06-30
311001093253,311001093253,COLEGIO MAYOR DEL CLARET,COLEGIO MAYOR DEL CLARET,-74.12570000067353,4.584899999201298,WGS 84 / Pseudo-Mercator,"EPSG:4326 (st_set_crs, sin transformar)","lon [-74.3933, -74.0162] lat [3.8295, 4.8239] sobre 2219 de 2221 filas con coordenada finita",plausible,colegios06_2025.gpkg,2025-06-30
311001093881,311001093881,JARDIN INFANTIL EL PORTAL DEL SOSIEGO,JARDIN INFANTIL EL PORTAL DEL SOSIEGO,-74.0987999998033,4.575500000268221,WGS 84 / Pseudo-Mercator,"EPSG:4326 (st_set_crs, sin transformar)","lon [-74.3933, -74.0162] lat [3.8295, 4.8239] sobre 2219 de 2221 filas con coordenada finita",plausible,colegios06_2025.gpkg,2025-06-30
311001094942,311001094942,CENTRO DE EDUCACION FORMAL ROBERT HOOKE,CENTRO DE EDUCACION FORMAL ROBERT HOOKE,-74.12379999831319,4.57490000128746,WGS 84 / Pseudo-Mercator,"EPSG:4326 (st_set_crs, sin transformar)","lon [-74.3933, -74.0162] lat [3.8295, 4.8239] sobre 2219 de 2221 filas con coordenada finita",plausible,colegios06_2025.gpkg,2025-06-30
311001095523,311001095523,COLEGIO MAYOR DEL QUIROGA,COLEGIO MAYOR DEL QUIROGA,-74.11639999970794,4.580299999564886,WGS 84 / Pseudo-Mercator,"EPSG:4326 (st_set_crs, sin transformar)","lon [-74.3933, -74.0162] lat [3.8295, 4.8239] sobre 2219 de 2221 filas con coordenada finita",plausible,colegios06_2025.gpkg,2025-06-30
311001096465,311001096465,LICEO TECNICO MICROEMPRESARIAL FEYSER GORDILLO ROJAS,LICEO TECNICO MICROEMPRESARIAL FEYSER GORDILLO ROJAS,-74.11180000007153,4.556800000369549,WGS 84 / Pseudo-Mercator,"EPSG:4326 (st_set_crs, sin transformar)","lon [-74.3933, -74.0162] lat [3.8295, 4.8239] sobre 2219 de 2221 filas con coordenada finita",plausible,colegios06_2025.gpkg,2025-06-30
311001101213,311001101213,COLEGIO CRISTIANO DIOS ES AMOR SEDE MIS CORDERITOS,COLEGIO CRISTIANO DIOS ES AMOR SEDE MIS CORDERITOS,-74.11939999833703,4.587699998170137,WGS 84 / Pseudo-Mercator,"EPSG:4326 (st_set_crs, sin transformar)","lon [-74.3933, -74.0162] lat [3.8295, 4.8239] sobre 2219 de 2221 filas con coordenada finita",plausible,colegios06_2025.gpkg,2025-06-30
311001101850,311001101850,COLEGIO DOMINGO SAVIO BILINGUAL SCHOOL,COLEGIO DOMINGO SAVIO BILINGUAL SCHOOL,-74.10779999941587,4.585799999535084,WGS 84 / Pseudo-Mercator,"EPSG:4326 (st_set_crs, sin transformar)","lon [-74.3933, -74.0162] lat [3.8295, 4.8239] sobre 2219 de 2221 filas con coordenada finita",plausible,colegios06_2025.gpkg,2025-06-30
311001101884,311001101884,INSTITUCION EDUCATIVA INTERAMERICANA,INSTITUCION EDUCATIVA INTERAMERICANA,-74.1211999990046,4.568300001323223,WGS 84 / Pseudo-Mercator,"EPSG:4326 (st_set_crs, sin transformar)","lon [-74.3933, -74.0162] lat [3.8295, 4.8239] sobre 2219 de 2221 filas con coordenada finita",plausible,colegios06_2025.gpkg,2025-06-30
311001102325,311001102325,LICEO PSICOPEDAGOGICO SENDEROS DEL CONOCIMIENTO,LICEO PSICOPEDAGOGICO SENDEROS DEL CONOCIMIENTO,-74.11340000107884,4.5760999992489815,WGS 84 / Pseudo-Mercator,"EPSG:4326 (st_set_crs, sin transformar)","lon [-74.3933, -74.0162] lat [3.8295, 4.8239] sobre 2219 de 2221 filas con coordenada finita",plausible,colegios06_2025.gpkg,2025-06-30
311001102333,311001102333,LICEO JORGE ROBLEDO,LICEO JORGE ROBLEDO,-74.11760000139475,4.556499999016523,WGS 84 / Pseudo-Mercator,"EPSG:4326 (st_set_crs, sin transformar)","lon [-74.3933, -74.0162] lat [3.8295, 4.8239] sobre 2219 de 2221 filas con coordenada finita",plausible,colegios06_2025.gpkg,2025-06-30
311001102805,311001102805,FUNDACION COLEGIO PRINCIPIO DE SABIDURIA,FUNDACION COLEGIO PRINCIPIO DE SABIDURIA,-74.11829999834299,4.586199998855591,WGS 84 / Pseudo-Mercator,"EPSG:4326 (st_set_crs, sin transformar)","lon [-74.3933, -74.0162] lat [3.8295, 4.8239] sobre 2219 de 2221 filas con coordenada finita",plausible,colegios06_2025.gpkg,2025-06-30
311001102821,311001102821,COLEGIO INTEGRADO SANTO TORIBIO DE MOGROVEJO,COLEGIO INTEGRADO SANTO TORIBIO DE MOGROVEJO,-74.11219999939203,4.547400001436472,WGS 84 / Pseudo-Mercator,"EPSG:4326 (st_set_crs, sin transformar)","lon [-74.3933, -74.0162] lat [3.8295, 4.8239] sobre 2219 de 2221 filas con coordenada finita",plausible,colegios06_2025.gpkg,2025-06-30
311001106100,311001106100,LICEO INFANTIL LE FOUNTAIN,LICEO INFANTIL LE FOUNTAIN,-74.11419999971986,4.560600001364946,WGS 84 / Pseudo-Mercator,"EPSG:4326 (st_set_crs, sin transformar)","lon [-74.3933, -74.0162] lat [3.8295, 4.8239] sobre 2219 de 2221 filas con coordenada finita",plausible,colegios06_2025.gpkg,2025-06-30
311001106118,311001106118,COLEGIO CENAT,COLEGIO CENAT,-74.1237000003457,4.572999998927116,WGS 84 / Pseudo-Mercator,"EPSG:4326 (st_set_crs, sin transformar)","lon [-74.3933, -74.0162] lat [3.8295, 4.8239] sobre 2219 de 2221 filas con coordenada finita",plausible,colegios06_2025.gpkg,2025-06-30
311001106126,311001106126,CENTRO SOCIAL DE ESTUDIOS,CENTRO SOCIAL DE ESTUDIOS,-74.12819999828935,4.58390000090003,WGS 84 / Pseudo-Mercator,"EPSG:4326 (st_set_crs, sin transformar)","lon [-74.3933, -74.0162] lat [3.8295, 4.8239] sobre 2219 de 2221 filas con coordenada finita",plausible,colegios06_2025.gpkg,2025-06-30
311001106151,311001106151,CORPORACION EDUCATIVA POLITECNICO LA SALLE,CORPORACION EDUCATIVA POLITECNICO LA SALLE,-74.09530000016093,4.5751999989151955,WGS 84 / Pseudo-Mercator,"EPSG:4326 (st_set_crs, sin transformar)","lon [-74.3933, -74.0162] lat [3.8295, 4.8239] sobre 2219 de 2221 filas con coordenada finita",plausible,colegios06_2025.gpkg,2025-06-30
311001106169,311001106169,GIMNASIO MODERNO CARLO ACUTIS,GIMNASIO MODERNO CARLO ACUTIS,-74.12819999828935,4.589800000190735,WGS 84 / Pseudo-Mercator,"EPSG:4326 (st_set_crs, sin transformar)","lon [-74.3933, -74.0162] lat [3.8295, 4.8239] sobre 2219 de 2221 filas con coordenada finita",plausible,colegios06_2025.gpkg,2025-06-30
311001106177,311001106177,INSTITUTO ANDRE MICHELIN,INSTITUTO ANDRE MICHELIN,-74.09569999948144,4.576400000602007,WGS 84 / Pseudo-Mercator,"EPSG:4326 (st_set_crs, sin transformar)","lon [-74.3933, -74.0162] lat [3.8295, 4.8239] sobre 2219 de 2221 filas con coordenada finita",plausible,colegios06_2025.gpkg,2025-06-30
311001106452,311001106452,LICEO PEDAGOGICO MENDELEV,LICEO PEDAGOGICO MENDELEV,-74.11389999836683,4.557300001382828,WGS 84 / Pseudo-Mercator,"EPSG:4326 (st_set_crs, sin transformar)","lon [-74.3933, -74.0162] lat [3.8295, 4.8239] sobre 2219 de 2221 filas con coordenada finita",plausible,colegios06_2025.gpkg,2025-06-30
311001108315,311001108315,COLEGIO MONTESSORIANO,COLEGIO MONTESSORIANO,-74.11730000004172,4.568799998611212,WGS 84 / Pseudo-Mercator,"EPSG:4326 (st_set_crs, sin transformar)","lon [-74.3933, -74.0162] lat [3.8295, 4.8239] sobre 2219 de 2221 filas con coordenada finita",plausible,colegios06_2025.gpkg,2025-06-30
311001108374,311001108374,LICEO PSICOPEDAGOGICO MARCO FIDEL SUAREZ,LICEO PSICOPEDAGOGICO MARCO FIDEL SUAREZ,-74.11840000003576,4.567899998277426,WGS 84 / Pseudo-Mercator,"EPSG:4326 (st_set_crs, sin transformar)","lon [-74.3933, -74.0162] lat [3.8295, 4.8239] sobre 2219 de 2221 filas con coordenada finita",plausible,colegios06_2025.gpkg,2025-06-30
311001110417,311001110417,COLEGIO JALIL GIBRAN,COLEGIO JALIL GIBRAN,-74.14420000091195,4.593199998140335,WGS 84 / Pseudo-Mercator,"EPSG:4326 (st_set_crs, sin transformar)","lon [-74.3933, -74.0162] lat [3.8295, 4.8239] sobre 2219 de 2221 filas con coordenada finita",plausible,colegios06_2025.gpkg,2025-06-30
311001110549,311001110549,CENTRO EDUCATIVO SAN PABLO CESP,CENTRO EDUCATIVO SAN PABLO CESP,-74.11169999837875,4.554499998688698,WGS 84 / Pseudo-Mercator,"EPSG:4326 (st_set_crs, sin transformar)","lon [-74.3933, -74.0162] lat [3.8295, 4.8239] sobre 2219 de 2221 filas con coordenada finita",plausible,colegios06_2025.gpkg,2025-06-30
311001110697,311001110697,COLEGIO RENE DESCARTES,COLEGIO RENE DESCARTES,-74.0962999984622,4.576900001615286,WGS 84 / Pseudo-Mercator,"EPSG:4326 (st_set_crs, sin transformar)","lon [-74.3933, -74.0162] lat [3.8295, 4.8239] sobre 2219 de 2221 filas con coordenada finita",plausible,colegios06_2025.gpkg,2025-06-30
311001110701,311001110701,COLEGIO MARIO LUIS RODRIGUEZ COBOS,COLEGIO MARIO LUIS RODRIGUEZ COBOS,-74.12939999997616,4.581999998539686,WGS 84 / Pseudo-Mercator,"EPSG:4326 (st_set_crs, sin transformar)","lon [-74.3933, -74.0162] lat [3.8295, 4.8239] sobre 2219 de 2221 filas con coordenada finita",plausible,colegios06_2025.gpkg,2025-06-30
311001800120,311001800120,GIMNASIO NUESTRA SEÑORA DE LA ESPERANZA,GIMNASIO NUESTRA SEÑORA DE LA ESPERANZA,-74.10249999910593,4.576400000602007,WGS 84 / Pseudo-Mercator,"EPSG:4326 (st_set_crs, sin transformar)","lon [-74.3933, -74.0162] lat [3.8295, 4.8239] sobre 2219 de 2221 filas con coordenada finita",plausible,colegios06_2025.gpkg,2025-06-30
311001800201,311001800201,COLEGIO MODERNO INTEGRAL ERIKA,COLEGIO MODERNO INTEGRAL ERIKA,-74.11030000075698,4.554400000721216,WGS 84 / Pseudo-Mercator,"EPSG:4326 (st_set_crs, sin transformar)","lon [-74.3933, -74.0162] lat [3.8295, 4.8239] sobre 2219 de 2221 filas con coordenada finita",plausible,colegios06_2025.gpkg,2025-06-30
311001800324,311001800324,COLEGIO BOLIVARIANO MOLINOS DEL SUR,COLEGIO BOLIVARIANO MOLINOS DEL SUR,-74.11870000138879,4.554200001060963,WGS 84 / Pseudo-Mercator,"EPSG:4326 (st_set_crs, sin transformar)","lon [-74.3933, -74.0162] lat [3.8295, 4.8239] sobre 2219 de 2221 filas con coordenada finita",plausible,colegios06_2025.gpkg,2025-06-30
311001800937,311001800937,COLEGIO EMPRESARIAL FREDERICK TAYLOR,COLEGIO EMPRESARIAL FREDERICK TAYLOR,-74.11160000041127,4.556600000709295,WGS 84 / Pseudo-Mercator,"EPSG:4326 (st_set_crs, sin transformar)","lon [-74.3933, -74.0162] lat [3.8295, 4.8239] sobre 2219 de 2221 filas con coordenada finita",plausible,colegios06_2025.gpkg,2025-06-30
111001014486,111001014486,COLEGIO REPUBLICA DE MEXICO (IED),REPUBLICA DE MEXICO,-74.13650000095367,4.55519999936223,WGS 84 / Pseudo-Mercator,"EPSG:4326 (st_set_crs, sin transformar)","lon [-74.3933, -74.0162] lat [3.8295, 4.8239] sobre 2219 de 2221 filas con coordenada finita",plausible,colegios06_2025.gpkg,2025-06-30
111001014524,111001014524,COLEGIO RAFAEL URIBE URIBE (IED),RAFAEL URIBE URIBE,-74.14829999953508,4.547200001776218,WGS 84 / Pseudo-Mercator,"EPSG:4326 (st_set_crs, sin transformar)","lon [-74.3933, -74.0162] lat [3.8295, 4.8239] sobre 2219 de 2221 filas con coordenada finita",plausible,colegios06_2025.gpkg,2025-06-30
111001020320,111001020320,COLEGIO ISMAEL PERDOMO (IED),ISMAEL PERDOMO,-74.1651000007987,4.58729999884963,WGS 84 / Pseudo-Mercator,"EPSG:4326 (st_set_crs, sin transformar)","lon [-74.3933, -74.0162] lat [3.8295, 4.8239] sobre 2219 de 2221 filas con coordenada finita",plausible,colegios06_2025.gpkg,2025-06-30
111001027251,111001027251,COLEGIO LEON DE GREIFF (IED),LEON DE GREIFF,-74.1385000012815,4.550999999046326,WGS 84 / Pseudo-Mercator,"EPSG:4326 (st_set_crs, sin transformar)","lon [-74.3933, -74.0162] lat [3.8295, 4.8239] sobre 2219 de 2221 filas con coordenada finita",plausible,colegios06_2025.gpkg,2025-06-30
111001028266,111001028266,COLEGIO CIUDAD DE MONTREAL (IED),CIUDAD DE MONTREAL,-74.1380999982357,4.553399998694658,WGS 84 / Pseudo-Mercator,"EPSG:4326 (st_set_crs, sin transformar)","lon [-74.3933, -74.0162] lat [3.8295, 4.8239] sobre 2219 de 2221 filas con coordenada finita",plausible,colegios06_2025.gpkg,2025-06-30
111001030821,111001030821,COLEGIO SANTA BARBARA (IED),COMPARTIR MEISSEN,-74.14290000125766,4.552600000053644,WGS 84 / Pseudo-Mercator,"EPSG:4326 (st_set_crs, sin transformar)","lon [-74.3933, -74.0162] lat [3.8295, 4.8239] sobre 2219 de 2221 filas con coordenada finita",plausible,colegios06_2025.gpkg,2025-06-30
111001106241,111001030821,COLEGIO SANTA BARBARA (IED),COMPARTIR MEISSEN,-74.14889999851584,4.557399999350309,WGS 84 / Pseudo-Mercator,"EPSG:4326 (st_set_crs, sin transformar)","lon [-74.3933, -74.0162] lat [3.8295, 4.8239] sobre 2219 de 2221 filas con coordenada finita",plausible,colegios06_2025.gpkg,2025-06-30
111001075302,111001030821,COLEGIO SANTA BARBARA (IED),SANTA BARBARA,-74.1477999985218,4.55519999936223,WGS 84 / Pseudo-Mercator,"EPSG:4326 (st_set_crs, sin transformar)","lon [-74.3933, -74.0162] lat [3.8295, 4.8239] sobre 2219 de 2221 filas con coordenada finita",plausible,colegios06_2025.gpkg,2025-06-30
111001030830,111001030830,COLEGIO UNION EUROPEA (IED),UNION EUROPEA,-74.14160000160336,4.555799998342991,WGS 84 / Pseudo-Mercator,"EPSG:4326 (st_set_crs, sin transformar)","lon [-74.3933, -74.0162] lat [3.8295, 4.8239] sobre 2219 de 2221 filas con coordenada finita",plausible,colegios06_2025.gpkg,2025-06-30
111001027375,111001030830,COLEGIO UNION EUROPEA (IED),MARIA CANO,-74.13709999993443,4.55009999871254,WGS 84 / Pseudo-Mercator,"EPSG:4326 (st_set_crs, sin transformar)","lon [-74.3933, -74.0162] lat [3.8295, 4.8239] sobre 2219 de 2221 filas con coordenada finita",plausible,colegios06_2025.gpkg,2025-06-30
111001030848,111001030848,COLEGIO ARBORIZADORA BAJA (IED),ARBORIZADORA BAJA,-74.15249999985099,4.574799999594688,WGS 84 / Pseudo-Mercator,"EPSG:4326 (st_set_crs, sin transformar)","lon [-74.3933, -74.0162] lat [3.8295, 4.8239] sobre 2219 de 2221 filas con coordenada finita",plausible,colegios06_2025.gpkg,2025-06-30
111001033928,111001033928,COLEGIO EL TESORO DE LA CUMBRE (IED),EL TESORO,-74.14900000020862,4.538899999111891,WGS 84 / Pseudo-Mercator,"EPSG:4326 (st_set_crs, sin transformar)","lon [-74.3933, -74.0162] lat [3.8295, 4.8239] sobre 2219 de 2221 filas con coordenada finita",plausible,colegios06_2025.gpkg,2025-06-30
111001093351,111001033928,COLEGIO EL TESORO DE LA CUMBRE (IED),LA CUMBRE,-74.1363999992609,4.560300000011921,WGS 84 / Pseudo-Mercator,"EPSG:4326 (st_set_crs, sin transformar)","lon [-74.3933, -74.0162] lat [3.8295, 4.8239] sobre 2219 de 2221 filas con coordenada finita",plausible,colegios06_2025.gpkg,2025-06-30
111001107131,111001033928,COLEGIO EL TESORO DE LA CUMBRE (IED),SEDE C,-74.14930000156164,4.535000000149012,WGS 84 / Pseudo-Mercator,"EPSG:4326 (st_set_crs, sin transformar)","lon [-74.3933, -74.0162] lat [3.8295, 4.8239] sobre 2219 de 2221 filas con coordenada finita",plausible,colegios06_2025.gpkg,2025-06-30
111001034240,111001034240,COLEGIO NICOLAS GOMEZ DAVILA (IED),NICOLAS GOMEZ DAVILA,-74.1490999981761,4.5635999999940395,WGS 84 / Pseudo-Mercator,"EPSG:4326 (st_set_crs, sin transformar)","lon [-74.3933, -74.0162] lat [3.8295, 4.8239] sobre 2219 de 2221 filas con coordenada finita",plausible,colegios06_2025.gpkg,2025-06-30
111001043028,111001034240,COLEGIO NICOLAS GOMEZ DAVILA (IED),LA CASONA,-74.1567000001669,4.565200001001358,WGS 84 / Pseudo-Mercator,"EPSG:4326 (st_set_crs, sin transformar)","lon [-74.3933, -74.0162] lat [3.8295, 4.8239] sobre 2219 de 2221 filas con coordenada finita",plausible,colegios06_2025.gpkg,2025-06-30
111001034754,111001034754,COLEGIO COMPARTIR RECUERDO (IED),COMPARTIR LUCERO ALTO,-74.14559999853373,4.549100000411272,WGS 84 / Pseudo-Mercator,"EPSG:4326 (st_set_crs, sin transformar)","lon [-74.3933, -74.0162] lat [3.8295, 4.8239] sobre 2219 de 2221 filas con coordenada finita",plausible,colegios06_2025.gpkg,2025-06-30
111001029599,111001034754,COLEGIO COMPARTIR RECUERDO (IED),EL RECUERDO,-74.1435999982059,4.553199999034405,WGS 84 / Pseudo-Mercator,"EPSG:4326 (st_set_crs, sin transformar)","lon [-74.3933, -74.0162] lat [3.8295, 4.8239] sobre 2219 de 2221 filas con coordenada finita",plausible,colegios06_2025.gpkg,2025-06-30
111001035572,111001035572,COLEGIO ACACIA II (IED),ACACIA II,-74.14229999855161,4.560699999332428,WGS 84 / Pseudo-Mercator,"EPSG:4326 (st_set_crs, sin transformar)","lon [-74.3933, -74.0162] lat [3.8295, 4.8239] sobre 2219 de 2221 filas con coordenada finita",plausible,colegios06_2025.gpkg,2025-06-30
111001013625,111001035572,COLEGIO ACACIA II (IED),ACACIA I,-74.14420000091195,4.559300001710653,WGS 84 / Pseudo-Mercator,"EPSG:4326 (st_set_crs, sin transformar)","lon [-74.3933, -74.0162] lat [3.8295, 4.8239] sobre 2219 de 2221 filas con coordenada finita",plausible,colegios06_2025.gpkg,2025-06-30
111001036561,111001036561,COLEGIO JOSE JAIME ROJAS (IED),JOSE JAIME ROJAS,-74.15100000053644,4.53999999910593,WGS 84 / Pseudo-Mercator,"EPSG:4326 (st_set_crs, sin transformar)","lon [-74.3933, -74.0162] lat [3.8295, 4.8239] sobre 2219 de 2221 filas con coordenada finita",plausible,colegios06_2025.gpkg,2025-06-30
111001036781,111001036781,COLEGIO RODRIGO LARA BONILLA (IED),RODRIGO LARA BONILLA,-74.1541000008583,4.573300000280142,WGS 84 / Pseudo-Mercator,"EPSG:4326 (st_set_crs, sin transformar)","lon [-74.3933, -74.0162] lat [3.8295, 4.8239] sobre 2219 de 2221 filas con coordenada finita",plausible,colegios06_2025.gpkg,2025-06-30
111001013404,111001036781,COLEGIO RODRIGO LARA BONILLA (IED),JOSE CELESTINO MUTIS,-74.1347000002861,4.555100001394749,WGS 84 / Pseudo-Mercator,"EPSG:4326 (st_set_crs, sin transformar)","lon [-74.3933, -74.0162] lat [3.8295, 4.8239] sobre 2219 de 2221 filas con coordenada finita",plausible,colegios06_2025.gpkg,2025-06-30
111001800911,111001036781,COLEGIO RODRIGO LARA BONILLA (IED),PRIMERA INFANCIA RODRIGUITO,-74.155000001192093,4.5782999992370605,WGS 84 / Pseudo-Mercator,"EPSG:4326 (st_set_crs, sin transformar)","lon [-74.3933, -74.0162] lat [3.8295, 4.8239] sobre 2219 de 2221 filas con coordenada finita",plausible,colegios06_2025.gpkg,2025-06-30
111001044385,111001044385,COLEGIO TECNICO CEDID GUILLERMO CANO ISAZA (IED),TECNICO CEDID GUILLERMO CANO ISAZA,-74.13540000095963,4.557500001043081,WGS 84 / Pseudo-Mercator,"EPSG:4326 (st_set_crs, sin transformar)","lon [-74.3933, -74.0162] lat [3.8295, 4.8239] sobre 2219 de 2221 filas con coordenada finita",plausible,colegios06_2025.gpkg,2025-06-30
111001045730,111001045730,COLEGIO EL PARAISO DE MANUELA BELTRAN (IED),MANUELA BELTRAN,-74.15810000151396,4.572399999946356,WGS 84 / Pseudo-Mercator,"EPSG:4326 (st_set_crs, sin transformar)","lon [-74.3933, -74.0162] lat [3.8295, 4.8239] sobre 2219 de 2221 filas con coordenada finita",plausible,colegios06_2025.gpkg,2025-06-30
111001043893,111001045730,COLEGIO EL PARAISO DE MANUELA BELTRAN (IED),EL PARAISO,-74.1612999998033,4.571600001305342,WGS 84 / Pseudo-Mercator,"EPSG:4326 (st_set_crs, sin transformar)","lon [-74.3933, -74.0162] lat [3.8295, 4.8239] sobre 2219 de 2221 filas con coordenada finita",plausible,colegios06_2025.gpkg,2025-06-30
111001046663,111001046663,COLEGIO VILLAMAR (IED),VILLA GLORIA,-74.15269999951124,4.55350000038743,WGS 84 / Pseudo-Mercator,"EPSG:4326 (st_set_crs, sin transformar)","lon [-74.3933, -74.0162] lat [3.8295, 4.8239] sobre 2219 de 2221 filas con coordenada finita",plausible,colegios06_2025.gpkg,2025-06-30
111001086827,111001046663,COLEGIO VILLAMAR (IED),MARANDU,-74.15029999986291,4.557799998670816,WGS 84 / Pseudo-Mercator,"EPSG:4326 (st_set_crs, sin transformar)","lon [-74.3933, -74.0162] lat [3.8295, 4.8239] sobre 2219 de 2221 filas con coordenada finita",plausible,colegios06_2025.gpkg,2025-06-30
111001047457,111001047457,COLEGIO LA ARABIA (IED),LA ARABIA,-74.14719999954104,4.5337999984622,WGS 84 / Pseudo-Mercator,"EPSG:4326 (st_set_crs, sin transformar)","lon [-74.3933, -74.0162] lat [3.8295, 4.8239] sobre 2219 de 2221 filas con coordenada finita",plausible,colegios06_2025.gpkg,2025-06-30
111001047571,111001047571,COLEGIO ARBORIZADORA ALTA (IED),ARBORIZADORA ALTA,-74.15729999914765,4.569099999964237,WGS 84 / Pseudo-Mercator,"EPSG:4326 (st_set_crs, sin transformar)","lon [-74.3933, -74.0162] lat [3.8295, 4.8239] sobre 2219 de 2221 filas con coordenada finita",plausible,colegios06_2025.gpkg,2025-06-30
111001075086,111001047571,COLEGIO ARBORIZADORA ALTA (IED),PRADERA ESPERANZA,-74.16230000182986,4.568999998271465,WGS 84 / Pseudo-Mercator,"EPSG:4326 (st_set_crs, sin transformar)","lon [-74.3933, -74.0162] lat [3.8295, 4.8239] sobre 2219 de 2221 filas con coordenada finita",plausible,colegios06_2025.gpkg,2025-06-30
111001047678,111001047678,COLEGIO PARAISO MIRADOR (IED),PARAISO MIRADOR,-74.16220000013709,4.551199998706579,WGS 84 / Pseudo-Mercator,"EPSG:4326 (st_set_crs, sin transformar)","lon [-74.3933, -74.0162] lat [3.8295, 4.8239] sobre 2219 de 2221 filas con coordenada finita",plausible,colegios06_2025.gpkg,2025-06-30
111001104213,111001047678,COLEGIO PARAISO MIRADOR (IED),PARAISO MIRADOR,-74.15909999981523,4.549600001424551,WGS 84 / Pseudo-Mercator,"EPSG:4326 (st_set_crs, sin transformar)","lon [-74.3933, -74.0162] lat [3.8295, 4.8239] sobre 2219 de 2221 filas con coordenada finita",plausible,colegios06_2025.gpkg,2025-06-30
111001106569,111001047678,COLEGIO PARAISO MIRADOR (IED),PARAISO MIRADOR,-74.15909999981523,4.552200000733137,WGS 84 / Pseudo-Mercator,"EPSG:4326 (st_set_crs, sin transformar)","lon [-74.3933, -74.0162] lat [3.8295, 4.8239] sobre 2219 de 2221 filas con coordenada finita",plausible,colegios06_2025.gpkg,2025-06-30
111001075329,111001075329,COLEGIO MARIA MERCEDES CARRANZA (IED),MARIA MERCEDES CARRANZA,-74.16380000114441,4.586500000208616,WGS 84 / Pseudo-Mercator,"EPSG:4326 (st_set_crs, sin transformar)","lon [-74.3933, -74.0162] lat [3.8295, 4.8239] sobre 2219 de 2221 filas con coordenada finita",plausible,colegios06_2025.gpkg,2025-06-30
111001075663,111001075663,COLEGIO ESTRELLA DEL SUR (IED),ESTRELLA DEL SUR,-74.14240000024438,4.544900000095367,WGS 84 / Pseudo-Mercator,"EPSG:4326 (st_set_crs, sin transformar)","lon [-74.3933, -74.0162] lat [3.8295, 4.8239] sobre 2219 de 2221 filas con coordenada finita",plausible,colegios06_2025.gpkg,2025-06-30
111001104230,111001075663,COLEGIO ESTRELLA DEL SUR (IED),ESTRELLA DEL SUR,-74.1444000005722,4.542300000786781,WGS 84 / Pseudo-Mercator,"EPSG:4326 (st_set_crs, sin transformar)","lon [-74.3933, -74.0162] lat [3.8295, 4.8239] sobre 2219 de 2221 filas con coordenada finita",plausible,colegios06_2025.gpkg,2025-06-30
111001104248,111001075663,COLEGIO ESTRELLA DEL SUR (IED),ESTRELLA DEL SUR,-74.14259999990463,4.543099999427795,WGS 84 / Pseudo-Mercator,"EPSG:4326 (st_set_crs, sin transformar)","lon [-74.3933, -74.0162] lat [3.8295, 4.8239] sobre 2219 de 2221 filas con coordenada finita",plausible,colegios06_2025.gpkg,2025-06-30
111001106577,111001075663,COLEGIO ESTRELLA DEL SUR (IED),ESTRELLA DEL SUR,-74.14530000090599,4.544300001114607,WGS 84 / Pseudo-Mercator,"EPSG:4326 (st_set_crs, sin transformar)","lon [-74.3933, -74.0162] lat [3.8295, 4.8239] sobre 2219 de 2221 filas con coordenada finita",plausible,colegios06_2025.gpkg,2025-06-30
111001075752,111001075752,COLEGIO SOTAVENTO (IED),SOTAVENTO,-74.13749999925494,4.544599998742342,WGS 84 / Pseudo-Mercator,"EPSG:4326 (st_set_crs, sin transformar)","lon [-74.3933, -74.0162] lat [3.8295, 4.8239] sobre 2219 de 2221 filas con coordenada finita",plausible,colegios06_2025.gpkg,2025-06-30
111001076937,111001076937,COLEGIO SAN FRANCISCO (IED),SAN FRANCISCO,-74.14680000022054,4.565999999642372,WGS 84 / Pseudo-Mercator,"EPSG:4326 (st_set_crs, sin transformar)","lon [-74.3933, -74.0162] lat [3.8295, 4.8239] sobre 2219 de 2221 filas con coordenada finita",plausible,colegios06_2025.gpkg,2025-06-30
111001013633,111001076937,COLEGIO SAN FRANCISCO (IED),SAN FRANCISCO II,-74.14900000020862,4.563000001013279,WGS 84 / Pseudo-Mercator,"EPSG:4326 (st_set_crs, sin transformar)","lon [-74.3933, -74.0162] lat [3.8295, 4.8239] sobre 2219 de 2221 filas con coordenada finita",plausible,colegios06_2025.gpkg,2025-06-30
111001075213,111001076937,COLEGIO SAN FRANCISCO (IED),SAN FRANCISCO III,-74.14959999918938,4.5617999993264675,WGS 84 / Pseudo-Mercator,"EPSG:4326 (st_set_crs, sin transformar)","lon [-74.3933, -74.0162] lat [3.8295, 4.8239] sobre 2219 de 2221 filas con coordenada finita",plausible,colegios06_2025.gpkg,2025-06-30
111001086584,111001086584,COLEGIO CONFEDERACION BRISAS DEL DIAMANTE (IED),CONFEDERACION SUIZA,-74.1477999985218,4.5476000010967255,WGS 84 / Pseudo-Mercator,"EPSG:4326 (st_set_crs, sin transformar)","lon [-74.3933, -74.0162] lat [3.8295, 4.8239] sobre 2219 de 2221 filas con coordenada finita",plausible,colegios06_2025.gpkg,2025-06-30
111001075230,111001086584,COLEGIO CONFEDERACION BRISAS DEL DIAMANTE (IED),VILLAS DEL DIAMANTE,-74.15300000086427,4.550299998372793,WGS 84 / Pseudo-Mercator,"EPSG:4326 (st_set_crs, sin transformar)","lon [-74.3933, -74.0162] lat [3.8295, 4.8239] sobre 2219 de 2221 filas con coordenada finita",plausible,colegios06_2025.gpkg,2025-06-30
111001065307,111001086584,COLEGIO CONFEDERACION BRISAS DEL DIAMANTE (IED),LAS MANITAS,-74.15390000119805,4.566899999976158,WGS 84 / Pseudo-Mercator,"EPSG:4326 (st_set_crs, sin transformar)","lon [-74.3933, -74.0162] lat [3.8295, 4.8239] sobre 2219 de 2221 filas con coordenada finita",plausible,colegios06_2025.gpkg,2025-06-30
111001086762,111001086762,COLEGIO EL MINUTO DE BUENOS AIRES (IED),BUENOS AIRES,-74.1398000009358,4.53940000012517,WGS 84 / Pseudo-Mercator,"EPSG:4326 (st_set_crs, sin transformar)","lon [-74.3933, -74.0162] lat [3.8295, 4.8239] sobre 2219 de 2221 filas con coordenada finita",plausible,colegios06_2025.gpkg,2025-06-30
111001014508,111001086762,COLEGIO EL MINUTO DE BUENOS AIRES (IED),MINUTO DE MARIA,-74.14220000058413,4.537099998444319,WGS 84 / Pseudo-Mercator,"EPSG:4326 (st_set_crs, sin transformar)","lon [-74.3933, -74.0162] lat [3.8295, 4.8239] sobre 2219 de 2221 filas con coordenada finita",plausible,colegios06_2025.gpkg,2025-06-30
111001086801,111001086801,COLEGIO CEDID CIUDAD BOLIVAR (IED),CIUDAD BOLIVAR,-74.1647000014782,4.578000001609325,WGS 84 / Pseudo-Mercator,"EPSG:4326 (st_set_crs, sin transformar)","lon [-74.3933, -74.0162] lat [3.8295, 4.8239] sobre 2219 de 2221 filas con coordenada finita",plausible,colegios06_2025.gpkg,2025-06-30
111001044431,111001086801,COLEGIO CEDID CIUDAD BOLIVAR (IED),TANQUE LAGUNA,-74.16550000011921,4.572000000625849,WGS 84 / Pseudo-Mercator,"EPSG:4326 (st_set_crs, sin transformar)","lon [-74.3933, -74.0162] lat [3.8295, 4.8239] sobre 2219 de 2221 filas con coordenada finita",plausible,colegios06_2025.gpkg,2025-06-30
111001045004,111001086801,COLEGIO CEDID CIUDAD BOLIVAR (IED),PERDOMO ALTO,-74.16880000010133,4.581000000238419,WGS 84 / Pseudo-Mercator,"EPSG:4326 (st_set_crs, sin transformar)","lon [-74.3933, -74.0162] lat [3.8295, 4.8239] sobre 2219 de 2221 filas con coordenada finita",plausible,colegios06_2025.gpkg,2025-06-30
111001047481,111001086801,COLEGIO CEDID CIUDAD BOLIVAR (IED),SANTA ROSITA LAS VEGAS,-74.1634000018239,4.5755999982357025,WGS 84 / Pseudo-Mercator,"EPSG:4326 (st_set_crs, sin transformar)","lon [-74.3933, -74.0162] lat [3.8295, 4.8239] sobre 2219 de 2221 filas con coordenada finita",plausible,colegios06_2025.gpkg,2025-06-30
111001086835,111001086835,COLEGIO SIERRA MORENA (IED),SIERRA MORENA,-74.16959999874234,4.57490000128746,WGS 84 / Pseudo-Mercator,"EPSG:4326 (st_set_crs, sin transformar)","lon [-74.3933, -74.0162] lat [3.8295, 4.8239] sobre 2219 de 2221 filas con coordenada finita",plausible,colegios06_2025.gpkg,2025-06-30
111001098981,111001086835,COLEGIO SIERRA MORENA (IED),SANTO DOMINGO SAVIO,-74.18140000104904,4.589299999177456,WGS 84 / Pseudo-Mercator,"EPSG:4326 (st_set_crs, sin transformar)","lon [-74.3933, -74.0162] lat [3.8295, 4.8239] sobre 2219 de 2221 filas con coordenada finita",plausible,colegios06_2025.gpkg,2025-06-30
111001044423,111001086835,COLEGIO SIERRA MORENA (IED),DIVINO NIÑO,-74.16959999874234,4.570700000971556,WGS 84 / Pseudo-Mercator,"EPSG:4326 (st_set_crs, sin transformar)","lon [-74.3933, -74.0162] lat [3.8295, 4.8239] sobre 2219 de 2221 filas con coordenada finita",plausible,colegios06_2025.gpkg,2025-06-30
111001104108,111001086835,COLEGIO SIERRA MORENA (IED),SIERRA MORENA D,-74.17009999975562,4.571600001305342,WGS 84 / Pseudo-Mercator,"EPSG:4326 (st_set_crs, sin transformar)","lon [-74.3933, -74.0162] lat [3.8295, 4.8239] sobre 2219 de 2221 filas con coordenada finita",plausible,colegios06_2025.gpkg,2025-06-30
111001092410,111001092410,COLEGIO LA ESTANCIA - SAN ISIDRO LABRADOR (IED),LA ESTANCIA,-74.1761000007391,4.592700000852346,WGS 84 / Pseudo-Mercator,"EPSG:4326 (st_set_crs, sin transformar)","lon [-74.3933, -74.0162] lat [3.8295, 4.8239] sobre 2219 de 2221 filas con coordenada finita",plausible,colegios06_2025.gpkg,2025-06-30
111001075221,111001092410,COLEGIO LA ESTANCIA - SAN ISIDRO LABRADOR (IED),SAN ISIDRO LABRADOR,-74.18189999833703,4.5916999988257885,WGS 84 / Pseudo-Mercator,"EPSG:4326 (st_set_crs, sin transformar)","lon [-74.3933, -74.0162] lat [3.8295, 4.8239] sobre 2219 de 2221 filas con coordenada finita",plausible,colegios06_2025.gpkg,2025-06-30
111001096555,111001096555,COLEGIO CIUDAD BOLIVAR - ARGENTINA (IED),CIUDAD BOLIVAR,-74.16490000113845,4.5782999992370605,WGS 84 / Pseudo-Mercator,"EPSG:4326 (st_set_crs, sin transformar)","lon [-74.3933, -74.0162] lat [3.8295, 4.8239] sobre 2219 de 2221 filas con coordenada finita",plausible,colegios06_2025.gpkg,2025-06-30
111001045721,111001096555,COLEGIO CIUDAD BOLIVAR - ARGENTINA (IED),ARGENTINA LA NUEVA,-74.16220000013709,4.573300000280142,WGS 84 / Pseudo-Mercator,"EPSG:4326 (st_set_crs, sin transformar)","lon [-74.3933, -74.0162] lat [3.8295, 4.8239] sobre 2219 de 2221 filas con coordenada finita",plausible,colegios06_2025.gpkg,2025-06-30
111001098973,111001098973,COLEGIO LA JOYA (IED),LA JOYA,-74.14559999853373,4.536699999123812,WGS 84 / Pseudo-Mercator,"EPSG:4326 (st_set_crs, sin transformar)","lon [-74.3933, -74.0162] lat [3.8295, 4.8239] sobre 2219 de 2221 filas con coordenada finita",plausible,colegios06_2025.gpkg,2025-06-30
111001100013,111001100013,COLEGIO BUENAVISTA (IED),COLEGIO BUENAVISTA (IED) - SEDE PRINCIPAL,-74.13929999992251,4.540399998426437,WGS 84 / Pseudo-Mercator,"EPSG:4326 (st_set_crs, sin transformar)","lon [-74.3933, -74.0162] lat [3.8295, 4.8239] sobre 2219 de 2221 filas con coordenada finita",plausible,colegios06_2025.gpkg,2025-06-30
111001100021,111001100021,COLEGIO GIMNASIO SABIO CALDAS (IED),COLEGIO GIMNASIO SABIO CALDAS (IED) - SEDE PRINCIPAL,-74.16380000114441,4.567899998277426,WGS 84 / Pseudo-Mercator,"EPSG:4326 (st_set_crs, sin transformar)","lon [-74.3933, -74.0162] lat [3.8295, 4.8239] sobre 2219 de 2221 filas con coordenada finita",plausible,colegios06_2025.gpkg,2025-06-30
111001107115,111001107115,COLEGIO JOSE MARIA VARGAS VILA (IED),JOSE MARIA VARGAS VILA,-74.1612999998033,4.542300000786781,WGS 84 / Pseudo-Mercator,"EPSG:4326 (st_set_crs, sin transformar)","lon [-74.3933, -74.0162] lat [3.8295, 4.8239] sobre 2219 de 2221 filas con coordenada finita",plausible,colegios06_2025.gpkg,2025-06-30
111001107816,111001107816,COLEGIO CUNDINAMARCA (IED),CUNDINAMARCA,-74.13830000162125,4.561999998986721,WGS 84 / Pseudo-Mercator,"EPSG:4326 (st_set_crs, sin transformar)","lon [-74.3933, -74.0162] lat [3.8295, 4.8239] sobre 2219 de 2221 filas con coordenada finita",plausible,colegios06_2025.gpkg,2025-06-30
111001107859,111001107859,COLEGIO ANTONIO GARCIA (IED),ANTONIO GARCIA,-74.13919999822974,4.5443999990820885,WGS 84 / Pseudo-Mercator,"EPSG:4326 (st_set_crs, sin transformar)","lon [-74.3933, -74.0162] lat [3.8295, 4.8239] sobre 2219 de 2221 filas con coordenada finita",plausible,colegios06_2025.gpkg,2025-06-30
111001109304,111001109304,COLEGIO FANNY MIKEY (IED),FANNY MIKEY,-74.1528999991715,4.549499999731779,WGS 84 / Pseudo-Mercator,"EPSG:4326 (st_set_crs, sin transformar)","lon [-74.3933, -74.0162] lat [3.8295, 4.8239] sobre 2219 de 2221 filas con coordenada finita",plausible,colegios06_2025.gpkg,2025-06-30
111001800414,111001800414,COLEGIO EL ENSUEÑO (IED),COLEGIO EL ENSUEÑO (IED) - SEDE PRINCIPAL,-74.15900000184774,4.58390000090003,WGS 84 / Pseudo-Mercator,"EPSG:4326 (st_set_crs, sin transformar)","lon [-74.3933, -74.0162] lat [3.8295, 4.8239] sobre 2219 de 2221 filas con coordenada finita",plausible,colegios06_2025.gpkg,2025-06-30
111001800422,111001800422,COLEGIO ROGELIO SALMONA (IED),COLEGIO ROGELIO SALMONA (IED) - SEDE PRINCIPAL,-74.155000001192093,4.58729999884963,WGS 84 / Pseudo-Mercator,"EPSG:4326 (st_set_crs, sin transformar)","lon [-74.3933, -74.0162] lat [3.8295, 4.8239] sobre 2219 de 2221 filas con coordenada finita",plausible,colegios06_2025.gpkg,2025-06-30
111001800571,111001800571,COLEGIO ANGELA RESTREPO MORENO (IED),COLEGIO ANGELA RESTREPO MORENO (IED) - SEDE PRINCIPAL,-74.1642999984324,4.582600001245737,WGS 84 / Pseudo-Mercator,"EPSG:4326 (st_set_crs, sin transformar)","lon [-74.3933, -74.0162] lat [3.8295, 4.8239] sobre 2219 de 2221 filas con coordenada finita",plausible,colegios06_2025.gpkg,2025-06-30
111001800635,111001800635,COLEGIO EL NOGAL (IED),COLEGIO EL NOGAL (IED) - SEDE PRINCIPAL,-74.16459999978542,4.576400000602007,WGS 84 / Pseudo-Mercator,"EPSG:4326 (st_set_crs, sin transformar)","lon [-74.3933, -74.0162] lat [3.8295, 4.8239] sobre 2219 de 2221 filas con coordenada finita",plausible,colegios06_2025.gpkg,2025-06-30
111001801276,111001801276,COLEGIO MARIA CURREA MANRIQUE (IED),COLEGIO MARIA CURREA MANRIQUE (IED),-74.15309999883175,4.5815000012516975,WGS 84 / Pseudo-Mercator,"EPSG:4326 (st_set_crs, sin transformar)","lon [-74.3933, -74.0162] lat [3.8295, 4.8239] sobre 2219 de 2221 filas con coordenada finita",plausible,colegios06_2025.gpkg,2025-06-30
111001801314,111001801314,COLEGIO AGUDELO RESTREPO (IED),COLEGIO AGUDELO RESTREPO (IED),-74.1625999994576,4.586399998515844,WGS 84 / Pseudo-Mercator,"EPSG:4326 (st_set_crs, sin transformar)","lon [-74.3933, -74.0162] lat [3.8295, 4.8239] sobre 2219 de 2221 filas con coordenada finita",plausible,colegios06_2025.gpkg,2025-06-30
211850001121,211850001121,COLEGIO RURAL PASQUILLA (IED),RURAL PASQUILLA,-74.1567000001669,4.444699998944998,WGS 84 / Pseudo-Mercator,"EPSG:4326 (st_set_crs, sin transformar)","lon [-74.3933, -74.0162] lat [3.8295, 4.8239] sobre 2219 de 2221 filas con coordenada finita",plausible,colegios06_2025.gpkg,2025-06-30
211850001155,211850001121,COLEGIO RURAL PASQUILLA (IED),SANTA BARBARA,-74.15219999849796,4.407000001519918,WGS 84 / Pseudo-Mercator,"EPSG:4326 (st_set_crs, sin transformar)","lon [-74.3933, -74.0162] lat [3.8295, 4.8239] sobre 2219 de 2221 filas con coordenada finita",plausible,colegios06_2025.gpkg,2025-06-30
211850001139,211850001121,COLEGIO RURAL PASQUILLA (IED),PASQUILLITA,-74.15320000052452,4.428300000727177,WGS 84 / Pseudo-Mercator,"EPSG:4326 (st_set_crs, sin transformar)","lon [-74.3933, -74.0162] lat [3.8295, 4.8239] sobre 2219 de 2221 filas con coordenada finita",plausible,colegios06_2025.gpkg,2025-06-30
211850001171,211850001171,COLEGIO RURAL QUIBA ALTA (IED),RURAL QUIBA ALTA,-74.16479999944568,4.513799998909235,WGS 84 / Pseudo-Mercator,"EPSG:4326 (st_set_crs, sin transformar)","lon [-74.3933, -74.0162] lat [3.8295, 4.8239] sobre 2219 de 2221 filas con coordenada finita",plausible,colegios06_2025.gpkg,2025-06-30
211001020251,211850001171,COLEGIO RURAL QUIBA ALTA (IED),RURAL QUIBA BAJA,-74.16600000113249,4.527800001204014,WGS 84 / Pseudo-Mercator,"EPSG:4326 (st_set_crs, sin transformar)","lon [-74.3933, -74.0162] lat [3.8295, 4.8239] sobre 2219 de 2221 filas con coordenada finita",plausible,colegios06_2025.gpkg,2025-06-30
211850001180,211850001180,COLEGIO MOCHUELO ALTO (CED),MOCHUELO ALTO,-74.1482000015676,4.488800000399351,WGS 84 / Pseudo-Mercator,"EPSG:4326 (st_set_crs, sin transformar)","lon [-74.3933, -74.0162] lat [3.8295, 4.8239] sobre 2219 de 2221 filas con coordenada finita",plausible,colegios06_2025.gpkg,2025-06-30
211850001317,211850001317,COLEGIO RURAL JOSE CELESTINO MUTIS (IED),RURAL JOSE CELESTINO MUTIS,-74.15199999883771,4.510999999940395,WGS 84 / Pseudo-Mercator,"EPSG:4326 (st_set_crs, sin transformar)","lon [-74.3933, -74.0162] lat [3.8295, 4.8239] sobre 2219 de 2221 filas con coordenada finita",plausible,colegios06_2025.gpkg,2025-06-30
311001000514,311001000514,NUEVO COLEGIO LUSADI LTDA,NUEVO COLEGIO LUSADI LTDA,-74.14389999955893,4.550500001758337,WGS 84 / Pseudo-Mercator,"EPSG:4326 (st_set_crs, sin transformar)","lon [-74.3933, -74.0162] lat [3.8295, 4.8239] sobre 2219 de 2221 filas con coordenada finita",plausible,colegios06_2025.gpkg,2025-06-30
311001001235,311001001235,COLEGIO FISDECO - MARGARITA MADRIGAL,COLEGIO FISDECO - MARGARITA MADRIGAL,-74.14039999991655,4.548700001090765,WGS 84 / Pseudo-Mercator,"EPSG:4326 (st_set_crs, sin transformar)","lon [-74.3933, -74.0162] lat [3.8295, 4.8239] sobre 2219 de 2221 filas con coordenada finita",plausible,colegios06_2025.gpkg,2025-06-30
311001004871,311001004871,COLEGIO INTERAMERICANO,COLEGIO INTERAMERICANO,-74.14770000055432,4.5625,WGS 84 / Pseudo-Mercator,"EPSG:4326 (st_set_crs, sin transformar)","lon [-74.3933, -74.0162] lat [3.8295, 4.8239] sobre 2219 de 2221 filas con coordenada finita",plausible,colegios06_2025.gpkg,2025-06-30
311001005109,311001005109,COLEGIO COOPERATIVO MONSEÑOR ISMAEL PERDOMO,COLEGIO COOPERATIVO MONSEÑOR ISMAEL PERDOMO,-74.16770000010729,4.588199999183416,WGS 84 / Pseudo-Mercator,"EPSG:4326 (st_set_crs, sin transformar)","lon [-74.3933, -74.0162] lat [3.8295, 4.8239] sobre 2219 de 2221 filas con coordenada finita",plausible,colegios06_2025.gpkg,2025-06-30
311001016631,311001016631,LICEO ATENEO COMERCIAL,LICEO ATENEO COMERCIAL,-74.1427000015974,4.549199998378754,WGS 84 / Pseudo-Mercator,"EPSG:4326 (st_set_crs, sin transformar)","lon [-74.3933, -74.0162] lat [3.8295, 4.8239] sobre 2219 de 2221 filas con coordenada finita",plausible,colegios06_2025.gpkg,2025-06-30
311001017531,311001017531,INSTITUTO SOCIAL NOCTURNO DE ENSEÑANZA MEDIA ISNEM,INSTITUTO SOCIAL NOCTURNO DE ENSEÑANZA MEDIA ISNEM,-74.17110000178218,4.568199999630451,WGS 84 / Pseudo-Mercator,"EPSG:4326 (st_set_crs, sin transformar)","lon [-74.3933, -74.0162] lat [3.8295, 4.8239] sobre 2219 de 2221 filas con coordenada finita",plausible,colegios06_2025.gpkg,2025-06-30
311001030537,311001030537,INSTITUTO DE EDUCACION ELEMENTAL PREESCOLAR Y SECUNDARIA - INELPRES,INSTITUTO DE EDUCACION ELEMENTAL PREESCOLAR Y SECUNDARIA - INELPRES,-74.155000001192093,4.59180000051856,WGS 84 / Pseudo-Mercator,"EPSG:4326 (st_set_crs, sin transformar)","lon [-74.3933, -74.0162] lat [3.8295, 4.8239] sobre 2219 de 2221 filas con coordenada finita",plausible,colegios06_2025.gpkg,2025-06-30
311001033498,311001033498,INSTITUTO AURELIO BALDOR,INSTITUTO AURELIO BALDOR,-74.1427000015974,4.5625,WGS 84 / Pseudo-Mercator,"EPSG:4326 (st_set_crs, sin transformar)","lon [-74.3933, -74.0162] lat [3.8295, 4.8239] sobre 2219 de 2221 filas con coordenada finita",plausible,colegios06_2025.gpkg,2025-06-30
311001034788,311001034788,LICEO GUERNIKA,LICEO GUERNIKA,-74.16600000113249,4.5912000015378,WGS 84 / Pseudo-Mercator,"EPSG:4326 (st_set_crs, sin transformar)","lon [-74.3933, -74.0162] lat [3.8295, 4.8239] sobre 2219 de 2221 filas con coordenada finita",plausible,colegios06_2025.gpkg,2025-06-30
311001036951,311001036951,COLEGIO ALAMEDA,COLEGIO ALAMEDA,-74.1376999989152,4.551199998706579,WGS 84 / Pseudo-Mercator,"EPSG:4326 (st_set_crs, sin transformar)","lon [-74.3933, -74.0162] lat [3.8295, 4.8239] sobre 2219 de 2221 filas con coordenada finita",plausible,colegios06_2025.gpkg,2025-06-30
311001037507,311001037507,COLEGIO DIEGO ANDRES,COLEGIO DIEGO ANDRES,-74.14519999921322,4.565499998629093,WGS 84 / Pseudo-Mercator,"EPSG:4326 (st_set_crs, sin transformar)","lon [-74.3933, -74.0162] lat [3.8295, 4.8239] sobre 2219 de 2221 filas con coordenada finita",plausible,colegios06_2025.gpkg,2025-06-30
311001038368,311001038368,COLEGIO COFRATERNIDAD DE SAN FERNANDO,COLEGIO COFRATERNIDAD DE SAN FERNANDO,-74.14029999822378,4.562600001692772,WGS 84 / Pseudo-Mercator,"EPSG:4326 (st_set_crs, sin transformar)","lon [-74.3933, -74.0162] lat [3.8295, 4.8239] sobre 2219 de 2221 filas con coordenada finita",plausible,colegios06_2025.gpkg,2025-06-30
311001039780,311001039780,INSTITUTO ORESTES SINDICI,INSTITUTO ORESTES SINDICI,-74.16490000113845,4.587900001555681,WGS 84 / Pseudo-Mercator,"EPSG:4326 (st_set_crs, sin transformar)","lon [-74.3933, -74.0162] lat [3.8295, 4.8239] sobre 2219 de 2221 filas con coordenada finita",plausible,colegios06_2025.gpkg,2025-06-30
311001039852,311001039852,INSTITUTO SANTA ANA LUZ DEL CARMEN,INSTITUTO SANTA ANA LUZ DEL CARMEN,-74.16569999977946,4.588300000876188,WGS 84 / Pseudo-Mercator,"EPSG:4326 (st_set_crs, sin transformar)","lon [-74.3933, -74.0162] lat [3.8295, 4.8239] sobre 2219 de 2221 filas con coordenada finita",plausible,colegios06_2025.gpkg,2025-06-30
311001041113,311001041113,INSTITUTO CERROS DEL SUR - ICES,INSTITUTO CERROS DEL SUR - ICES,-74.17110000178218,4.568199999630451,WGS 84 / Pseudo-Mercator,"EPSG:4326 (st_set_crs, sin transformar)","lon [-74.3933, -74.0162] lat [3.8295, 4.8239] sobre 2219 de 2221 filas con coordenada finita",plausible,colegios06_2025.gpkg,2025-06-30
311001041270,311001041270,GIMNASIO COLOMBIANO DEL SUR,GIMNASIO COLOMBIANO DEL SUR,-74.14750000089407,4.567999999970198,WGS 84 / Pseudo-Mercator,"EPSG:4326 (st_set_crs, sin transformar)","lon [-74.3933, -74.0162] lat [3.8295, 4.8239] sobre 2219 de 2221 filas con coordenada finita",plausible,colegios06_2025.gpkg,2025-06-30
311001042870,311001042870,INSTITUTO JERUSALEN,INSTITUTO JERUSALEN,-74.15399999916553,4.5755999982357025,WGS 84 / Pseudo-Mercator,"EPSG:4326 (st_set_crs, sin transformar)","lon [-74.3933, -74.0162] lat [3.8295, 4.8239] sobre 2219 de 2221 filas con coordenada finita",plausible,colegios06_2025.gpkg,2025-06-30
311001043001,311001043001,COLEGIO LA NUEVA ESTANCIA LTDA,COLEGIO LA NUEVA ESTANCIA LTDA,-74.17300000041723,4.593699999153614,WGS 84 / Pseudo-Mercator,"EPSG:4326 (st_set_crs, sin transformar)","lon [-74.3933, -74.0162] lat [3.8295, 4.8239] sobre 2219 de 2221 filas con coordenada finita",plausible,colegios06_2025.gpkg,2025-06-30
311001043248,311001043248,LICEO LA CORUÑA,LICEO LA CORUÑA,-74.15129999816418,4.577599998563528,WGS 84 / Pseudo-Mercator,"EPSG:4326 (st_set_crs, sin transformar)","lon [-74.3933, -74.0162] lat [3.8295, 4.8239] sobre 2219 de 2221 filas con coordenada finita",plausible,colegios06_2025.gpkg,2025-06-30
311001043744,311001043744,INSTITUTO SANTA MARIA DE LA CRUZ,INSTITUTO SANTA MARIA DE LA CRUZ,-74.15780000016093,4.577599998563528,WGS 84 / Pseudo-Mercator,"EPSG:4326 (st_set_crs, sin transformar)","lon [-74.3933, -74.0162] lat [3.8295, 4.8239] sobre 2219 de 2221 filas con coordenada finita",plausible,colegios06_2025.gpkg,2025-06-30
311001044236,311001044236,COLEGIO TALLER PSICOPEDAGOGICO DE LOS ANDES,COLEGIO TALLER PSICOPEDAGOGICO DE LOS ANDES,-74.15799999982119,4.592399999499321,WGS 84 / Pseudo-Mercator,"EPSG:4326 (st_set_crs, sin transformar)","lon [-74.3933, -74.0162] lat [3.8295, 4.8239] sobre 2219 de 2221 filas con coordenada finita",plausible,colegios06_2025.gpkg,2025-06-30
311001044881,311001044881,LICEO Y PREESCOLAR TOMMYS,LICEO Y PREESCOLAR TOMMYS,-74.17540000006557,4.5945999994874,WGS 84 / Pseudo-Mercator,"EPSG:4326 (st_set_crs, sin transformar)","lon [-74.3933, -74.0162] lat [3.8295, 4.8239] sobre 2219 de 2221 filas con coordenada finita",plausible,colegios06_2025.gpkg,2025-06-30
311001045542,311001045542,COLEGIO PSICOPEDAGOGICO LA ACACIA,COLEGIO PSICOPEDAGOGICO LA ACACIA,-74.1435999982059,4.5595999993383884,WGS 84 / Pseudo-Mercator,"EPSG:4326 (st_set_crs, sin transformar)","lon [-74.3933, -74.0162] lat [3.8295, 4.8239] sobre 2219 de 2221 filas con coordenada finita",plausible,colegios06_2025.gpkg,2025-06-30
311001046263,311001046263,LICEO CONTADORA,LICEO CONTADORA,-74.15349999815226,4.575800001621246,WGS 84 / Pseudo-Mercator,"EPSG:4326 (st_set_crs, sin transformar)","lon [-74.3933, -74.0162] lat [3.8295, 4.8239] sobre 2219 de 2221 filas con coordenada finita",plausible,colegios06_2025.gpkg,2025-06-30
311001046760,311001046760,GIMNASIO MODERNO SANTA MARGARITA,GIMNASIO MODERNO SANTA MARGARITA,-74.14620000123978,4.566599998623133,WGS 84 / Pseudo-Mercator,"EPSG:4326 (st_set_crs, sin transformar)","lon [-74.3933, -74.0162] lat [3.8295, 4.8239] sobre 2219 de 2221 filas con coordenada finita",plausible,colegios06_2025.gpkg,2025-06-30
311001046824,311001046824,COLEGIO POPULAR BOLIVARIANO,COLEGIO POPULAR BOLIVARIANO,-74.13859999924898,4.55460000038147,WGS 84 / Pseudo-Mercator,"EPSG:4326 (st_set_crs, sin transformar)","lon [-74.3933, -74.0162] lat [3.8295, 4.8239] sobre 2219 de 2221 filas con coordenada finita",plausible,colegios06_2025.gpkg,2025-06-30
311001047979,311001047979,COLEGIO SAN RAFAEL II SEDE,COLEGIO SAN RAFAEL II SEDE,-74.16499999910593,4.589699998497963,WGS 84 / Pseudo-Mercator,"EPSG:4326 (st_set_crs, sin transformar)","lon [-74.3933, -74.0162] lat [3.8295, 4.8239] sobre 2219 de 2221 filas con coordenada finita",plausible,colegios06_2025.gpkg,2025-06-30
311001050228,311001050228,LICEO SAN MATEO,LICEO SAN MATEO,-74.1490999981761,4.569400001317263,WGS 84 / Pseudo-Mercator,"EPSG:4326 (st_set_crs, sin transformar)","lon [-74.3933, -74.0162] lat [3.8295, 4.8239] sobre 2219 de 2221 filas con coordenada finita",plausible,colegios06_2025.gpkg,2025-06-30
311001065527,311001065527,LICEO SANTA PAULA DEL SUR,LICEO SANTA PAULA DEL SUR,-74.1583999991417,4.577599998563528,WGS 84 / Pseudo-Mercator,"EPSG:4326 (st_set_crs, sin transformar)","lon [-74.3933, -74.0162] lat [3.8295, 4.8239] sobre 2219 de 2221 filas con coordenada finita",plausible,colegios06_2025.gpkg,2025-06-30
311001075034,311001075034,COLEGIO CANADA (IED),CANADA,-74.1545999981463,4.541200000792742,WGS 84 / Pseudo-Mercator,"EPSG:4326 (st_set_crs, sin transformar)","lon [-74.3933, -74.0162] lat [3.8295, 4.8239] sobre 2219 de 2221 filas con coordenada finita",plausible,colegios06_2025.gpkg,2025-06-30
311001076421,311001076421,COLEGIO AS DEL FUTURO,COLEGIO AS DEL FUTURO,-74.14160000160336,4.548599999397993,WGS 84 / Pseudo-Mercator,"EPSG:4326 (st_set_crs, sin transformar)","lon [-74.3933, -74.0162] lat [3.8295, 4.8239] sobre 2219 de 2221 filas con coordenada finita",plausible,colegios06_2025.gpkg,2025-06-30
311001076448,311001076448,COLEGIO DIOS ES AMOR LUCERO ALTO,COLEGIO DIOS ES AMOR LUCERO ALTO,-74.14669999852777,4.552499998360872,WGS 84 / Pseudo-Mercator,"EPSG:4326 (st_set_crs, sin transformar)","lon [-74.3933, -74.0162] lat [3.8295, 4.8239] sobre 2219 de 2221 filas con coordenada finita",plausible,colegios06_2025.gpkg,2025-06-30
311001076715,311001076715,COLEGIO COLONIA ESCOLAR DE SAN FRANCISCO,COLEGIO COLONIA ESCOLAR DE SAN FRANCISCO,-74.14519999921322,4.56700000166893,WGS 84 / Pseudo-Mercator,"EPSG:4326 (st_set_crs, sin transformar)","lon [-74.3933, -74.0162] lat [3.8295, 4.8239] sobre 2219 de 2221 filas con coordenada finita",plausible,colegios06_2025.gpkg,2025-06-30
311001088705,311001088705,LICEO MAURITANIA,LICEO MAURITANIA,-74.14809999987483,4.56810000166297,WGS 84 / Pseudo-Mercator,"EPSG:4326 (st_set_crs, sin transformar)","lon [-74.3933, -74.0162] lat [3.8295, 4.8239] sobre 2219 de 2221 filas con coordenada finita",plausible,colegios06_2025.gpkg,2025-06-30
311001089396,311001089396,INSTITUTO PSICOPEDAGOGICO EL TESORO DE LA VERDAD,INSTITUTO PSICOPEDAGOGICO EL TESORO DE LA VERDAD,-74.14869999885559,4.539299998432398,WGS 84 / Pseudo-Mercator,"EPSG:4326 (st_set_crs, sin transformar)","lon [-74.3933, -74.0162] lat [3.8295, 4.8239] sobre 2219 de 2221 filas con coordenada finita",plausible,colegios06_2025.gpkg,2025-06-30
311001089710,311001089710,COLEGIO SOLES DEL SABER,COLEGIO SOLES DEL SABER,-74.17280000075698,4.587799999862909,WGS 84 / Pseudo-Mercator,"EPSG:4326 (st_set_crs, sin transformar)","lon [-74.3933, -74.0162] lat [3.8295, 4.8239] sobre 2219 de 2221 filas con coordenada finita",plausible,colegios06_2025.gpkg,2025-06-30
311001091081,311001091081,GIMNASIO INTEGRAL GUATIQUIA,GIMNASIO INTEGRAL GUATIQUIA,-74.15249999985099,4.5760000012815,WGS 84 / Pseudo-Mercator,"EPSG:4326 (st_set_crs, sin transformar)","lon [-74.3933, -74.0162] lat [3.8295, 4.8239] sobre 2219 de 2221 filas con coordenada finita",plausible,colegios06_2025.gpkg,2025-06-30
311001092478,311001092478,GIMNASIO OBREGON,GIMNASIO OBREGON,-74.1579000018537,4.591099999845028,WGS 84 / Pseudo-Mercator,"EPSG:4326 (st_set_crs, sin transformar)","lon [-74.3933, -74.0162] lat [3.8295, 4.8239] sobre 2219 de 2221 filas con coordenada finita",plausible,colegios06_2025.gpkg,2025-06-30
311001092664,311001092664,COLEGIO CRISTIANO SHEKINAH,COLEGIO CRISTIANO SHEKINAH,-74.14669999852777,4.554000001400709,WGS 84 / Pseudo-Mercator,"EPSG:4326 (st_set_crs, sin transformar)","lon [-74.3933, -74.0162] lat [3.8295, 4.8239] sobre 2219 de 2221 filas con coordenada finita",plausible,colegios06_2025.gpkg,2025-06-30
311001093016,311001093016,INSTITUTO MARMATOS LTDA,INSTITUTO MARMATOS LTDA,-74.17000000178814,4.581599999219179,WGS 84 / Pseudo-Mercator,"EPSG:4326 (st_set_crs, sin transformar)","lon [-74.3933, -74.0162] lat [3.8295, 4.8239] sobre 2219 de 2221 filas con coordenada finita",plausible,colegios06_2025.gpkg,2025-06-30
311001093300,311001093300,GIMNASIO JULIO GARAVITO,GIMNASIO JULIO GARAVITO,-74.16310000047088,4.589499998837709,WGS 84 / Pseudo-Mercator,"EPSG:4326 (st_set_crs, sin transformar)","lon [-74.3933, -74.0162] lat [3.8295, 4.8239] sobre 2219 de 2221 filas con coordenada finita",plausible,colegios06_2025.gpkg,2025-06-30
311001093377,311001093377,GIMNASIO LATINOAMERICANO,GIMNASIO LATINOAMERICANO,-74.1499000005424,4.5637000016868114,WGS 84 / Pseudo-Mercator,"EPSG:4326 (st_set_crs, sin transformar)","lon [-74.3933, -74.0162] lat [3.8295, 4.8239] sobre 2219 de 2221 filas con coordenada finita",plausible,colegios06_2025.gpkg,2025-06-30
311001093415,311001093415,LICEO PEDAGOGICO MADRIGAL,LICEO PEDAGOGICO MADRIGAL,-74.15210000053048,4.573300000280142,WGS 84 / Pseudo-Mercator,"EPSG:4326 (st_set_crs, sin transformar)","lon [-74.3933, -74.0162] lat [3.8295, 4.8239] sobre 2219 de 2221 filas con coordenada finita",plausible,colegios06_2025.gpkg,2025-06-30
311001093431,311001093431,GIMNASIO CULTURAL MODERNO,GIMNASIO CULTURAL MODERNO,-74.17330000177026,4.592799998819828,WGS 84 / Pseudo-Mercator,"EPSG:4326 (st_set_crs, sin transformar)","lon [-74.3933, -74.0162] lat [3.8295, 4.8239] sobre 2219 de 2221 filas con coordenada finita",plausible,colegios06_2025.gpkg,2025-06-30
311001093440,311001093440,LICEO MODERNO LOS ANDES,LICEO MODERNO LOS ANDES,-74.16660000011325,4.58669999986887,WGS 84 / Pseudo-Mercator,"EPSG:4326 (st_set_crs, sin transformar)","lon [-74.3933, -74.0162] lat [3.8295, 4.8239] sobre 2219 de 2221 filas con coordenada finita",plausible,colegios06_2025.gpkg,2025-06-30
311001093792,311001093792,CENTRO EDUCATIVO MANUEL ELKIN PATARROYO,CENTRO EDUCATIVO MANUEL ELKIN PATARROYO,-74.16360000148416,4.568900000303984,WGS 84 / Pseudo-Mercator,"EPSG:4326 (st_set_crs, sin transformar)","lon [-74.3933, -74.0162] lat [3.8295, 4.8239] sobre 2219 de 2221 filas con coordenada finita",plausible,colegios06_2025.gpkg,2025-06-30
311001094730,311001094730,INSTITUTO SAN FRANCISCO,INSTITUTO SAN FRANCISCO,-74.14849999919534,4.564399998635054,WGS 84 / Pseudo-Mercator,"EPSG:4326 (st_set_crs, sin transformar)","lon [-74.3933, -74.0162] lat [3.8295, 4.8239] sobre 2219 de 2221 filas con coordenada finita",plausible,colegios06_2025.gpkg,2025-06-30
311001095051,311001095051,COLEGIO NUEVA VIDA CIUDAD BOLIVAR,COLEGIO NUEVA VIDA CIUDAD BOLIVAR,-74.15890000015497,4.552499998360872,WGS 84 / Pseudo-Mercator,"EPSG:4326 (st_set_crs, sin transformar)","lon [-74.3933, -74.0162] lat [3.8295, 4.8239] sobre 2219 de 2221 filas con coordenada finita",plausible,colegios06_2025.gpkg,2025-06-30
311001095141,311001095141,COLEGIO CRISTIANO EL PACTO,COLEGIO CRISTIANO EL PACTO,-74.16860000044107,4.567499998956919,WGS 84 / Pseudo-Mercator,"EPSG:4326 (st_set_crs, sin transformar)","lon [-74.3933, -74.0162] lat [3.8295, 4.8239] sobre 2219 de 2221 filas con coordenada finita",plausible,colegios06_2025.gpkg,2025-06-30
311001098531,311001098531,COLEGIO DIDASCALIO NUESTRA SEÑORA DE LA ESPERANZA,COLEGIO DIDASCALIO NUESTRA SEÑORA DE LA ESPERANZA,-74.17500000074506,4.576799999922514,WGS 84 / Pseudo-Mercator,"EPSG:4326 (st_set_crs, sin transformar)","lon [-74.3933, -74.0162] lat [3.8295, 4.8239] sobre 2219 de 2221 filas con coordenada finita",plausible,colegios06_2025.gpkg,2025-06-30
311001101264,311001101264,COLEGIO JUVENTUD DEL FUTURO,COLEGIO JUVENTUD DEL FUTURO,-74.14930000156164,4.546799998730421,WGS 84 / Pseudo-Mercator,"EPSG:4326 (st_set_crs, sin transformar)","lon [-74.3933, -74.0162] lat [3.8295, 4.8239] sobre 2219 de 2221 filas con coordenada finita",plausible,colegios06_2025.gpkg,2025-06-30
311001101647,311001101647,COLEGIO COLOMBO CIENCIAS,COLEGIO COLOMBO CIENCIAS,-74.16550000011921,4.588799998164177,WGS 84 / Pseudo-Mercator,"EPSG:4326 (st_set_crs, sin transformar)","lon [-74.3933, -74.0162] lat [3.8295, 4.8239] sobre 2219 de 2221 filas con coordenada finita",plausible,colegios06_2025.gpkg,2025-06-30
311001106185,311001106185,LICEO INFANTIL EL GRAN VIRREY,LICEO INFANTIL EL GRAN VIRREY,-74.14600000157952,4.570000000298023,WGS 84 / Pseudo-Mercator,"EPSG:4326 (st_set_crs, sin transformar)","lon [-74.3933, -74.0162] lat [3.8295, 4.8239] sobre 2219 de 2221 filas con coordenada finita",plausible,colegios06_2025.gpkg,2025-06-30
311001106193,311001106193,GIMNASIO BOLIVAR II,GIMNASIO BOLIVAR II,-74.13929999992251,4.552700001746416,WGS 84 / Pseudo-Mercator,"EPSG:4326 (st_set_crs, sin transformar)","lon [-74.3933, -74.0162] lat [3.8295, 4.8239] sobre 2219 de 2221 filas con coordenada finita",plausible,colegios06_2025.gpkg,2025-06-30
311001106207,311001106207,COLEGIO NUEVA CANDELARIA,COLEGIO NUEVA CANDELARIA,-74.15269999951124,4.575100000947714,WGS 84 / Pseudo-Mercator,"EPSG:4326 (st_set_crs, sin transformar)","lon [-74.3933, -74.0162] lat [3.8295, 4.8239] sobre 2219 de 2221 filas con coordenada finita",plausible,colegios06_2025.gpkg,2025-06-30
311001106215,311001106215,GIMNASIO DE ENSEÑANZA LA SABANA,GIMNASIO DE ENSEÑANZA LA SABANA,-74.15630000084639,4.5912999995052814,WGS 84 / Pseudo-Mercator,"EPSG:4326 (st_set_crs, sin transformar)","lon [-74.3933, -74.0162] lat [3.8295, 4.8239] sobre 2219 de 2221 filas con coordenada finita",plausible,colegios06_2025.gpkg,2025-06-30
311001107629,311001107629,INSTITUTO SAN PABLO APOSTOL,INSTITUTO SAN PABLO APOSTOL,-74.1642999984324,4.571800000965595,WGS 84 / Pseudo-Mercator,"EPSG:4326 (st_set_crs, sin transformar)","lon [-74.3933, -74.0162] lat [3.8295, 4.8239] sobre 2219 de 2221 filas con coordenada finita",plausible,colegios06_2025.gpkg,2025-06-30
311001108218,311001108218,GIMNASIO ISRAEL,GIMNASIO ISRAEL,-74.15969999879599,4.590900000184774,WGS 84 / Pseudo-Mercator,"EPSG:4326 (st_set_crs, sin transformar)","lon [-74.3933, -74.0162] lat [3.8295, 4.8239] sobre 2219 de 2221 filas con coordenada finita",plausible,colegios06_2025.gpkg,2025-06-30
311001109001,311001109001,INSTITUTO POPULAR BOLIVARIANO,INSTITUTO POPULAR BOLIVARIANO,-74.1398000009358,4.554800000041723,WGS 84 / Pseudo-Mercator,"EPSG:4326 (st_set_crs, sin transformar)","lon [-74.3933, -74.0162] lat [3.8295, 4.8239] sobre 2219 de 2221 filas con coordenada finita",plausible,colegios06_2025.gpkg,2025-06-30
311001109613,311001109613,LICEO INFANTIL JEAN PIAGET,LICEO INFANTIL JEAN PIAGET,-74.14539999887347,4.57039999961853,WGS 84 / Pseudo-Mercator,"EPSG:4326 (st_set_crs, sin transformar)","lon [-74.3933, -74.0162] lat [3.8295, 4.8239] sobre 2219 de 2221 filas con coordenada finita",plausible,colegios06_2025.gpkg,2025-06-30
311001109648,311001109648,GIMNASIO SUR ATLANTA,GIMNASIO SUR ATLANTA,-74.15320000052452,4.579900000244379,WGS 84 / Pseudo-Mercator,"EPSG:4326 (st_set_crs, sin transformar)","lon [-74.3933, -74.0162] lat [3.8295, 4.8239] sobre 2219 de 2221 filas con coordenada finita",plausible,colegios06_2025.gpkg,2025-06-30
311001110158,311001110158,COLEGIO NUEVO MILENIO,COLEGIO NUEVO MILENIO,-74.15379999950528,4.576400000602007,WGS 84 / Pseudo-Mercator,"EPSG:4326 (st_set_crs, sin transformar)","lon [-74.3933, -74.0162] lat [3.8295, 4.8239] sobre 2219 de 2221 filas con coordenada finita",plausible,colegios06_2025.gpkg,2025-06-30
311001110191,311001110191,GIMNASIO LA FONTAINE,GIMNASIO LA FONTAINE,-74.17419999837875,4.5925999991595745,WGS 84 / Pseudo-Mercator,"EPSG:4326 (st_set_crs, sin transformar)","lon [-74.3933, -74.0162] lat [3.8295, 4.8239] sobre 2219 de 2221 filas con coordenada finita",plausible,colegios06_2025.gpkg,2025-06-30
311001800243,311001800243,COLEGIO PALERMO,COLEGIO PALERMO,-74.16059999912977,4.552999999374151,WGS 84 / Pseudo-Mercator,"EPSG:4326 (st_set_crs, sin transformar)","lon [-74.3933, -74.0162] lat [3.8295, 4.8239] sobre 2219 de 2221 filas con coordenada finita",plausible,colegios06_2025.gpkg,2025-06-30
311001800448,311001800448,INNOVAR EDUCACION PARA JOVENES Y ADULTOS,INNOVAR EDUCACION PARA JOVENES Y ADULTOS,-74.1435999982059,4.5595999993383884,WGS 84 / Pseudo-Mercator,"EPSG:4326 (st_set_crs, sin transformar)","lon [-74.3933, -74.0162] lat [3.8295, 4.8239] sobre 2219 de 2221 filas con coordenada finita",plausible,colegios06_2025.gpkg,2025-06-30
311001801356,311001801356,JARDIN DE INFANTES JORGITO Y SUS AMIGOS,JARDIN DE INFANTES JORGITO Y SUS AMIGOS,-17976931348623157e292,-17976931348623157e292,WGS 84 / Pseudo-Mercator,"EPSG:4326 (st_set_crs, sin transformar)","lon [-74.3933, -74.0162] lat [3.8295, 4.8239] sobre 2219 de 2221 filas con coordenada finita",centinela_dbl_max,colegios06_2025.gpkg,2025-06-30
411001098578,411001098578,COLEGIO DE LA UNIVERSIDAD ANTONIO NARIÑO,COLEGIO DE LA UNIVERSIDAD ANTONIO NARIÑO,-74.12359999865294,4.482900001108646,WGS 84 / Pseudo-Mercator,"EPSG:4326 (st_set_crs, sin transformar)","lon [-74.3933, -74.0162] lat [3.8295, 4.8239] sobre 2219 de 2221 filas con coordenada finita",plausible,colegios06_2025.gpkg,2025-06-30
211001076346,211001076346,COLEGIO CAMPESTRE JAIME GARZON (IED),RURAL LAS AURAS,-74.17150000110269,4.171000000089407,WGS 84 / Pseudo-Mercator,"EPSG:4326 (st_set_crs, sin transformar)","lon [-74.3933, -74.0162] lat [3.8295, 4.8239] sobre 2219 de 2221 filas con coordenada finita",plausible,colegios06_2025.gpkg,2025-06-30
211850001244,211001076346,COLEGIO CAMPESTRE JAIME GARZON (IED),RURAL EL RAIZAL,-74.13899999856949,4.193500000983477,WGS 84 / Pseudo-Mercator,"EPSG:4326 (st_set_crs, sin transformar)","lon [-74.3933, -74.0162] lat [3.8295, 4.8239] sobre 2219 de 2221 filas con coordenada finita",plausible,colegios06_2025.gpkg,2025-06-30
211850001309,211001076346,COLEGIO CAMPESTRE JAIME GARZON (IED),RURAL LAGUNA VERDE,-74.15630000084639,4.195900000631809,WGS 84 / Pseudo-Mercator,"EPSG:4326 (st_set_crs, sin transformar)","lon [-74.3933, -74.0162] lat [3.8295, 4.8239] sobre 2219 de 2221 filas con coordenada finita",plausible,colegios06_2025.gpkg,2025-06-30
211850000167,211001076346,COLEGIO CAMPESTRE JAIME GARZON (IED),RURAL EL TABACO,-74.14299999922514,4.239999998360872,WGS 84 / Pseudo-Mercator,"EPSG:4326 (st_set_crs, sin transformar)","lon [-74.3933, -74.0162] lat [3.8295, 4.8239] sobre 2219 de 2221 filas con coordenada finita",plausible,colegios06_2025.gpkg,2025-06-30
211001030613,211001076346,COLEGIO CAMPESTRE JAIME GARZON (IED),RURAL PEÑALIZA,-74.12929999828339,4.191599998623133,WGS 84 / Pseudo-Mercator,"EPSG:4326 (st_set_crs, sin transformar)","lon [-74.3933, -74.0162] lat [3.8295, 4.8239] sobre 2219 de 2221 filas con coordenada finita",plausible,colegios06_2025.gpkg,2025-06-30
211850000094,211001076346,COLEGIO CAMPESTRE JAIME GARZON (IED),RURAL ADELINA GUTIERREZ PALACIOS,-74.1457000002265,4.218199998140335,WGS 84 / Pseudo-Mercator,"EPSG:4326 (st_set_crs, sin transformar)","lon [-74.3933, -74.0162] lat [3.8295, 4.8239] sobre 2219 de 2221 filas con coordenada finita",plausible,colegios06_2025.gpkg,2025-06-30
211850000973,211001076346,COLEGIO CAMPESTRE JAIME GARZON (IED),RURAL SANTA ROSA DE NAZARETH,-74.18769999966025,4.192600000649691,WGS 84 / Pseudo-Mercator,"EPSG:4326 (st_set_crs, sin transformar)","lon [-74.3933, -74.0162] lat [3.8295, 4.8239] sobre 2219 de 2221 filas con coordenada finita",plausible,colegios06_2025.gpkg,2025-06-30
211850000957,211001076346,COLEGIO CAMPESTRE JAIME GARZON (IED),RURAL LAS ANIMAS,-74.18079999834299,4.147399999201298,WGS 84 / Pseudo-Mercator,"EPSG:4326 (st_set_crs, sin transformar)","lon [-74.3933, -74.0162] lat [3.8295, 4.8239] sobre 2219 de 2221 filas con coordenada finita",plausible,colegios06_2025.gpkg,2025-06-30
211850001228,211001076346,COLEGIO CAMPESTRE JAIME GARZON (IED),RURAL LOS RIOS,-74.1473999992013,4.161200001835823,WGS 84 / Pseudo-Mercator,"EPSG:4326 (st_set_crs, sin transformar)","lon [-74.3933, -74.0162] lat [3.8295, 4.8239] sobre 2219 de 2221 filas con coordenada finita",plausible,colegios06_2025.gpkg,2025-06-30
211850001236,211001076346,COLEGIO CAMPESTRE JAIME GARZON (IED),RURAL NAZARETH,-74.14699999988079,4.171999998390675,WGS 84 / Pseudo-Mercator,"EPSG:4326 (st_set_crs, sin transformar)","lon [-74.3933, -74.0162] lat [3.8295, 4.8239] sobre 2219 de 2221 filas con coordenada finita",plausible,colegios06_2025.gpkg,2025-06-30
211850001473,211850001473,COLEGIO GIMNASIO DEL CAMPO JUAN DE LA CRUZ VARELA (IED),RURAL LA UNION,-74.36369999870658,3.985599998384714,WGS 84 / Pseudo-Mercator,"EPSG:4326 (st_set_crs, sin transformar)","lon [-74.3933, -74.0162] lat [3.8295, 4.8239] sobre 2219 de 2221 filas con coordenada finita",plausible,colegios06_2025.gpkg,2025-06-30
211850000175,211850001473,COLEGIO GIMNASIO DEL CAMPO JUAN DE LA CRUZ VARELA (IED),RURAL TUNAL ALTO,-74.33599999919534,3.9549999982118607,WGS 84 / Pseudo-Mercator,"EPSG:4326 (st_set_crs, sin transformar)","lon [-74.3933, -74.0162] lat [3.8295, 4.8239] sobre 2219 de 2221 filas con coordenada finita",plausible,colegios06_2025.gpkg,2025-06-30
211850000914,211850001473,COLEGIO GIMNASIO DEL CAMPO JUAN DE LA CRUZ VARELA (IED),RURAL TUNAL BAJO,-74.35000000149012,3.982999999076128,WGS 84 / Pseudo-Mercator,"EPSG:4326 (st_set_crs, sin transformar)","lon [-74.3933, -74.0162] lat [3.8295, 4.8239] sobre 2219 de 2221 filas con coordenada finita",plausible,colegios06_2025.gpkg,2025-06-30
211850000850,211850001473,COLEGIO GIMNASIO DEL CAMPO JUAN DE LA CRUZ VARELA (IED),RURAL LAGUNITAS,-74.32669999822974,3.9838000014424324,WGS 84 / Pseudo-Mercator,"EPSG:4326 (st_set_crs, sin transformar)","lon [-74.3933, -74.0162] lat [3.8295, 4.8239] sobre 2219 de 2221 filas con coordenada finita",plausible,colegios06_2025.gpkg,2025-06-30
211850000809,211850001473,COLEGIO GIMNASIO DEL CAMPO JUAN DE LA CRUZ VARELA (IED),RURAL EL SALITRE,-74.35869999974966,3.8907999992370605,WGS 84 / Pseudo-Mercator,"EPSG:4326 (st_set_crs, sin transformar)","lon [-74.3933, -74.0162] lat [3.8295, 4.8239] sobre 2219 de 2221 filas con coordenada finita",plausible,colegios06_2025.gpkg,2025-06-30
211850000795,211850001473,COLEGIO GIMNASIO DEL CAMPO JUAN DE LA CRUZ VARELA (IED),RURAL LA CONCEPCION,-74.34980000182986,3.9281999990344048,WGS 84 / Pseudo-Mercator,"EPSG:4326 (st_set_crs, sin transformar)","lon [-74.3933, -74.0162] lat [3.8295, 4.8239] sobre 2219 de 2221 filas con coordenada finita",plausible,colegios06_2025.gpkg,2025-06-30
211850000825,211850001473,COLEGIO GIMNASIO DEL CAMPO JUAN DE LA CRUZ VARELA (IED),RURAL SAN JOSE,-74.39330000057817,3.829500000923872,WGS 84 / Pseudo-Mercator,"EPSG:4326 (st_set_crs, sin transformar)","lon [-74.3933, -74.0162] lat [3.8295, 4.8239] sobre 2219 de 2221 filas con coordenada finita",plausible,colegios06_2025.gpkg,2025-06-30
211850000906,211850001473,COLEGIO GIMNASIO DEL CAMPO JUAN DE LA CRUZ VARELA (IED),RURAL LAS CHORRERAS,-74.30559999868274,4.000799998641014,WGS 84 / Pseudo-Mercator,"EPSG:4326 (st_set_crs, sin transformar)","lon [-74.3933, -74.0162] lat [3.8295, 4.8239] sobre 2219 de 2221 filas con coordenada finita",plausible,colegios06_2025.gpkg,2025-06-30
211850000833,211850001473,COLEGIO GIMNASIO DEL CAMPO JUAN DE LA CRUZ VARELA (IED),RURAL ERASMO VALENCIA,-74.30040000006557,4.030299998819828,WGS 84 / Pseudo-Mercator,"EPSG:4326 (st_set_crs, sin transformar)","lon [-74.3933, -74.0162] lat [3.8295, 4.8239] sobre 2219 de 2221 filas con coordenada finita",plausible,colegios06_2025.gpkg,2025-06-30
211850001091,211850001473,COLEGIO GIMNASIO DEL CAMPO JUAN DE LA CRUZ VARELA (IED),RURAL SAN JUAN,-74.31399999931455,4.028999999165535,WGS 84 / Pseudo-Mercator,"EPSG:4326 (st_set_crs, sin transformar)","lon [-74.3933, -74.0162] lat [3.8295, 4.8239] sobre 2219 de 2221 filas con coordenada finita",plausible,colegios06_2025.gpkg,2025-06-30
211850001040,211850001473,COLEGIO GIMNASIO DEL CAMPO JUAN DE LA CRUZ VARELA (IED),RURAL EL TOLDO,-74.326299998909235,4.05689999833703,WGS 84 / Pseudo-Mercator,"EPSG:4326 (st_set_crs, sin transformar)","lon [-74.3933, -74.0162] lat [3.8295, 4.8239] sobre 2219 de 2221 filas con coordenada finita",plausible,colegios06_2025.gpkg,2025-06-30
211850001058,211850001473,COLEGIO GIMNASIO DEL CAMPO JUAN DE LA CRUZ VARELA (IED),RURAL SAN ANTONIO,-74.32889999821782,4.094200000166893,WGS 84 / Pseudo-Mercator,"EPSG:4326 (st_set_crs, sin transformar)","lon [-74.3933, -74.0162] lat [3.8295, 4.8239] sobre 2219 de 2221 filas con coordenada finita",plausible,colegios06_2025.gpkg,2025-06-30
211850000817,211850001473,COLEGIO GIMNASIO DEL CAMPO JUAN DE LA CRUZ VARELA (IED),RURAL SANTO DOMINGO,-74.34369999915361,4.008699998259544,WGS 84 / Pseudo-Mercator,"EPSG:4326 (st_set_crs, sin transformar)","lon [-74.3933, -74.0162] lat [3.8295, 4.8239] sobre 2219 de 2221 filas con coordenada finita",plausible,colegios06_2025.gpkg,2025-06-30
211001030630,211850001473,COLEGIO GIMNASIO DEL CAMPO JUAN DE LA CRUZ VARELA (IED),RURAL EL CAPITOLIO,-74.35080000013113,4.031599998474121,WGS 84 / Pseudo-Mercator,"EPSG:4326 (st_set_crs, sin transformar)","lon [-74.3933, -74.0162] lat [3.8295, 4.8239] sobre 2219 de 2221 filas con coordenada finita",plausible,colegios06_2025.gpkg,2025-06-30
