periodo,codigo_sede,codigo_establecimiento,cole_nombre_sede,cole_nombre_establecimiento,motivo,n_estudiantes,n_candidatos,posible_fuente_revision,estado_revision_manual
20192,311001105448,311001105448,CENT DE EDUC DE ADULTOS CULTURAL - SEDE PRINCIPAL,CENT DE EDUC DE ADULTOS CULTURAL,valid_code_not_in_catalog,280,0,sin candidato; requiere fuente externa,PENDIENTE
20182,311001105448,311001105448,CENT DE EDUC DE ADULTOS CULTURAL - SEDE PRINCIPAL,CENT DE EDUC DE ADULTOS CULTURAL,valid_code_not_in_catalog,247,0,sin candidato; requiere fuente externa,PENDIENTE
20222,311001800294,311001800294,COLEGIO KUEPA RESTREPO - SEDE PRINCIPAL,COLEGIO KUEPA RESTREPO,valid_code_not_in_catalog,204,0,sin candidato; requiere fuente externa,PENDIENTE
20172,311001105448,311001105448,CENTRO DE EDUCACION DE ADULTOS CULTURAL,CENT DE EDUC DE ADULTOS CULTURAL,valid_code_not_in_catalog,184,0,sin candidato; requiere fuente externa,PENDIENTE
20202,311001800294,311001800294,COLEGIO KUEPA RESTREPO - SEDE PRINCIPAL,COLEGIO KUEPA RESTREPO,valid_code_not_in_catalog,179,0,sin candidato; requiere fuente externa,PENDIENTE
20222,311001105448,311001105448,CENTRO DE EDUCACION DE ADULTOS CULTURAL,CENT DE EDUC DE ADULTOS CULTURAL,valid_code_not_in_catalog,163,0,sin candidato; requiere fuente externa,PENDIENTE
20172,311001047286,311001047286,INSTITUCION EDUCATIVA COMPARTIR SUBA,INSTITUCION EDUCATIVA COMPARTIR SUBA,valid_code_not_in_catalog,154,0,sin candidato; requiere fuente externa,PENDIENTE
20162,311001047286,311001047286,COLEGIO COMPARTIR SUBA,INSTITUCION EDUCATIVA COMPARTIR SUBA,valid_code_not_in_catalog,148,0,sin candidato; requiere fuente externa,PENDIENTE
20182,311001047286,311001047286,INSTITUCION EDUCATIVA COMPARTIR SUBA,INSTITUCION EDUCATIVA COMPARTIR SUBA,valid_code_not_in_catalog,147,0,sin candidato; requiere fuente externa,PENDIENTE
20162,311001027056,311001027056,COL MILIT SIMON BOLIVAR,COLEGIO MILITAR SIMON BOLIVAR,valid_code_not_in_catalog,143,0,sin candidato; requiere fuente externa,PENDIENTE
20192,311001109885,311001109885,COLEGIO KUEPA - SEDE PRINCIPAL,COLEGIO KUEPA,valid_code_not_in_catalog,139,0,sin candidato; requiere fuente externa,PENDIENTE
20172,111001000388,111001013374,ESC NAL DE COMERCIO,COLEGIO ESCUELA NACIONAL DE COMERCIO (IED),valid_code_not_in_catalog,137,0,sin candidato; requiere fuente externa,PENDIENTE
20232,311001105448,311001105448,CENTRO DE EDUCACION DE ADULTOS CULTURAL,CENT DE EDUC DE ADULTOS CULTURAL,valid_code_not_in_catalog,137,0,sin candidato; requiere fuente externa,PENDIENTE
20172,311001027056,311001027056,COL MILIT SIMON BOLIVAR,COLEGIO MILITAR SIMON BOLIVAR,valid_code_not_in_catalog,136,0,sin candidato; requiere fuente externa,PENDIENTE
20162,311001017018,311001017018,CENT EDUC SAN LUIS GONZAGA FE Y ALEGRIA,CENT EDUC SAN LUIS GONZAGA FE Y ALEGRIA,valid_code_not_in_catalog,126,0,sin candidato; requiere fuente externa,PENDIENTE
20212,311001105448,311001105448,CENT DE EDUC DE ADULTOS CULTURAL - SEDE PRINCIPAL,CENT DE EDUC DE ADULTOS CULTURAL,valid_code_not_in_catalog,122,0,sin candidato; requiere fuente externa,PENDIENTE
20192,311001027056,311001027056,COL MILIT SIMON BOLIVAR,COLEGIO MILITAR SIMON BOLIVAR,valid_code_not_in_catalog,119,0,sin candidato; requiere fuente externa,PENDIENTE
20192,311001047286,311001047286,INSTITUCION EDUCATIVA COMPARTIR SUBA,INSTITUCION EDUCATIVA COMPARTIR SUBA,valid_code_not_in_catalog,119,0,sin candidato; requiere fuente externa,PENDIENTE
20182,311001027056,311001027056,COL MILIT SIMON BOLIVAR,COLEGIO MILITAR SIMON BOLIVAR,valid_code_not_in_catalog,111,0,sin candidato; requiere fuente externa,PENDIENTE
20232,311001800294,311001800294,COLEGIO KUEPA RESTREPO - SEDE PRINCIPAL,COLEGIO KUEPA RESTREPO,valid_code_not_in_catalog,111,0,sin candidato; requiere fuente externa,PENDIENTE
20162,311001104620,311001104620,COL CAPACITACION 2000,COLEGIO CAPACITACION 2000,pending_manual_review,109,1,candidato unico por nombre normalizado de sede,PENDIENTE
20202,311001047286,311001047286,INSTITUCION EDUCATIVA COMPARTIR SUBA,INSTITUCION EDUCATIVA COMPARTIR SUBA,valid_code_not_in_catalog,109,0,sin candidato; requiere fuente externa,PENDIENTE
20162,311769000386,311769000386,INST. SIKUANI - CIUDAD JARDÍN NORTE - SEDE PRINCIPAL,INST. SIKUANI - CIUDAD JARDÍN NORTE,valid_code_not_in_catalog,107,0,sin candidato; requiere fuente externa,PENDIENTE
20172,311001028222,311001028222,ACAD MILIT MARISCAL SUCRE,ACAD MILIT MARISCAL SUCRE,valid_code_not_in_catalog,103,0,sin candidato; requiere fuente externa,PENDIENTE
20172,311001110042,311001110042,FUNDACIÓN EDUCATIVA PARA EL DESARROLLO INTEGRAL - FEDI - SEDE PRINCIPAL,FUNDACIÓN EDUCATIVA PARA EL DESARROLLO INTEGRAL - FEDI,valid_code_not_in_catalog,103,0,sin candidato; requiere fuente externa,PENDIENTE
20162,311001097500,311001097500,LIC ARKADIA COLOMBIA,LICEO ARKADIA COLOMBIA,valid_code_not_in_catalog,102,0,sin candidato; requiere fuente externa,PENDIENTE
20202,311001027056,311001027056,COL MILIT SIMON BOLIVAR,COLEGIO MILITAR SIMON BOLIVAR,valid_code_not_in_catalog,101,0,sin candidato; requiere fuente externa,PENDIENTE
20221,311001800294,311001800294,COLEGIO KUEPA RESTREPO - SEDE PRINCIPAL,COLEGIO KUEPA RESTREPO,valid_code_not_in_catalog,101,0,sin candidato; requiere fuente externa,PENDIENTE
20162,311001028222,311001028222,ACAD MILIT MARISCAL SUCRE,ACAD MILIT MARISCAL SUCRE,valid_code_not_in_catalog,100,0,sin candidato; requiere fuente externa,PENDIENTE
20221,311001105448,311001105448,CENTRO DE EDUCACION DE ADULTOS CULTURAL,CENT DE EDUC DE ADULTOS CULTURAL,valid_code_not_in_catalog,100,0,sin candidato; requiere fuente externa,PENDIENTE
20162,311001105448,311001105448,CENT DE EDUC DE ADULTOS CULTURAL - SEDE PRINCIPAL,CENT DE EDUC DE ADULTOS CULTURAL,valid_code_not_in_catalog,99,0,sin candidato; requiere fuente externa,PENDIENTE
20162,111001000388,111001013374,ESC NAL DE COMERCIO,COLEGIO ESCUELA NACIONAL DE COMERCIO (IED),valid_code_not_in_catalog,97,0,sin candidato; requiere fuente externa,PENDIENTE
20162,311001000883,311001000883,COL DE LA PRESENTACION LUNA PARK,COL DE LA PRESENTACION LUNA PARK,valid_code_not_in_catalog,93,0,sin candidato; requiere fuente externa,PENDIENTE
20182,311001088934,311001088934,ATENEO INTEGRAL ANA B. DE FLOREZ,ATENEO INTEGRAL ANA B. DE FLOREZ,valid_code_not_in_catalog,93,0,sin candidato; requiere fuente externa,PENDIENTE
20172,311001088934,311001088934,ATENEO INTEGRAL ANA B. DE FLOREZ,ATENEO INTEGRAL ANA B. DE FLOREZ,valid_code_not_in_catalog,86,0,sin candidato; requiere fuente externa,PENDIENTE
20162,311001004196,311001004196,COL WINCHESTER,COLEGIO WINCHESTER,valid_code_not_in_catalog,85,0,sin candidato; requiere fuente externa,PENDIENTE
20182,311001109885,311001109885,COLEGIO KUEPA - SEDE PRINCIPAL,COLEGIO KUEPA,valid_code_not_in_catalog,84,0,sin candidato; requiere fuente externa,PENDIENTE
20162,311848000448,311848000448,CENT MARIA AUXILIADORA,CENT MARIA AUXILIADORA,valid_code_not_in_catalog,82,0,sin candidato; requiere fuente externa,PENDIENTE
20231,311001800294,311001800294,COLEGIO KUEPA RESTREPO - SEDE PRINCIPAL,COLEGIO KUEPA RESTREPO,valid_code_not_in_catalog,82,0,sin candidato; requiere fuente externa,PENDIENTE
20172,311001101531,311001101531,LICEO CAMPESTRE DE HARVARD,LICEO CAMPESTRE DE HARVARD,valid_code_not_in_catalog,81,0,sin candidato; requiere fuente externa,PENDIENTE
20182,411001800116,411001800116,ACADEMIA MILITAR MARISCAL SUCRE - SEDE PRINCIPAL,ACADEMIA MILITAR MARISCAL SUCRE,valid_code_not_in_catalog,79,0,sin candidato; requiere fuente externa,PENDIENTE
20162,311001104484,311001104484,CENT PANAMERICANO DE CAPACITACION SEDE CHAPINERO,CENT PANAMERICANO DE CAPACITACION SEDE CHAPINERO,valid_code_not_in_catalog,78,0,sin candidato; requiere fuente externa,PENDIENTE
20162,311001104719,311001104719,INST SURORIENTAL SAN JORGE NOCTURNO,INST SURORIENTAL SAN JORGE NOCTURNO,valid_code_not_in_catalog,78,0,sin candidato; requiere fuente externa,PENDIENTE
20172,311001017018,311001017018,CENT EDUC SAN LUIS GONZAGA FE Y ALEGRIA,CENT EDUC SAN LUIS GONZAGA FE Y ALEGRIA,valid_code_not_in_catalog,78,0,sin candidato; requiere fuente externa,PENDIENTE
20172,311001106592,311001106592,COLEGIO DE EDUCACION BASICA SECUNDARIA Y MEDIA ACADEMICA PARA ADULTOS HEISENBERG,COLEGIO DE EDUCACION BASICA SECUNDARIA Y MEDIA ACADEMICA PARA ADULTOS HEISENBERG,valid_code_not_in_catalog,77,0,sin candidato; requiere fuente externa,PENDIENTE
20162,311001110204,311001110204,COLEGIO SANDALPHON - SEDE PRINCIPAL,COLEGIO SANDALPHON,valid_code_not_in_catalog,76,0,sin candidato; requiere fuente externa,PENDIENTE
20162,311001031584,311001031584,INST SAN FERNANDO FERRINI  SEDE CEDRITOS,INSTITUTO FERRINI,valid_code_not_in_catalog,75,0,sin candidato; requiere fuente externa,PENDIENTE
20162,311001104450,311001104450,INSTITUTO EDUCATIVO FUTURO HOY - SEDE PRINCIPAL,INSTITUTO EDUCATIVO FUTURO HOY,valid_code_not_in_catalog,75,0,sin candidato; requiere fuente externa,PENDIENTE
20182,311001097500,311001097500,LIC ARKADIA COLOMBIA,LICEO ARKADIA COLOMBIA,valid_code_not_in_catalog,75,0,sin candidato; requiere fuente externa,PENDIENTE
20212,311001097500,311001097500,LICEO ARKADIA COLOMBIA,LICEO ARKADIA COLOMBIA,valid_code_not_in_catalog,72,0,sin candidato; requiere fuente externa,PENDIENTE
20162,311001005583,311001005583,GIMN BOYACA,GIMNASIO BOYACA ECCI,valid_code_not_in_catalog,71,0,sin candidato; requiere fuente externa,PENDIENTE
20171,311001106592,311001106592,COLEGIO DE EDUCACION BASICA SECUNDARIA Y MEDIA ACADEMICA PARA ADULTOS HEISENBERG,COLEGIO DE EDUCACION BASICA SECUNDARIA Y MEDIA ACADEMICA PARA ADULTOS HEISENBERG,valid_code_not_in_catalog,71,0,sin candidato; requiere fuente externa,PENDIENTE
20172,311001104719,311001104719,INST SURORIENTAL SAN JORGE NOCTURNO,INST SURORIENTAL SAN JORGE NOCTURNO,valid_code_not_in_catalog,71,0,sin candidato; requiere fuente externa,PENDIENTE
20172,311769000386,311769000386,INSTITUTO SIKUANI - CIUDAD JARDIN DEL NORTE,INST. SIKUANI - CIUDAD JARDÍN NORTE,valid_code_not_in_catalog,71,0,sin candidato; requiere fuente externa,PENDIENTE
20162,311001106592,311001106592,COL HEISENBERG SEDE KENNEDY,COLEGIO DE EDUCACION BASICA SECUNDARIA Y MEDIA ACADEMICA PARA ADULTOS HEISENBERG,valid_code_not_in_catalog,70,0,sin candidato; requiere fuente externa,PENDIENTE
20192,311001110042,311001110042,FUNDACIÓN EDUCATIVA PARA EL DESARROLLO INTEGRAL - FEDI - SEDE PRINCIPAL,FUNDACIÓN EDUCATIVA PARA EL DESARROLLO INTEGRAL - FEDI,valid_code_not_in_catalog,70,0,sin candidato; requiere fuente externa,PENDIENTE
20162,311001101531,311001101531,LIC CAMPESTRE DE HARVARD,LICEO CAMPESTRE DE HARVARD,valid_code_not_in_catalog,69,0,sin candidato; requiere fuente externa,PENDIENTE
20172,311001008931,311001008931,INSTITUTO TECNICO COMERCIAL RESTREPO,INSTITUTO TECNICO COMERCIAL RESTREPO,valid_code_not_in_catalog,69,0,sin candidato; requiere fuente externa,PENDIENTE
20192,311001088934,311001088934,ATENEO INTEGRAL ANA B. DE FLOREZ,ATENEO INTEGRAL ANA B. DE FLOREZ,valid_code_not_in_catalog,68,0,sin candidato; requiere fuente externa,PENDIENTE
20192,411848001058,411848001058,COL FUND COLOMBIA,COLEGIO FUNDACION COLOMBIA,valid_code_not_in_catalog,68,0,sin candidato; requiere fuente externa,PENDIENTE
20202,311001088934,311001088934,ATENEO INTEGRAL ANA B. DE FLOREZ,ATENEO INTEGRAL ANA B. DE FLOREZ,valid_code_not_in_catalog,68,0,sin candidato; requiere fuente externa,PENDIENTE
20162,311001088934,311001088934,ATENEO INTEGRAL ANA B. DE FLOREZ,ATENEO INTEGRAL ANA B. DE FLOREZ,valid_code_not_in_catalog,67,0,sin candidato; requiere fuente externa,PENDIENTE
20171,311001105928,311001105928,CENTRO EDUCATIVO PROEDUCAR,CENT EDUC PROEDUCAR,valid_code_not_in_catalog,67,0,sin candidato; requiere fuente externa,PENDIENTE
20192,311001105995,311001105995,CENT EDUC PARA JOVENES Y ADULTOS LEPANTO,CENT EDUC PARA JOVENES Y ADULTOS LEPANTO,valid_code_not_in_catalog,67,0,sin candidato; requiere fuente externa,PENDIENTE
20231,311001105448,311001105448,CENTRO DE EDUCACION DE ADULTOS CULTURAL,CENT DE EDUC DE ADULTOS CULTURAL,valid_code_not_in_catalog,67,0,sin candidato; requiere fuente externa,PENDIENTE
20182,411848001058,411848001058,COL FUND COLOMBIA,COLEGIO FUNDACION COLOMBIA,valid_code_not_in_catalog,64,0,sin candidato; requiere fuente externa,PENDIENTE
20192,311001097500,311001097500,LIC ARKADIA COLOMBIA,LICEO ARKADIA COLOMBIA,valid_code_not_in_catalog,64,0,sin candidato; requiere fuente externa,PENDIENTE
20232,311001097500,311001097500,LICEO ARKADIA COLOMBIA,LICEO ARKADIA COLOMBIA,valid_code_not_in_catalog,64,0,sin candidato; requiere fuente externa,PENDIENTE
20162,411848001058,411848001058,COL FUND COLOMBIA,COLEGIO FUNDACION COLOMBIA,valid_code_not_in_catalog,63,0,sin candidato; requiere fuente externa,PENDIENTE
20172,311001005583,311001005583,GIMN BOYACA,GIMNASIO BOYACA ECCI,valid_code_not_in_catalog,63,0,sin candidato; requiere fuente externa,PENDIENTE
20162,311001106851,311001106851,INST TECNICO COLOMBO AMERICANO,INST TECNICO COLOMBO AMERICANO,valid_code_not_in_catalog,62,0,sin candidato; requiere fuente externa,PENDIENTE
20191,311001109885,311001109885,COLEGIO KUEPA - SEDE PRINCIPAL,COLEGIO KUEPA,valid_code_not_in_catalog,62,0,sin candidato; requiere fuente externa,PENDIENTE
20212,411848001058,411848001058,COL FUND COLOMBIA,COLEGIO FUNDACION COLOMBIA,valid_code_not_in_catalog,62,0,sin candidato; requiere fuente externa,PENDIENTE
20172,311001097500,311001097500,LICEO ARKADIA COLOMBIA,LICEO ARKADIA COLOMBIA,valid_code_not_in_catalog,61,0,sin candidato; requiere fuente externa,PENDIENTE
20172,311001105995,311001105995,CENT EDUC PARA JOVENES Y ADULTOS LEPANTO,CENT EDUC PARA JOVENES Y ADULTOS LEPANTO,valid_code_not_in_catalog,61,0,sin candidato; requiere fuente externa,PENDIENTE
20182,311001004196,311001004196,COL WINCHESTER,COLEGIO WINCHESTER,valid_code_not_in_catalog,61,0,sin candidato; requiere fuente externa,PENDIENTE
20182,311001110042,311001110042,FUNDACIÓN EDUCATIVA PARA EL DESARROLLO INTEGRAL - FEDI - SEDE PRINCIPAL,FUNDACIÓN EDUCATIVA PARA EL DESARROLLO INTEGRAL - FEDI,valid_code_not_in_catalog,61,0,sin candidato; requiere fuente externa,PENDIENTE
20222,411848001058,411848001058,COLEGIO FUNDACION COLOMBIA,COLEGIO FUNDACION COLOMBIA,valid_code_not_in_catalog,61,0,sin candidato; requiere fuente externa,PENDIENTE
20162,311001089418,311001089418,COL MAYOR SAN BENITO APOSTOL,COL MAYOR SAN BENITO APOSTOL,valid_code_not_in_catalog,60,0,sin candidato; requiere fuente externa,PENDIENTE
20172,311001000883,311001000883,COL DE LA PRESENTACION LUNA PARK,COL DE LA PRESENTACION LUNA PARK,valid_code_not_in_catalog,60,0,sin candidato; requiere fuente externa,PENDIENTE
20202,411848001058,411848001058,COL FUND COLOMBIA,COLEGIO FUNDACION COLOMBIA,valid_code_not_in_catalog,60,0,sin candidato; requiere fuente externa,PENDIENTE
20162,311001000450,311001000450,COL HNAS MISIONERAS DE LA CONSOLATA,COL HNAS MISIONERAS DE LA CONSOLATA,valid_code_not_in_catalog,59,0,sin candidato; requiere fuente externa,PENDIENTE
20172,311001109885,311001109885,COLEGIO KUEPA - SEDE PRINCIPAL,COLEGIO KUEPA,valid_code_not_in_catalog,59,0,sin candidato; requiere fuente externa,PENDIENTE
20232,311001000450,311001000450,COL HNAS MISIONERAS DE LA CONSOLATA,COL HNAS MISIONERAS DE LA CONSOLATA,valid_code_not_in_catalog,59,0,sin candidato; requiere fuente externa,PENDIENTE
20181,311001105928,311001105928,CENT EDUC PROEDUCAR,CENT EDUC PROEDUCAR,valid_code_not_in_catalog,58,0,sin candidato; requiere fuente externa,PENDIENTE
20182,311001032840,311001032840,INST MILIT ANTONIO RICAURTE,INST MILIT ANTONIO RICAURTE,valid_code_not_in_catalog,58,0,sin candidato; requiere fuente externa,PENDIENTE
20182,311001089418,311001089418,COL MAYOR SAN BENITO APOSTOL,COL MAYOR SAN BENITO APOSTOL,valid_code_not_in_catalog,58,0,sin candidato; requiere fuente externa,PENDIENTE
20182,311001108889,311001108889,POLITECNICA COLOMBIANA (ANTES ESCUELA COLOMBIANA DE SISTEMAS)  - SEDE PRINCIPAL,POLITECNICA COLOMBIANA (ANTES ESCUELA COLOMBIANA DE SISTEMAS),valid_code_not_in_catalog,58,0,sin candidato; requiere fuente externa,PENDIENTE
20162,311001032840,311001032840,INST MILIT ANTONIO RICAURTE,INST MILIT ANTONIO RICAURTE,valid_code_not_in_catalog,57,0,sin candidato; requiere fuente externa,PENDIENTE
20182,311001017018,311001017018,CENT EDUC SAN LUIS GONZAGA FE Y ALEGRIA,CENT EDUC SAN LUIS GONZAGA FE Y ALEGRIA,valid_code_not_in_catalog,57,0,sin candidato; requiere fuente externa,PENDIENTE
20202,311001097500,311001097500,LICEO ARKADIA COLOMBIA,LICEO ARKADIA COLOMBIA,valid_code_not_in_catalog,57,0,sin candidato; requiere fuente externa,PENDIENTE
20202,311001000450,311001000450,COL HNAS MISIONERAS DE LA CONSOLATA,COL HNAS MISIONERAS DE LA CONSOLATA,valid_code_not_in_catalog,56,0,sin candidato; requiere fuente externa,PENDIENTE
20172,311001032840,311001032840,INST MILIT ANTONIO RICAURTE,INST MILIT ANTONIO RICAURTE,valid_code_not_in_catalog,55,0,sin candidato; requiere fuente externa,PENDIENTE
20172,411848001058,411848001058,COLEGIO FUNDACION COLOMBIA,COLEGIO FUNDACION COLOMBIA,valid_code_not_in_catalog,55,0,sin candidato; requiere fuente externa,PENDIENTE
20192,411001800116,411001800116,ACADEMIA MILITAR MARISCAL SUCRE - SEDE PRINCIPAL,ACADEMIA MILITAR MARISCAL SUCRE,valid_code_not_in_catalog,55,0,sin candidato; requiere fuente externa,PENDIENTE
20182,311848000448,311848000448,CENT MARIA AUXILIADORA,CENT MARIA AUXILIADORA,valid_code_not_in_catalog,54,0,sin candidato; requiere fuente externa,PENDIENTE
20172,311001005168,311001005168,INST SUP COOPERATIVO,INSTITUTO SUPERIOR COOPERATIVO,valid_code_not_in_catalog,53,0,sin candidato; requiere fuente externa,PENDIENTE
20172,311848000413,311848000413,INST DE PEDAG AUTOACTIVA DE GRUPOS (IPAG),INST DE PEDAG AUTOACTIVA DE GRUPOS (IPAG),valid_code_not_in_catalog,53,0,sin candidato; requiere fuente externa,PENDIENTE
20182,311001110514,311001110514,CENTRO JOHANN KEPLER - SEDE PRINCIPAL,CENTRO JOHANN KEPLER,valid_code_not_in_catalog,53,0,sin candidato; requiere fuente externa,PENDIENTE
20162,311001008931,311001008931,INST TEC CIAL RESTREPO,INSTITUTO TECNICO COMERCIAL RESTREPO,valid_code_not_in_catalog,52,0,sin candidato; requiere fuente externa,PENDIENTE
20162,311001108889,311001108889,POLITECNICA COLOMBIANA (ANTES ESCUELA COLOMBIANA DE SISTEMAS)  - SEDE PRINCIPAL,POLITECNICA COLOMBIANA (ANTES ESCUELA COLOMBIANA DE SISTEMAS),valid_code_not_in_catalog,52,0,sin candidato; requiere fuente externa,PENDIENTE
20182,311001087768,311001087768,COL CIAL VILLA MARIA,COL CIAL VILLA MARIA,valid_code_not_in_catalog,52,0,sin candidato; requiere fuente externa,PENDIENTE
20182,311001105995,311001105995,CENT EDUC PARA JOVENES Y ADULTOS LEPANTO,CENT EDUC PARA JOVENES Y ADULTOS LEPANTO,valid_code_not_in_catalog,52,0,sin candidato; requiere fuente externa,PENDIENTE
20202,311001108889,311001108889,POLITECNICA COLOMBIANA (ANTES ESCUELA COLOMBIANA DE SISTEMAS)  - SEDE PRINCIPAL,POLITECNICA COLOMBIANA (ANTES ESCUELA COLOMBIANA DE SISTEMAS),valid_code_not_in_catalog,52,0,sin candidato; requiere fuente externa,PENDIENTE
20202,311001800600,311001800600,COLEGIO KUEPA - SEDE PRINCIPAL,COLEGIO KUEPA,valid_code_not_in_catalog,52,0,sin candidato; requiere fuente externa,PENDIENTE
20222,311001097500,311001097500,LICEO ARKADIA COLOMBIA,LICEO ARKADIA COLOMBIA,valid_code_not_in_catalog,52,0,sin candidato; requiere fuente externa,PENDIENTE
20172,311001004196,311001004196,COLEGIO WINCHESTER,COLEGIO WINCHESTER,valid_code_not_in_catalog,51,0,sin candidato; requiere fuente externa,PENDIENTE
20172,311001106631,311001106631,INST FERRINI SEDE FONTIBON,INST FERRINI SEDE FONTIBON,valid_code_not_in_catalog,50,0,sin candidato; requiere fuente externa,PENDIENTE
20172,311001108889,311001108889,POLITECNICA COLOMBIANA (ANTES ESCUELA COLOMBIANA DE SISTEMAS)  - SEDE PRINCIPAL,POLITECNICA COLOMBIANA (ANTES ESCUELA COLOMBIANA DE SISTEMAS),valid_code_not_in_catalog,50,0,sin candidato; requiere fuente externa,PENDIENTE
20212,311001008931,311001008931,INSTITUTO TECNICO COMERCIAL RESTREPO,INSTITUTO TECNICO COMERCIAL RESTREPO,valid_code_not_in_catalog,50,0,sin candidato; requiere fuente externa,PENDIENTE
20161,311001031584,311001031584,INST SAN FERNANDO FERRINI  SEDE CEDRITOS,INSTITUTO FERRINI,valid_code_not_in_catalog,49,0,sin candidato; requiere fuente externa,PENDIENTE
20172,311848000448,311848000448,CENT MARIA AUXILIADORA,CENT MARIA AUXILIADORA,valid_code_not_in_catalog,49,0,sin candidato; requiere fuente externa,PENDIENTE
20192,311001106592,311001106592,COL HEISENBERG SEDE KENNEDY,COLEGIO DE EDUCACION BASICA SECUNDARIA Y MEDIA ACADEMICA PARA ADULTOS HEISENBERG,valid_code_not_in_catalog,49,0,sin candidato; requiere fuente externa,PENDIENTE
20162,311001109982,311001109982,GIMNASIO BOLÍVAR - SEDE PRINCIPAL,GIMNASIO BOLÍVAR,valid_code_not_in_catalog,48,0,sin candidato; requiere fuente externa,PENDIENTE
20182,311001101531,311001101531,LIC CAMPESTRE DE HARVARD,LICEO CAMPESTRE DE HARVARD,valid_code_not_in_catalog,48,0,sin candidato; requiere fuente externa,PENDIENTE
20192,311001092290,311001092290,INSTITUCION EDUCATIVA SAN NICOLAS LTDA - SEDE PRINCIPAL,INSTITUCION EDUCATIVA SAN NICOLAS LTDA,valid_code_not_in_catalog,48,0,sin candidato; requiere fuente externa,PENDIENTE
20202,311001105448,311001105448,CENT DE EDUC DE ADULTOS CULTURAL - SEDE PRINCIPAL,CENT DE EDUC DE ADULTOS CULTURAL,valid_code_not_in_catalog,48,0,sin candidato; requiere fuente externa,PENDIENTE
20222,311001000450,311001000450,COL HNAS MISIONERAS DE LA CONSOLATA,COL HNAS MISIONERAS DE LA CONSOLATA,valid_code_not_in_catalog,48,0,sin candidato; requiere fuente externa,PENDIENTE
20162,311001009040,311001009040,COL DIEGO FALLON,COL DIEGO FALLON  LASALLANO,valid_code_not_in_catalog,47,0,sin candidato; requiere fuente externa,PENDIENTE
20172,311001104620,311001104620,COLEGIO CAPACITACION 2000,COLEGIO CAPACITACION 2000,pending_manual_review,47,1,candidato unico por nombre normalizado de sede,PENDIENTE
20182,311001104514,311001104514,INST INGABO SEDE RESTREPO,INSTITUTO INGABO,valid_code_not_in_catalog,47,0,sin candidato; requiere fuente externa,PENDIENTE
20191,311001105928,311001105928,CENT EDUC PROEDUCAR,CENT EDUC PROEDUCAR,valid_code_not_in_catalog,47,0,sin candidato; requiere fuente externa,PENDIENTE
20162,311001047839,311001047839,CENT EDUC WILFREDO LEHNER,CENT EDUC WILFREDO LEHNER,valid_code_not_in_catalog,46,0,sin candidato; requiere fuente externa,PENDIENTE
20162,311001048011,311001048011,LIC MALLERLAND,LICEO MALLERLAND,valid_code_not_in_catalog,46,0,sin candidato; requiere fuente externa,PENDIENTE
20162,311001102775,311001102775,COL BILING DE LA UNIVERSIDAD DEL BOSQUE,COL BILING DE LA UNIVERSIDAD DEL BOSQUE,valid_code_not_in_catalog,46,0,sin candidato; requiere fuente externa,PENDIENTE
20162,311001105952,311001105952,CORP COCFE,CORPORACION COLOMBIANA DE FORMACION EMPRESARIAL LA CONCORDIA,valid_code_not_in_catalog,46,0,sin candidato; requiere fuente externa,PENDIENTE
20172,311001110204,311001110204,COLEGIO SANDALPHON - SEDE PRINCIPAL,COLEGIO SANDALPHON,valid_code_not_in_catalog,46,0,sin candidato; requiere fuente externa,PENDIENTE
20182,311001110204,311001110204,COLEGIO SANDALPHON - SEDE PRINCIPAL,COLEGIO SANDALPHON,valid_code_not_in_catalog,46,0,sin candidato; requiere fuente externa,PENDIENTE
20191,311001108889,311001108889,POLITECNICA COLOMBIANA (ANTES ESCUELA COLOMBIANA DE SISTEMAS)  - SEDE PRINCIPAL,POLITECNICA COLOMBIANA (ANTES ESCUELA COLOMBIANA DE SISTEMAS),valid_code_not_in_catalog,46,0,sin candidato; requiere fuente externa,PENDIENTE
20212,311001000450,311001000450,COL HNAS MISIONERAS DE LA CONSOLATA,COL HNAS MISIONERAS DE LA CONSOLATA,valid_code_not_in_catalog,46,0,sin candidato; requiere fuente externa,PENDIENTE
20172,311001000450,311001000450,COL HNAS MISIONERAS DE LA CONSOLATA,COL HNAS MISIONERAS DE LA CONSOLATA,valid_code_not_in_catalog,45,0,sin candidato; requiere fuente externa,PENDIENTE
20182,311001008931,311001008931,INST TEC CIAL RESTREPO,INSTITUTO TECNICO COMERCIAL RESTREPO,valid_code_not_in_catalog,45,0,sin candidato; requiere fuente externa,PENDIENTE
20192,311001008931,311001008931,INST TEC CIAL RESTREPO,INSTITUTO TECNICO COMERCIAL RESTREPO,valid_code_not_in_catalog,45,0,sin candidato; requiere fuente externa,PENDIENTE
20242,311001000450,311001000450,COL HNAS MISIONERAS DE LA CONSOLATA,COL HNAS MISIONERAS DE LA CONSOLATA,valid_code_not_in_catalog,45,0,sin candidato; requiere fuente externa,PENDIENTE
20161,311001105928,311001105928,CENT EDUC PROEDUCAR,CENT EDUC PROEDUCAR,valid_code_not_in_catalog,44,0,sin candidato; requiere fuente externa,PENDIENTE
20161,311001106592,311001106592,COL HEISENBERG SEDE KENNEDY,COLEGIO DE EDUCACION BASICA SECUNDARIA Y MEDIA ACADEMICA PARA ADULTOS HEISENBERG,valid_code_not_in_catalog,44,0,sin candidato; requiere fuente externa,PENDIENTE
20191,311001105448,311001105448,CENT DE EDUC DE ADULTOS CULTURAL - SEDE PRINCIPAL,CENT DE EDUC DE ADULTOS CULTURAL,valid_code_not_in_catalog,44,0,sin candidato; requiere fuente externa,PENDIENTE
20192,311001005583,311001005583,GIMN BOYACA,GIMNASIO BOYACA ECCI,valid_code_not_in_catalog,44,0,sin candidato; requiere fuente externa,PENDIENTE
20202,311001008931,311001008931,INSTITUTO TECNICO COMERCIAL RESTREPO,INSTITUTO TECNICO COMERCIAL RESTREPO,valid_code_not_in_catalog,44,0,sin candidato; requiere fuente externa,PENDIENTE
20162,311848000413,311848000413,INST DE PEDAG AUTOACTIVA DE GRUPOS (IPAG),INST DE PEDAG AUTOACTIVA DE GRUPOS (IPAG),valid_code_not_in_catalog,43,0,sin candidato; requiere fuente externa,PENDIENTE
20162,311265001012,311265001012,GIMN JUVENIL SANTA CATALINA,GIMN JUVENIL SANTA CATALINA,valid_code_not_in_catalog,42,0,sin candidato; requiere fuente externa,PENDIENTE
20172,311001109982,311001109982,GIMNASIO BOLÍVAR - SEDE PRINCIPAL,GIMNASIO BOLÍVAR,valid_code_not_in_catalog,42,0,sin candidato; requiere fuente externa,PENDIENTE
20181,311001108889,311001108889,POLITECNICA COLOMBIANA (ANTES ESCUELA COLOMBIANA DE SISTEMAS)  - SEDE PRINCIPAL,POLITECNICA COLOMBIANA (ANTES ESCUELA COLOMBIANA DE SISTEMAS),valid_code_not_in_catalog,42,0,sin candidato; requiere fuente externa,PENDIENTE
20182,311769000386,311769000386,INST. SIKUANI - CIUDAD JARDÍN NORTE - SEDE PRINCIPAL,INST. SIKUANI - CIUDAD JARDÍN NORTE,valid_code_not_in_catalog,42,0,sin candidato; requiere fuente externa,PENDIENTE
20192,311001089418,311001089418,COL MAYOR SAN BENITO APOSTOL,COL MAYOR SAN BENITO APOSTOL,valid_code_not_in_catalog,42,0,sin candidato; requiere fuente externa,PENDIENTE
20192,311001104514,311001104514,INST INGABO SEDE RESTREPO,INSTITUTO INGABO,valid_code_not_in_catalog,42,0,sin candidato; requiere fuente externa,PENDIENTE
20212,311001033463,311001033463,COL PSICOPEDAG VILLA MAYOR,COLEGIO PSICOPEDAGOGICO VILLA MAYOR,valid_code_not_in_catalog,42,0,sin candidato; requiere fuente externa,PENDIENTE
20212,311001105928,311001105928,CENT EDUC PROEDUCAR,CENT EDUC PROEDUCAR,valid_code_not_in_catalog,42,0,sin candidato; requiere fuente externa,PENDIENTE
20172,311001047839,311001047839,CENT EDUC WILFREDO LEHNER,CENT EDUC WILFREDO LEHNER,valid_code_not_in_catalog,41,0,sin candidato; requiere fuente externa,PENDIENTE
20182,311001033463,311001033463,COL PSICOPEDAG VILLA MAYOR,COLEGIO PSICOPEDAGOGICO VILLA MAYOR,valid_code_not_in_catalog,41,0,sin candidato; requiere fuente externa,PENDIENTE
20192,311001032840,311001032840,INST MILIT ANTONIO RICAURTE,INST MILIT ANTONIO RICAURTE,valid_code_not_in_catalog,41,0,sin candidato; requiere fuente externa,PENDIENTE
20192,311001105928,311001105928,CENT EDUC PROEDUCAR,CENT EDUC PROEDUCAR,valid_code_not_in_catalog,41,0,sin candidato; requiere fuente externa,PENDIENTE
20192,311001108889,311001108889,POLITECNICA COLOMBIANA (ANTES ESCUELA COLOMBIANA DE SISTEMAS)  - SEDE PRINCIPAL,POLITECNICA COLOMBIANA (ANTES ESCUELA COLOMBIANA DE SISTEMAS),valid_code_not_in_catalog,41,0,sin candidato; requiere fuente externa,PENDIENTE
20192,311001109982,311001109982,GIMNASIO BOLÍVAR - SEDE PRINCIPAL,GIMNASIO BOLÍVAR,valid_code_not_in_catalog,41,0,sin candidato; requiere fuente externa,PENDIENTE
20201,311001105928,311001105928,CENT EDUC PROEDUCAR,CENT EDUC PROEDUCAR,valid_code_not_in_catalog,41,0,sin candidato; requiere fuente externa,PENDIENTE
20162,311001005168,311001005168,INST SUP COOPERATIVO,INSTITUTO SUPERIOR COOPERATIVO,valid_code_not_in_catalog,40,0,sin candidato; requiere fuente externa,PENDIENTE
20192,311001087768,311001087768,COL CIAL VILLA MARIA,COL CIAL VILLA MARIA,valid_code_not_in_catalog,40,0,sin candidato; requiere fuente externa,PENDIENTE
20192,311769003547,311769003547,COL PARROQ RINCON DE SUBA,COL PARROQ RINCON DE SUBA,valid_code_not_in_catalog,40,0,sin candidato; requiere fuente externa,PENDIENTE
20161,311001102775,311001102775,COL BILING DE LA UNIVERSIDAD DEL BOSQUE,COL BILING DE LA UNIVERSIDAD DEL BOSQUE,valid_code_not_in_catalog,39,0,sin candidato; requiere fuente externa,PENDIENTE
20162,311001105928,311001105928,CENT EDUC PROEDUCAR,CENT EDUC PROEDUCAR,valid_code_not_in_catalog,39,0,sin candidato; requiere fuente externa,PENDIENTE
20172,311001103062,311001103062,INST STUDIUM,INSTITUTO STUDIUM,valid_code_not_in_catalog,39,0,sin candidato; requiere fuente externa,PENDIENTE
20191,311001106592,311001106592,COL HEISENBERG SEDE KENNEDY,COLEGIO DE EDUCACION BASICA SECUNDARIA Y MEDIA ACADEMICA PARA ADULTOS HEISENBERG,valid_code_not_in_catalog,39,0,sin candidato; requiere fuente externa,PENDIENTE
20192,311001004196,311001004196,COL WINCHESTER,COLEGIO WINCHESTER,valid_code_not_in_catalog,39,0,sin candidato; requiere fuente externa,PENDIENTE
20192,311848000448,311848000448,CENT MARIA AUXILIADORA,CENT MARIA AUXILIADORA,valid_code_not_in_catalog,39,0,sin candidato; requiere fuente externa,PENDIENTE
20161,311001104476,311001104476,GRUPO EDUCATIVO BACATA,GRUPO EDUCATIVO BACATA,valid_code_not_in_catalog,38,0,sin candidato; requiere fuente externa,PENDIENTE
20162,311001033463,311001033463,COL PSICOPEDAG VILLA MAYOR,COLEGIO PSICOPEDAGOGICO VILLA MAYOR,valid_code_not_in_catalog,38,0,sin candidato; requiere fuente externa,PENDIENTE
20162,311001105421,311001105421,INST NUEVA COLOMBIA,INSTITUTO NUEVA COLOMBIA,valid_code_not_in_catalog,38,0,sin candidato; requiere fuente externa,PENDIENTE
20171,311001110204,311001110204,COLEGIO SANDALPHON - SEDE PRINCIPAL,COLEGIO SANDALPHON,valid_code_not_in_catalog,38,0,sin candidato; requiere fuente externa,PENDIENTE
20182,311001000450,311001000450,COL HNAS MISIONERAS DE LA CONSOLATA,COL HNAS MISIONERAS DE LA CONSOLATA,valid_code_not_in_catalog,38,0,sin candidato; requiere fuente externa,PENDIENTE
20182,311769003547,311769003547,COL PARROQ RINCON DE SUBA,COL PARROQ RINCON DE SUBA,valid_code_not_in_catalog,38,0,sin candidato; requiere fuente externa,PENDIENTE
20192,311001109851,311001109851,COLEGIO RENE DESCARTES - SEDE PRINCIPAL,COLEGIO RENE DESCARTES,valid_code_not_in_catalog,38,0,sin candidato; requiere fuente externa,PENDIENTE
20221,311001108889,311001108889,POLITECNICA COLOMBIANA (ANTES ESCUELA COLOMBIANA DE SISTEMAS)  - SEDE PRINCIPAL,POLITECNICA COLOMBIANA (ANTES ESCUELA COLOMBIANA DE SISTEMAS),valid_code_not_in_catalog,38,0,sin candidato; requiere fuente externa,PENDIENTE
20162,311769004306,311769004306,COL HOWARD GARDNER,COL HOWARD GARDNER,valid_code_not_in_catalog,37,0,sin candidato; requiere fuente externa,PENDIENTE
20172,311001089418,311001089418,COL MAYOR SAN BENITO APOSTOL,COL MAYOR SAN BENITO APOSTOL,valid_code_not_in_catalog,37,0,sin candidato; requiere fuente externa,PENDIENTE
20172,311001097470,311001097470,LICEO SANTA ISABEL - SEDE PRINCIPAL,LICEO SANTA ISABEL,valid_code_not_in_catalog,37,0,sin candidato; requiere fuente externa,PENDIENTE
20172,311001104514,311001104514,INSTITUTO INGABO,INSTITUTO INGABO,valid_code_not_in_catalog,37,0,sin candidato; requiere fuente externa,PENDIENTE
20172,311265001012,311265001012,GIMN JUVENIL SANTA CATALINA,GIMN JUVENIL SANTA CATALINA,valid_code_not_in_catalog,37,0,sin candidato; requiere fuente externa,PENDIENTE
20182,311001106592,311001106592,COL HEISENBERG SEDE KENNEDY,COLEGIO DE EDUCACION BASICA SECUNDARIA Y MEDIA ACADEMICA PARA ADULTOS HEISENBERG,valid_code_not_in_catalog,37,0,sin candidato; requiere fuente externa,PENDIENTE
20192,311001005168,311001005168,INST SUP COOPERATIVO,INSTITUTO SUPERIOR COOPERATIVO,valid_code_not_in_catalog,37,0,sin candidato; requiere fuente externa,PENDIENTE
20201,311001105448,311001105448,CENT DE EDUC DE ADULTOS CULTURAL - SEDE PRINCIPAL,CENT DE EDUC DE ADULTOS CULTURAL,valid_code_not_in_catalog,37,0,sin candidato; requiere fuente externa,PENDIENTE
20202,311001033463,311001033463,COL PSICOPEDAG VILLA MAYOR,COLEGIO PSICOPEDAGOGICO VILLA MAYOR,valid_code_not_in_catalog,37,0,sin candidato; requiere fuente externa,PENDIENTE
20212,311001092290,311001092290,INSTITUCION EDUCATIVA SAN NICOLAS LTDA - SEDE PRINCIPAL,INSTITUCION EDUCATIVA SAN NICOLAS LTDA,valid_code_not_in_catalog,37,0,sin candidato; requiere fuente externa,PENDIENTE
20222,311001105928,311001105928,CENTRO EDUCATIVO PROEDUCAR,CENT EDUC PROEDUCAR,valid_code_not_in_catalog,37,0,sin candidato; requiere fuente externa,PENDIENTE
20162,311001019690,311001019690,LIC MODERNO SANTA EMILIA,LIC MODERNO SANTA EMILIA,valid_code_not_in_catalog,36,0,sin candidato; requiere fuente externa,PENDIENTE
20162,311848000707,311848000707,COL DEL ROSARIO CAMP ROSARIO DE USAQUEN,COLEGIO DEL ROSARIO CAMPESTRE,valid_code_not_in_catalog,36,0,sin candidato; requiere fuente externa,PENDIENTE
20222,311001108889,311001108889,POLITECNICA COLOMBIANA (ANTES ESCUELA COLOMBIANA DE SISTEMAS)  - SEDE PRINCIPAL,POLITECNICA COLOMBIANA (ANTES ESCUELA COLOMBIANA DE SISTEMAS),valid_code_not_in_catalog,36,0,sin candidato; requiere fuente externa,PENDIENTE
20231,311001108889,311001108889,POLITECNICA COLOMBIANA (ANTES ESCUELA COLOMBIANA DE SISTEMAS)  - SEDE PRINCIPAL,POLITECNICA COLOMBIANA (ANTES ESCUELA COLOMBIANA DE SISTEMAS),valid_code_not_in_catalog,36,0,sin candidato; requiere fuente externa,PENDIENTE
20162,311001065039,311001065039,COL COLOMBO JAPONES,COLEGIO COLOMBO JAPONES,valid_code_not_in_catalog,35,0,sin candidato; requiere fuente externa,PENDIENTE
20162,311001105791,311001105791,COL JHON DALTON,COL JHON DALTON,valid_code_not_in_catalog,35,0,sin candidato; requiere fuente externa,PENDIENTE
20172,311001105928,311001105928,CENTRO EDUCATIVO PROEDUCAR,CENT EDUC PROEDUCAR,valid_code_not_in_catalog,35,0,sin candidato; requiere fuente externa,PENDIENTE
20182,311001005583,311001005583,GIMN BOYACA,GIMNASIO BOYACA ECCI,valid_code_not_in_catalog,35,0,sin candidato; requiere fuente externa,PENDIENTE
20182,311001025819,311001025819,COLEGIO MANUEL MURILLO TORO,COLEGIO MANUEL MURILLO TORO,pending_manual_review,35,1,candidato unico por nombre normalizado de sede,PENDIENTE
20182,311001038058,311001038058,LICEO BETHESDA,LICEO BETHESDA,valid_code_not_in_catalog,35,0,sin candidato; requiere fuente externa,PENDIENTE
20182,311001106631,311001106631,INST FERRINI SEDE FONTIBON,INST FERRINI SEDE FONTIBON,valid_code_not_in_catalog,35,0,sin candidato; requiere fuente externa,PENDIENTE
20202,311848000448,311848000448,CENT MARIA AUXILIADORA,CENT MARIA AUXILIADORA,valid_code_not_in_catalog,35,0,sin candidato; requiere fuente externa,PENDIENTE
20212,311001800294,311001800294,COLEGIO KUEPA RESTREPO - SEDE PRINCIPAL,COLEGIO KUEPA RESTREPO,valid_code_not_in_catalog,35,0,sin candidato; requiere fuente externa,PENDIENTE
20161,311001109982,311001109982,GIMNASIO BOLÍVAR - SEDE PRINCIPAL,GIMNASIO BOLÍVAR,valid_code_not_in_catalog,34,0,sin candidato; requiere fuente externa,PENDIENTE
20162,311001105731,311001105731,ACAD CENTRAL DE SISTEMAS ACSI,ACAD CENTRAL DE SISTEMAS ACSI,valid_code_not_in_catalog,34,0,sin candidato; requiere fuente externa,PENDIENTE
20162,311001109851,311001109851,COLEGIO RENE DESCARTES - SEDE PRINCIPAL,COLEGIO RENE DESCARTES,valid_code_not_in_catalog,34,0,sin candidato; requiere fuente externa,PENDIENTE
20172,311001105421,311001105421,INSTITUTO NUEVA COLOMBIA,INSTITUTO NUEVA COLOMBIA,valid_code_not_in_catalog,34,0,sin candidato; requiere fuente externa,PENDIENTE
20172,311001109770,311001109770,CORPORACIÓN TÉCNICA EMPRESARIAL DE LAS AMERICAS - CORPOAMERICAS - SEDE PRINCIPAL,CORPORACIÓN TÉCNICA EMPRESARIAL DE LAS AMERICAS - CORPOAMERICAS,valid_code_not_in_catalog,34,0,sin candidato; requiere fuente externa,PENDIENTE
20182,311001105421,311001105421,INST NUEVA COLOMBIA,INSTITUTO NUEVA COLOMBIA,valid_code_not_in_catalog,34,0,sin candidato; requiere fuente externa,PENDIENTE
20222,311001033463,311001033463,COL PSICOPEDAG VILLA MAYOR,COLEGIO PSICOPEDAGOGICO VILLA MAYOR,valid_code_not_in_catalog,34,0,sin candidato; requiere fuente externa,PENDIENTE
20162,311001026670,311001026670,GIMN SANTA CRUZ,GIMNASIO SANTA CRUZ,valid_code_not_in_catalog,33,0,sin candidato; requiere fuente externa,PENDIENTE
20162,311001089655,311001089655,LIC SIGLO XXI,LIC SIGLO XXI,valid_code_not_in_catalog,33,0,sin candidato; requiere fuente externa,PENDIENTE
20162,311001106584,311001106584,INST INGABO SEDE CHAPINERO,INST INGABO SEDE CHAPINERO,valid_code_not_in_catalog,33,0,sin candidato; requiere fuente externa,PENDIENTE
20202,311001002762,311001002762,COLEGIO ARTEAGA MUÑOZ,COLEGIO ARTEAGA MUÑOZ,valid_code_not_in_catalog,33,0,sin candidato; requiere fuente externa,PENDIENTE
20161,311001109885,311001109885,COLEGIO KUEPA - SEDE PRINCIPAL,COLEGIO KUEPA,valid_code_not_in_catalog,32,0,sin candidato; requiere fuente externa,PENDIENTE
20171,311001102775,311001102775,COL BILING DE LA UNIVERSIDAD DEL BOSQUE,COL BILING DE LA UNIVERSIDAD DEL BOSQUE,valid_code_not_in_catalog,32,0,sin candidato; requiere fuente externa,PENDIENTE
20172,311001089655,311001089655,LIC SIGLO XXI,LIC SIGLO XXI,valid_code_not_in_catalog,32,0,sin candidato; requiere fuente externa,PENDIENTE
20182,311001044210,311001044210,GIMN MAKARENKO,GIMNASIO MAKARENKO,valid_code_not_in_catalog,32,0,sin candidato; requiere fuente externa,PENDIENTE
20182,311001047839,311001047839,CENT EDUC WILFREDO LEHNER,CENT EDUC WILFREDO LEHNER,valid_code_not_in_catalog,32,0,sin candidato; requiere fuente externa,PENDIENTE
20182,311001105952,311001105952,CORPORACION COLOMBIANA DE FORMACION EMPRESARIAL LA CONCORDIA,CORPORACION COLOMBIANA DE FORMACION EMPRESARIAL LA CONCORDIA,valid_code_not_in_catalog,32,0,sin candidato; requiere fuente externa,PENDIENTE
20162,311001025843,311001025843,COL ROMULO GALLEGOS,COL ROMULO GALLEGOS,valid_code_not_in_catalog,31,0,sin candidato; requiere fuente externa,PENDIENTE
20162,311001103062,311001103062,INST STUDIUM,INSTITUTO STUDIUM,valid_code_not_in_catalog,31,0,sin candidato; requiere fuente externa,PENDIENTE
20162,311001104514,311001104514,INST INGABO SEDE RESTREPO,INSTITUTO INGABO,valid_code_not_in_catalog,31,0,sin candidato; requiere fuente externa,PENDIENTE
20162,311001108722,311001108722,COLEGIO PERSONALIZADO PENSAMIENTO - SEDE PRINCIPAL,COLEGIO PERSONALIZADO PENSAMIENTO,valid_code_not_in_catalog,31,0,sin candidato; requiere fuente externa,PENDIENTE
20172,311001104760,311001104760,COL ITEC,COLEGIO ITEC,valid_code_not_in_catalog,31,0,sin candidato; requiere fuente externa,PENDIENTE
20182,311001005168,311001005168,INST SUP COOPERATIVO,INSTITUTO SUPERIOR COOPERATIVO,valid_code_not_in_catalog,31,0,sin candidato; requiere fuente externa,PENDIENTE
20182,311001019690,311001019690,LIC MODERNO SANTA EMILIA,LIC MODERNO SANTA EMILIA,valid_code_not_in_catalog,31,0,sin candidato; requiere fuente externa,PENDIENTE
20182,311001104620,311001104620,COL CAPACITACION 2000,COLEGIO CAPACITACION 2000,pending_manual_review,31,1,candidato unico por nombre normalizado de sede,PENDIENTE
20182,311001105928,311001105928,CENT EDUC PROEDUCAR,CENT EDUC PROEDUCAR,valid_code_not_in_catalog,31,0,sin candidato; requiere fuente externa,PENDIENTE
20182,311001109982,311001109982,GIMNASIO BOLÍVAR - SEDE PRINCIPAL,GIMNASIO BOLÍVAR,valid_code_not_in_catalog,31,0,sin candidato; requiere fuente externa,PENDIENTE
20182,311848000413,311848000413,INST DE PEDAG AUTOACTIVA DE GRUPOS (IPAG),INST DE PEDAG AUTOACTIVA DE GRUPOS (IPAG),valid_code_not_in_catalog,31,0,sin candidato; requiere fuente externa,PENDIENTE
20192,311001033463,311001033463,COL PSICOPEDAG VILLA MAYOR,COLEGIO PSICOPEDAGOGICO VILLA MAYOR,valid_code_not_in_catalog,31,0,sin candidato; requiere fuente externa,PENDIENTE
20212,311001005168,311001005168,INST SUP COOPERATIVO,INSTITUTO SUPERIOR COOPERATIVO,valid_code_not_in_catalog,31,0,sin candidato; requiere fuente externa,PENDIENTE
20212,311001087768,311001087768,COL CIAL VILLA MARIA,COL CIAL VILLA MARIA,valid_code_not_in_catalog,31,0,sin candidato; requiere fuente externa,PENDIENTE
20172,311001019690,311001019690,LIC MODERNO SANTA EMILIA,LIC MODERNO SANTA EMILIA,valid_code_not_in_catalog,30,0,sin candidato; requiere fuente externa,PENDIENTE
20172,311001105952,311001105952,CORPORACION COLOMBIANA DE FORMACION EMPRESARIAL LA CONCORDIA,CORPORACION COLOMBIANA DE FORMACION EMPRESARIAL LA CONCORDIA,valid_code_not_in_catalog,30,0,sin candidato; requiere fuente externa,PENDIENTE
20172,311001108722,311001108722,COLEGIO PERSONALIZADO PENSAMIENTO - SEDE PRINCIPAL,COLEGIO PERSONALIZADO PENSAMIENTO,valid_code_not_in_catalog,30,0,sin candidato; requiere fuente externa,PENDIENTE
20172,311769003547,311769003547,COL PARROQ RINCON DE SUBA,COL PARROQ RINCON DE SUBA,valid_code_not_in_catalog,30,0,sin candidato; requiere fuente externa,PENDIENTE
20182,311001108722,311001108722,COLEGIO PERSONALIZADO PENSAMIENTO - SEDE PRINCIPAL,COLEGIO PERSONALIZADO PENSAMIENTO,valid_code_not_in_catalog,30,0,sin candidato; requiere fuente externa,PENDIENTE
20182,311001109770,311001109770,CORPORACIÓN TÉCNICA EMPRESARIAL DE LAS AMERICAS - CORPOAMERICAS - SEDE PRINCIPAL,CORPORACIÓN TÉCNICA EMPRESARIAL DE LAS AMERICAS - CORPOAMERICAS,valid_code_not_in_catalog,30,0,sin candidato; requiere fuente externa,PENDIENTE
20202,311001089418,311001089418,COL MAYOR SAN BENITO APOSTOL,COL MAYOR SAN BENITO APOSTOL,valid_code_not_in_catalog,30,0,sin candidato; requiere fuente externa,PENDIENTE
20222,311001044210,311001044210,GIMN MAKARENKO,GIMNASIO MAKARENKO,valid_code_not_in_catalog,30,0,sin candidato; requiere fuente externa,PENDIENTE
20172,311001105791,311001105791,COL JHON DALTON,COL JHON DALTON,valid_code_not_in_catalog,29,0,sin candidato; requiere fuente externa,PENDIENTE
20181,311001109885,311001109885,COLEGIO KUEPA - SEDE PRINCIPAL,COLEGIO KUEPA,valid_code_not_in_catalog,29,0,sin candidato; requiere fuente externa,PENDIENTE
20182,311001104760,311001104760,COL ITEC,COLEGIO ITEC,valid_code_not_in_catalog,29,0,sin candidato; requiere fuente externa,PENDIENTE
20192,311001000450,311001000450,COL HNAS MISIONERAS DE LA CONSOLATA,COL HNAS MISIONERAS DE LA CONSOLATA,valid_code_not_in_catalog,29,0,sin candidato; requiere fuente externa,PENDIENTE
20212,311001108889,311001108889,POLITECNICA COLOMBIANA (ANTES ESCUELA COLOMBIANA DE SISTEMAS)  - SEDE PRINCIPAL,POLITECNICA COLOMBIANA (ANTES ESCUELA COLOMBIANA DE SISTEMAS),valid_code_not_in_catalog,29,0,sin candidato; requiere fuente externa,PENDIENTE
20212,311001109982,311001109982,GIMNASIO BOLÍVAR - SEDE PRINCIPAL,GIMNASIO BOLÍVAR,valid_code_not_in_catalog,29,0,sin candidato; requiere fuente externa,PENDIENTE
20162,311001002762,311001002762,COL ARTEAGA MUÑOZ,COLEGIO ARTEAGA MUÑOZ,valid_code_not_in_catalog,28,0,sin candidato; requiere fuente externa,PENDIENTE
20172,311001106584,311001106584,INST INGABO SEDE CHAPINERO,INST INGABO SEDE CHAPINERO,valid_code_not_in_catalog,28,0,sin candidato; requiere fuente externa,PENDIENTE
20182,311001026670,311001026670,GIMN SANTA CRUZ,GIMNASIO SANTA CRUZ,valid_code_not_in_catalog,28,0,sin candidato; requiere fuente externa,PENDIENTE
20182,311001105731,311001105731,ACAD CENTRAL DE SISTEMAS ACSI,ACAD CENTRAL DE SISTEMAS ACSI,valid_code_not_in_catalog,28,0,sin candidato; requiere fuente externa,PENDIENTE
20192,311001103062,311001103062,INST STUDIUM,INSTITUTO STUDIUM,valid_code_not_in_catalog,28,0,sin candidato; requiere fuente externa,PENDIENTE
20192,311001110204,311001110204,COLEGIO SANDALPHON - SEDE PRINCIPAL,COLEGIO SANDALPHON,valid_code_not_in_catalog,28,0,sin candidato; requiere fuente externa,PENDIENTE
20212,311848000413,311848000413,INST DE PEDAG AUTOACTIVA DE GRUPOS (IPAG),INST DE PEDAG AUTOACTIVA DE GRUPOS (IPAG),valid_code_not_in_catalog,28,0,sin candidato; requiere fuente externa,PENDIENTE
20221,311001105928,311001105928,CENTRO EDUCATIVO PROEDUCAR,CENT EDUC PROEDUCAR,valid_code_not_in_catalog,28,0,sin candidato; requiere fuente externa,PENDIENTE
20232,311848000413,311848000413,INST DE PEDAG AUTOACTIVA DE GRUPOS (IPAG),INST DE PEDAG AUTOACTIVA DE GRUPOS (IPAG),valid_code_not_in_catalog,28,0,sin candidato; requiere fuente externa,PENDIENTE
20161,311001107548,311001107548,COL TRIANGULO RESTREPO - SEDE PRINCIPAL,COL TRIANGULO RESTREPO,valid_code_not_in_catalog,27,0,sin candidato; requiere fuente externa,PENDIENTE
20162,311001038058,311001038058,LICEO BETHESDA,LICEO BETHESDA,valid_code_not_in_catalog,27,0,sin candidato; requiere fuente externa,PENDIENTE
20162,311001041059,311001041059,INST TEC CIAL JULIO CORTAZAR,INST TEC CIAL JULIO CORTAZAR,valid_code_not_in_catalog,27,0,sin candidato; requiere fuente externa,PENDIENTE
20162,311001046221,311001046221,GIMN GEORGE BERKELEY,COLEGIO BILINGÜE ROYAL - BILINGÜE NACIONAL,valid_code_not_in_catalog,27,0,sin candidato; requiere fuente externa,PENDIENTE
20172,311001044210,311001044210,GIMN MAKARENKO,GIMNASIO MAKARENKO,valid_code_not_in_catalog,27,0,sin candidato; requiere fuente externa,PENDIENTE
20172,311769000513,311769000513,COL ALFONSO JARAMILLO,COL ALFONSO JARAMILLO,valid_code_not_in_catalog,27,0,sin candidato; requiere fuente externa,PENDIENTE
20181,311001110204,311001110204,COLEGIO SANDALPHON - SEDE PRINCIPAL,COLEGIO SANDALPHON,valid_code_not_in_catalog,27,0,sin candidato; requiere fuente externa,PENDIENTE
20192,311001025819,311001025819,COLEGIO MANUEL MURILLO TORO,COLEGIO MANUEL MURILLO TORO,pending_manual_review,27,1,candidato unico por nombre normalizado de sede,PENDIENTE
20192,311001047839,311001047839,CENT EDUC WILFREDO LEHNER,CENT EDUC WILFREDO LEHNER,valid_code_not_in_catalog,27,0,sin candidato; requiere fuente externa,PENDIENTE
20192,311001101531,311001101531,LIC CAMPESTRE DE HARVARD,LICEO CAMPESTRE DE HARVARD,valid_code_not_in_catalog,27,0,sin candidato; requiere fuente externa,PENDIENTE
20192,311001105952,311001105952,CORPORACION COLOMBIANA DE FORMACION EMPRESARIAL LA CONCORDIA,CORPORACION COLOMBIANA DE FORMACION EMPRESARIAL LA CONCORDIA,valid_code_not_in_catalog,27,0,sin candidato; requiere fuente externa,PENDIENTE
20192,311848000413,311848000413,INST DE PEDAG AUTOACTIVA DE GRUPOS (IPAG),INST DE PEDAG AUTOACTIVA DE GRUPOS (IPAG),valid_code_not_in_catalog,27,0,sin candidato; requiere fuente externa,PENDIENTE
20202,311001025819,311001025819,COLEGIO MANUEL MURILLO TORO,COLEGIO MANUEL MURILLO TORO,pending_manual_review,27,1,candidato unico por nombre normalizado de sede,PENDIENTE
20212,311001002762,311001002762,COLEGIO ARTEAGA MUÑOZ,COLEGIO ARTEAGA MUÑOZ,valid_code_not_in_catalog,27,0,sin candidato; requiere fuente externa,PENDIENTE
20162,311001044210,311001044210,GIMN MAKARENKO,GIMNASIO MAKARENKO,valid_code_not_in_catalog,26,0,sin candidato; requiere fuente externa,PENDIENTE
20171,311001105430,311001105430,COL LA COLINA,COL LA COLINA,valid_code_not_in_catalog,26,0,sin candidato; requiere fuente externa,PENDIENTE
20172,311001025843,311001025843,COL ROMULO GALLEGOS,COL ROMULO GALLEGOS,valid_code_not_in_catalog,26,0,sin candidato; requiere fuente externa,PENDIENTE
20172,311001033463,311001033463,COL PSICOPEDAG VILLA MAYOR,COLEGIO PSICOPEDAGOGICO VILLA MAYOR,valid_code_not_in_catalog,26,0,sin candidato; requiere fuente externa,PENDIENTE
20182,311001097470,311001097470,LICEO SANTA ISABEL - SEDE PRINCIPAL,LICEO SANTA ISABEL,valid_code_not_in_catalog,26,0,sin candidato; requiere fuente externa,PENDIENTE
20191,311001103062,311001103062,INST STUDIUM,INSTITUTO STUDIUM,valid_code_not_in_catalog,26,0,sin candidato; requiere fuente externa,PENDIENTE
20202,311001047839,311001047839,CENT EDUC WILFREDO LEHNER,CENT EDUC WILFREDO LEHNER,valid_code_not_in_catalog,26,0,sin candidato; requiere fuente externa,PENDIENTE
20202,311001101531,311001101531,LIC CAMPESTRE DE HARVARD,LICEO CAMPESTRE DE HARVARD,valid_code_not_in_catalog,26,0,sin candidato; requiere fuente externa,PENDIENTE
20202,311848000413,311848000413,INST DE PEDAG AUTOACTIVA DE GRUPOS (IPAG),INST DE PEDAG AUTOACTIVA DE GRUPOS (IPAG),valid_code_not_in_catalog,26,0,sin candidato; requiere fuente externa,PENDIENTE
20212,311001110042,311001110042,FUNDACIÓN EDUCATIVA PARA EL DESARROLLO INTEGRAL - FEDI - SEDE PRINCIPAL,FUNDACIÓN EDUCATIVA PARA EL DESARROLLO INTEGRAL - FEDI,valid_code_not_in_catalog,26,0,sin candidato; requiere fuente externa,PENDIENTE
20232,311001044210,311001044210,GIMN MAKARENKO,GIMNASIO MAKARENKO,valid_code_not_in_catalog,26,0,sin candidato; requiere fuente externa,PENDIENTE
20162,311001109524,311001109524,COLEGIO INGLATERRA REAL DE CHAPINERO - SEDE PRINCIPAL,COLEGIO INGLATERRA REAL DE CHAPINERO,valid_code_not_in_catalog,25,0,sin candidato; requiere fuente externa,PENDIENTE
20162,311769000513,311769000513,COL ALFONSO JARAMILLO,COL ALFONSO JARAMILLO,valid_code_not_in_catalog,25,0,sin candidato; requiere fuente externa,PENDIENTE
20172,311001034869,311001034869,GIMN CAMPESTRE LA SABANA,GIMNASIO CAMPESTRE LA SABANA,valid_code_not_in_catalog,25,0,sin candidato; requiere fuente externa,PENDIENTE
20172,311001109851,311001109851,COLEGIO RENE DESCARTES - SEDE PRINCIPAL,COLEGIO RENE DESCARTES,valid_code_not_in_catalog,25,0,sin candidato; requiere fuente externa,PENDIENTE
20172,311001110514,311001110514,CENTRO JOHANN KEPLER - SEDE PRINCIPAL,CENTRO JOHANN KEPLER,valid_code_not_in_catalog,25,0,sin candidato; requiere fuente externa,PENDIENTE
20192,311001002762,311001002762,COL ARTEAGA MUÑOZ,COLEGIO ARTEAGA MUÑOZ,valid_code_not_in_catalog,25,0,sin candidato; requiere fuente externa,PENDIENTE
20192,311001097470,311001097470,LICEO SANTA ISABEL - SEDE PRINCIPAL,LICEO SANTA ISABEL,valid_code_not_in_catalog,25,0,sin candidato; requiere fuente externa,PENDIENTE
20192,311001110514,311001110514,CENTRO JOHANN KEPLER - SEDE PRINCIPAL,CENTRO JOHANN KEPLER,valid_code_not_in_catalog,25,0,sin candidato; requiere fuente externa,PENDIENTE
20201,311001106592,311001106592,COL HEISENBERG SEDE KENNEDY,COLEGIO DE EDUCACION BASICA SECUNDARIA Y MEDIA ACADEMICA PARA ADULTOS HEISENBERG,valid_code_not_in_catalog,25,0,sin candidato; requiere fuente externa,PENDIENTE
20202,311001005168,311001005168,INST SUP COOPERATIVO,INSTITUTO SUPERIOR COOPERATIVO,valid_code_not_in_catalog,25,0,sin candidato; requiere fuente externa,PENDIENTE
20202,311001092290,311001092290,INSTITUCION EDUCATIVA SAN NICOLAS LTDA - SEDE PRINCIPAL,INSTITUCION EDUCATIVA SAN NICOLAS LTDA,valid_code_not_in_catalog,25,0,sin candidato; requiere fuente externa,PENDIENTE
20202,311001800481,311001800481,COLEGIO HUMANISTA ALEXANDRE PETION - SEDE PRINCIPAL,COLEGIO HUMANISTA ALEXANDRE PETION,valid_code_not_in_catalog,25,0,sin candidato; requiere fuente externa,PENDIENTE
20222,311001005168,311001005168,INST SUP COOPERATIVO,INSTITUTO SUPERIOR COOPERATIVO,valid_code_not_in_catalog,25,0,sin candidato; requiere fuente externa,PENDIENTE
20161,311001092290,311001092290,COL SAN MATEO,INSTITUCION EDUCATIVA SAN NICOLAS LTDA,valid_code_not_in_catalog,24,0,sin candidato; requiere fuente externa,PENDIENTE
20162,311001034869,311001034869,GIMN CAMPESTRE LA SABANA,GIMNASIO CAMPESTRE LA SABANA,valid_code_not_in_catalog,24,0,sin candidato; requiere fuente externa,PENDIENTE
20162,311265001292,311265001292,COL COLOMBO BOLIVIANO,COL COLOMBO BOLIVIANO,valid_code_not_in_catalog,24,0,sin candidato; requiere fuente externa,PENDIENTE
20171,311001103062,311001103062,INST STUDIUM,INSTITUTO STUDIUM,valid_code_not_in_catalog,24,0,sin candidato; requiere fuente externa,PENDIENTE
20172,311001002762,311001002762,COLEGIO ARTEAGA MUÑOZ,COLEGIO ARTEAGA MUÑOZ,valid_code_not_in_catalog,24,0,sin candidato; requiere fuente externa,PENDIENTE
20172,311001041059,311001041059,INST TEC CIAL JULIO CORTAZAR,INST TEC CIAL JULIO CORTAZAR,valid_code_not_in_catalog,24,0,sin candidato; requiere fuente externa,PENDIENTE
20182,311001025843,311001025843,COL ROMULO GALLEGOS,COL ROMULO GALLEGOS,valid_code_not_in_catalog,24,0,sin candidato; requiere fuente externa,PENDIENTE
20192,311001044210,311001044210,GIMN MAKARENKO,GIMNASIO MAKARENKO,valid_code_not_in_catalog,24,0,sin candidato; requiere fuente externa,PENDIENTE
20201,311001108889,311001108889,POLITECNICA COLOMBIANA (ANTES ESCUELA COLOMBIANA DE SISTEMAS)  - SEDE PRINCIPAL,POLITECNICA COLOMBIANA (ANTES ESCUELA COLOMBIANA DE SISTEMAS),valid_code_not_in_catalog,24,0,sin candidato; requiere fuente externa,PENDIENTE
20202,311001038058,311001038058,LICEO BETHESDA,LICEO BETHESDA,valid_code_not_in_catalog,24,0,sin candidato; requiere fuente externa,PENDIENTE
20202,311001097470,311001097470,LICEO SANTA ISABEL - SEDE PRINCIPAL,LICEO SANTA ISABEL,valid_code_not_in_catalog,24,0,sin candidato; requiere fuente externa,PENDIENTE
20202,311001103062,311001103062,INST STUDIUM,INSTITUTO STUDIUM,valid_code_not_in_catalog,24,0,sin candidato; requiere fuente externa,PENDIENTE
20212,311001044210,311001044210,GIMN MAKARENKO,GIMNASIO MAKARENKO,valid_code_not_in_catalog,24,0,sin candidato; requiere fuente externa,PENDIENTE
20222,311001008931,311001008931,INSTITUTO TECNICO COMERCIAL RESTREPO,INSTITUTO TECNICO COMERCIAL RESTREPO,valid_code_not_in_catalog,24,0,sin candidato; requiere fuente externa,PENDIENTE
20232,311001002762,311001002762,COLEGIO ARTEAGA MUÑOZ,COLEGIO ARTEAGA MUÑOZ,valid_code_not_in_catalog,24,0,sin candidato; requiere fuente externa,PENDIENTE
20232,311001108889,311001108889,POLITECNICA COLOMBIANA (ANTES ESCUELA COLOMBIANA DE SISTEMAS)  - SEDE PRINCIPAL,POLITECNICA COLOMBIANA (ANTES ESCUELA COLOMBIANA DE SISTEMAS),valid_code_not_in_catalog,24,0,sin candidato; requiere fuente externa,PENDIENTE
20161,311769000696,311769000696,GIMN JOSEFINA CASTRO DE ESCOBAR,GIMNASIO PEPA CASTRO,valid_code_not_in_catalog,23,0,sin candidato; requiere fuente externa,PENDIENTE
20162,311001045062,311001045062,NUEVO LIC GRANADINO,NUEVO LIC GRANADINO,valid_code_not_in_catalog,23,0,sin candidato; requiere fuente externa,PENDIENTE
20162,311001109061,311001109061,CENTRO EDUCATIVO MICROEMPRESARIAL RAFAEL NUÑEZ - SEDE PRINCIPAL,CENTRO EDUCATIVO MICROEMPRESARIAL RAFAEL NUÑEZ,valid_code_not_in_catalog,23,0,sin candidato; requiere fuente externa,PENDIENTE
20162,311769003997,311769003997,LIC ECOLOGICO DEL NORTE,LIC ECOLOGICO DEL NORTE,valid_code_not_in_catalog,23,0,sin candidato; requiere fuente externa,PENDIENTE
20172,311001038058,311001038058,LICEO BETHESDA,LICEO BETHESDA,valid_code_not_in_catalog,23,0,sin candidato; requiere fuente externa,PENDIENTE
20172,311001065039,311001065039,COLEGIO COLOMBO JAPONES,COLEGIO COLOMBO JAPONES,valid_code_not_in_catalog,23,0,sin candidato; requiere fuente externa,PENDIENTE
20172,311001102775,311001102775,COL BILING DE LA UNIVERSIDAD DEL BOSQUE,COL BILING DE LA UNIVERSIDAD DEL BOSQUE,valid_code_not_in_catalog,23,0,sin candidato; requiere fuente externa,PENDIENTE
20182,311001002762,311001002762,COL ARTEAGA MUÑOZ,COLEGIO ARTEAGA MUÑOZ,valid_code_not_in_catalog,23,0,sin candidato; requiere fuente externa,PENDIENTE
20191,311001110204,311001110204,COLEGIO SANDALPHON - SEDE PRINCIPAL,COLEGIO SANDALPHON,valid_code_not_in_catalog,23,0,sin candidato; requiere fuente externa,PENDIENTE
20202,311001004196,311001004196,COLEGIO WINCHESTER,COLEGIO WINCHESTER,valid_code_not_in_catalog,23,0,sin candidato; requiere fuente externa,PENDIENTE
20202,311001044210,311001044210,GIMN MAKARENKO,GIMNASIO MAKARENKO,valid_code_not_in_catalog,23,0,sin candidato; requiere fuente externa,PENDIENTE
20202,311001105928,311001105928,CENT EDUC PROEDUCAR,CENT EDUC PROEDUCAR,valid_code_not_in_catalog,23,0,sin candidato; requiere fuente externa,PENDIENTE
20222,311848000413,311848000413,INST DE PEDAG AUTOACTIVA DE GRUPOS (IPAG),INST DE PEDAG AUTOACTIVA DE GRUPOS (IPAG),valid_code_not_in_catalog,23,0,sin candidato; requiere fuente externa,PENDIENTE
20162,311001045461,311001045461,COL SUMAPAZ,COLEGIO SUMAPAZ,valid_code_not_in_catalog,22,0,sin candidato; requiere fuente externa,PENDIENTE
20162,311001087768,311001087768,COL CIAL VILLA MARIA,COL CIAL VILLA MARIA,valid_code_not_in_catalog,22,0,sin candidato; requiere fuente externa,PENDIENTE
20172,311001046221,311001046221,COLEGIO BILINGÜE ROYAL - BILINGÜE NACIONAL - SEDE PRINCIPAL,COLEGIO BILINGÜE ROYAL - BILINGÜE NACIONAL,valid_code_not_in_catalog,22,0,sin candidato; requiere fuente externa,PENDIENTE
20172,311001087768,311001087768,COL CIAL VILLA MARIA,COL CIAL VILLA MARIA,valid_code_not_in_catalog,22,0,sin candidato; requiere fuente externa,PENDIENTE
20181,311001105430,311001105430,COL LA COLINA,COL LA COLINA,valid_code_not_in_catalog,22,0,sin candidato; requiere fuente externa,PENDIENTE
20181,311769000696,311769000696,GIMN JOSEFINA CASTRO DE ESCOBAR,GIMNASIO PEPA CASTRO,valid_code_not_in_catalog,22,0,sin candidato; requiere fuente externa,PENDIENTE
20182,311001046221,311001046221,GIMNASIO CAMPESTRE GEORGE BERKELEY BILINGUE,COLEGIO BILINGÜE ROYAL - BILINGÜE NACIONAL,valid_code_not_in_catalog,22,0,sin candidato; requiere fuente externa,PENDIENTE
20182,311001103062,311001103062,INST STUDIUM,INSTITUTO STUDIUM,valid_code_not_in_catalog,22,0,sin candidato; requiere fuente externa,PENDIENTE
20192,311001038058,311001038058,LICEO BETHESDA,LICEO BETHESDA,valid_code_not_in_catalog,22,0,sin candidato; requiere fuente externa,PENDIENTE
20202,311001104514,311001104514,INSTITUTO INGABO,INSTITUTO INGABO,valid_code_not_in_catalog,22,0,sin candidato; requiere fuente externa,PENDIENTE
20202,311001109982,311001109982,GIMNASIO BOLÍVAR - SEDE PRINCIPAL,GIMNASIO BOLÍVAR,valid_code_not_in_catalog,22,0,sin candidato; requiere fuente externa,PENDIENTE
20222,311001002762,311001002762,COLEGIO ARTEAGA MUÑOZ,COLEGIO ARTEAGA MUÑOZ,valid_code_not_in_catalog,22,0,sin candidato; requiere fuente externa,PENDIENTE
20222,311001110042,311001110042,FUNDACIÓN EDUCATIVA PARA EL DESARROLLO INTEGRAL - FEDI - SEDE PRINCIPAL,FUNDACIÓN EDUCATIVA PARA EL DESARROLLO INTEGRAL - FEDI,valid_code_not_in_catalog,22,0,sin candidato; requiere fuente externa,PENDIENTE
20161,311001106894,311001106894,GIMNASIO LA CASTELLANA,GIMNASIO LA CASTELLANA,valid_code_not_in_catalog,21,0,sin candidato; requiere fuente externa,PENDIENTE
20162,311001002754,311001002754,GIMN CECIL REDDIE,GIMNASIO CECIL REDDIE,valid_code_not_in_catalog,21,0,sin candidato; requiere fuente externa,PENDIENTE
20162,311001076146,311001076146,COL PSICOPEDAG SABIDURIA ETERNA,COLEGIO PSICOPEDAGOGICO LA SABIDURIA,valid_code_not_in_catalog,21,0,sin candidato; requiere fuente externa,PENDIENTE
20162,311001106894,311001106894,COL HARVARD,GIMNASIO LA CASTELLANA,valid_code_not_in_catalog,21,0,sin candidato; requiere fuente externa,PENDIENTE
20162,311001107548,311001107548,COL TRIANGULO RESTREPO - SEDE PRINCIPAL,COL TRIANGULO RESTREPO,valid_code_not_in_catalog,21,0,sin candidato; requiere fuente externa,PENDIENTE
20171,311001107548,311001107548,COL TRIANGULO RESTREPO - SEDE PRINCIPAL,COL TRIANGULO RESTREPO,valid_code_not_in_catalog,21,0,sin candidato; requiere fuente externa,PENDIENTE
20172,311001026670,311001026670,GIMNASIO SANTA CRUZ,GIMNASIO SANTA CRUZ,valid_code_not_in_catalog,21,0,sin candidato; requiere fuente externa,PENDIENTE
20172,311001045071,311001045071,COLEGIO EL GRAN BRITALIA,COLEGIO EL GRAN BRITALIA,valid_code_not_in_catalog,21,0,sin candidato; requiere fuente externa,PENDIENTE
20182,311001041059,311001041059,INST TEC CIAL JULIO CORTAZAR,INST TEC CIAL JULIO CORTAZAR,valid_code_not_in_catalog,21,0,sin candidato; requiere fuente externa,PENDIENTE
20182,311001044457,311001044457,COL METODISTA DE COLOMBIA,COL METODISTA DE COLOMBIA,valid_code_not_in_catalog,21,0,sin candidato; requiere fuente externa,PENDIENTE
20182,311265001012,311265001012,GIMN JUVENIL SANTA CATALINA,GIMN JUVENIL SANTA CATALINA,valid_code_not_in_catalog,21,0,sin candidato; requiere fuente externa,PENDIENTE
20192,311001041059,311001041059,INST TEC CIAL JULIO CORTAZAR,INST TEC CIAL JULIO CORTAZAR,valid_code_not_in_catalog,21,0,sin candidato; requiere fuente externa,PENDIENTE
20192,311265001012,311265001012,GIMN JUVENIL SANTA CATALINA,GIMN JUVENIL SANTA CATALINA,valid_code_not_in_catalog,21,0,sin candidato; requiere fuente externa,PENDIENTE
20202,311001026670,311001026670,GIMN SANTA CRUZ,GIMNASIO SANTA CRUZ,valid_code_not_in_catalog,21,0,sin candidato; requiere fuente externa,PENDIENTE
20202,311001106592,311001106592,COLEGIO DE EDUCACION BASICA SECUNDARIA Y MEDIA ACADEMICA PARA ADULTOS HEISENBERG,COLEGIO DE EDUCACION BASICA SECUNDARIA Y MEDIA ACADEMICA PARA ADULTOS HEISENBERG,valid_code_not_in_catalog,21,0,sin candidato; requiere fuente externa,PENDIENTE
20212,311001041059,311001041059,INST TEC CIAL JULIO CORTAZAR,INST TEC CIAL JULIO CORTAZAR,valid_code_not_in_catalog,21,0,sin candidato; requiere fuente externa,PENDIENTE
20222,311001041059,311001041059,INST TEC CIAL JULIO CORTAZAR,INST TEC CIAL JULIO CORTAZAR,valid_code_not_in_catalog,21,0,sin candidato; requiere fuente externa,PENDIENTE
20171,311001105791,311001105791,COL JHON DALTON,COL JHON DALTON,valid_code_not_in_catalog,20,0,sin candidato; requiere fuente externa,PENDIENTE
20172,311001107548,311001107548,COL TRIANGULO RESTREPO - SEDE PRINCIPAL,COL TRIANGULO RESTREPO,valid_code_not_in_catalog,20,0,sin candidato; requiere fuente externa,PENDIENTE
20182,311001089884,311001089884,LIC PEDAG MONTFORTIANO,LICEO PEDAGOGICO MONTFORTIANO,valid_code_not_in_catalog,20,0,sin candidato; requiere fuente externa,PENDIENTE
20191,311001104514,311001104514,INST INGABO SEDE RESTREPO,INSTITUTO INGABO,valid_code_not_in_catalog,20,0,sin candidato; requiere fuente externa,PENDIENTE
20192,311001034869,311001034869,GIMN CAMPESTRE LA SABANA,GIMNASIO CAMPESTRE LA SABANA,valid_code_not_in_catalog,20,0,sin candidato; requiere fuente externa,PENDIENTE
20202,311001034869,311001034869,GIMN CAMPESTRE LA SABANA,GIMNASIO CAMPESTRE LA SABANA,valid_code_not_in_catalog,20,0,sin candidato; requiere fuente externa,PENDIENTE
20212,311001026670,311001026670,GIMN SANTA CRUZ,GIMNASIO SANTA CRUZ,valid_code_not_in_catalog,20,0,sin candidato; requiere fuente externa,PENDIENTE
20212,311001109851,311001109851,COLEGIO RENE DESCARTES - SEDE PRINCIPAL,COLEGIO RENE DESCARTES,valid_code_not_in_catalog,20,0,sin candidato; requiere fuente externa,PENDIENTE
20161,311001103062,311001103062,INST STUDIUM,INSTITUTO STUDIUM,valid_code_not_in_catalog,19,0,sin candidato; requiere fuente externa,PENDIENTE
20161,311001105421,311001105421,INST NUEVA COLOMBIA,INSTITUTO NUEVA COLOMBIA,valid_code_not_in_catalog,19,0,sin candidato; requiere fuente externa,PENDIENTE
20161,311848003072,311848003072,COL INTERNACIONAL DE BOGOTA,COL INTERNACIONAL DE BOGOTA,valid_code_not_in_catalog,19,0,sin candidato; requiere fuente externa,PENDIENTE
20162,311001088331,311001088331,GIMN FELIX (GIMN SABER DEL NILO),GIMNASIO FELIX,valid_code_not_in_catalog,19,0,sin candidato; requiere fuente externa,PENDIENTE
20172,311001001481,311001001481,COL LATINO FRANCES,COLEGIO LATINO FRANCES,valid_code_not_in_catalog,19,0,sin candidato; requiere fuente externa,PENDIENTE
20172,311001076146,311001076146,COLEGIO PSICOPEDAGOGICO LA SABIDURIA,COLEGIO PSICOPEDAGOGICO LA SABIDURIA,valid_code_not_in_catalog,19,0,sin candidato; requiere fuente externa,PENDIENTE
20172,311001089884,311001089884,LIC PEDAG MONTFORTIANO,LICEO PEDAGOGICO MONTFORTIANO,valid_code_not_in_catalog,19,0,sin candidato; requiere fuente externa,PENDIENTE
20181,311265001012,311265001012,GIMN JUVENIL SANTA CATALINA,GIMN JUVENIL SANTA CATALINA,valid_code_not_in_catalog,19,0,sin candidato; requiere fuente externa,PENDIENTE
20182,311769000513,311769000513,COL ALFONSO JARAMILLO,COL ALFONSO JARAMILLO,valid_code_not_in_catalog,19,0,sin candidato; requiere fuente externa,PENDIENTE
20191,311001105430,311001105430,COL LA COLINA,COL LA COLINA,valid_code_not_in_catalog,19,0,sin candidato; requiere fuente externa,PENDIENTE
20191,311769000696,311769000696,GIMNASIO PEPA CASTRO,GIMNASIO PEPA CASTRO,valid_code_not_in_catalog,19,0,sin candidato; requiere fuente externa,PENDIENTE
20192,311001026670,311001026670,GIMN SANTA CRUZ,GIMNASIO SANTA CRUZ,valid_code_not_in_catalog,19,0,sin candidato; requiere fuente externa,PENDIENTE
20202,311001087768,311001087768,COL CIAL VILLA MARIA,COL CIAL VILLA MARIA,valid_code_not_in_catalog,19,0,sin candidato; requiere fuente externa,PENDIENTE
20212,311265001012,311265001012,GIMN JUVENIL SANTA CATALINA,GIMN JUVENIL SANTA CATALINA,valid_code_not_in_catalog,19,0,sin candidato; requiere fuente externa,PENDIENTE
20222,311001087768,311001087768,COL CIAL VILLA MARIA,COL CIAL VILLA MARIA,valid_code_not_in_catalog,19,0,sin candidato; requiere fuente externa,PENDIENTE
20241,311001108889,311001108889,POLITECNICA COLOMBIANA (ANTES ESCUELA COLOMBIANA DE SISTEMAS)  - SEDE PRINCIPAL,POLITECNICA COLOMBIANA (ANTES ESCUELA COLOMBIANA DE SISTEMAS),valid_code_not_in_catalog,19,0,sin candidato; requiere fuente externa,PENDIENTE
20161,311001105791,311001105791,COL JHON DALTON,COL JHON DALTON,valid_code_not_in_catalog,18,0,sin candidato; requiere fuente externa,PENDIENTE
20162,311001009201,311001009201,COL CRISTO REY,COL CRISTO REY,valid_code_not_in_catalog,18,0,sin candidato; requiere fuente externa,PENDIENTE
20162,311001093245,311001093245,COL LA RONDA DEL SABER,COLEGIO SANTA JUANA DE CHANTAL,valid_code_not_in_catalog,18,0,sin candidato; requiere fuente externa,PENDIENTE
20162,311001104760,311001104760,COL ITEC,COLEGIO ITEC,valid_code_not_in_catalog,18,0,sin candidato; requiere fuente externa,PENDIENTE
20162,311001105995,311001105995,CENT EDUC PARA JOVENES Y ADULTOS LEPANTO,CENT EDUC PARA JOVENES Y ADULTOS LEPANTO,valid_code_not_in_catalog,18,0,sin candidato; requiere fuente externa,PENDIENTE
20171,311001105421,311001105421,INSTITUTO NUEVA COLOMBIA,INSTITUTO NUEVA COLOMBIA,valid_code_not_in_catalog,18,0,sin candidato; requiere fuente externa,PENDIENTE
20171,311001109982,311001109982,GIMNASIO BOLÍVAR - SEDE PRINCIPAL,GIMNASIO BOLÍVAR,valid_code_not_in_catalog,18,0,sin candidato; requiere fuente externa,PENDIENTE
20172,311769003997,311769003997,LIC ECOLOGICO DEL NORTE,LIC ECOLOGICO DEL NORTE,valid_code_not_in_catalog,18,0,sin candidato; requiere fuente externa,PENDIENTE
20181,311001103062,311001103062,INST STUDIUM,INSTITUTO STUDIUM,valid_code_not_in_catalog,18,0,sin candidato; requiere fuente externa,PENDIENTE
20181,311001104620,311001104620,COL CAPACITACION 2000,COLEGIO CAPACITACION 2000,pending_manual_review,18,1,candidato unico por nombre normalizado de sede,PENDIENTE
20181,311001105995,311001105995,CENT EDUC PARA JOVENES Y ADULTOS LEPANTO,CENT EDUC PARA JOVENES Y ADULTOS LEPANTO,valid_code_not_in_catalog,18,0,sin candidato; requiere fuente externa,PENDIENTE
20182,311001034869,311001034869,GIMN CAMPESTRE LA SABANA,GIMNASIO CAMPESTRE LA SABANA,valid_code_not_in_catalog,18,0,sin candidato; requiere fuente externa,PENDIENTE
20182,311001107548,311001107548,COL TRIANGULO RESTREPO - SEDE PRINCIPAL,COL TRIANGULO RESTREPO,valid_code_not_in_catalog,18,0,sin candidato; requiere fuente externa,PENDIENTE
20182,311001109524,311001109524,COLEGIO INGLATERRA REAL DE CHAPINERO - SEDE PRINCIPAL,COLEGIO INGLATERRA REAL DE CHAPINERO,valid_code_not_in_catalog,18,0,sin candidato; requiere fuente externa,PENDIENTE
20192,311001104760,311001104760,COL ITEC,COLEGIO ITEC,valid_code_not_in_catalog,18,0,sin candidato; requiere fuente externa,PENDIENTE
20192,311001108722,311001108722,COLEGIO PERSONALIZADO PENSAMIENTO - SEDE PRINCIPAL,COLEGIO PERSONALIZADO PENSAMIENTO,valid_code_not_in_catalog,18,0,sin candidato; requiere fuente externa,PENDIENTE
20202,311001089655,311001089655,LIC SIGLO XXI,LIC SIGLO XXI,valid_code_not_in_catalog,18,0,sin candidato; requiere fuente externa,PENDIENTE
20212,311001101531,311001101531,LIC CAMPESTRE DE HARVARD,LICEO CAMPESTRE DE HARVARD,valid_code_not_in_catalog,18,0,sin candidato; requiere fuente externa,PENDIENTE
20222,311001103062,311001103062,INST STUDIUM,INSTITUTO STUDIUM,valid_code_not_in_catalog,18,0,sin candidato; requiere fuente externa,PENDIENTE
20222,311001109851,311001109851,COLEGIO RENE DESCARTES - SEDE PRINCIPAL,COLEGIO RENE DESCARTES,valid_code_not_in_catalog,18,0,sin candidato; requiere fuente externa,PENDIENTE
20231,311001800481,311001800481,COLEGIO HUMANISTA ALEXANDRE PETION - SEDE PRINCIPAL,COLEGIO HUMANISTA ALEXANDRE PETION,valid_code_not_in_catalog,18,0,sin candidato; requiere fuente externa,PENDIENTE
20161,311001090343,311001090343,GIMNASIO SANTA ANA,GIMNASIO SANTA ANA,valid_code_not_in_catalog,17,0,sin candidato; requiere fuente externa,PENDIENTE
20161,311265001012,311265001012,GIMN JUVENIL SANTA CATALINA,GIMN JUVENIL SANTA CATALINA,valid_code_not_in_catalog,17,0,sin candidato; requiere fuente externa,PENDIENTE
20162,311001089884,311001089884,LIC PEDAG MONTFORTIANO,LICEO PEDAGOGICO MONTFORTIANO,valid_code_not_in_catalog,17,0,sin candidato; requiere fuente externa,PENDIENTE
20162,311001092753,311001092753,GIMN CRISTIANO ADONAI,GIMNASIO CRISTIANO ADONAI SAS,valid_code_not_in_catalog,17,0,sin candidato; requiere fuente externa,PENDIENTE
20162,311848003935,311848003935,COL ANGLO-ESCOCES CAMPESTRE (LICEO MEXICO),COL ANGLO-ESCOCES CAMPESTRE (LICEO MEXICO),valid_code_not_in_catalog,17,0,sin candidato; requiere fuente externa,PENDIENTE
20172,311001109524,311001109524,COLEGIO INGLATERRA REAL DE CHAPINERO - SEDE PRINCIPAL,COLEGIO INGLATERRA REAL DE CHAPINERO,valid_code_not_in_catalog,17,0,sin candidato; requiere fuente externa,PENDIENTE
20182,311001093245,311001093245,COLEGIO SANTA JUANA DE CHANTAL,COLEGIO SANTA JUANA DE CHANTAL,valid_code_not_in_catalog,17,0,sin candidato; requiere fuente externa,PENDIENTE
20182,311001109851,311001109851,COLEGIO RENE DESCARTES - SEDE PRINCIPAL,COLEGIO RENE DESCARTES,valid_code_not_in_catalog,17,0,sin candidato; requiere fuente externa,PENDIENTE
20191,311001104620,311001104620,COL CAPACITACION 2000,COLEGIO CAPACITACION 2000,pending_manual_review,17,1,candidato unico por nombre normalizado de sede,PENDIENTE
20191,311001107548,311001107548,COL TRIANGULO RESTREPO - SEDE PRINCIPAL,COL TRIANGULO RESTREPO,valid_code_not_in_catalog,17,0,sin candidato; requiere fuente externa,PENDIENTE
20192,311001009201,311001009201,COL CRISTO REY,COL CRISTO REY,valid_code_not_in_catalog,17,0,sin candidato; requiere fuente externa,PENDIENTE
20192,311001044457,311001044457,COL METODISTA DE COLOMBIA,COL METODISTA DE COLOMBIA,valid_code_not_in_catalog,17,0,sin candidato; requiere fuente externa,PENDIENTE
20192,311001046221,311001046221,GIMNASIO CAMPESTRE GEORGE BERKELEY BILINGUE,COLEGIO BILINGÜE ROYAL - BILINGÜE NACIONAL,valid_code_not_in_catalog,17,0,sin candidato; requiere fuente externa,PENDIENTE
20192,311001092753,311001092753,GIMN CRISTIANO ADONAI,GIMNASIO CRISTIANO ADONAI SAS,valid_code_not_in_catalog,17,0,sin candidato; requiere fuente externa,PENDIENTE
20192,311001109524,311001109524,COLEGIO INGLATERRA REAL DE CHAPINERO - SEDE PRINCIPAL,COLEGIO INGLATERRA REAL DE CHAPINERO,valid_code_not_in_catalog,17,0,sin candidato; requiere fuente externa,PENDIENTE
20201,311001109982,311001109982,GIMNASIO BOLÍVAR - SEDE PRINCIPAL,GIMNASIO BOLÍVAR,valid_code_not_in_catalog,17,0,sin candidato; requiere fuente externa,PENDIENTE
20202,311001041059,311001041059,INST TEC CIAL JULIO CORTAZAR,INST TEC CIAL JULIO CORTAZAR,valid_code_not_in_catalog,17,0,sin candidato; requiere fuente externa,PENDIENTE
20212,311001089418,311001089418,COL MAYOR SAN BENITO APOSTOL,COL MAYOR SAN BENITO APOSTOL,valid_code_not_in_catalog,17,0,sin candidato; requiere fuente externa,PENDIENTE
20162,311001004234,311001004234,COL FERNANDO V DE ARAGON Y CASTILLA,COLEGIO FERNANDO V DE ARAGON Y CASTILLA,valid_code_not_in_catalog,16,0,sin candidato; requiere fuente externa,PENDIENTE
20162,311001010234,311001010234,COL COOP COMUNAL SAN BLAS - SEDE PRINCIPAL,COL COOP COMUNAL SAN BLAS,valid_code_not_in_catalog,16,0,sin candidato; requiere fuente externa,PENDIENTE
20162,311001101949,311001101949,ESC  MEDIATICA,ESC  MEDIATICA,valid_code_not_in_catalog,16,0,sin candidato; requiere fuente externa,PENDIENTE
20171,311769000696,311769000696,GIMNASIO PEPA CASTRO,GIMNASIO PEPA CASTRO,valid_code_not_in_catalog,16,0,sin candidato; requiere fuente externa,PENDIENTE
20172,311001025819,311001025819,COLEGIO MANUEL MURILLO TORO,COLEGIO MANUEL MURILLO TORO,pending_manual_review,16,1,candidato unico por nombre normalizado de sede,PENDIENTE
20172,311001098051,311001098051,GIMN CRISTIANO LOS ANDES,GIMNASIO CRISTIANO LOS ANDES,valid_code_not_in_catalog,16,0,sin candidato; requiere fuente externa,PENDIENTE
20182,311001004234,311001004234,COL FERNANDO V DE ARAGON Y CASTILLA,COLEGIO FERNANDO V DE ARAGON Y CASTILLA,valid_code_not_in_catalog,16,0,sin candidato; requiere fuente externa,PENDIENTE
20182,311001048037,311001048037,COL JULIA LOPEZ MARTINEZ,COL JULIA LOPEZ MARTINEZ,valid_code_not_in_catalog,16,0,sin candidato; requiere fuente externa,PENDIENTE
20182,311001088331,311001088331,GIMN FELIX (GIMN SABER DEL NILO),GIMNASIO FELIX,valid_code_not_in_catalog,16,0,sin candidato; requiere fuente externa,PENDIENTE
20182,311848000707,311848000707,COLEGIO DEL ROSARIO CAMPESTRE,COLEGIO DEL ROSARIO CAMPESTRE,valid_code_not_in_catalog,16,0,sin candidato; requiere fuente externa,PENDIENTE
20182,311848002572,311848002572,COL MODERNO AMERICANO,COL MODERNO AMERICANO,valid_code_not_in_catalog,16,0,sin candidato; requiere fuente externa,PENDIENTE
20192,311001004234,311001004234,COL FERNANDO V DE ARAGON Y CASTILLA,COLEGIO FERNANDO V DE ARAGON Y CASTILLA,valid_code_not_in_catalog,16,0,sin candidato; requiere fuente externa,PENDIENTE
20192,311001065039,311001065039,COL COLOMBO JAPONES,COLEGIO COLOMBO JAPONES,valid_code_not_in_catalog,16,0,sin candidato; requiere fuente externa,PENDIENTE
20192,311769000513,311769000513,COL ALFONSO JARAMILLO,COL ALFONSO JARAMILLO,valid_code_not_in_catalog,16,0,sin candidato; requiere fuente externa,PENDIENTE
20202,311001045071,311001045071,COL EL GRAN BRITALIA,COLEGIO EL GRAN BRITALIA,valid_code_not_in_catalog,16,0,sin candidato; requiere fuente externa,PENDIENTE
20202,311769000513,311769000513,COL ALFONSO JARAMILLO,COL ALFONSO JARAMILLO,valid_code_not_in_catalog,16,0,sin candidato; requiere fuente externa,PENDIENTE
20212,311001106592,311001106592,COL HEISENBERG SEDE KENNEDY,COLEGIO DE EDUCACION BASICA SECUNDARIA Y MEDIA ACADEMICA PARA ADULTOS HEISENBERG,valid_code_not_in_catalog,16,0,sin candidato; requiere fuente externa,PENDIENTE
20222,311001046352,311001046352,FUNDACIÓN SABIDURÍA UNIVERSAL REGINISTA SAUR,FUNDACIÓN SABIDURÍA UNIVERSAL REGINISTA SAUR,valid_code_not_in_catalog,16,0,sin candidato; requiere fuente externa,PENDIENTE
20222,311001101531,311001101531,LICEO CAMPESTRE DE HARVARD,LICEO CAMPESTRE DE HARVARD,valid_code_not_in_catalog,16,0,sin candidato; requiere fuente externa,PENDIENTE
20241,311001105928,311001105928,CENTRO EDUCATIVO PROEDUCAR,CENT EDUC PROEDUCAR,valid_code_not_in_catalog,16,0,sin candidato; requiere fuente externa,PENDIENTE
20162,311102000701,311102000701,COL ANTONIO RICAURTE DE CIUDAD PIAMONTE,COL ANTONIO RICAURTE DE CIUDAD PIAMONTE,valid_code_not_in_catalog,15,0,sin candidato; requiere fuente externa,PENDIENTE
20171,311001106894,311001106894,GIMNASIO LA CASTELLANA,GIMNASIO LA CASTELLANA,valid_code_not_in_catalog,15,0,sin candidato; requiere fuente externa,PENDIENTE
20172,311001092753,311001092753,GIMNASIO CRISTIANO ADONAI SAS,GIMNASIO CRISTIANO ADONAI SAS,valid_code_not_in_catalog,15,0,sin candidato; requiere fuente externa,PENDIENTE
20181,311001109982,311001109982,GIMNASIO BOLÍVAR - SEDE PRINCIPAL,GIMNASIO BOLÍVAR,valid_code_not_in_catalog,15,0,sin candidato; requiere fuente externa,PENDIENTE
20182,311001002754,311001002754,GIMN CECIL REDDIE,GIMNASIO CECIL REDDIE,valid_code_not_in_catalog,15,0,sin candidato; requiere fuente externa,PENDIENTE
20182,311001065039,311001065039,COL COLOMBO JAPONES,COLEGIO COLOMBO JAPONES,valid_code_not_in_catalog,15,0,sin candidato; requiere fuente externa,PENDIENTE
20182,311001089655,311001089655,LIC SIGLO XXI,LIC SIGLO XXI,valid_code_not_in_catalog,15,0,sin candidato; requiere fuente externa,PENDIENTE
20182,311769003997,311769003997,LIC ECOLOGICO DEL NORTE,LIC ECOLOGICO DEL NORTE,valid_code_not_in_catalog,15,0,sin candidato; requiere fuente externa,PENDIENTE
20191,311001109982,311001109982,GIMNASIO BOLÍVAR - SEDE PRINCIPAL,GIMNASIO BOLÍVAR,valid_code_not_in_catalog,15,0,sin candidato; requiere fuente externa,PENDIENTE
20192,311001107548,311001107548,COL TRIANGULO RESTREPO - SEDE PRINCIPAL,COL TRIANGULO RESTREPO,valid_code_not_in_catalog,15,0,sin candidato; requiere fuente externa,PENDIENTE
20202,311001004234,311001004234,COL FERNANDO V DE ARAGON Y CASTILLA,COLEGIO FERNANDO V DE ARAGON Y CASTILLA,valid_code_not_in_catalog,15,0,sin candidato; requiere fuente externa,PENDIENTE
20202,311001065039,311001065039,COLEGIO COLOMBO JAPONES,COLEGIO COLOMBO JAPONES,valid_code_not_in_catalog,15,0,sin candidato; requiere fuente externa,PENDIENTE
20202,311001110042,311001110042,FUNDACIÓN EDUCATIVA PARA EL DESARROLLO INTEGRAL - FEDI - SEDE PRINCIPAL,FUNDACIÓN EDUCATIVA PARA EL DESARROLLO INTEGRAL - FEDI,valid_code_not_in_catalog,15,0,sin candidato; requiere fuente externa,PENDIENTE
20212,311001034869,311001034869,GIMN CAMPESTRE LA SABANA,GIMNASIO CAMPESTRE LA SABANA,valid_code_not_in_catalog,15,0,sin candidato; requiere fuente externa,PENDIENTE
20212,311001092753,311001092753,GIMNASIO CRISTIANO ADONAI SAS,GIMNASIO CRISTIANO ADONAI SAS,valid_code_not_in_catalog,15,0,sin candidato; requiere fuente externa,PENDIENTE
20221,311265001012,311265001012,GIMN JUVENIL SANTA CATALINA,GIMN JUVENIL SANTA CATALINA,valid_code_not_in_catalog,15,0,sin candidato; requiere fuente externa,PENDIENTE
20232,311001105928,311001105928,CENTRO EDUCATIVO PROEDUCAR,CENT EDUC PROEDUCAR,valid_code_not_in_catalog,15,0,sin candidato; requiere fuente externa,PENDIENTE
20161,311001104620,311001104620,COL CAPACITACION 2000,COLEGIO CAPACITACION 2000,pending_manual_review,14,1,candidato unico por nombre normalizado de sede,PENDIENTE
20162,311001025819,311001025819,COLEGIO MANUEL MURILLO TORO,COLEGIO MANUEL MURILLO TORO,pending_manual_review,14,1,candidato unico por nombre normalizado de sede,PENDIENTE
20162,311001096783,311001096783,COL MOUNT VERNON,COLEGIO MOUNT VERNON,valid_code_not_in_catalog,14,0,sin candidato; requiere fuente externa,PENDIENTE
20162,311001097470,311001097470,LICEO SANTA ISABEL - SEDE PRINCIPAL,LICEO SANTA ISABEL,valid_code_not_in_catalog,14,0,sin candidato; requiere fuente externa,PENDIENTE
20162,311001109885,311001109885,COLEGIO KUEPA - SEDE PRINCIPAL,COLEGIO KUEPA,valid_code_not_in_catalog,14,0,sin candidato; requiere fuente externa,PENDIENTE
20172,311001003238,311001003238,GIMN GRANADINO,GIMNASIO GRANADINO,valid_code_not_in_catalog,14,0,sin candidato; requiere fuente externa,PENDIENTE
20182,311001009201,311001009201,COL CRISTO REY,COL CRISTO REY,valid_code_not_in_catalog,14,0,sin candidato; requiere fuente externa,PENDIENTE
20182,311001076146,311001076146,COL PSICOPEDAG SABIDURIA ETERNA,COLEGIO PSICOPEDAGOGICO LA SABIDURIA,valid_code_not_in_catalog,14,0,sin candidato; requiere fuente externa,PENDIENTE
20202,311001046221,311001046221,COLEGIO BILINGÜE ROYAL - BILINGÜE NACIONAL - SEDE PRINCIPAL,COLEGIO BILINGÜE ROYAL - BILINGÜE NACIONAL,valid_code_not_in_catalog,14,0,sin candidato; requiere fuente externa,PENDIENTE
20202,311001107548,311001107548,COL TRIANGULO RESTREPO - SEDE PRINCIPAL,COL TRIANGULO RESTREPO,valid_code_not_in_catalog,14,0,sin candidato; requiere fuente externa,PENDIENTE
20202,311001109524,311001109524,COLEGIO INGLATERRA REAL DE CHAPINERO - SEDE PRINCIPAL,COLEGIO INGLATERRA REAL DE CHAPINERO,valid_code_not_in_catalog,14,0,sin candidato; requiere fuente externa,PENDIENTE
20211,311001109982,311001109982,GIMNASIO BOLÍVAR - SEDE PRINCIPAL,GIMNASIO BOLÍVAR,valid_code_not_in_catalog,14,0,sin candidato; requiere fuente externa,PENDIENTE
20212,311001046352,311001046352,FUNDACIÓN SABIDURÍA UNIVERSAL REGINISTA SAUR,FUNDACIÓN SABIDURÍA UNIVERSAL REGINISTA SAUR,valid_code_not_in_catalog,14,0,sin candidato; requiere fuente externa,PENDIENTE
20212,311769000513,311769000513,COL ALFONSO JARAMILLO,COL ALFONSO JARAMILLO,valid_code_not_in_catalog,14,0,sin candidato; requiere fuente externa,PENDIENTE
20222,311001065039,311001065039,COLEGIO COLOMBO JAPONES,COLEGIO COLOMBO JAPONES,valid_code_not_in_catalog,14,0,sin candidato; requiere fuente externa,PENDIENTE
20231,311265001012,311265001012,GIMN JUVENIL SANTA CATALINA,GIMN JUVENIL SANTA CATALINA,valid_code_not_in_catalog,14,0,sin candidato; requiere fuente externa,PENDIENTE
20241,311001800481,311001800481,COLEGIO HUMANISTA ALEXANDRE PETION - SEDE PRINCIPAL,COLEGIO HUMANISTA ALEXANDRE PETION,valid_code_not_in_catalog,14,0,sin candidato; requiere fuente externa,PENDIENTE
20161,311001104514,311001104514,INST INGABO SEDE RESTREPO,INSTITUTO INGABO,valid_code_not_in_catalog,13,0,sin candidato; requiere fuente externa,PENDIENTE
20161,311001105430,311001105430,COL LA COLINA,COL LA COLINA,valid_code_not_in_catalog,13,0,sin candidato; requiere fuente externa,PENDIENTE
20162,311848002572,311848002572,COL MODERNO AMERICANO,COL MODERNO AMERICANO,valid_code_not_in_catalog,13,0,sin candidato; requiere fuente externa,PENDIENTE
20171,311001105448,311001105448,CENTRO DE EDUCACION DE ADULTOS CULTURAL,CENT DE EDUC DE ADULTOS CULTURAL,valid_code_not_in_catalog,13,0,sin candidato; requiere fuente externa,PENDIENTE
20172,311001003289,311001003289,COL DE LAS HIJAS DE MARIA DE LAS ESCLAVAS,COL DE LAS HIJAS DE MARIA DE LAS ESCLAVAS,valid_code_not_in_catalog,13,0,sin candidato; requiere fuente externa,PENDIENTE
20172,311001044457,311001044457,COL METODISTA DE COLOMBIA,COL METODISTA DE COLOMBIA,valid_code_not_in_catalog,13,0,sin candidato; requiere fuente externa,PENDIENTE
20172,311001096783,311001096783,COLEGIO MOUNT VERNON,COLEGIO MOUNT VERNON,valid_code_not_in_catalog,13,0,sin candidato; requiere fuente externa,PENDIENTE
20172,311848000707,311848000707,COLEGIO DEL ROSARIO CAMPESTRE,COLEGIO DEL ROSARIO CAMPESTRE,valid_code_not_in_catalog,13,0,sin candidato; requiere fuente externa,PENDIENTE
20172,311848002572,311848002572,COL MODERNO AMERICANO,COL MODERNO AMERICANO,valid_code_not_in_catalog,13,0,sin candidato; requiere fuente externa,PENDIENTE
20181,311001105421,311001105421,INST NUEVA COLOMBIA,INSTITUTO NUEVA COLOMBIA,valid_code_not_in_catalog,13,0,sin candidato; requiere fuente externa,PENDIENTE
20181,311001106631,311001106631,INST FERRINI SEDE FONTIBON,INST FERRINI SEDE FONTIBON,valid_code_not_in_catalog,13,0,sin candidato; requiere fuente externa,PENDIENTE
20181,311001110514,311001110514,CENTRO JOHANN KEPLER - SEDE PRINCIPAL,CENTRO JOHANN KEPLER,valid_code_not_in_catalog,13,0,sin candidato; requiere fuente externa,PENDIENTE
20182,311001003238,311001003238,GIMN GRANADINO,GIMNASIO GRANADINO,valid_code_not_in_catalog,13,0,sin candidato; requiere fuente externa,PENDIENTE
20182,311001046352,311001046352,FUNDACIÓN SABIDURÍA UNIVERSAL REGINISTA SAUR,FUNDACIÓN SABIDURÍA UNIVERSAL REGINISTA SAUR,valid_code_not_in_catalog,13,0,sin candidato; requiere fuente externa,PENDIENTE
20182,311001076375,311001076375,GIMN SAN JOSE DE BAVARIA,GIMNASIO SAN JOSE DE BAVARIA,valid_code_not_in_catalog,13,0,sin candidato; requiere fuente externa,PENDIENTE
20182,311001088667,311001088667,LIC MONTANA,LIC MONTANA,valid_code_not_in_catalog,13,0,sin candidato; requiere fuente externa,PENDIENTE
20182,311001096783,311001096783,COL MOUNT VERNON,COLEGIO MOUNT VERNON,valid_code_not_in_catalog,13,0,sin candidato; requiere fuente externa,PENDIENTE
20191,311001105731,311001105731,ACAD CENTRAL DE SISTEMAS ACSI,ACAD CENTRAL DE SISTEMAS ACSI,valid_code_not_in_catalog,13,0,sin candidato; requiere fuente externa,PENDIENTE
20192,311001046352,311001046352,FUNDACIÓN SABIDURÍA UNIVERSAL REGINISTA SAUR,FUNDACIÓN SABIDURÍA UNIVERSAL REGINISTA SAUR,valid_code_not_in_catalog,13,0,sin candidato; requiere fuente externa,PENDIENTE
20192,311001048037,311001048037,COL JULIA LOPEZ MARTINEZ,COL JULIA LOPEZ MARTINEZ,valid_code_not_in_catalog,13,0,sin candidato; requiere fuente externa,PENDIENTE
20192,311001089655,311001089655,LIC SIGLO XXI,LIC SIGLO XXI,valid_code_not_in_catalog,13,0,sin candidato; requiere fuente externa,PENDIENTE
20202,311001003238,311001003238,GIMN GRANADINO,GIMNASIO GRANADINO,valid_code_not_in_catalog,13,0,sin candidato; requiere fuente externa,PENDIENTE
20202,311001009201,311001009201,COL CRISTO REY,COL CRISTO REY,valid_code_not_in_catalog,13,0,sin candidato; requiere fuente externa,PENDIENTE
20202,311001104760,311001104760,COL ITEC,COLEGIO ITEC,valid_code_not_in_catalog,13,0,sin candidato; requiere fuente externa,PENDIENTE
20202,311001108722,311001108722,COLEGIO PERSONALIZADO PENSAMIENTO - SEDE PRINCIPAL,COLEGIO PERSONALIZADO PENSAMIENTO,valid_code_not_in_catalog,13,0,sin candidato; requiere fuente externa,PENDIENTE
20212,311001096783,311001096783,COL MOUNT VERNON,COLEGIO MOUNT VERNON,valid_code_not_in_catalog,13,0,sin candidato; requiere fuente externa,PENDIENTE
20212,311001103062,311001103062,INST STUDIUM,INSTITUTO STUDIUM,valid_code_not_in_catalog,13,0,sin candidato; requiere fuente externa,PENDIENTE
20212,311001110514,311001110514,CENTRO JOHANN KEPLER - SEDE PRINCIPAL,CENTRO JOHANN KEPLER,valid_code_not_in_catalog,13,0,sin candidato; requiere fuente externa,PENDIENTE
20212,311001800481,311001800481,COLEGIO HUMANISTA ALEXANDRE PETION - SEDE PRINCIPAL,COLEGIO HUMANISTA ALEXANDRE PETION,valid_code_not_in_catalog,13,0,sin candidato; requiere fuente externa,PENDIENTE
20222,311001109982,311001109982,GIMNASIO BOLÍVAR - SEDE PRINCIPAL,GIMNASIO BOLÍVAR,valid_code_not_in_catalog,13,0,sin candidato; requiere fuente externa,PENDIENTE
20231,311001105928,311001105928,CENTRO EDUCATIVO PROEDUCAR,CENT EDUC PROEDUCAR,valid_code_not_in_catalog,13,0,sin candidato; requiere fuente externa,PENDIENTE
20232,311001008931,311001008931,INSTITUTO TECNICO COMERCIAL RESTREPO,INSTITUTO TECNICO COMERCIAL RESTREPO,valid_code_not_in_catalog,13,0,sin candidato; requiere fuente externa,PENDIENTE
20232,311001101531,311001101531,LICEO CAMPESTRE DE HARVARD,LICEO CAMPESTRE DE HARVARD,valid_code_not_in_catalog,13,0,sin candidato; requiere fuente externa,PENDIENTE
20162,211001065271,211001027485,CENT EDUC DIST EL VERJON BAJO,COLEGIO EL VERJON (IED),valid_code_not_in_catalog,12,0,sin candidato; requiere fuente externa,PENDIENTE
20162,311001001481,311001001481,COL LATINO FRANCES,COLEGIO LATINO FRANCES,valid_code_not_in_catalog,12,0,sin candidato; requiere fuente externa,PENDIENTE
20162,311001003238,311001003238,GIMN GRANADINO,GIMNASIO GRANADINO,valid_code_not_in_catalog,12,0,sin candidato; requiere fuente externa,PENDIENTE
20162,311001045071,311001045071,COL EL GRAN BRITALIA,COLEGIO EL GRAN BRITALIA,valid_code_not_in_catalog,12,0,sin candidato; requiere fuente externa,PENDIENTE
20162,311001098051,311001098051,GIMN CRISTIANO LOS ANDES,GIMNASIO CRISTIANO LOS ANDES,valid_code_not_in_catalog,12,0,sin candidato; requiere fuente externa,PENDIENTE
20162,311001101019,311001101019,COL EDGAR SALAMANCA AFRICANO EDSALAM AFRIC,COL EDGAR SALAMANCA AFRICANO EDSALAM AFRIC,valid_code_not_in_catalog,12,0,sin candidato; requiere fuente externa,PENDIENTE
20172,311001046352,311001046352,FUNDACIÓN SABIDURÍA UNIVERSAL REGINISTA SAUR,FUNDACIÓN SABIDURÍA UNIVERSAL REGINISTA SAUR,valid_code_not_in_catalog,12,0,sin candidato; requiere fuente externa,PENDIENTE
20172,311001088331,311001088331,GIMN FELIX (GIMN SABER DEL NILO),GIMNASIO FELIX,valid_code_not_in_catalog,12,0,sin candidato; requiere fuente externa,PENDIENTE
20181,311001104760,311001104760,COL ITEC,COLEGIO ITEC,valid_code_not_in_catalog,12,0,sin candidato; requiere fuente externa,PENDIENTE
20181,311001105731,311001105731,ACAD CENTRAL DE SISTEMAS ACSI,ACAD CENTRAL DE SISTEMAS ACSI,valid_code_not_in_catalog,12,0,sin candidato; requiere fuente externa,PENDIENTE
20181,311001107548,311001107548,COL TRIANGULO RESTREPO - SEDE PRINCIPAL,COL TRIANGULO RESTREPO,valid_code_not_in_catalog,12,0,sin candidato; requiere fuente externa,PENDIENTE
20182,311001001481,311001001481,COL LATINO FRANCES,COLEGIO LATINO FRANCES,valid_code_not_in_catalog,12,0,sin candidato; requiere fuente externa,PENDIENTE
20182,311001045071,311001045071,COL EL GRAN BRITALIA,COLEGIO EL GRAN BRITALIA,valid_code_not_in_catalog,12,0,sin candidato; requiere fuente externa,PENDIENTE
20182,311001106584,311001106584,INST INGABO SEDE CHAPINERO,INST INGABO SEDE CHAPINERO,valid_code_not_in_catalog,12,0,sin candidato; requiere fuente externa,PENDIENTE
20192,311001001481,311001001481,COL LATINO FRANCES,COLEGIO LATINO FRANCES,valid_code_not_in_catalog,12,0,sin candidato; requiere fuente externa,PENDIENTE
20192,311001002754,311001002754,GIMN CECIL REDDIE,GIMNASIO CECIL REDDIE,valid_code_not_in_catalog,12,0,sin candidato; requiere fuente externa,PENDIENTE
20192,311001003238,311001003238,GIMN GRANADINO,GIMNASIO GRANADINO,valid_code_not_in_catalog,12,0,sin candidato; requiere fuente externa,PENDIENTE
20192,311001010234,311001010234,COL COOP COMUNAL SAN BLAS - SEDE PRINCIPAL,COL COOP COMUNAL SAN BLAS,valid_code_not_in_catalog,12,0,sin candidato; requiere fuente externa,PENDIENTE
20192,311001045071,311001045071,COL EL GRAN BRITALIA,COLEGIO EL GRAN BRITALIA,valid_code_not_in_catalog,12,0,sin candidato; requiere fuente externa,PENDIENTE
20201,311001107548,311001107548,COL TRIANGULO RESTREPO - SEDE PRINCIPAL,COL TRIANGULO RESTREPO,valid_code_not_in_catalog,12,0,sin candidato; requiere fuente externa,PENDIENTE
20201,311001800294,311001800294,COLEGIO KUEPA RESTREPO - SEDE PRINCIPAL,COLEGIO KUEPA RESTREPO,valid_code_not_in_catalog,12,0,sin candidato; requiere fuente externa,PENDIENTE
20202,311001106592,311001106592,COL HEISENBERG SEDE KENNEDY,COLEGIO DE EDUCACION BASICA SECUNDARIA Y MEDIA ACADEMICA PARA ADULTOS HEISENBERG,valid_code_not_in_catalog,12,0,sin candidato; requiere fuente externa,PENDIENTE
20202,311265001012,311265001012,GIMN JUVENIL SANTA CATALINA,GIMN JUVENIL SANTA CATALINA,valid_code_not_in_catalog,12,0,sin candidato; requiere fuente externa,PENDIENTE
20211,311001103062,311001103062,INST STUDIUM,INSTITUTO STUDIUM,valid_code_not_in_catalog,12,0,sin candidato; requiere fuente externa,PENDIENTE
20211,311265001012,311265001012,GIMN JUVENIL SANTA CATALINA,GIMN JUVENIL SANTA CATALINA,valid_code_not_in_catalog,12,0,sin candidato; requiere fuente externa,PENDIENTE
20212,311001004234,311001004234,COL FERNANDO V DE ARAGON Y CASTILLA,COLEGIO FERNANDO V DE ARAGON Y CASTILLA,valid_code_not_in_catalog,12,0,sin candidato; requiere fuente externa,PENDIENTE
20212,311001104620,311001104620,COL CAPACITACION 2000,COLEGIO CAPACITACION 2000,pending_manual_review,12,1,candidato unico por nombre normalizado de sede,PENDIENTE
20222,311001092290,311001092290,INSTITUCION EDUCATIVA SAN NICOLAS LTDA - SEDE PRINCIPAL,INSTITUCION EDUCATIVA SAN NICOLAS LTDA,valid_code_not_in_catalog,12,0,sin candidato; requiere fuente externa,PENDIENTE
20222,311001092753,311001092753,GIMNASIO CRISTIANO ADONAI SAS,GIMNASIO CRISTIANO ADONAI SAS,valid_code_not_in_catalog,12,0,sin candidato; requiere fuente externa,PENDIENTE
20222,311265001012,311265001012,GIMN JUVENIL SANTA CATALINA,GIMN JUVENIL SANTA CATALINA,valid_code_not_in_catalog,12,0,sin candidato; requiere fuente externa,PENDIENTE
20232,311001092290,311001092290,INSTITUCION EDUCATIVA SAN NICOLAS LTDA - SEDE PRINCIPAL,INSTITUCION EDUCATIVA SAN NICOLAS LTDA,valid_code_not_in_catalog,12,0,sin candidato; requiere fuente externa,PENDIENTE
20162,311001030243,311001030243,LIC DE APLICACION PSICOPEDAGOGICO,LIC DE APLICACION PSICOPEDAGOGICO,valid_code_not_in_catalog,11,0,sin candidato; requiere fuente externa,PENDIENTE
20162,311001041148,311001041148,LIC INTEGRAL SANTO TOMAS,LICEO INTEGRAL SANTO TOMAS,valid_code_not_in_catalog,11,0,sin candidato; requiere fuente externa,PENDIENTE
20162,311001091617,311001091617,COL TRIANGULO CENTRO,COL TRIANGULO CENTRO,valid_code_not_in_catalog,11,0,sin candidato; requiere fuente externa,PENDIENTE
20162,311001106002,311001106002,COL CRISTIANO SEMILLA DE VIDA EDUCACION PARA ADULTOS,COL CRISTIANO SEMILLA DE VIDA EDUCACION PARA ADULTOS,valid_code_not_in_catalog,11,0,sin candidato; requiere fuente externa,PENDIENTE
20162,311001109222,311001109222,INSTITUTO HUMBOLDT - SEDE PRINCIPAL,INSTITUTO HUMBOLDT,valid_code_not_in_catalog,11,0,sin candidato; requiere fuente externa,PENDIENTE
20171,311001109851,311001109851,COLEGIO RENE DESCARTES - SEDE PRINCIPAL,COLEGIO RENE DESCARTES,valid_code_not_in_catalog,11,0,sin candidato; requiere fuente externa,PENDIENTE
20171,311848003072,311848003072,COL INTERNACIONAL DE BOGOTA,COL INTERNACIONAL DE BOGOTA,valid_code_not_in_catalog,11,0,sin candidato; requiere fuente externa,PENDIENTE
20172,311001009201,311001009201,COL CRISTO REY,COL CRISTO REY,valid_code_not_in_catalog,11,0,sin candidato; requiere fuente externa,PENDIENTE
20172,311001106002,311001106002,COL CRISTIANO SEMILLA DE VIDA EDUCACION PARA ADULTOS,COL CRISTIANO SEMILLA DE VIDA EDUCACION PARA ADULTOS,valid_code_not_in_catalog,11,0,sin candidato; requiere fuente externa,PENDIENTE
20172,311001106894,311001106894,GIMNASIO LA CASTELLANA,GIMNASIO LA CASTELLANA,valid_code_not_in_catalog,11,0,sin candidato; requiere fuente externa,PENDIENTE
20182,311001092753,311001092753,GIMN CRISTIANO ADONAI,GIMNASIO CRISTIANO ADONAI SAS,valid_code_not_in_catalog,11,0,sin candidato; requiere fuente externa,PENDIENTE
20182,311001098051,311001098051,GIMN CRISTIANO LOS ANDES,GIMNASIO CRISTIANO LOS ANDES,valid_code_not_in_catalog,11,0,sin candidato; requiere fuente externa,PENDIENTE
20191,311001109851,311001109851,COLEGIO RENE DESCARTES - SEDE PRINCIPAL,COLEGIO RENE DESCARTES,valid_code_not_in_catalog,11,0,sin candidato; requiere fuente externa,PENDIENTE
20192,311001088331,311001088331,GIMN FELIX (GIMN SABER DEL NILO),GIMNASIO FELIX,valid_code_not_in_catalog,11,0,sin candidato; requiere fuente externa,PENDIENTE
20192,311001105731,311001105731,ACAD CENTRAL DE SISTEMAS ACSI,ACAD CENTRAL DE SISTEMAS ACSI,valid_code_not_in_catalog,11,0,sin candidato; requiere fuente externa,PENDIENTE
20202,311001046352,311001046352,FUNDACIÓN SABIDURÍA UNIVERSAL REGINISTA SAUR,FUNDACIÓN SABIDURÍA UNIVERSAL REGINISTA SAUR,valid_code_not_in_catalog,11,0,sin candidato; requiere fuente externa,PENDIENTE
20202,311001076375,311001076375,GIMNASIO SAN JOSE DE BAVARIA,GIMNASIO SAN JOSE DE BAVARIA,valid_code_not_in_catalog,11,0,sin candidato; requiere fuente externa,PENDIENTE
20202,311001093245,311001093245,COLEGIO SANTA JUANA DE CHANTAL,COLEGIO SANTA JUANA DE CHANTAL,valid_code_not_in_catalog,11,0,sin candidato; requiere fuente externa,PENDIENTE
20202,311001096783,311001096783,COL MOUNT VERNON,COLEGIO MOUNT VERNON,valid_code_not_in_catalog,11,0,sin candidato; requiere fuente externa,PENDIENTE
20212,311001065039,311001065039,COLEGIO COLOMBO JAPONES,COLEGIO COLOMBO JAPONES,valid_code_not_in_catalog,11,0,sin candidato; requiere fuente externa,PENDIENTE
20222,311001089418,311001089418,COL MAYOR SAN BENITO APOSTOL,COL MAYOR SAN BENITO APOSTOL,valid_code_not_in_catalog,11,0,sin candidato; requiere fuente externa,PENDIENTE
20161,311001091617,311001091617,COL TRIANGULO CENTRO,COL TRIANGULO CENTRO,valid_code_not_in_catalog,10,0,sin candidato; requiere fuente externa,PENDIENTE
20162,311001046352,311001046352,FUNDACIÓN SABIDURÍA UNIVERSAL REGINISTA SAUR,FUNDACIÓN SABIDURÍA UNIVERSAL REGINISTA SAUR,valid_code_not_in_catalog,10,0,sin candidato; requiere fuente externa,PENDIENTE
20162,311001110514,311001110514,CENTRO JOHANN KEPLER - SEDE PRINCIPAL,CENTRO JOHANN KEPLER,valid_code_not_in_catalog,10,0,sin candidato; requiere fuente externa,PENDIENTE
20162,311769003547,311769003547,COL PARROQ RINCON DE SUBA,COL PARROQ RINCON DE SUBA,valid_code_not_in_catalog,10,0,sin candidato; requiere fuente externa,PENDIENTE
20171,311001105731,311001105731,ACAD CENTRAL DE SISTEMAS ACSI,ACAD CENTRAL DE SISTEMAS ACSI,valid_code_not_in_catalog,10,0,sin candidato; requiere fuente externa,PENDIENTE
20171,311265001012,311265001012,GIMN JUVENIL SANTA CATALINA,GIMN JUVENIL SANTA CATALINA,valid_code_not_in_catalog,10,0,sin candidato; requiere fuente externa,PENDIENTE
20172,311001002754,311001002754,GIMNASIO CECIL REDDIE,GIMNASIO CECIL REDDIE,valid_code_not_in_catalog,10,0,sin candidato; requiere fuente externa,PENDIENTE
20172,311001109222,311001109222,INSTITUTO HUMBOLDT - SEDE PRINCIPAL,INSTITUTO HUMBOLDT,valid_code_not_in_catalog,10,0,sin candidato; requiere fuente externa,PENDIENTE
20181,311001102775,311001102775,COL BILING DE LA UNIVERSIDAD DEL BOSQUE,COL BILING DE LA UNIVERSIDAD DEL BOSQUE,valid_code_not_in_catalog,10,0,sin candidato; requiere fuente externa,PENDIENTE
20182,311001106894,311001106894,GIMNASIO LA CASTELLANA,GIMNASIO LA CASTELLANA,valid_code_not_in_catalog,10,0,sin candidato; requiere fuente externa,PENDIENTE
20191,311001104760,311001104760,COL ITEC,COLEGIO ITEC,valid_code_not_in_catalog,10,0,sin candidato; requiere fuente externa,PENDIENTE
20191,311265001012,311265001012,GIMN JUVENIL SANTA CATALINA,GIMN JUVENIL SANTA CATALINA,valid_code_not_in_catalog,10,0,sin candidato; requiere fuente externa,PENDIENTE
20192,311001093245,311001093245,COLEGIO SANTA JUANA DE CHANTAL,COLEGIO SANTA JUANA DE CHANTAL,valid_code_not_in_catalog,10,0,sin candidato; requiere fuente externa,PENDIENTE
20202,311001002754,311001002754,GIMN CECIL REDDIE,GIMNASIO CECIL REDDIE,valid_code_not_in_catalog,10,0,sin candidato; requiere fuente externa,PENDIENTE
20212,311001104514,311001104514,INSTITUTO INGABO,INSTITUTO INGABO,valid_code_not_in_catalog,10,0,sin candidato; requiere fuente externa,PENDIENTE
20221,311001109982,311001109982,GIMNASIO BOLÍVAR - SEDE PRINCIPAL,GIMNASIO BOLÍVAR,valid_code_not_in_catalog,10,0,sin candidato; requiere fuente externa,PENDIENTE
20222,311001096783,311001096783,COLEGIO MOUNT VERNON,COLEGIO MOUNT VERNON,valid_code_not_in_catalog,10,0,sin candidato; requiere fuente externa,PENDIENTE
20222,311001110514,311001110514,CENTRO JOHANN KEPLER - SEDE PRINCIPAL,CENTRO JOHANN KEPLER,valid_code_not_in_catalog,10,0,sin candidato; requiere fuente externa,PENDIENTE
20232,311001800481,311001800481,COLEGIO HUMANISTA ALEXANDRE PETION - SEDE PRINCIPAL,COLEGIO HUMANISTA ALEXANDRE PETION,valid_code_not_in_catalog,10,0,sin candidato; requiere fuente externa,PENDIENTE
20162,311001048037,311001048037,COL JULIA LOPEZ MARTINEZ,COL JULIA LOPEZ MARTINEZ,valid_code_not_in_catalog,9,0,sin candidato; requiere fuente externa,PENDIENTE
20171,311001109885,311001109885,COLEGIO KUEPA - SEDE PRINCIPAL,COLEGIO KUEPA,valid_code_not_in_catalog,9,0,sin candidato; requiere fuente externa,PENDIENTE
20172,311001041148,311001041148,LICEO INTEGRAL SANTO TOMAS,LICEO INTEGRAL SANTO TOMAS,valid_code_not_in_catalog,9,0,sin candidato; requiere fuente externa,PENDIENTE
20172,311001088667,311001088667,LIC MONTANA,LIC MONTANA,valid_code_not_in_catalog,9,0,sin candidato; requiere fuente externa,PENDIENTE
20182,311001106002,311001106002,COL CRISTIANO SEMILLA DE VIDA EDUCACION PARA ADULTOS,COL CRISTIANO SEMILLA DE VIDA EDUCACION PARA ADULTOS,valid_code_not_in_catalog,9,0,sin candidato; requiere fuente externa,PENDIENTE
20182,311102000701,311102000701,COL ANTONIO RICAURTE DE CIUDAD PIAMONTE,COL ANTONIO RICAURTE DE CIUDAD PIAMONTE,valid_code_not_in_catalog,9,0,sin candidato; requiere fuente externa,PENDIENTE
20191,311001105995,311001105995,CENT EDUC PARA JOVENES Y ADULTOS LEPANTO,CENT EDUC PARA JOVENES Y ADULTOS LEPANTO,valid_code_not_in_catalog,9,0,sin candidato; requiere fuente externa,PENDIENTE
20192,311001105421,311001105421,INST NUEVA COLOMBIA,INSTITUTO NUEVA COLOMBIA,valid_code_not_in_catalog,9,0,sin candidato; requiere fuente externa,PENDIENTE
20192,311001109222,311001109222,INSTITUTO HUMBOLDT - SEDE PRINCIPAL,INSTITUTO HUMBOLDT,valid_code_not_in_catalog,9,0,sin candidato; requiere fuente externa,PENDIENTE
20202,311001048037,311001048037,COL JULIA LOPEZ MARTINEZ,COL JULIA LOPEZ MARTINEZ,valid_code_not_in_catalog,9,0,sin candidato; requiere fuente externa,PENDIENTE
20212,311001002754,311001002754,GIMN CECIL REDDIE,GIMNASIO CECIL REDDIE,valid_code_not_in_catalog,9,0,sin candidato; requiere fuente externa,PENDIENTE
20162,311001087237,311001087237,GIMN EMILIO DE BRIGARD,GIMNASIO EMILIO DE BRIGARD,valid_code_not_in_catalog,8,0,sin candidato; requiere fuente externa,PENDIENTE
20162,311001088667,311001088667,LIC MONTANA,LIC MONTANA,valid_code_not_in_catalog,8,0,sin candidato; requiere fuente externa,PENDIENTE
20162,311001092290,311001092290,COL SAN MATEO,INSTITUCION EDUCATIVA SAN NICOLAS LTDA,valid_code_not_in_catalog,8,0,sin candidato; requiere fuente externa,PENDIENTE
20162,311001105758,311001105758,INST DE CAPACITACION PARA EL TRABAJO,INST DE CAPACITACION PARA EL TRABAJO,valid_code_not_in_catalog,8,0,sin candidato; requiere fuente externa,PENDIENTE
20162,311001109770,311001109770,CORPORACION TECNICA EMPRESARIAL DE LAS AMERICAS,CORPORACIÓN TÉCNICA EMPRESARIAL DE LAS AMERICAS - CORPOAMERICAS,valid_code_not_in_catalog,8,0,sin candidato; requiere fuente externa,PENDIENTE
20172,311001045461,311001045461,COL SUMAPAZ,COLEGIO SUMAPAZ,valid_code_not_in_catalog,8,0,sin candidato; requiere fuente externa,PENDIENTE
20182,311001045461,311001045461,COL SUMAPAZ,COLEGIO SUMAPAZ,valid_code_not_in_catalog,8,0,sin candidato; requiere fuente externa,PENDIENTE
20182,311001089973,311001089973,CORPORACION EDUCATIVA SAN AGUSTIN CESA - SEDE PRINCIPAL,CORPORACION EDUCATIVA SAN AGUSTIN - CESA,valid_code_not_in_catalog,8,0,sin candidato; requiere fuente externa,PENDIENTE
20192,311001045461,311001045461,COL SUMAPAZ,COLEGIO SUMAPAZ,valid_code_not_in_catalog,8,0,sin candidato; requiere fuente externa,PENDIENTE
20192,311001096783,311001096783,COL MOUNT VERNON,COLEGIO MOUNT VERNON,valid_code_not_in_catalog,8,0,sin candidato; requiere fuente externa,PENDIENTE
20202,311001017841,311001017841,INSTITUTO NUESTRA SEÑORA DE LA SABIDURÍA,INSTITUTO NUESTRA SEÑORA DE LA SABIDURÍA,valid_code_not_in_catalog,8,0,sin candidato; requiere fuente externa,PENDIENTE
20202,311001045461,311001045461,COL SUMAPAZ,COLEGIO SUMAPAZ,valid_code_not_in_catalog,8,0,sin candidato; requiere fuente externa,PENDIENTE
20202,311001092753,311001092753,GIMNASIO CRISTIANO ADONAI SAS,GIMNASIO CRISTIANO ADONAI SAS,valid_code_not_in_catalog,8,0,sin candidato; requiere fuente externa,PENDIENTE
20202,311001106002,311001106002,COL CRISTIANO SEMILLA DE VIDA EDUCACION PARA ADULTOS,COL CRISTIANO SEMILLA DE VIDA EDUCACION PARA ADULTOS,valid_code_not_in_catalog,8,0,sin candidato; requiere fuente externa,PENDIENTE
20202,311848000707,311848000707,COLEGIO DEL ROSARIO CAMPESTRE,COLEGIO DEL ROSARIO CAMPESTRE,valid_code_not_in_catalog,8,0,sin candidato; requiere fuente externa,PENDIENTE
20211,311001107548,311001107548,COL TRIANGULO RESTREPO - SEDE PRINCIPAL,COL TRIANGULO RESTREPO,valid_code_not_in_catalog,8,0,sin candidato; requiere fuente externa,PENDIENTE
20212,311001045461,311001045461,COL SUMAPAZ,COLEGIO SUMAPAZ,valid_code_not_in_catalog,8,0,sin candidato; requiere fuente externa,PENDIENTE
20221,311001104514,311001104514,INSTITUTO INGABO,INSTITUTO INGABO,valid_code_not_in_catalog,8,0,sin candidato; requiere fuente externa,PENDIENTE
20222,311001004234,311001004234,COLEGIO FERNANDO V DE ARAGON Y CASTILLA,COLEGIO FERNANDO V DE ARAGON Y CASTILLA,valid_code_not_in_catalog,8,0,sin candidato; requiere fuente externa,PENDIENTE
20231,311001109851,311001109851,COLEGIO RENE DESCARTES - SEDE PRINCIPAL,COLEGIO RENE DESCARTES,valid_code_not_in_catalog,8,0,sin candidato; requiere fuente externa,PENDIENTE
20232,311001046352,311001046352,FUNDACIÓN SABIDURÍA UNIVERSAL REGINISTA SAUR,FUNDACIÓN SABIDURÍA UNIVERSAL REGINISTA SAUR,valid_code_not_in_catalog,8,0,sin candidato; requiere fuente externa,PENDIENTE
20161,311001089973,311001089973,CORPORACION EDUCATIVA SAN AGUSTIN CESA - SEDE PRINCIPAL,CORPORACION EDUCATIVA SAN AGUSTIN - CESA,valid_code_not_in_catalog,7,0,sin candidato; requiere fuente externa,PENDIENTE
20162,311001091951,311001091951,GIMN CULT SANTA RITA,GIMNASIO CULTURAL SANTA RITA,valid_code_not_in_catalog,7,0,sin candidato; requiere fuente externa,PENDIENTE
20172,311001093245,311001093245,COLEGIO SANTA JUANA DE CHANTAL,COLEGIO SANTA JUANA DE CHANTAL,valid_code_not_in_catalog,7,0,sin candidato; requiere fuente externa,PENDIENTE
20172,311001104476,311001104476,GRUPO EDUCATIVO BACATA,GRUPO EDUCATIVO BACATA,valid_code_not_in_catalog,7,0,sin candidato; requiere fuente externa,PENDIENTE
20181,311001089973,311001089973,CORPORACION EDUCATIVA SAN AGUSTIN CESA - SEDE PRINCIPAL,CORPORACION EDUCATIVA SAN AGUSTIN - CESA,valid_code_not_in_catalog,7,0,sin candidato; requiere fuente externa,PENDIENTE
20181,311001106592,311001106592,COL HEISENBERG SEDE KENNEDY,COLEGIO DE EDUCACION BASICA SECUNDARIA Y MEDIA ACADEMICA PARA ADULTOS HEISENBERG,valid_code_not_in_catalog,7,0,sin candidato; requiere fuente externa,PENDIENTE
20182,311001087237,311001087237,GIMN EMILIO DE BRIGARD,GIMNASIO EMILIO DE BRIGARD,valid_code_not_in_catalog,7,0,sin candidato; requiere fuente externa,PENDIENTE
20182,311001109222,311001109222,INSTITUTO HUMBOLDT - SEDE PRINCIPAL,INSTITUTO HUMBOLDT,valid_code_not_in_catalog,7,0,sin candidato; requiere fuente externa,PENDIENTE
20201,311001105731,311001105731,ACAD CENTRAL DE SISTEMAS ACSI,ACAD CENTRAL DE SISTEMAS ACSI,valid_code_not_in_catalog,7,0,sin candidato; requiere fuente externa,PENDIENTE
20212,311001076375,311001076375,GIMNASIO SAN JOSE DE BAVARIA,GIMNASIO SAN JOSE DE BAVARIA,valid_code_not_in_catalog,7,0,sin candidato; requiere fuente externa,PENDIENTE
20222,311001800804,311001800804,INSTITUCION EDUCATIVA EULER SAS - SEDE PRINCIPAL,INSTITUCION EDUCATIVA EULER SAS,valid_code_not_in_catalog,7,0,sin candidato; requiere fuente externa,PENDIENTE
20232,311001087768,311001087768,COL CIAL VILLA MARIA,COL CIAL VILLA MARIA,valid_code_not_in_catalog,7,0,sin candidato; requiere fuente externa,PENDIENTE
20232,311769000513,311769000513,COL ALFONSO JARAMILLO,COL ALFONSO JARAMILLO,valid_code_not_in_catalog,7,0,sin candidato; requiere fuente externa,PENDIENTE
20161,311001109061,311001109061,CENTRO EDUCATIVO MICROEMPRESARIAL RAFAEL NUÑEZ - SEDE PRINCIPAL,CENTRO EDUCATIVO MICROEMPRESARIAL RAFAEL NUÑEZ,valid_code_not_in_catalog,6,0,sin candidato; requiere fuente externa,PENDIENTE
20172,311001048037,311001048037,COL JULIA LOPEZ MARTINEZ,COL JULIA LOPEZ MARTINEZ,valid_code_not_in_catalog,6,0,sin candidato; requiere fuente externa,PENDIENTE
20172,311001076375,311001076375,GIMNASIO SAN JOSE DE BAVARIA,GIMNASIO SAN JOSE DE BAVARIA,valid_code_not_in_catalog,6,0,sin candidato; requiere fuente externa,PENDIENTE
20172,311001087237,311001087237,GIMN EMILIO DE BRIGARD,GIMNASIO EMILIO DE BRIGARD,valid_code_not_in_catalog,6,0,sin candidato; requiere fuente externa,PENDIENTE
20172,311001105731,311001105731,ACAD CENTRAL DE SISTEMAS ACSI,ACAD CENTRAL DE SISTEMAS ACSI,valid_code_not_in_catalog,6,0,sin candidato; requiere fuente externa,PENDIENTE
20181,311001106894,311001106894,GIMNASIO LA CASTELLANA,GIMNASIO LA CASTELLANA,valid_code_not_in_catalog,6,0,sin candidato; requiere fuente externa,PENDIENTE
20182,311001091951,311001091951,GIMN CULT SANTA RITA,GIMNASIO CULTURAL SANTA RITA,valid_code_not_in_catalog,6,0,sin candidato; requiere fuente externa,PENDIENTE
20191,311001105421,311001105421,INST NUEVA COLOMBIA,INSTITUTO NUEVA COLOMBIA,valid_code_not_in_catalog,6,0,sin candidato; requiere fuente externa,PENDIENTE
20192,311001076375,311001076375,GIMN SAN JOSE DE BAVARIA,GIMNASIO SAN JOSE DE BAVARIA,valid_code_not_in_catalog,6,0,sin candidato; requiere fuente externa,PENDIENTE
20192,311001106002,311001106002,COL CRISTIANO SEMILLA DE VIDA EDUCACION PARA ADULTOS,COL CRISTIANO SEMILLA DE VIDA EDUCACION PARA ADULTOS,valid_code_not_in_catalog,6,0,sin candidato; requiere fuente externa,PENDIENTE
20192,311001800227,311001800227,BACHILLERATO PARA ADULTOS EMPRENDER - SEDE PRINCIPAL,BACHILLERATO PARA ADULTOS EMPRENDER,valid_code_not_in_catalog,6,0,sin candidato; requiere fuente externa,PENDIENTE
20201,311001103062,311001103062,INST STUDIUM,INSTITUTO STUDIUM,valid_code_not_in_catalog,6,0,sin candidato; requiere fuente externa,PENDIENTE
20211,311001800294,311001800294,COLEGIO KUEPA RESTREPO - SEDE PRINCIPAL,COLEGIO KUEPA RESTREPO,valid_code_not_in_catalog,6,0,sin candidato; requiere fuente externa,PENDIENTE
20212,311001104760,311001104760,COL ITEC,COLEGIO ITEC,valid_code_not_in_catalog,6,0,sin candidato; requiere fuente externa,PENDIENTE
20221,311001105731,311001105731,ACAD CENTRAL DE SISTEMAS ACSI,ACAD CENTRAL DE SISTEMAS ACSI,valid_code_not_in_catalog,6,0,sin candidato; requiere fuente externa,PENDIENTE
20161,311001105995,311001105995,CENT EDUC PARA JOVENES Y ADULTOS LEPANTO,CENT EDUC PARA JOVENES Y ADULTOS LEPANTO,valid_code_not_in_catalog,5,0,sin candidato; requiere fuente externa,PENDIENTE
20161,311001109851,311001109851,COLEGIO RENE DESCARTES - SEDE PRINCIPAL,COLEGIO RENE DESCARTES,valid_code_not_in_catalog,5,0,sin candidato; requiere fuente externa,PENDIENTE
20162,311001001570,311001001570,COL ISABELITA TEJADA,COL ISABELITA TEJADA,valid_code_not_in_catalog,5,0,sin candidato; requiere fuente externa,PENDIENTE
20162,311001003289,311001003289,COL DE LAS HIJAS DE MARIA DE LAS ESCLAVAS,COL DE LAS HIJAS DE MARIA DE LAS ESCLAVAS,valid_code_not_in_catalog,5,0,sin candidato; requiere fuente externa,PENDIENTE
20162,311001040486,311001040486,GIMN SANTIAGO APOSTOL,GIMN SANTIAGO APOSTOL,valid_code_not_in_catalog,5,0,sin candidato; requiere fuente externa,PENDIENTE
20171,311001089973,311001089973,CORPORACION EDUCATIVA SAN AGUSTIN CESA - SEDE PRINCIPAL,CORPORACION EDUCATIVA SAN AGUSTIN - CESA,valid_code_not_in_catalog,5,0,sin candidato; requiere fuente externa,PENDIENTE
20172,311102000701,311102000701,COL ANTONIO RICAURTE DE CIUDAD PIAMONTE,COL ANTONIO RICAURTE DE CIUDAD PIAMONTE,valid_code_not_in_catalog,5,0,sin candidato; requiere fuente externa,PENDIENTE
20182,311001017841,311001017841,INST NSTRA SRA DE LA SABIDURIA PARA NIÑOS SORDOS,INSTITUTO NUESTRA SEÑORA DE LA SABIDURÍA,valid_code_not_in_catalog,5,0,sin candidato; requiere fuente externa,PENDIENTE
20182,311001030243,311001030243,LIC DE APLICACION PSICOPEDAGOGICO,LIC DE APLICACION PSICOPEDAGOGICO,valid_code_not_in_catalog,5,0,sin candidato; requiere fuente externa,PENDIENTE
20192,311001109061,311001109061,CENTRO EDUCATIVO MICROEMPRESARIAL RAFAEL NUÑEZ - SEDE PRINCIPAL,CENTRO EDUCATIVO MICROEMPRESARIAL RAFAEL NUÑEZ,valid_code_not_in_catalog,5,0,sin candidato; requiere fuente externa,PENDIENTE
20202,311001088331,311001088331,GIMN FELIX (GIMN SABER DEL NILO),GIMNASIO FELIX,valid_code_not_in_catalog,5,0,sin candidato; requiere fuente externa,PENDIENTE
20202,311001105731,311001105731,ACAD CENTRAL DE SISTEMAS ACSI,ACAD CENTRAL DE SISTEMAS ACSI,valid_code_not_in_catalog,5,0,sin candidato; requiere fuente externa,PENDIENTE
20212,311001003238,311001003238,GIMN GRANADINO,GIMNASIO GRANADINO,valid_code_not_in_catalog,5,0,sin candidato; requiere fuente externa,PENDIENTE
20212,311001048011,311001048011,LIC MALLERLAND,LICEO MALLERLAND,valid_code_not_in_catalog,5,0,sin candidato; requiere fuente externa,PENDIENTE
20212,311001105421,311001105421,INST NUEVA COLOMBIA,INSTITUTO NUEVA COLOMBIA,valid_code_not_in_catalog,5,0,sin candidato; requiere fuente externa,PENDIENTE
20232,311001004234,311001004234,COLEGIO FERNANDO V DE ARAGON Y CASTILLA,COLEGIO FERNANDO V DE ARAGON Y CASTILLA,valid_code_not_in_catalog,5,0,sin candidato; requiere fuente externa,PENDIENTE
20171,311001106002,311001106002,COL CRISTIANO SEMILLA DE VIDA EDUCACION PARA ADULTOS,COL CRISTIANO SEMILLA DE VIDA EDUCACION PARA ADULTOS,valid_code_not_in_catalog,4,0,sin candidato; requiere fuente externa,PENDIENTE
20171,311001110514,311001110514,CENTRO JOHANN KEPLER - SEDE PRINCIPAL,CENTRO JOHANN KEPLER,valid_code_not_in_catalog,4,0,sin candidato; requiere fuente externa,PENDIENTE
20182,311769002516,311769002516,LIC DE LONDRES,LIC DE LONDRES,valid_code_not_in_catalog,4,0,sin candidato; requiere fuente externa,PENDIENTE
20191,311001110514,311001110514,CENTRO JOHANN KEPLER - SEDE PRINCIPAL,CENTRO JOHANN KEPLER,valid_code_not_in_catalog,4,0,sin candidato; requiere fuente externa,PENDIENTE
20192,311001017841,311001017841,INSTITUTO NUESTRA SEÑORA DE LA SABIDURÍA,INSTITUTO NUESTRA SEÑORA DE LA SABIDURÍA,valid_code_not_in_catalog,4,0,sin candidato; requiere fuente externa,PENDIENTE
20202,311001109222,311001109222,INSTITUTO HUMBOLDT - SEDE PRINCIPAL,INSTITUTO HUMBOLDT,valid_code_not_in_catalog,4,0,sin candidato; requiere fuente externa,PENDIENTE
20221,311001105421,311001105421,INSTITUTO NUEVA COLOMBIA,INSTITUTO NUEVA COLOMBIA,valid_code_not_in_catalog,4,0,sin candidato; requiere fuente externa,PENDIENTE
20222,311001104620,311001104620,COLEGIO CAPACITACION 2000,COLEGIO CAPACITACION 2000,pending_manual_review,4,1,candidato unico por nombre normalizado de sede,PENDIENTE
20222,311769000513,311769000513,COL ALFONSO JARAMILLO,COL ALFONSO JARAMILLO,valid_code_not_in_catalog,4,0,sin candidato; requiere fuente externa,PENDIENTE
20231,311001105421,311001105421,INSTITUTO NUEVA COLOMBIA,INSTITUTO NUEVA COLOMBIA,valid_code_not_in_catalog,4,0,sin candidato; requiere fuente externa,PENDIENTE
20231,311001109982,311001109982,GIMNASIO BOLÍVAR - SEDE PRINCIPAL,GIMNASIO BOLÍVAR,valid_code_not_in_catalog,4,0,sin candidato; requiere fuente externa,PENDIENTE
20161,311001106002,311001106002,COL CRISTIANO SEMILLA DE VIDA EDUCACION PARA ADULTOS,COL CRISTIANO SEMILLA DE VIDA EDUCACION PARA ADULTOS,valid_code_not_in_catalog,3,0,sin candidato; requiere fuente externa,PENDIENTE
20171,311001091617,311001091617,COL TRIANGULO CENTRO,COL TRIANGULO CENTRO,valid_code_not_in_catalog,3,0,sin candidato; requiere fuente externa,PENDIENTE
20172,311001030243,311001030243,LIC DE APLICACION PSICOPEDAGOGICO,LIC DE APLICACION PSICOPEDAGOGICO,valid_code_not_in_catalog,3,0,sin candidato; requiere fuente externa,PENDIENTE
20172,311001091951,311001091951,GIMNASIO CULTURAL SANTA RITA,GIMNASIO CULTURAL SANTA RITA,valid_code_not_in_catalog,3,0,sin candidato; requiere fuente externa,PENDIENTE
20191,311001106584,311001106584,INST INGABO SEDE CHAPINERO,INST INGABO SEDE CHAPINERO,valid_code_not_in_catalog,3,0,sin candidato; requiere fuente externa,PENDIENTE
20192,311001030243,311001030243,LIC DE APLICACION PSICOPEDAGOGICO,LIC DE APLICACION PSICOPEDAGOGICO,valid_code_not_in_catalog,3,0,sin candidato; requiere fuente externa,PENDIENTE
20201,311001104514,311001104514,INSTITUTO INGABO,INSTITUTO INGABO,valid_code_not_in_catalog,3,0,sin candidato; requiere fuente externa,PENDIENTE
20212,311001030243,311001030243,LIC DE APLICACION PSICOPEDAGOGICO,LIC DE APLICACION PSICOPEDAGOGICO,valid_code_not_in_catalog,3,0,sin candidato; requiere fuente externa,PENDIENTE
20212,311001105731,311001105731,ACAD CENTRAL DE SISTEMAS ACSI,ACAD CENTRAL DE SISTEMAS ACSI,valid_code_not_in_catalog,3,0,sin candidato; requiere fuente externa,PENDIENTE
20221,311001103062,311001103062,INST STUDIUM,INSTITUTO STUDIUM,valid_code_not_in_catalog,3,0,sin candidato; requiere fuente externa,PENDIENTE
20221,311001106592,311001106592,COLEGIO DE EDUCACION BASICA SECUNDARIA Y MEDIA ACADEMICA PARA ADULTOS HEISENBERG,COLEGIO DE EDUCACION BASICA SECUNDARIA Y MEDIA ACADEMICA PARA ADULTOS HEISENBERG,valid_code_not_in_catalog,3,0,sin candidato; requiere fuente externa,PENDIENTE
20221,311001800481,311001800481,COLEGIO HUMANISTA ALEXANDRE PETION - SEDE PRINCIPAL,COLEGIO HUMANISTA ALEXANDRE PETION,valid_code_not_in_catalog,3,0,sin candidato; requiere fuente externa,PENDIENTE
20221,311001800804,311001800804,INSTITUCION EDUCATIVA EULER SAS - SEDE PRINCIPAL,INSTITUCION EDUCATIVA EULER SAS,valid_code_not_in_catalog,3,0,sin candidato; requiere fuente externa,PENDIENTE
20232,311001092753,311001092753,GIMNASIO CRISTIANO ADONAI SAS,GIMNASIO CRISTIANO ADONAI SAS,valid_code_not_in_catalog,3,0,sin candidato; requiere fuente externa,PENDIENTE
20232,311001104620,311001104620,COLEGIO CAPACITACION 2000,COLEGIO CAPACITACION 2000,pending_manual_review,3,1,candidato unico por nombre normalizado de sede,PENDIENTE
20232,311001105421,311001105421,INSTITUTO NUEVA COLOMBIA,INSTITUTO NUEVA COLOMBIA,valid_code_not_in_catalog,3,0,sin candidato; requiere fuente externa,PENDIENTE
20232,311001109851,311001109851,COLEGIO RENE DESCARTES - SEDE PRINCIPAL,COLEGIO RENE DESCARTES,valid_code_not_in_catalog,3,0,sin candidato; requiere fuente externa,PENDIENTE
20161,311001106584,311001106584,INST INGABO SEDE CHAPINERO,INST INGABO SEDE CHAPINERO,valid_code_not_in_catalog,2,0,sin candidato; requiere fuente externa,PENDIENTE
20162,311001076375,311001076375,GIMN SAN JOSE DE BAVARIA,GIMNASIO SAN JOSE DE BAVARIA,valid_code_not_in_catalog,2,0,sin candidato; requiere fuente externa,PENDIENTE
20171,311001104514,311001104514,INSTITUTO INGABO,INSTITUTO INGABO,valid_code_not_in_catalog,2,0,sin candidato; requiere fuente externa,PENDIENTE
20171,311001110042,311001110042,FUNDACIÓN EDUCATIVA PARA EL DESARROLLO INTEGRAL - FEDI - SEDE PRINCIPAL,FUNDACIÓN EDUCATIVA PARA EL DESARROLLO INTEGRAL - FEDI,valid_code_not_in_catalog,2,0,sin candidato; requiere fuente externa,PENDIENTE
20172,311001017841,311001017841,INSTITUTO NUESTRA SEÑORA DE LA SABIDURÍA,INSTITUTO NUESTRA SEÑORA DE LA SABIDURÍA,valid_code_not_in_catalog,2,0,sin candidato; requiere fuente externa,PENDIENTE
20181,311001105791,311001105791,COL JHON DALTON,COL JHON DALTON,valid_code_not_in_catalog,2,0,sin candidato; requiere fuente externa,PENDIENTE
20181,311001106002,311001106002,COL CRISTIANO SEMILLA DE VIDA EDUCACION PARA ADULTOS,COL CRISTIANO SEMILLA DE VIDA EDUCACION PARA ADULTOS,valid_code_not_in_catalog,2,0,sin candidato; requiere fuente externa,PENDIENTE
20181,311001106584,311001106584,INST INGABO SEDE CHAPINERO,INST INGABO SEDE CHAPINERO,valid_code_not_in_catalog,2,0,sin candidato; requiere fuente externa,PENDIENTE
20191,311001089973,311001089973,CORPORACION EDUCATIVA SAN AGUSTIN CESA - SEDE PRINCIPAL,CORPORACION EDUCATIVA SAN AGUSTIN - CESA,valid_code_not_in_catalog,2,0,sin candidato; requiere fuente externa,PENDIENTE
20192,311001087237,311001087237,GIMN EMILIO DE BRIGARD,GIMNASIO EMILIO DE BRIGARD,valid_code_not_in_catalog,2,0,sin candidato; requiere fuente externa,PENDIENTE
20202,311001089973,311001089973,CORPORACION EDUCATIVA SAN AGUSTIN CESA - SEDE PRINCIPAL,CORPORACION EDUCATIVA SAN AGUSTIN - CESA,valid_code_not_in_catalog,2,0,sin candidato; requiere fuente externa,PENDIENTE
20202,311001109851,311001109851,COLEGIO RENE DESCARTES - SEDE PRINCIPAL,COLEGIO RENE DESCARTES,valid_code_not_in_catalog,2,0,sin candidato; requiere fuente externa,PENDIENTE
20212,311001109061,311001109061,CENTRO EDUCATIVO MICROEMPRESARIAL RAFAEL NUÑEZ - SEDE PRINCIPAL,CENTRO EDUCATIVO MICROEMPRESARIAL RAFAEL NUÑEZ,valid_code_not_in_catalog,2,0,sin candidato; requiere fuente externa,PENDIENTE
20222,311001800481,311001800481,COLEGIO HUMANISTA ALEXANDRE PETION - SEDE PRINCIPAL,COLEGIO HUMANISTA ALEXANDRE PETION,valid_code_not_in_catalog,2,0,sin candidato; requiere fuente externa,PENDIENTE
20231,311001104620,311001104620,COLEGIO CAPACITACION 2000,COLEGIO CAPACITACION 2000,pending_manual_review,2,1,candidato unico por nombre normalizado de sede,PENDIENTE
20242,311769000513,311769000513,COL ALFONSO JARAMILLO,COL ALFONSO JARAMILLO,valid_code_not_in_catalog,2,0,sin candidato; requiere fuente externa,PENDIENTE
20171,311001105995,311001105995,CENT EDUC PARA JOVENES Y ADULTOS LEPANTO,CENT EDUC PARA JOVENES Y ADULTOS LEPANTO,valid_code_not_in_catalog,1,0,sin candidato; requiere fuente externa,PENDIENTE
20172,311001109061,311001109061,CENTRO EDUCATIVO MICROEMPRESARIAL RAFAEL NUÑEZ - SEDE PRINCIPAL,CENTRO EDUCATIVO MICROEMPRESARIAL RAFAEL NUÑEZ,valid_code_not_in_catalog,1,0,sin candidato; requiere fuente externa,PENDIENTE
20181,311001104719,311001104719,INST SURORIENTAL SAN JORGE NOCTURNO,INST SURORIENTAL SAN JORGE NOCTURNO,valid_code_not_in_catalog,1,0,sin candidato; requiere fuente externa,PENDIENTE
20191,311001106002,311001106002,COL CRISTIANO SEMILLA DE VIDA EDUCACION PARA ADULTOS,COL CRISTIANO SEMILLA DE VIDA EDUCACION PARA ADULTOS,valid_code_not_in_catalog,1,0,sin candidato; requiere fuente externa,PENDIENTE
20192,311001089973,311001089973,CORPORACION EDUCATIVA SAN AGUSTIN CESA - SEDE PRINCIPAL,CORPORACION EDUCATIVA SAN AGUSTIN - CESA,valid_code_not_in_catalog,1,0,sin candidato; requiere fuente externa,PENDIENTE
20201,311001089973,311001089973,CORPORACION EDUCATIVA SAN AGUSTIN CESA - SEDE PRINCIPAL,CORPORACION EDUCATIVA SAN AGUSTIN - CESA,valid_code_not_in_catalog,1,0,sin candidato; requiere fuente externa,PENDIENTE
20201,311001104760,311001104760,COL ITEC,COLEGIO ITEC,valid_code_not_in_catalog,1,0,sin candidato; requiere fuente externa,PENDIENTE
20202,311001105448,311001105448,CENTRO DE EDUCACION DE ADULTOS CULTURAL,CENT DE EDUC DE ADULTOS CULTURAL,valid_code_not_in_catalog,1,0,sin candidato; requiere fuente externa,PENDIENTE
20211,311001105448,311001105448,CENT DE EDUC DE ADULTOS CULTURAL - SEDE PRINCIPAL,CENT DE EDUC DE ADULTOS CULTURAL,valid_code_not_in_catalog,1,0,sin candidato; requiere fuente externa,PENDIENTE
20211,311001105928,311001105928,CENT EDUC PROEDUCAR,CENT EDUC PROEDUCAR,valid_code_not_in_catalog,1,0,sin candidato; requiere fuente externa,PENDIENTE
20212,311001046221,311001046221,COLEGIO BILINGÜE ROYAL - BILINGÜE NACIONAL - SEDE PRINCIPAL,COLEGIO BILINGÜE ROYAL - BILINGÜE NACIONAL,valid_code_not_in_catalog,1,0,sin candidato; requiere fuente externa,PENDIENTE
20221,311001109851,311001109851,COLEGIO RENE DESCARTES - SEDE PRINCIPAL,COLEGIO RENE DESCARTES,valid_code_not_in_catalog,1,0,sin candidato; requiere fuente externa,PENDIENTE
20221,311001109885,311001109885,COLEGIO KUEPA - SEDE PRINCIPAL,COLEGIO KUEPA,valid_code_not_in_catalog,1,0,sin candidato; requiere fuente externa,PENDIENTE
20222,311001105731,311001105731,ACAD CENTRAL DE SISTEMAS ACSI,ACAD CENTRAL DE SISTEMAS ACSI,valid_code_not_in_catalog,1,0,sin candidato; requiere fuente externa,PENDIENTE
20232,1,1,INSTITUTO COLOMBIANO PARA LA EVALUACIÓN DE LA EDUCACIÓN - AVANCEMOS,NORMAL SUPERIOR MARIA AUXILIADORA,missing_or_invalid_seat_code,1,0,sin candidato; requiere fuente externa,PENDIENTE
20241,311001105448,311001105448,CENTRO DE EDUCACION DE ADULTOS CULTURAL,CENT DE EDUC DE ADULTOS CULTURAL,valid_code_not_in_catalog,1,0,sin candidato; requiere fuente externa,PENDIENTE
20241,311001109851,311001109851,COLEGIO RENE DESCARTES - SEDE PRINCIPAL,COLEGIO RENE DESCARTES,valid_code_not_in_catalog,1,0,sin candidato; requiere fuente externa,PENDIENTE
20242,311001105421,311001105421,INSTITUTO NUEVA COLOMBIA,INSTITUTO NUEVA COLOMBIA,valid_code_not_in_catalog,1,0,sin candidato; requiere fuente externa,PENDIENTE
